textbook_id,syllabus_id,sequence,title,author,publisher,publication_year,isbn,note
1,3,1,Fundamentals of C++Programming,RichardL.Halterman,Southern AdvantistUniversity,,,
2,4,1,Fundamentals of C++Programming,RichardL.Halterman,Southern AdvantistUniversity,,,
3,5,1,이산수학 및 응용,"임은기 외
외 6인번역",한티 미디어,2013,,
4,5,4,"이산수학 및 응용
이산수학 및 응용 4판 번역본",,,,,
5,6,1,이산수학 및 응용,Susanna S. Epp,한티미디어,2013,978-89-5421-145-8,
6,6,2,Discrete Mathematics with Applications,Susanna S. Epp,Cengage,,,
7,7,1,이산수학 및 응용,Susanna S. Epp,한티미디어,2013,978-89-5421-145-8,
8,7,2,Discrete Mathematics with Applications,Susanna S. Epp,Cengage,,,
9,8,1,Computer System Architecture(3rd),M Morris Mano,Prentice-Hall,1993,0-13-175563-3,
10,8,4,"Computer Organization and Design: 
the 
Hardware/Software Interface","Patterson and 
Hennessy",Morgan Kaufmann,2004,155860604 1,
11,8,5,컴퓨터시스템구조,김종상 역,Scitech,1994,8938610187,
12,9,1,"Computer System Architecture, 3rd 
Edition",M. Moris Mano,Prentice-Hall,1993,,
13,10,1,Computer Organization and Design: The Hardware/Software Interface (5th Edition),J. Hennessy and D. Patterson,Morgan Kaufmann,2014,,
14,11,1,Computer Organization and Design: The Hardware/Software Interface (5th Edition),J. Hennessy and D. Patterson,Morgan Kaufmann,2014,,
15,12,1,C++Plus Data Structure,Nell Dale,Jones and Bartlet,2003,,
16,12,2,C++ 자료구조,이웅재외 6명,사이텍미디어,2003,,
17,12,3,C++ 자료구조론,이석호,교보문고,,,
18,13,1,"C++ Plus Data Structures,Third Edition",Nell Dale,Jones and Bartlett,2003,0763704814,
19,13,4,"C++ 자료구조, 제2판","이웅재, 권 오준, 김진일, 신 재홍, 오용철, 임 화경, 조재현 공 역",사이텍미디어,2003,,
20,13,5,C++ 자료구조론,이석호 역,교보문고,2001,,
21,13,6,C++를 이용한 자료구조,"유관희, 유 재수, 정병수, 정 연모 공역",미래컴,2002,,
22,14,1,"C++ Plus Data Structures,Third Edition",Nell Dale,Jones and Bartlett,2003,0763704814,
23,14,4,"C++ 자료구조, 제2판","이웅재, 권 오준, 김진일, 신 재홍, 오용철, 임 화경, 조재현 공 역",사이텍미디어,2003,,
24,14,5,C++ 자료구조론,이석호 역,교보문고,2001,,
25,14,6,C++를 이용한 자료구조,"유관희, 유 재수, 정병수, 정 연모 공역",미래컴,2002,,
26,15,1,성당과 시장,에릭 레이먼드,한빛미디어,2013,9788968486562,
27,15,2,오픈소스: 오픈 소스 혁명의 목소리 Vol 1,"에릭 스티븐 레이먼드 , fl처드 스톨먼 , 팀 오라일리 , 리누스 토르발스",한빛미디어,2013,9788968486449,
28,15,3,오픈소스: 오픈 소스 혁명의 목소리 Vol 2,"에릭 스티븐 레이먼드 , fl처드 스톨먼 , 팀 오라일리 , 리누스 토르발스",한빛미디어,2013,9788968486456,
29,16,1,The Design of Everyday Things: Revised and Expanded Edition,Don Norman,Basic Books,2013,0465050654,
30,16,2,"오래가는 UX 디자인, 모바일 시대의 제품 디자인 기본 원칙",반준철,한빛미디어,2013,,
31,17,1,"Operating System Concepts, 6th Edition","A. Silberschatz,  P. 
Galvin, G. Gagne,","John Wiley & Sons, 
New York",2002,,
32,17,4,"The Design of the UNIX Operating 
System",Maurice J. Bach,"Prentice-Hall, 
Englewood Cliffs",1987,,
33,18,1,Operating System Concepts,"Abraham 
Silberschatz
, Peter B. 
Galvin, and 
Greg Gagne","John Wiley 
& Sons",2008,9780470233993,
34,18,4,Understanding the Linux Kernel,"Daniel P. 
Bovet and 
Marco 
Cesati","O'Reilly & 
Associates",2001,"0-596-
00002-2",
35,18,5,Kernel Projects for Linux,Gary Nutt,"Addison 
Wesley",2000,"0-201-
61243-7",
36,18,6,"MicroC OS II: The Real Time 
Kernel","Jean J. 
Labrosse",CMP Books,2002,"1-57820-
103-9",
37,19,1,시스코 아카데미 패킷트레이서,"유인태, 김정윤",경희대학교 출판사,2019,9788982226090,
38,19,2,www.netacad.com,Cisco Academy,Cisco Systems,2020,,
39,20,1,An Introduction to Computer Networks [See below],Peter L Dordal,Loyola University Chicago,2018,,
40,21,1,"Foundations of Algorithms using C++ 
pseudocode","Neapolitan, 
Nimipour, 도경구역",사이텍미디어,2004,8955501404,
41,22,1,"Foundations of Algorithms using C++ 
pseudocode","Neapolitan, 
Nimipour, 도경구역",사이텍미디어,2004,8955501404,
42,23,1,Fundamentals of database systems,"Ramez Elmasri, Shamkant B. Navathe.",Boston : Pearson,2011,9780136086208,
43,23,2,데이터베이스 배움터,홍의경,생능출판사,2014,9788970506791,
44,24,1,Fundamentals of database systems,"Ramez Elmasri, Shamkant B. Navathe.",Boston : Pearson,2011,9780136086208,
45,24,2,데이터베이스 배움터,홍의경,생능출판사,2014,9788970506791,
46,26,1,스마트시대의 멀티미디어,"김용태, 박길철",한빛 아카데미,,979-11-5664-147-6,
47,26,2,IT융합시대의 멀티미디어 배움터,"최윤철, 임순범",생능출판사,,9788970506470,
48,26,3,멀티미디어공학,"하영호,냄재열,최
윤식,원치선 공역",Prentice Hall,,8990758157,
49,27,1,주교재: 소프트웨어공학 에센셜,윤청,생능출판,2017,978-89-7050-829-0,
50,27,2,참고교재: 소프트웨어공학,박태순,도서출판 탑스핏,2018,979-11-6219-016--6,
51,29,1,Slides made by instructor,,,,,
52,30,1,"인공지능
파이선으로 배우는 머신러닝과 딥러닝",천인국,인피니티북스,2020-2-12,,
53,30,2,유인물,,,,,
54,33,1,창의적설계프로젝트,조진성,홍릉과학출판사,2014,9791156000273,
55,34,1,(교재) Digital Image Processing 4/E,Rafael C. Gonzalez,Pearson,2018.02.01,9781292223049,
56,34,2,(참고) Digital Image Processing Using MATLAB,Rafael C. Gonzalez,McGrawHill,2011,9780071084789,
57,35,1,"IT CookBook, 차세대 웹 프로그래밍",홍성용,한빛아카데미,2017,9791156643302,
58,38,1,강의자료,,,,,
59,38,2,실습자료,,,,,
60,38,3,창의적설계 프로젝트,조진성,홍릉과학출판사,2014,9791156000279791156000273,
61,38,4,임베디드 프로젝트,조진성,홍릉과학출판사,2006,8972835250,
62,38,5,임베디드 프로젝트2,조진성,홍릉과학출판사,2008,9788972836537,
63,39,1,시스코 아카데미 패킷트레이서,"유인태, 김정윤",경희대학교 출판사,2019,9788982226090,
64,39,2,www.netacad.com,Cisco Academy Connecting Things 2.0,Cisco Systems,2020,N,
65,43,1,시나리오란 무엇인가,"사이드 필드, 유지나 옮김",민음사,2017,9788937434747,
66,43,2,스토리텔링의 비밀,"마이클 티어노, 김윤철 옮김",아우라,2008,9788996046356,
67,43,3,Story Sense: Writing Story and Script for Feature Films and Television,PAUL LUCEY,McGRAW-HILL,1996,9780070389960,
68,43,4,Film Directing Shot by Shot,Steven d. katz,MICHAEL WIESE PRODUCTION,1991,9780941188104,
69,43,5,THE FIVE C’s OF CINEMATOGRAPHY,JOSEPH V. MASCELLI,Silman-James Press,2005,9781879505414,
70,43,6,STORYBOARDING ESSENTIALS,"Rousseau, David Harland , Phillips, Benjamin Reid",Watson-Guptill,2013,9780770436940,
71,44,1,최이진의 사운드 포지 9,최이진,노하우,"2008-
02",9788996071402,
72,44,2,나의 꿈 나의 미디 Cakewalk by Bandlab,박운영,예진미디어,2018,9791196167578,
73,44,3,베가스 프로 13,양두석,인투북스,2014,9788969090058,
74,45,1,최이진의 사운드 포지 9,최이진,노하우,"2008-
02",9788996071402,
75,45,2,나의 꿈 나의 미디 Cakewalk by Bandlab,박운영,예진미디어,2018,9791196167578,
76,45,3,베가스 프로 13,양두석,인투북스,2014,9788969090058,
77,48,1,비디오게임,제임스 뉴먼,커뮤니케이션북스,2008,9788984997288,
78,49,1,Digital Design (5th/6th),Mano and Ciletti,Peason/교보문고,2012/2018,"9788945001702
286516-4",
79,49,4,Introduction to Logic Design 3th,Marcovitz,McGraw-Hill,2010,06675-6,
80,50,1,"디지털디자인, 6판",Mano and Ciletti,퍼스트북,2020,9791185475554(93560),
81,50,2,Introduction to Logic Design,Alan B. Marcovitz,McGraw-Hill,2010,9788945001702066756,
82,51,1,Digital Design,M. Morris Mano,Pearson Education,2018,987-0-13-234043-4,
83,52,1,Digital Design 5th/6th,Mano and Ciletti,Peason/교보문고,2012/2018,"9788945001702
286516-4",
84,52,4,Introduction to Logic Design 3th,Marcovitz,McGraw-Hill,2010,06675-6,
85,53,1,디지털 디자인 5판 혹은 6판,M. Morris Mano 외,,,1185475168,
86,54,1,디지탈 논리설계(주교재),A.Marcovitz,맥그로힐,2010,,
87,54,2,디지탈 디자인(부교재),M.Mano,피어슨,2012,,
88,55,1,디지탈 논리설계(주교재),A.Marcovitz,맥그로힐,2010,,
89,55,2,디지탈 디자인(부교재),M.Mano,피어슨,2012,,
90,56,1,"Signals and Systems, 2nd ed.","Simon Haykin, Barry Van Veen",Wiley,2003,0471164747,
91,57,1,Signal and Systems (2nd Ed.),"Simon Haykin, Barry Van Veen",John Wiley & Sons,2003,0-471-37851-8,
92,58,1,Signals and Systems  2nd Edition,"S. Haykin &B.V. 
Veen",Wiley,2003,0471378518,
93,59,1,Signal and Systems (2nd Ed.),"Simon Haykin, Barry Van Veen",John Wiley & Sons,2003,0-471-37851-8,
94,60,1,"Probability, Random Variables and Random Signal Principles 
and Random Signal Principles
5th Edition","P. Z. Peebles, Jr. and Bertram Shi
Peebles",Mc Graw Hill,,0073660078,
95,60,4,"Probability, Random Variables, and Stochastic Processes",A. Papoulis,Mc Graw Hill,,,
96,61,1,"Probability and Stochastic Processes: A 
friendly introduction for electrical and 
computer engineering, 3rd Ed.","R.D.Yates and 
D.J.Goodman",Wiley,2018,,
97,61,2,주 교재의 번역판(3판),,,,,
98,61,4,Random Signal Processing,,,,,
99,62,1,Proibalilty and Stochastic Process,Roy D.,Wiley,,,
100,63,1,"Probability and Stochastic Processes 3ed
Processes: a friendly 
introduction for electrical and 
computer engineering, 2nd Ed.","R.D. Yates 
and D.J. 
Goodman",Wiley,2015,0781118808719,
101,63,4,"Probability, random variables, 
and random signal processing",Peebles,McGraw-Hilll,2001,0073660078,
102,63,5,확률과정,"박철훈
익호,김남
영",생능,2004,,
103,64,1,"Probability and Stochastic Processes, 3rd Edition",R.D. Yates and D.J. Goodman,Wiley,2014,0131453408,
104,64,4,확률변수와 통계의 기초,"박소령, 김윤희, 김석찬, 송익호",자유아카데미,2017,참고교재,
105,65,1,"Probability and Stochastic Processes: A 
friendly introduction for electrical and 
computer engineering, 2nd Ed.","R.D. Yates and D.J. 
Goodman",Wiley,2015,,
106,65,4,"Probability, Random Variables, and 
Random Signal Processing",Peebles,McGraw-Hilll,2001,,
107,66,1,"Digital Communications Fundamentals 
and Applications",Bernard Sklar,Prentice Hall,2001,,
108,66,2,번역판 활용 가능,,,,,
109,67,1,Digital Communications,Bernard Sklar,Prentice-Hall,2001,0-13- 091722-2,
110,68,1,"Digital Communications-Fundamentals and 
Applications",B. Sklar,Prentice-Hall,2001,084788-7,
111,69,1,DSP First,McClellan,Prentice Hall,1999,,
112,69,4,Signal Processing First,McClellan,Prentice Hall,2003,,
113,69,5,"Digital Signal Processing - A 
hands-on approach-","Charles 
Schuler",McGraw-Hill,2005,,
114,70,1,Digital Signal Processing 2nd Edition,E.C. Ifeachor,Prentice Hall,2002,0201596199,
115,71,1,Introduction to Operations Research 번역판 경영과학,"Hillier&Lieberman, 김선교외 역",McGraw-HillKorea,2007,9788960550155,
116,72,1,Introduction to Data Mining,"Vipin Kumar, Michael 
Steinbach, Pang-
Ning Tan",Addison Wesely,2005,0321321367,
117,72,4,Data Mining Techniques,"Michael J. Berry, 
Gordon S. Linoff","Wiley, John & Sons, 
Inc.",2004,0471470643,
118,72,5,데이터 마이닝 (번역서),"Vipin Kumar, Michael 
Steinbach, Pang-
Ning Tan",Addison Wesely,2007,9788992649001,
119,73,1,"Investment Science, International Edition",David G. Luenberger,Oxford University Press,2009,9780195391060,
120,74,1,Engineering Mechanics: Dynamics,,,,,
121,74,4,Engineering Mechanics Volume 2 Dynamics 5th Ed.,Meriam and Kraige,Wiley,2003,,
122,74,5,Principles of Dynamics,Greenwood,,,,
123,74,6,Dynamics,Housner & Hudson,,,,
124,75,1,"Engineering Mechanics-
Dynamics, 2nd edition","A. Bedford, 
W. Fowler,","Addison 
Wesley",1999,,
125,75,4,"다물체동역학입문, 이론 및 Recurdyn 실습",최진환,문운당,2016,,
126,75,5,Computational Dynamics.,A.Shabana,Wiley,,,
127,76,1,Engineering Mechanics - Dynamics,"A. Bedford and W. 
Fowler","Prentice 
Hall/Pearson",2008,9810679742,
128,77,1,"Engineering Mechanics Dynamics, Fifth Edition","Anthony Bedford, Wallace Fowler",PEARSON,2008,981-06-7940-8,
129,78,1,PRACTICAL ELECTRICITY AND ELECTRONICS (전기전자공학 개론),NIGEL P. COOK)이적식 외 공역),사이텍미디어,2003,8955500084,
130,79,1,PRACTICAL ELECTRICITY AND ELECTRONICS (전기전자공학 개론),NIGEL P. COOK)이적식 외 공역),사이텍미디어,2003,8955500084,
131,80,1,"Introduction to Mechatronics and 
Measurement Systems, 4th edition","D. G. Alciatore and 
M. B. Histand",McGraw-Hill,2012,,
132,80,2,"메카트로닉스, 제2판",이순걸 외,문운당,2003,,
133,80,3,Handout on Web,Soon-Geul Lee,,,,
134,80,4,메카트로닉스 3판 (MECHATRONICS),"저자: W.BOLTON, 
역자 : 이만형 외",사이텍미디어,2004,,
135,81,1,"다물체동역학 입문, 이론 및 Recurdyn 실습",최진환,"문운당
Wiley",2016,9791156922469,
136,81,4,"Coumutational Dynamics,",A. Shabana,"John &
Wiley",,,
137,81,5,RecurDyn manual,,FunctionBay,,,
138,81,6,Rego Mindstorm manaul,,"Rego Inc.,",,,
139,82,1,"다물체동역학 입문, 이론 및 Recurdyn 실습",최진환,문운동 Wiley,2016,9791156922469,
140,82,2,Computational Dynamics,A. Shabana,John & Wiley,,,
141,82,3,RecurDyn manual,,FunctionBay,,,
142,83,1,Introduction to Robotics,John J. Craig,"Pearson Prentice 
Hall",2005,0131236296,
143,84,1,창의적 공학설계,김은경,한빛 아카데미,,,
144,84,2,디자인씽킹 가이드북,대니얼링,생능출판,,,
145,84,4,설계 프로세스로 배우는 창의적 공학 설계,노승환,한빛 아카데미,,,
146,84,5,실전으로 배우는 발명/특허,,한빛 아카데미,,,
147,85,1,Practical Programming - An Introduction to Computer Science Using Python 3.6,"Gries, Campbell, Montojo",Pragmatic Programmers,2017,9781680502688,
148,85,2,Do it! 점프 투 파이썬,박응용,이지스퍼블리싱,2016,,
149,85,3,Do it! 자바스크립트+제이쿼리 입문,정인용,이지스퍼블리싱,2014,,
150,86,1,"Think Python (2nd Edition) - Opensource, See Below",Allen B. Downey,O’REILLY MEDIA,2015,9781491939369,
151,86,2,Do it! 점프 투 파이썬,박응용,이지스퍼블리싱,2016,9788997390915,
152,86,3,Do it! 자바스크립트+제이쿼리 입문,정인용,이지스퍼블리싱,2014,9788997390434,
153,87,1,{Lecture Notes},,,,,
154,88,1,{LectureNotes},,,,,
155,88,2,https://www.docker.com/,,,,,
156,88,3,https://kubernetes.io/,,,,,
157,88,4,도커/쿠버네티스를 활용한 컨테이너 개발 실전 입문,야마다 아키노리,위키북스,2019,9791158391447(1158391447),
158,88,5,IT 운용 체제 변화를 위한 데브옵스 DevOps,카와무라 세이고,영진닷컴,2019,9788931461046(8931461046),
159,88,6,완벽한 IT 인프라 구축을 위한 Docker,Asa Shiho,정보문화사,2018,9788956747903(8956747903),
160,90,1,OpenGL ES를 이용한 3차원 컴퓨터 그래픽스 입문,한정현,홍릉 출판사,2019,9791156006749(1156006740),
161,91,1,강의 자료,,,,,
162,92,1,강의 자료 배부함.,,,,,
163,93,1,개별 자료,,,,,
164,95,1,"Process Mining: : Discovery, 
Conformance and Enhancement of 
Business Processes",Wil M.P. van der Aalst,Springer,2011,978-3-642-19344-6,
165,95,2,"프로세스 마이닝 - 비즈니스 프로세스 도출, 적합도, 검사 및 향상 (번역서)","윌 반 더 알스트 지음 / 송민석, 정재윤 등 옮김",청문각,2020,9788936318727,
166,97,1,Fundamentals of C++Programming,RichardL.Halterman,Southern AdvantistUniversity,,,
167,98,1,이산수학 및 응용,"임은기 외
외 6인번역",한티 미디어,2013,,
168,98,4,"이산수학 및 응용
이산수학 및 응용 4판 번역본",,,,,
169,99,1,이산수학 및 응용 (4판),Susanna S. EPP 지음 | 김환구외 7인 번역,한티미디어,2013,9788964211458(8964211456),
170,100,1,Computer Organization and Design: The Hardware/Software Interface (5th Edition),J. Hennessy and D. Patterson,Morgan Kaufmann,2014,,
171,101,1,Computer Organization and Design: The Hardware/Software Interface (5th Edition),J. Hennessy and D. Patterson,Morgan Kaufmann,2014,,
172,102,1,"Computer System Architecture, 3rd 
Edition",M. Moris Mano,Prentice-Hall,1993,,
173,103,1,C++Plus Data Structure,Nell Dale,Jones and Bartlet,2003,,
174,103,2,C++ 자료구조,이웅재외 6명,사이텍미디어,2003,,
175,103,3,C++ 자료구조론,이석호,교보문고,,,
176,104,1,"C++ Plus Data Structures,Third Edition",Nell Dale,Jones and Bartlett,2003,0763704814,
177,104,4,"C++ 자료구조, 제2판","이웅재, 권 오준, 김진일, 신 재홍, 오용철, 임 화경, 조재현 공 역",사이텍미디어,2003,,
178,104,5,C++ 자료구조론,이석호 역,교보문고,2001,,
179,104,6,C++를 이용한 자료구조,"유관희, 유 재수, 정병수, 정 연모 공역",미래컴,2002,,
180,105,1,"C++ Plus Data Structures,Third Edition",Nell Dale,Jones and Bartlett,2003,0763704814,
181,105,4,"C++ 자료구조, 제2판","이웅재, 권 오준, 김진일, 신 재홍, 오용철, 임 화경, 조재현 공 역",사이텍미디어,2003,,
182,105,5,C++ 자료구조론,이석호 역,교보문고,2001,,
183,105,6,C++를 이용한 자료구조,"유관희, 유 재수, 정병수, 정 연모 공역",미래컴,2002,,
184,106,1,"C++ Plus Data Structures,Third Edition",Nell Dale,Jones and Bartlett,2003,,
185,106,2,"C++ 자료구조, 제2판","이웅재, 권 오준, 김진일, 신 재홍, 오용철, 임 화경, 조재현 공 역",사이텍미디어,2003,,
186,106,3,C++ 자료구조론,이석호 역,교보문고,2001,,
187,106,4,C++를 이용한 자료구조,"유관희, 유 재수, 정병수, 정 연모 공역",미래컴,2002,,
188,108,1,성당과 시장,에릭 레이먼드,한빛미디어,2013,9788968486562,
189,108,2,오픈소스: 오픈 소스 혁명의 목소리 Vol 1,"에릭 스티븐 레이먼드 , fl처드 스톨먼 , 팀 오라일리 , 리누스 토르발스",한빛미디어,2013,9788968486449,
190,108,3,오픈소스: 오픈 소스 혁명의 목소리 Vol 2,"에릭 스티븐 레이먼드 , fl처드 스톨먼 , 팀 오라일리 , 리누스 토르발스",한빛미디어,2013,9788968486456,
191,109,1,"Operating System Concepts, 8th Edition","A. Silberschatz,  P. Galvin, G. Gagne","John Wiley & Sons, New York",2010,978-0-470-23399-3,
192,110,1,An Introduction to Computer Networks [See below],Peter L Dordal,Loyola University Chicago,2018,,
193,111,1,시스코 아카데미 패킷트레이서,"유인태, 김정윤",경희대학교 출판사,2019,9788982226090,
194,111,2,www.netacad.com,Cisco Academy,Cisco Systems,2020,,
195,112,1,"Computer Networking A Top-Down 
Approach(7판)","James F. Kurose 
and Keith W. Ross
Forouzan","Pearson Education, 
Inc
Pearson Education, 
INC.",2017,,
196,112,2,영문 교재의 번역판(7판),,,,9791185475318(1185475311),
197,113,1,"Foundations of Algorithms using C++ 
pseudocode","Neapolitan, 
Nimipour, 도경구역",사이텍미디어,2004,8955501404,
198,114,1,"Foundations of Algorithms using C++ 
pseudocode","Neapolitan, 
Nimipour, 도경구역",사이텍미디어,2004,8955501404,
199,115,1,Fundamentals of database systems,"Ramez Elmasri, Shamkant B. Navathe.",Boston : Pearson,2011,9780136086208,
200,115,2,데이터베이스 배움터,홍의경,생능출판사,2014,9788970506791,
201,116,1,데이터베이스 배움터,홍의경,생능출판사,2014,,
202,116,4,"Fundamentals of Database Systems(4th 
Ed.) 
Elmasri/Navathe, 2004","Elmasri/Navath
e","Addison-
Wesley",2004,,
203,118,1,주교재: 소프트웨어공학 에센셜,윤청,생능출판,2017,978-89-7050-829-0,
204,118,2,참고교재: 소프트웨어공학,박태순,도서출판 탑스핏,2018,979-11-6219-016--6,
205,119,1,주교재: 소프트웨어공학 에센셜,윤청,생능출판,2017,978-89-7050-829-0,
206,119,2,참고교재: 소프트웨어공학,박태순,도서출판 탑스핏,2018,979-11-6219-016--6,
207,120,1,기계학습(Machine Learning),오일석(Oh Il-Seok),한빛아카데미,,,
208,120,2,패턴인식(Pattern Recognition),오일석(Oh Il-Seok),교보문고,,,
209,125,1,창의적설계프로젝트,조진성,홍릉과학출판사,2014,9791156000273,
210,126,1,Interaction Design: Beyond Human - Computer Interaction,"Yvonne Rogers, Helen Sharp, Jenny Preece",Wiley,2011,0470665769,
211,126,2,Human Computer Interaction 개론 UX Innovation을 위한 원리와 방법,김진우,안그라픽스,2012,8970596186,
212,126,3,오래가는 UX 디자인,반준철,한빛미디어,2013,8979149980,
213,126,4,Human-computer interaction (3rd ed.),"A. Dix, J. Finlay, G. Abowd, G., and R. Beale",Prentice Hall,2003,0130461091,
214,126,5,Designing the User Interface: Strategies for Effective Human-Computer Interaction (5th Edition),"Ben Shneiderman, Catherine Plaisant, Maxine Cohen, Steven Jacobs",Prentice Hall,2009,0321537351,
215,128,1,"IT CookBook, 단계별로 배우는 안드로이드 프로그래밍",김선우,한빛아카데미,2017,9791156643630,
216,129,1,Slides made by instructor,,,,,
217,131,1,혁신적인 사용자 경험을 위한 인터랙션디자인,댄 새퍼,에이콘출판사,2012,,
218,132,1,The Illusion of Life,Frank Thomas and Ollie Johnston,Disney Editions,1995,978-0786860708,
219,132,2,Animator’s Survival Kit,Richard Williams,"Farrar, Straus and Giroux",2012,978-0865478978,
220,132,3,Timing for Animation,"John Halas, Harold Whitaker",Focal Press,2009,978-0240521602,
221,132,4,Cartoon Animation,Preston Blair,Walter Foster Publishing,1994,978-1560100843,
222,133,1,The Illusion of Life,Frank Thomas and Ollie Johnston,Disney Editions,1995,978-0786860708,
223,133,2,Animator’s Survival Kit,Richard Williams,"Farrar, Straus and Giroux",2012,978-0865478978,
224,133,3,Timing for Animation,"John Halas, Harold Whitaker",Focal Press,2009,978-0240521602,
225,133,4,Cartoon Animation,Preston Blair,Walter Foster Publishing,1994,978-1560100843,
226,135,1,Digital Design (5th/6th),Mano and Ciletti,Peason/교보문고,2012/2018,"9788945001702
286516-4",
227,135,4,Introduction to Logic Design 3th,Marcovitz,McGraw-Hill,2010,06675-6,
228,136,1,"디지털디자인, 6판",Mano and Ciletti,퍼스트북,2020,9791185475554(93560),
229,136,2,Introduction to Logic Design,Alan B. Marcovitz,McGraw-Hill,2010,9788945001702066756,
230,137,1,Digital Design 5th/6th,Mano and Ciletti,Peason/교보문고,2012/2018,"9788945001702
286516-4",
231,137,4,Introduction to Logic Design 3th,Marcovitz,McGraw-Hill,2010,06675-6,
232,138,1,Digital Design,M. Morris Mano,Pearson Education,2018,987-0-13-234043-4,
233,139,1,Signal and Systems (2nd Ed.),"Simon Haykin, Barry Van Veen",John Wiley & Sons,2003,0-471-37851-8,
234,140,1,Signals and Systems  2nd Edition,"S. Haykin &B.V. 
Veen",Wiley,2003,0471378518,
235,141,1,"Signals and Systems, 2nd Edition","Alan V. Oppenheim, Alan S. Willsky",Prentice Hall,2013,9781292025902,
236,142,1,Signals and Systems  2nd Edition,"S. Haykin &B.V. 
Veen",Wiley,2003,0471378518,
237,143,1,"Probability, Random Variables and Random Signal Principles 
and Random Signal Principles
5th Edition","P. Z. Peebles, Jr. and Bertram Shi
Peebles",Mc Graw Hill,,0073660078,
238,143,4,"Probability, Random Variables, and Stochastic Processes",A. Papoulis,Mc Graw Hill,,,
239,144,1,"Probability and Stochastic Processes: A 
friendly introduction for electrical and 
computer engineering, 3rd Ed.","R.D.Yates and 
D.J.Goodman",Wiley,2018,,
240,144,2,주 교재의 번역판(3판),,,,,
241,144,4,Random Signal Processing,,,,,
242,145,1,"Probability and Stochastic Processes
Processes: a friendly 
introduction for electrical and 
computer engineering, 2nd Ed.","R.D. Yates 
and D.J. 
Goodman",Wiley,2004,0471272140,
243,146,1,Proibalilty and Stochastic Process,Roy D.,Wiley,,,
244,147,1,Digital Communications,"Bernard Sklar
Sklar",Prentice-Hall,2001,"0-13-
091722-2",
245,147,2,디지털통신,홍인기외,Scitech 미디어,2006,,
246,148,1,"Digital Communications-Fundamentals and 
Applications",B. Sklar,Prentice-Hall,2001,084788-7,
247,149,1,DSP First,McClellan,Prentice Hall,1999,,
248,149,4,Signal Processing First,McClellan,Prentice Hall,2003,,
249,149,5,"Digital Signal Processing - A 
hands-on approach-","Charles 
Schuler",McGraw-Hill,2005,,
250,150,1,Digital Signal Processing 2nd Edition,E.C. Ifeachor,Prentice Hall,2002,0201596199,
251,151,1,"Digital Signal Processing
Processing: 
Fundamentals 
and Applications
and Applications
Introduction
approach","Li Tan, Jean Jiang
Ronald W. 
Schafer
Mark A. Yoder","Academic Press
Press",2013,"978-0-12-415893-1
0908",
252,151,4,"Digital Signal Processing
Processing (2nd 
Edition)","John G. Proakis, Dimitris K Manolakis",Pearson,2006,"020159619
9",
253,151,5,"Signal and Systems 
(2nd Edition)","Simon Haykin 
and 
Barry Van 
Veen","John Wiley & 
Sons",2003,"047137851
8",
254,151,6,DSP First,"James H. McClellan
Ronald W. Schafer
Mark A. Yoder",Pearson,2017,1292113863,
255,152,1,ROS 로봇 프로그래밍 = Robot operating system,표윤석 외,루비페이퍼,2017,9791186710180,
256,152,2,KLAS에 자료를 따로 제공함,,,,,
257,153,1,Probability and Statistics for Engineering and Scientists (4th International Edition),Anthony J. Hayter,Thomson Brooks / Cole,2012,9781133112143,
258,154,1,Probability and Statistics for Engineering and Scientists (4th International Edition),Anthony J. Hayter,Thomson Brooks / Cole,2012,9781133112143,
259,155,1,Data Science for Business: What You Need to Know about Data Mining and Data-Analytic Thinking,Foster Provost and Tom Fawcett,O'Reilly Media,2013,9781449361327,
260,155,2,(주교재 번역본) 비즈니스를 위한 데이터 과학,"포스터 프로보스트 , 톰 포셋 지음 | 강권학 옮김",한빛미디어,2014,9788968481093,
261,156,1,Data Science for Business: What You Need to Know about Data Mining and Data-Analytic Thinking,Foster Provost and Tom Fawcett,O'Reilly Media,2013,9781449361327,
262,156,2,(주교재 번역본) 비즈니스를 위한 데이터 과학,"포스터 프로보스트 , 톰 포셋 지음 | 강권학 옮김",한빛미디어,2014,9788968481093,
263,157,1,"Introduction to Operations Research
번역판 경영과학","Hillier & Lieberman, 
김선교 외 역",McGraw-Hill Korea,2007,9788960550155,
264,157,4,경영과학,홍성필,율곡출판사,2010,9788991830745,
265,158,1,"경영과학9판
IntroductiontoOperationsResearch
Research,8thedition","Hillier&Lieberman,
김선교외역",도서출판지필,2019,9788960550155,
266,158,4,경영과학,"H.A.Taha,최인찬역",교보문고,2011,978-89-97235-30-8,
267,158,5,현대경영과학,안상형외,학현사,1999,,
268,159,1,의사결정론,김양렬,명경사,2012,9788994236254,
269,159,4,의사결정분석 및 응용,"김성희, 정병호, 김재경",영지문화사,1995,8971940522,
270,159,5,Decision Making And Forecasting,"K. T. Marshall, R. M. Oliver",McGraw-Hill,1995,0071139702,
271,159,6,불확실성하의 의사결정론,강맹규,희중당,1990,8938660036,
272,160,1,PRACTICAL ELECTRICITY AND ELECTRONICS (전기전자공학 개론),NIGEL P. COOK)이적식 외 공역),사이텍미디어,2003,8955500084,
273,161,1,PRACTICAL ELECTRICITY AND ELECTRONICS (전기전자공학 개론),NIGEL P. COOK)이적식 외 공역),사이텍미디어,2003,8955500084,
274,162,1,"Theory and Design for Mechanical 
Measurements","Richard S. Figliola 
1인","WILEY
스(주)",2003년,0471661449,
275,163,1,계측공학,"Mechanical Measurements/Beckwith, Thomas G.",도서출판영(YOUNG),2007년,,
276,164,1,System Dynamics (4th Ed.),Ogata,,,,
277,164,2,Modern Control Engineering (4th Ed.),Ogata,,,,
278,164,4,자동제어 (7판),"BENJAMIN 
C.KUO",청문각,1990,897088646X,
279,164,5,"시스템해석(4판)
of Dynamic Systems, 2/E","이순걸 외
William J.",피어슨에듀케이션,2004,,
280,164,6,제어시스템공학(3판),"NORMAN 
S.NISE","홍릉과학출
판사",2002,8972832472,
281,165,1,None,,,,,
282,166,1,디자인씽킹,대니얼링,생능출판사,20170215,9788970509006,
283,166,2,문제 해결력을 키우는 디자인 씽킹,"송태란,이정현",한빛아카데미,20190910,9791156644583,
284,166,4,https://ko.wikipedia.org/wiki/%EB%94%94%EC%9E%90%EC%9D%B8_%EB%A6%AC%EC%84%9C%EC%B9%98,,,,,
285,166,5,http://blog.ibk.co.kr/1556#.VTkGOaHGlpd.facebook,,,,,
286,166,6,http://www.drawtoast.com,,,,,
287,167,1,디자인씽킹,대니얼링,생능출판사,20170215,,
288,167,2,https://ko.wikipedia.org/wiki/%EB%94%94%EC%9E%90%EC%9D%B8_%EB%A6%AC%EC%84%9C%EC%B9%98,,,,,
289,167,3,http://blog.ibk.co.kr/1556#.VTkGOaHGlpd.facebook,,,,,
290,168,1,디자인씽킹,대니얼링,생능출판사,2017,9788970509006,
291,169,1,Design Thinking,Daniel Ling,생능출판사,20170215,9788970509006,
292,170,1,"Think Python (2nd Edition) - 오픈소스, 아래의 추가문헌및자료 참조",Allen B. Downey,O’REILLY MEDIA,2015,9781491939369,
293,170,2,Do it! 점프 투 파이썬,박응용,이지스퍼블리싱,2016,9788997390915,
294,170,3,Do it! 자바스크립트+제이쿼리 입문,정인용,이지스퍼블리싱,2014,9788997390434,
295,171,1,Practical Programming - An Introduction to Computer Science Using Python 3.6,"Gries, Campbell, Montojo",Pragmatic Programmers,2017,9781680502688,
296,171,2,Do it! 점프 투 파이썬,박응용,이지스퍼블리싱,2016,,
297,171,3,Do it! 자바스크립트+제이쿼리 입문,정인용,이지스퍼블리싱,2014,,
298,172,1,없음,,,,,
299,173,1,Python Game Programming By Example,Alejandro Rodas de Paz and Joseph Howse,Packt Publishing Ltd.,2015,978-1-78528-153-2,
300,174,1,"Introduction to Game Design, Prototyping, and Development",Jeremy Gibson Bond,Addison-Wesley Professional,2017,9780134659862(0134659864),
301,174,2,Unreal Engine C++ the Ultimate Developer's Handbook,Stephen Seth Ulibarri,,,,
302,175,1,{LectureNotes},,,,,
303,175,2,https://www.docker.com/,,,,,
304,175,3,https://kubernetes.io/,,,,,
305,175,4,도커/쿠버네티스를 활용한 컨테이너 개발 실전 입문,야마다 아키노리,위키북스,2019,9791158391447(1158391447),
306,175,5,IT 운용 체제 변화를 위한 데브옵스 DevOps,카와무라 세이고,영진닷컴,2019,9788931461046(8931461046),
307,175,6,완벽한 IT 인프라 구축을 위한 Docker,Asa Shiho,정보문화사,2018,9788956747903(8956747903),
308,178,1,VIRTUAL REALITY,Steven M. LaValle,Cambridge University Press,2016,,
309,180,1,PPT 강의 자료,,,,,
310,180,2,"Hands-On Machine Learning with Scikit-Learn and Tensor Flow : Concepts, Tools, and Techniques to Build Intelligent Systems",Aurélien Géron,O'Reilly Media,2019,9781492032649,
311,180,3,"핸즈온 머신러닝: 사이킷런과 텐서플로를 활용한 머신러닝, 딥러닝 실무",오렐리앙 제롱/박해선,한빛미디어,2018,9791162240731,
312,181,1,Mastering ROS for Robotics Programming 2E,"Lentin Joseph, Jonathan Cacace",Packt Publishing,2018,9781788478953,
313,181,2,ROS 로봇 프로그래밍,"표윤석, 조한철, 정려운, 임태훈",루비페이퍼,2017,9791186710180,
314,182,1,ROS 로봇 프로그래밍,"표윤석, 조한철, 정려운, 임태훈",루비페이퍼,2017,9791186710180,
315,184,1,강의 자료 배부함.,,,,,
316,188,1,Python Data Science Handbook,Jake VanderPlas,O'Reilly Media,2016,978-1491912058,
317,188,2,Fundamentals of Data Visualization,Claus O. Wike,O'Reilly Media,2017,978-1492031086,
318,188,3,Python for Data Analysis,Wes McKinney,O'Reilly Media,2017,978-1491957660,
319,188,4,Think Python (2nd Edition),Allen B. Downey,O'Reilly Media,2015,978-1491939369,
320,188,5,Data Visualization: A practical introduction,Kieran Healy,Princeton University Press,2018,978-0691181622,
321,188,6,Modern Data Science with R,Benjamin S. Baumer,CRC Press,2020,978-1498724487,
322,189,1,Fundamentals of C++Programming,RichardL.Halterman,Southern AdvantistUniversity,,,
323,190,1,"Think Python (2nd Edition) - 오픈소스, 아래의 추가문헌및자료 참조",Allen B. Downey,O’REILLY MEDIA,2015,9781491939369,
324,190,2,Do it! 점프 투 파이썬,박응용,이지스퍼블리싱,2016,9788997390915,
325,190,3,Do it! 자바스크립트+제이쿼리 입문,정인용,이지스퍼블리싱,2014,9788997390434,
326,191,1,Fundamentals of C++Programming,RichardL.Halterman,Southern AdvantistUniversity,,,
327,192,1,"Think Python (2nd Edition) - 오픈소스, 아래의 추가문헌및자료 참조",Allen B. Downey,O’REILLY MEDIA,2015,9781491939369,
328,192,2,Do it! 점프 투 파이썬,박응용,이지스퍼블리싱,2016,,
329,192,3,Do it! 자바스크립트+제이쿼리 입문,정인용,이지스퍼블리싱,2014,,
330,195,1,Fundamentals of C++Programming,Richard L. Halterman,Southern Adventist University,,,
331,196,1,Fundamentals of C++Programming,Richard L. Halterman,Southern Adventist University,,,
332,197,1,Fundamentals of C++ Programming,Richard L. Halterman,Southern Advantist University,2018,,
333,198,1,이산수학 및 응용,"임은기 외
외 6인번역",한티 미디어,2013,,
334,198,4,"이산수학 및 응용
이산수학 및 응용 4판 번역본",,,,,
335,199,1,이산수학 및 응용 (4판),Susanna S. EPP 지음 | 김환구외 7인 번역,한티미디어,2013,9788964211458(8964211456),
336,200,1,Computer System Architecture(3rd),M Morris Mano,Prentice-Hall,1993,0-13-175563-3,
337,200,4,"Computer Organization and Design: 
the 
Hardware/Software Interface","Patterson and 
Hennessy",Morgan Kaufmann,2004,155860604 1,
338,200,5,컴퓨터시스템구조,김종상 역,Scitech,1994,8938610187,
339,201,1,"Computer System Architecture, 3rd 
Edition",M. Moris Mano,Prentice-Hall,1993,,
340,202,1,Computer Organization and Design:The Hardware/Software Interface (5th Edition),David A. Patterson and John L. Hennessy,Morgan Kaufmann,2014,,
341,203,1,Computer Organization and Design: The Hardware/Software Interface (5th Edition),J. Hennessy and D. Patterson,Morgan Kaufmann,2014,,
342,204,1,C++Plus Data Structure,Nell Dale,Jones and Bartlet,2003,,
343,204,2,C++ 자료구조,이웅재외 6명,사이텍미디어,2003,,
344,204,3,C++ 자료구조론,이석호,교보문고,,,
345,205,1,"C++ Plus Data Structures,Third Edition",Nell Dale,Jones and Bartlett,2003,0763704814,
346,205,4,"C++ 자료구조, 제2판","이웅재, 권 오준, 김진일, 신 재홍, 오용철, 임 화경, 조재현 공 역",사이텍미디어,2003,,
347,205,5,C++ 자료구조론,이석호 역,교보문고,2001,,
348,205,6,C++를 이용한 자료구조,"유관희, 유 재수, 정병수, 정 연모 공역",미래컴,2002,,
349,206,1,"C++ Plus Data Structures,Third Edition",Nell Dale,Jones and Bartlett,2003,0763704814,
350,206,4,"C++ 자료구조, 제2판","이웅재, 권 오준, 김진일, 신 재홍, 오용철, 임 화경, 조재현 공 역",사이텍미디어,2003,,
351,206,5,C++ 자료구조론,이석호 역,교보문고,2001,,
352,206,6,C++를 이용한 자료구조,"유관희, 유 재수, 정병수, 정 연모 공역",미래컴,2002,,
353,207,1,성당과 시장,에릭 레이먼드,한빛미디어,2013,9788968486562,
354,207,2,오픈소스: 오픈 소스 혁명의 목소리 Vol 1,"에릭 스티븐 레이먼드 , fl처드 스톨먼 , 팀 오라일리 , 리누스 토르발스",한빛미디어,2013,9788968486449,
355,207,3,오픈소스: 오픈 소스 혁명의 목소리 Vol 2,"에릭 스티븐 레이먼드 , fl처드 스톨먼 , 팀 오라일리 , 리누스 토르발스",한빛미디어,2013,9788968486456,
356,208,1,The Design of Everyday Things: Revised and Expanded Edition,Don Norman,Basic Books,2013,0465050654,
357,208,2,"오래가는 UX 디자인, 모바일 시대의 제품 디자인 기본 원칙",반준철,한빛미디어,2013,,
358,209,1,Operating System Concepts,"Abraham Silberschatz , Peter B. Galvin, and Greg Gagne",John Wiley & Sons,2019,,
359,209,3,Understanding the Linux Kernel,Daniel P. Bovet and Marco Cesati,O'Reilly&Associates,2001,,
360,210,1,"Operating System Concepts, 8th Edition","A. Silberschatz,  P. Galvin, G. Gagne","John Wiley & Sons, New York",2010,978-0-470-23399-3,
361,211,1,Data Communications and Networking,"Behrouz A. 
Forouzan",교보문고,2005,0072525848,
362,212,1,시스코 아카데미 패킷트레이서,"유인태, 김정윤",경희대학교 출판사,2019,,
363,212,2,www.netacad.com,Cisco Academy,Cisco Systems,2020,,
364,213,1,데이터통신과 네트워킹,"Behrouz A. Forouzan, 이재광,김중규,박동선,홍충선 공역",교보문고,2013,978-89-6055-289-0,
365,213,2,데이터 통신과 컴퓨터 네트워크,박기현,한빛 아카데미,2017,979-11-5664-304-3,
366,213,3,데이터 통신과 컴퓨터 네트워크,임효택,도서출판 홍릉,2019,979-11-5600-636-7,
367,213,4,초연결 사회의 데이터통신과 네트워킹,강문식,한빛 아카데미,2020,979-11-5664-492-7,
368,214,1,"Foundations of Algorithms using C++ 
pseudocode","Neapolitan, 
Nimipour, 도경구역",사이텍미디어,2004,8955501404,
369,215,1,"Foundations of Algorithms using C++ 
pseudocode","Neapolitan, 
Nimipour, 도경구역",사이텍미디어,2004,8955501404,
370,216,1,Fundamentals of database systems,"Ramez Elmasri, Shamkant B. Navathe.",Boston : Pearson,2011,9780136086208,
371,216,2,데이터베이스 배움터,홍의경,생능출판사,2014,9788970506791,
372,217,1,데이터베이스 배움터,홍의경,생능출판사,2014,,
373,217,4,"Fundamentals of Database Systems(4th 
Ed.) 
Elmasri/Navathe, 2004","Elmasri/Navath
e","Addison-
Wesley",2004,,
374,219,1,컴파일러 입문,오세만,정익사,2004,,
375,219,2,컴파일러 디자인: 이론과 실제,"유관종, 유기영, 황대준",희중당,,,
376,219,3,Principles of Compiler Design,Aho and Ulman,Addison Wesley,,,
377,219,4,"Machines, Languages, and 
Computation","Denning, Dennis and Qualitz",Prentice Hall,,,
378,220,1,초융합시대의 멀티미디어와 콘텐츠 (멀티미디어 기본 이론부터 최신 기술 동향까지),"김용태, 박길철",한빛 아카데미,2021,979-11-5664-509-2,
379,220,2,스마트시대의 멀티미디어,"김용태, 박길철",한빛 아카데미,2014,979-11-5664-147-6,
380,220,3,멀티미디어공학,"하영호,냄재열,최
윤식,원치선 공역",Prentice Hall,,8990758157,
381,221,1,"Software Engineering, 10/E (영문판)",Ian Sommerville,Pearson,20160301,9781292096131(1292096136),
382,221,2,"소프트웨어 공학, 10판 (한글판)","Ian Sommerville 지음, 권기태 등 옮김",한티미디어,20161125,9788964212660(8964212665),
383,223,1,기계학습(Machine Learning),오일석(Oh Il-Seok),한빛아카데미,,,
384,223,2,패턴인식(Pattern Recognition),오일석(Oh Il-Seok),교보문고,,,
385,224,1,Slides made by instructor,,,,,
386,225,1,머신러닝,오일석,한빛출판사,,,
387,228,1,창의적설계프로젝트,조진성,홍릉과학출판사,2014,9791156000273,
388,229,1,"Network Security Essentials, 4th Edition","William  Starling
Starling",Prentice Hall,2003,"0-13-
120271-5",
389,229,4,"Network Security
Fundamentals","Gert De 
Laet",Ciscopress,2004,"1-
587051672",
390,230,1,(교재) Digital Image Processing 4/E,Rafael C. Gonzalez,Pearson,2018.02.01,9781292223049,
391,230,2,(참고) OpenCV 4로 배우는 컴퓨터비전과 머신러닝,황선규,길벗,2019,9780071084789,
392,231,1,Interactive computer graphic: A top-down approach with OpenGL,Edward Angel,Addison Wesley,,,
393,232,1,"IT CookBook, 차세대 웹 프로그래밍",홍성용,한빛아카데미,2017,9791156643302,
394,235,1,강의자료,,,,,
395,235,2,실습자료,,,,,
396,235,3,창의적설계 프로젝트,조진성,홍릉과학출판사,2014,97911560002797,
397,235,4,임베디드 프로젝트,조진성,홍릉과학출판사,2006,8972835250,
398,235,5,임베디드 프로젝트2,조진성,홍릉과학출판사,2008,9788972836537,
399,236,1,시스코 아카데미 패킷트레이서,"유인태, 김정윤",경희대학교 출판사,2019,,
400,236,2,www.netacad.com,Cisco Academy Connecting Things 2.0,Cisco Systems,2020,,
401,241,2,시나리오 가이드,데이비드 하워드,한겨례출판사,1999,9788984310148,
402,241,5,시나리오 마스터,데이비드 하워드,한겨례출판사,2007,,
403,242,1,영화 수업 : 마음을 사로잡는 스토리텔링은 무엇이 다른가,"알렉산더 맥켄드리 지음, 폴 크로닌 엮음",북하우스,2012,9788956055909,
404,242,2,시나리오 어떻게 쓸 것인가,로버트 맥기,황금가지,2002,9788982735509,
405,243,1,최이진의 사운드 포지 9,최이진,노하우,"2008-
02",9788996071402,
406,243,2,나의 꿈 나의 미디 Cakewalk by Bandlab,박운영,예진미디어,2018,9791196167578,
407,243,3,베가스 프로 13,양두석,인투북스,2014,9788969090058,
408,244,1,최이진의 사운드 포지 9,최이진,노하우,"2008-
02",9788996071402,
409,244,2,나의 꿈 나의 미디 Cakewalk by Bandlab,박운영,예진미디어,2018,9791196167578,
410,244,3,베가스 프로 13,양두석,인투북스,2014,9788969090058,
411,246,1,The Art of Game Design,제시 셸,에이콘출판,2010,9788960771451,
412,246,2,게임 크리에이터를 꿈꾸는 사람을 위한 게임/기획/개발,야마모토 타카미츠,비즈앤비즈,2015,9788997716821,
413,248,1,Digital Design (5th/6th),Mano and Ciletti,Peason/교보문고,2012/2018,"9788945001702
286516-4",
414,248,4,Introduction to Logic Design 3th,Marcovitz,McGraw-Hill,2010,06675-6,
415,249,1,"이론, 실습, 시뮬레이션 디지털 논리회로","임석구, 홍경호",한빛 아카데미,2017,979-11-5664-188-9,
416,249,2,디지털 디자인,"M. Morris Mano, Michael D., Ciletti 지음,
예윤해, 김경백, 나종화, 박상윤, 서창준 옮김",Pearson/퍼스트북,2020,979-11-85475-55-4,
417,250,1,"디지털디자인, 6판",Mano and Ciletti,퍼스트북,2020,9791185475554(93560),
418,250,2,Introduction to Logic Design,Alan B. Marcovitz,McGraw-Hill,2010,9788945001702066756,
419,251,1,Digital Design 5th/6th,Mano and Ciletti,Peason/교보문고,2012/2018,"9788945001702
286516-4",
420,251,4,Introduction to Logic Design 3th,Marcovitz,McGraw-Hill,2010,06675-6,
421,252,1,Digital Design,M. Morris Mano,Pearson Education,2018,987-0-13-234043-4,
422,253,1,"이론, 실습, 시뮬레이션 디지털 논리회로","임석구, 홍경호",한빛 아카데미,2017,979-11-5664-188-9,
423,253,2,디지털 디자인,"M. Morris Mano, Michael D., Ciletti 지음,
예윤해, 김경백, 나종화, 박상윤, 서창준 옮김",Pearson/퍼스트북,2020,979-11-85475-55-4,
424,254,1,Signals and Systems  2nd Edition,S. Haykin & B.V.Veen,Wiley,2003,,
425,255,1,Signal and Systems(2nd Edition),"Simon Haykin Barry 
Van Veen",John Wiley & Sons,2003,0471164747,
426,256,1,Signal and Systems (2nd Ed.),"Simon Haykin, Barry Van Veen",John Wiley & Sons,2003,0-471-37851-8,
427,256,2,Signal and Systems,"Alan V. Oppenheim, Alan S. Willsky",Prentice Hall,1983,0138097313,
428,257,1,Signals ans Systems-A primer with Matlab,"Matthew N.O. Sadiku, Warsame H. Ali",CRC Press,2016,9781482261516,
429,257,4,강사의 강의 note,,,,,
430,258,1,"Probability and Stochastic Processes: A 
friendly introduction for electrical and 
computer engineering, 3rd Ed.","R.D.Yates and 
D.J.Goodman",Wiley,2018,,
431,258,2,주 교재의 번역판(3판),,,,,
432,258,4,Random Signal Processing,,,,,
433,259,1,"Probability and Stochastic Processes, 3rd Edition",R.D. Yates and D.J. Goodman,Wiley,2014,0131453408,
434,259,4,확률변수와 통계의 기초,"박소령, 김윤희, 김석찬, 송익호",자유아카데미,2017,참고교재,
435,260,1,Proibalilty and Stochastic Process,Roy D.,Wiley,,,
436,261,1,"Probability and Stochastic Processes : A friendly 
introduction for electrical and 
computer engineering, 3rd Ed.",R. D. Yates and D.J. Goodman,Wiley,2015,,
437,262,1,"Probability and Stochastic Processes: A 
friendly introduction for electrical and 
computer engineering, 2nd Ed.","R.D. Yates and D.J. 
Goodman",Wiley,2015,,
438,262,4,"Probability, Random Variables, and 
Random Signal Processing",Peebles,McGraw-Hilll,2001,,
439,263,1,"Probability and Stochastic Processes, 3rd Edition",R.D. Yates and D.J. Goodman,Wiley,2014,0131453408,
440,263,4,확률변수와 통계의 기초,"박소령, 김윤희, 김석찬, 송익호",자유아카데미,2017,참고교재,
441,264,1,Digital Communications,"Bernard Sklar
Sklar",Prentice-Hall,2001,"0-13-
091722-2",
442,264,2,디지털통신,홍인기외,Scitech 미디어,2006,,
443,265,1,"Digital Communications: Fundamentals 
and Applications",B. Sklar,Prentice Hall,2001,0-13-084788-7,
444,265,4,"Digital and analog communication systems
using Matlab",Couch,Prentice Hall,2001,,
445,266,1,Digital Communications,Bernard Sklar,Prentice-Hall,2001,0-13- 091722-2,
446,267,1,"Digital Signal Processing
Processing: 
Fundamentals 
and Applications
and Applications
Introduction
approach","Li Tan, Jean Jiang
Ronald W. 
Schafer
Mark A. Yoder","Academic Press
Press",2013,"978-0-12-415893-1
0908",
447,267,4,"Digital Signal Processing
Processing (2nd 
Edition)","John G. Proakis, Dimitris K Manolakis",Pearson,2006,"020159619
9",
448,267,5,"Signal and Systems 
(2nd Edition)",Simon Haykin and Barry Van Veen,"John Wiley & 
Sons",2003,"047137851
8",
449,267,6,DSP First,"James H. McClellan, Ronald W. Schafer, Mark A. Yoder",Pearson,2017,1292113863,
450,268,1,DSP First,"McClellan,Schafer,Y
oder",1998,,,
451,268,2,Lecture's note,,,,,
452,269,1,"Introduction to Operations Research
번역판 경영과학","Hillier & Lieberman, 
김선교 외 역",McGraw-Hill Korea,2007,9788960550155,
453,269,4,경영과학,홍성필,율곡출판사,2010,9788991830745,
454,270,1,"Introduction to Operations Research
번역판 경영과학","Hillier & Lieberman, 
김선교 외 역",McGraw-Hill Korea,2007,9788960550155,
455,270,4,경영과학,홍성필,율곡출판사,2010,9788991830745,
456,271,1,Introduction to Data Mining (2nd Edition),"Pang-Ning Tan, Michael Steinbach, Anuj Karpatne, Vipin Kumar","Pang-Ning Tan, Michael Steinbach, Anuj Karpatne, Vipin Kumar",2018,978-0133128901,
457,272,1,Introduction to Data Mining (2nd Edition),"Pang-Ning Tan, Michael Steinbach, Anuj Karpatne, Vipin Kumar","Pang-Ning Tan, Michael Steinbach, Anuj Karpatne, Vipin Kumar",2018,978-0133128901,
458,273,1,"Investment Science, International Edition",David G. Luenberger,Oxford University Press,2009,9780195391060,
459,274,1,(주교재) 플러터 앱 개발 첫걸음,랩 페인 지음 | 김홍중 옮김,에이콘출판,2020,9791161754239,
460,274,2,Building Machine Learning Powered Applications: Going from Idea to Product,Emmanuel Ameisen,O'Reilly Media;,2020,978-1492045113,
461,274,3,백견불여일타 파이어베이스,남진하,로드북,2019,9788997924448,
462,274,4,오준석의 플러터 생존 코딩,오준석,한빛미디어,2020,9791162242834,
463,275,1,"Introduction to Mechatronics and 
Measurement Systems, 4th edition","D. G. Alciatore and 
M. B. Histand",McGraw-Hill,2012,,
464,275,2,"메카트로닉스, 제2판",이순걸 외,문운당,2003,,
465,275,3,Handout on Web,Soon-Geul Lee,,,,
466,275,4,메카트로닉스 3판 (MECHATRONICS),"저자: W.BOLTON, 
역자 : 이만형 외",사이텍미디어,2004,,
467,276,1,"다물체동역학 입문, 이론 및 Recurdyn 실습",최진환,"문운당
Wiley",2016,9791156922469,
468,276,4,"Coumutational Dynamics,",A. Shabana,"John &
Wiley",,,
469,276,5,RecurDyn manual,,FunctionBay,,,
470,276,6,Rego Mindstorm manaul,,"Rego Inc.,",,,
471,277,1,"다물체동역학 입문, 이론 및 Recurdyn 실습",최진환,문운동 Wiley,2016,9791156922469,
472,277,2,Computational Dynamics,A. Shabana,John & Wiley,,,
473,277,3,RecurDyn manual,,FunctionBay,,,
474,278,1,Introduction to Robotics,John J. Craig,"Pearson Prentice 
Hall",2005,0131236296,
475,279,1,창의적 공학설계,김은경,한빛 아카데미,2020,979-11-5664-493-4,
476,279,2,디자인씽킹 가이드북,대니얼링,생능출판,,978-89-7050-900-6,
477,279,4,설계 프로세스로 배우는 창의적 공학 설계,노승환,한빛 아카데미,,,
478,279,5,실전으로 배우는 발명/특허,,한빛 아카데미,,,
479,280,1,Practical Programming - An Introduction to Computer Science Using Python 3.6,"Gries, Campbell, Montojo",Pragmatic Programmers,2017,9781680502688,
480,280,2,Do it! 점프 투 파이썬,박응용,이지스퍼블리싱,2016,,
481,280,3,Do it! 자바스크립트+제이쿼리 입문,정인용,이지스퍼블리싱,2014,,
482,281,1,"Think Python (2nd Edition) - 오픈소스, 아래의 추가문헌및자료 참조",Allen B. Downey,O’REILLY MEDIA,2015,9781491939369,
483,281,2,Do it! 점프 투 파이썬,박응용,이지스퍼블리싱,2016,9788997390915,
484,281,3,Do it! 자바스크립트+제이쿼리 입문,정인용,이지스퍼블리싱,2014,9788997390434,
485,282,1,{Lecture Notes},,,,,
486,283,1,{LectureNotes},,,,,
487,283,2,https://www.docker.com/,,,,,
488,283,3,https://kubernetes.io/,,,,,
489,283,4,도커/쿠버네티스를 활용한 컨테이너 개발 실전 입문,야마다 아키노리,위키북스,2019,9791158391447(1158391447),
490,283,5,IT 운용 체제 변화를 위한 데브옵스 DevOps,카와무라 세이고,영진닷컴,2019,9788931461046(8931461046),
491,283,6,완벽한 IT 인프라 구축을 위한 Docker,Asa Shiho,정보문화사,2018,9788956747903(8956747903),
492,284,1,Python Machine Learning,Sebastian Raschka,Packt Publishing,2019,9781789955750,
493,284,2,Mathematics for Machine Learning,Marc Peter Deisenroth,Cambridge University Press,2020,9781108455145,
494,284,3,Introduction to Machine Learning with Python,Andreas C. Muller,O'Reilly Media,2017,9781449369415,
495,284,4,"머신 러닝 교과서 with 파이썬, 사이킷런, 텐서플로",세바스찬 라시카 (옮긴이: 박해선),길벗,2019,9791160507966,
496,285,1,"머신 러닝 교과서 with 파이썬, 사이킷런, 텐서플로",세바스찬 라시카 (옮긴이: 박해선),길벗,2019,,
497,285,2,패턴인식,오일석,교보문고,2008,,
498,286,1,Engineering Circuits Analysis 11e,J. David Irwin and R. Mark Nelms,Wiley,2015,9781118960639,
499,286,2,회로이론(11판)(번역판),J. David Irwin and R. Mark Nelms,퍼스트북,2016,9791185475189,
500,287,1,OpenGL ES를 이용한 3차원 컴퓨터 그래픽스 입문,한정현,홍릉 출판사,2019,9791156006749(1156006740),
501,288,1,"Game Engine Architecture, 2nd edition",Jason Gregory,A K Peters/CRC,2014,1466560010(978-1466560017),
502,288,2,Game Programming Patterns,Robert Nystrom,Genever Benning,2014,B00P5URD96,
503,288,3,GPU Pro 5: Advanced Rendering Techniques,Wolfgang Engel,A K Peters/CRC,2014,9781482208634,
504,288,4,"Introduction to Linear Algebra, Fifth Edition",Gilbert Strang,Wellesley-Cambridge Press,2016,978-09802327-7-6,
505,288,5,Lecture Note,,,,,
506,290,1,ROS 로봇 프로그래밍,"표윤석, 조한철, 정려운, 임태훈",루비페이퍼,2017,9791186710180,
507,292,1,최신논문,.,.,.,.,
508,293,1,주교재,수업자료,,,,
509,293,2,부교재,Deep Learning,MIT Press book,2016,,
510,297,1,Fundamentals of C++Programming,Richard L. Halterman,Southern Adventist University,,,
511,298,1,Fundamentals of C++ Programming,Richard L. Halterman,Southern Advantist University,2018,,
512,299,1,이산수학 및 응용,"임은기 외
외 6인번역",한티 미디어,2013,,
513,299,4,"이산수학 및 응용
이산수학 및 응용 4판 번역본",,,,,
514,300,1,이산수학 및 응용 (4판),Susanna S. EPP 지음 | 김환구외 7인 번역,한티미디어,2013,9788964211458(8964211456),
515,300,2,Discrete Mathematics with Applications (4/E),Susanna S. EPP,Brooks/Cole,2011,,
516,301,1,Computer Organization and Design:The Hardware/Software Interface (5th Edition),David A. Patterson and John L. Hennessy,Morgan Kaufmann,2014,,
517,302,1,Computer Organization and Design: The Hardware/Software Interface (5th Edition),J. Hennessy and D. Patterson,Morgan Kaufmann,2014,,
518,303,1,"C++ Plus Data Structures,Third Edition",Nell Dale,Jones and Bartlett,2003,0763704814,
519,303,4,"C++ 자료구조, 제2판","이웅재, 권 오준, 김진일, 신 재홍, 오용철, 임 화경, 조재현 공 역",사이텍미디어,2003,,
520,303,5,C++ 자료구조론,이석호 역,교보문고,2001,,
521,303,6,C++를 이용한 자료구조,"유관희, 유 재수, 정병수, 정 연모 공역",미래컴,2002,,
522,304,1,"C++ Plus Data Structures,Third Edition",Nell Dale,Jones and Bartlett,2003,0763704814,
523,304,4,"C++ 자료구조, 제2판","이웅재, 권 오준, 김진일, 신 재홍, 오용철, 임 화경, 조재현 공 역",사이텍미디어,2003,,
524,304,5,C++ 자료구조론,이석호 역,교보문고,2001,,
525,304,6,C++를 이용한 자료구조,"유관희, 유 재수, 정병수, 정 연모 공역",미래컴,2002,,
526,305,1,"C++ Plus Data Structures,Third Edition",Nell Dale,Jones and Bartlett,2003,0763704814,
527,305,3,"C++ 자료구조, 제2판","이웅재, 권 오준, 김진일, 신 재홍, 오용철, 임 화경, 조재현 공 역",사이텍미디어,2003,,
528,305,4,C++ 자료구조론,이석호 역,교보문고,2001,,
529,305,5,C++를 이용한 자료구조,"유관희, 유 재수, 정병수, 정 연모 공역",미래컴,2002,,
530,307,1,성당과 시장,에릭 레이먼드,한빛미디어,2013,9788968486562,
531,307,2,오픈소스: 오픈 소스 혁명의 목소리 Vol 1,"에릭 스티븐 레이먼드 , fl처드 스톨먼 , 팀 오라일리 , 리누스 토르발스",한빛미디어,2013,9788968486449,
532,307,3,오픈소스: 오픈 소스 혁명의 목소리 Vol 2,"에릭 스티븐 레이먼드 , fl처드 스톨먼 , 팀 오라일리 , 리누스 토르발스",한빛미디어,2013,9788968486456,
533,308,1,"Operating System Concepts, 8th Edition","A. Silberschatz,  P. Galvin, G. Gagne","John Wiley & Sons, New York",2010,978-0-470-23399-3,
534,309,1,Operating System Concepts,"Abraham Silberschatz , Peter B. Galvin, and Greg Gagne",John Wiley & Sons,2019,,
535,309,3,Understanding the Linux Kernel,Daniel P. Bovet and Marco Cesati,O'Reilly&Associates,2001,,
536,310,1,An Introduction to Computer Networks ['추가문헌 및 자료' 참조],Peter L Dordal,Loyola University Chicago,2018,,
537,311,1,"Data Communications and Networking with TCP/IP Protocol Suite 
교보문고)
3rd edition","Behrouz A. 
Forouzan",McGraw Hill,2021,ISBN10: 0078022096,
538,312,1,시스코 아카데미 패킷트레이서,"유인태, 김정윤",경희대학교 출판사,2019,9788982226090,
539,312,2,www.netacad.com,Cisco Academy,Cisco Systems,2020,,
540,313,1,시스템분석 및 설계,최은만,생능출판사,2018,9788970509549,
541,313,2,시스템분석 및 설계,"Valacich, George, Hoffer  공저, 서우종, 홍태호 공역",생능출판사,2013,9788970507675,
542,314,1,"Foundations of Algorithms using C++ 
pseudocode","Neapolitan, 
Nimipour, 도경구역",사이텍미디어,2004,8955501404,
543,315,1,"Foundations of Algorithms using C++ 
pseudocode","Neapolitan, 
Nimipour, 도경구역",사이텍미디어,2004,8955501404,
544,316,1,데이터베이스 배움터,홍의경,생능출판사,2014,,
545,316,4,"Fundamentals of Database Systems(4th 
Ed.) 
Elmasri/Navathe, 2004","Elmasri/Navath
e","Addison-
Wesley",2004,,
546,317,1,Fundamentals of database systems,"Ramez Elmasri, Shamkant B. Navathe.",Boston : Pearson,2011,9780136086208,
547,317,2,데이터베이스 배움터,홍의경,생능출판사,2014,9788970506791,
548,319,1,"Software Engineering, 10/E (영문판)",Ian Sommerville,Pearson,20160301,9781292096131(1292096136),
549,319,2,"소프트웨어 공학, 10판 (한글판)","Ian Sommerville 지음, 권기태 등 옮김",한티미디어,20161125,9788964212660(8964212665),
550,320,1,"Concepts of Programming Languages, 12th edition",Robert W. Sebesta,Pearson,2020,9780135102268,
551,321,1,기계학습(Machine Learning),오일석(Oh Il-Seok),한빛아카데미,,,
552,321,2,패턴인식(Pattern Recognition),오일석(Oh Il-Seok),교보문고,,,
553,322,1,Advanced Programming in the UNIX  Environment,"W. Richard 
Stevens","Addison-
Wesley",1992,0201563177,
554,324,1,머신러닝,오일석,한빛출판사,,,
555,327,1,창의적설계프로젝트,조진성,홍릉과학출판사,2014,9791156000273,
556,328,1,Lecture Notes,박광훈,,,,
557,328,2,Fundamentals of Multimedia,"Ze-Nian Li, Mark S. 
Drew","Pearson/Prentice 
Hall",,0130618721,
558,328,4,그림으로보는 최신 MPEG,정제창 역,교보문고,,,
559,328,5,H.264 and MPEG-4 Video Compression,,Wiley,,,
560,329,1,Interaction Design: Beyond Human - Computer Interaction,"Yvonne Rogers, Helen Sharp, Jenny Preece",Wiley,2011,0470665769,
561,329,2,Human Computer Interaction 개론 UX Innovation을 위한 원리와 방법,김진우,안그라픽스,2012,8970596186,
562,329,3,오래가는 UX 디자인,반준철,한빛미디어,2013,8979149980,
563,329,4,Human-computer interaction (3rd ed.),"A. Dix, J. Finlay, G. Abowd, G., and R. Beale",Prentice Hall,2003,0130461091,
564,329,5,Designing the User Interface: Strategies for Effective Human-Computer Interaction (5th Edition),"Ben Shneiderman, Catherine Plaisant, Maxine Cohen, Steven Jacobs",Prentice Hall,2009,0321537351,
565,331,1,"IT CookBook, 단계별로 배우는 안드로이드 프로그래밍",김선우,한빛아카데미,2017,9791156643630,
566,332,1,Slides made by instructor,,,,,
567,335,1,최신논문,.,.,.,.,
568,336,1,혁신적인 사용자 경험을 위한 인터랙션디자인,댄 새퍼,에이콘출판사,2012,,
569,337,1,The Illusion of Life,Frank Thomas and Ollie Johnston,Disney Editions,1995,978-0786860708,
570,337,2,Animator’s Survival Kit,Richard Williams,"Farrar, Straus and Giroux",2012,978-0865478978,
571,337,3,Timing for Animation,"John Halas, Harold Whitaker",Focal Press,2009,978-0240521602,
572,337,4,Cartoon Animation,Preston Blair,Walter Foster Publishing,1994,978-1560100843,
573,338,1,The Animator's Survival Kit Revised Edition Faber&Faber,Faber & Faber,Faber&Faber,2012.9.18,,
574,338,2,The Human Figure in Motion,"muybridge, Eadweard",DOVER,2001.8.25,,
575,338,3,"The Illusion of Life: Disney Animation Frank Thomas, Ollie Johnston","Frank Thomas, Ollie Johnston",Disney Animation,1995.10.01,,
576,338,4,"Sketching for Animation (Developing Ideas, Characters and Layouts in Your Sketchbook)","Parr, PETER",BloomsburyUSAAcademic,2018.05.31,,
577,339,1,게임디자인을 위한 기초 이론,남기덕,에이콘,2019,9791161752600(1161752609),
578,339,2,게임디자인레벨업가이드,스콧 로저스 지음,한빛미디어,2015,9788968482380(8968482381),
579,339,3,"게임,디자인,플레이",콜린 맥클린,정보문화사,2017,9788956747392(8956747393),
580,340,1,Digital Design (5th/6th),Mano and Ciletti,Peason/교보문고,2012/2018,"9788945001702
286516-4",
581,340,4,Introduction to Logic Design 3th,Marcovitz,McGraw-Hill,2010,06675-6,
582,341,1,Digital Design (5th/6th),Mano and Ciletti,Peason/교보문고,2012/2018,"9788945001702
286516-4",
583,341,4,Introduction to Logic Design 3th,Marcovitz,McGraw-Hill,2010,06675-6,
584,342,1,Digital Design,M. Morris Mano,Pearson Education,2018,987-0-13-234043-4,
585,343,1,Signals and Systems  2nd Edition,"S. Haykin &B.V. 
Veen",Wiley,2003,0471378518,
586,344,1,Signals and Systems (2nd Ed.),"Simon Haykin, Barry Van Veen",John Wiley & Sons,2003,0-471-37851-8,
587,344,2,Signals & Systems,"Alan V. Oppenheim, Alan S. Willsky",Prentice Hall,1996,0-13–814757–4,
588,345,1,"Signals and Systems (Pearson New International Edition, Second Edition)","Alan V Oppenheim
Alan S. Willsky
with S. Hamid",Pearson,2013,9781292025902,
589,346,1,"Probability and Stochastic Processes: A 
friendly introduction for electrical and 
computer engineering, 2nd Ed.","R.D. Yates and D.J. 
Goodman",Wiley,2015,,
590,346,4,"Probability, Random Variables, and 
Random Signal Processing",Peebles,McGraw-Hilll,2001,,
591,347,1,Proibalilty and Stochastic Process,Roy D.,Wiley,,,
592,348,1,"Probability, Random Variables and Random Signal Principles 
and Random Signal Principles
5th Edition","P. Z. Peebles, Jr. and Bertram Shi
Peebles",Mc Graw Hill,,0073660078,
593,348,4,"Probability, Random Variables, and Stochastic Processes",A. Papoulis,Mc Graw Hill,,,
594,349,1,Digital Communications,Bernard Sklar,Prentice-Hall,2001,0-13- 091722-2,
595,350,1,Digital Communications,"Bernard Sklar
Sklar",Prentice-Hall,2001,"0-13-
091722-2",
596,350,2,디지털통신,홍인기외,Scitech 미디어,2006,,
597,351,1,"Digital Signal Processing
Processing: 
Fundamentals 
and Applications
and Applications
Introduction
approach","Li Tan, Jean Jiang
Ronald W. 
Schafer
Mark A. Yoder","Academic Press
Press",2013,"978-0-12-415893-1
0908",
598,351,3,DSP First,"James H. McClellan, Ronald W. Schafer, Mark A. Yoder",Pearson,2017,1292113863,
599,351,4,"Digital Signal Processing
Processing (2nd 
Edition)","John G. Proakis, Dimitris K Manolakis",Pearson,2006,"020159619
9",
600,351,5,"Signal and Systems 
(2nd Edition)",Simon Haykin and Barry Van Veen,"John Wiley & 
Sons",2003,"047137851
8",
601,352,1,DSP First,"McClellan,Schafer,Y
oder",1998,,,
602,352,2,Lecture's note,,,,,
603,353,1,Digital Signal Processing 2nd Edition,E.C. Ifeachor,Prentice Hall,2002,0201596199,
604,354,1,"Probability and Statistics for
Engineering and Scientists (4th
International Edition)",Anthony J. Hayter,"Thomson Brooks /
Cole",2012,,
605,355,1,강의자료집 배포 예정,,,,,
606,355,2,Introduction to Data Mining 2/E,"Pang-ning Tan, Michael Steinbach, Anuj Karpatne, Vipin Kumar",PEARSON/휴먼싸이언스,2019,9780273769224,
607,355,3,Data Science for Business: What You Need to Know about Data Mining and Data-Analytic Thinking,Foster Provost and Tom Fawcett,O'Reilly Media,2013,9781449361327,
608,355,4,"Hands-On Machine Learning with Scikit-Learn and TensorFlow: Concepts, Tools, and Techniques to Build Intelligent Systems 2nd Edition",Aurélien Géron,O'Reilly Media,2019,9781492032649,
609,356,1,강의자료집 배포 예정,,,,,
610,356,2,Introduction to Data Mining 2/E,"Pang-ning Tan, Michael Steinbach, Anuj Karpatne, Vipin Kumar",PEARSON/휴먼싸이언스,2019,9780273769224,
611,356,3,Data Science for Business: What You Need to Know about Data Mining and Data-Analytic Thinking,Foster Provost and Tom Fawcett,O'Reilly Media,2013,9781449361327,
612,356,4,"Hands-On Machine Learning with Scikit-Learn and TensorFlow: Concepts, Tools, and Techniques to Build Intelligent Systems 2nd Edition",Aurélien Géron,O'Reilly Media,2019,9781492032649,
613,357,1,"경영과학9판
Introduction to Operations Research Research,8thedition","Hillier&Lieberman, 김선교외역",도서출판지필,2019,,
614,357,2,"경영과학 기초부터 심화까지, 2판",홍성필,율곡출판사,2014,,
615,358,1,의사결정론,김양렬,명경사,2012,9788994236254,
616,358,4,의사결정분석 및 응용,"김성희, 정병호, 김재경",영지문화사,1995,8971940522,
617,358,5,Decision Making And Forecasting,"K. T. Marshall, R. M. Oliver",McGraw-Hill,1995,0071139702,
618,358,6,불확실성하의 의사결정론,강맹규,희중당,1990,8938660036,
619,359,1,"Engineering Mechanics-
Dynamics,","A. Bedford, 
W. Fowler,","Addison 
Wesley",1999,,
620,359,2,동역학,유홍희,문운당,2021,,
621,359,4,"다물체동역학입문, 이론 및 Recurdyn 실습",최진환,문운당,2016,,
622,359,5,Computational Dynamics.,A.Shabana,Wiley,,,
623,360,1,Engineering Mechanics - Dynamics,"A. Bedford and W. 
Fowler","Prentice 
Hall/Pearson",2008,9810679742,
624,361,1,"Engineering Mechanics Dynamics, Fifth Edition","Anthony Bedford, Wallace Fowler",PEARSON,2008,981-06-7940-8,
625,362,1,Engineering Mechanics-Dynamics,"A. Bedford, W. Fowler",,,,
626,363,1,PRACTICAL ELECTRICITY AND ELECTRONICS (전기전자공학 개론),NIGEL P. COOK)이적식 외 공역),사이텍미디어,2003,8955500084,
627,364,1,PRACTICAL ELECTRICITY AND ELECTRONICS (전기전자공학 개론),NIGEL P. COOK)이적식 외 공역),사이텍미디어,2003,8955500084,
628,365,1,"Theory and Design for Mechanical 
Measurements","Richard S. Figliola 
1인","WILEY
스(주)",2003년,0471661449,
629,366,1,계측공학,"Mechanical Measurements/Beckwith, Thomas G.",도서출판영(YOUNG),2007년,,
630,367,1,System Dynamics (4/E),Katsuhiko Ogata,Pearson Group,,,
631,367,2,Modern Control Engineering (5/E),Katsuhiko Ogata,Prentice Hall,,,
632,367,3,Automatic Control Systems (10/E),"Farid Golnaraghi, Benjamin C. Kuo",McGraw-Hill Education,,,
633,368,1,강의 노트로 대체함,,,,,
634,369,1,디자인씽킹,대니얼링,,,,
635,369,2,문제 해결력을 키우는 디자인 씽킹,"송태란,이정현",,,,
636,370,1,디자인씽킹,대니얼링,생능출판사,20170215,,
637,370,2,https://ko.wikipedia.org/wiki/%EB%94%94%EC%9E%90%EC%9D%B8_%EB%A6%AC%EC%84%9C%EC%B9%98,,,,,
638,370,3,http://blog.ibk.co.kr/1556#.VTkGOaHGlpd.facebook,,,,,
639,372,1,창의적 공학설계,김은경,한빛 아카데미,2020,979-11-5664-493-4,
640,372,2,디자인씽킹 가이드북,대니얼링,생능출판,,978-89-7050-900-6,
641,372,4,설계 프로세스로 배우는 창의적 공학 설계,노승환,한빛 아카데미,,,
642,372,5,실전으로 배우는 발명/특허,,한빛 아카데미,,,
643,373,1,"Think Python (2nd Edition) - 오픈소스, 아래의 '추가문헌및자료' 참조",Allen B. Downey,O’REILLY MEDIA,2015,9781491939369,
644,373,2,[참조] Do it! 점프 투 파이썬,박응용,이지스퍼블리싱,2016,,
645,373,3,[참조] Do it! 자바스크립트+제이쿼리 입문,정인용,이지스퍼블리싱,2014,,
646,374,1,"Think Python (2nd Edition) - 오픈소스, 아래의 '추가문헌및자료' 참조",Allen B. Downey,O’REILLY MEDIA,2015,9781491939369,
647,374,2,[참조] Do it! 점프 투 파이썬,박응용,이지스퍼블리싱,2016,,
648,374,3,[참조] Do it! 자바스크립트+제이쿼리 입문,정인용,이지스퍼블리싱,2014,,
649,375,1,Python Game Programming By Example,Alejandro Rodas de Paz and Joseph Howse,Packt Publishing Ltd.,2015,978-1-78528-153-2,
650,376,1,"Introduction to Game Design, Prototyping, and Development",Jeremy Gibson Bond,Addison-Wesley Professional,2017,9780134659862(0134659864),
651,376,2,Unreal Engine C++ the Ultimate Developer's Handbook,Stephen Seth Ulibarri,,,,
652,377,1,강의노트로 대체함,,,,,
653,377,2,[기본] https://www.docker.com/,,,,,
654,377,3,[기본] https://kubernetes.io/,,,,,
655,377,4,[참조] 도커/쿠버네티스를 활용한 컨테이너 개발 실전 입문,야마다 아키노리,위키북스,2019,,
656,377,5,[참조] IT 운용 체제 변화를 위한 데브옵스 DevOps,카와무라 세이고,영진닷컴,2019,,
657,377,6,[참조] 완벽한 IT 인프라 구축을 위한 Docker,Asa Shiho,정보문화사,2018,,
658,379,1,(이론 교재) 기계학습,오일석,한빛아카데미,2017,,
659,379,2,"(실습 참고자료) 머신 러닝 교과서 with 파이썬, 사이킷런, 텐서플로",세바스찬 라시카 (옮긴이: 박해선),길벗,2021,,
660,380,1,Python Machine Learning,Sebastian Raschka,Packt Publishing,2019,9781789955750,
661,380,2,Mathematics for Machine Learning,Marc Peter Deisenroth,Cambridge University Press,2017,9781108455145,
662,380,3,Introduction to Machine Learning with Python,Andreas C. Muller,O'Reilly Media,2017,9781449369415,
663,380,4,"머신 러닝 교과서 with 파이썬, 사이킷런, 텐서플로",세바스찬 라시카 (옮긴이: 박해선),길벗,2019,9791160507966,
664,383,1,VIRTUAL REALITY,Steven M. LaValle,Cambridge University Press,2016,,
665,386,1,PPT 강의 자료,,,,,
666,386,2,"Hands-On Machine Learning with Scikit-Learn and Tensor Flow : Concepts, Tools, and Techniques to Build Intelligent Systems",Aurélien Géron,O'Reilly Media,2019,9781492032649,
667,386,3,"핸즈온 머신러닝: 사이킷런과 텐서플로를 활용한 머신러닝, 딥러닝 실무",오렐리앙 제롱/박해선,한빛미디어,2018,9791162240731,
668,387,1,Mastering ROS for Robotics Programming 2E,"Lentin Joseph,Jonathan Cacace",Packt Publishing,2018,,
669,387,2,ROS 로봇 프로그래밍,"표윤석, 조한철, 정려운, 임태훈",루비페이퍼,2017,,
670,388,1,ROS 로봇 프로그래밍,"표윤석, 조한철, 정려운, 임태훈",루비페이퍼,2017,,
671,389,1,최신논문,.,.,.,.,
672,393,1,Python Data Science Handbook,Jake VanderPlas,O'Reilly Media,2016,978-1491912058,
673,393,2,Fundamentals of Data Visualization,Claus O. Wike,O'Reilly Media,2017,978-1492031086,
674,393,3,Python for Data Analysis,Wes McKinney,O'Reilly Media,2017,978-1491957660,
675,393,4,Think Python (2nd Edition),Allen B. Downey,O'Reilly Media,2015,978-1491939369,
676,393,5,Data Visualization: A practical introduction,Kieran Healy,Princeton University Press,2018,978-0691181622,
677,393,6,Modern Data Science with R,Benjamin S. Baumer,CRC Press,2020,978-1498724487,
678,395,1,강의노트로 대체함,,,,,
679,396,1,Fundamentals of C++Programming,RichardL.Halterman,Southern AdvantistUniversity,,,
680,397,1,"Think Python (2nd Edition) - 오픈소스, 아래의 추가문헌및자료 참조",Allen B. Downey,O’REILLY MEDIA,2015,9781491939369,
681,397,2,Do it! 점프 투 파이썬,박응용,이지스퍼블리싱,2016,,
682,397,3,Do it! 자바스크립트+제이쿼리 입문,정인용,이지스퍼블리싱,2014,,
683,398,1,Fundamentals of C++Programming,RichardL.Halterman,Southern AdvantistUniversity,,,
684,399,1,"Think Python (2nd Edition) - 오픈소스, 아래의 추가문헌및자료 참조",Allen B. Downey,O’REILLY MEDIA,2015,9781491939369,
685,399,2,Do it! 점프 투 파이썬,박응용,이지스퍼블리싱,2016,,
686,399,3,Do it! 자바스크립트+제이쿼리 입문,정인용,이지스퍼블리싱,2014,,
687,400,1,Computers: Tools for an Information Age (7th Ed.),H. L. Capron and J. A. Johnson,Prentice Hall,2002,0-13-091954-3,
688,400,2,인공지능 개념 및 응용 4판,"도용태 , 김일곤 , 김종완 , 박창현 , 강병호",사이텍미디어,2009,9788955501995,
689,403,1,Fundamentals of C++Programming,Richard L. Halterman,Southern Adventist University,,,
690,404,1,Fundamentals of C++ Programming,Richard L. Halterman,Southern Advantist University,2018,,
691,405,1,이산수학 및 응용 (4판),Susanna S. EPP 지음 | 김환구외 7인 번역,한티미디어,2013,9788964211458(8964211456),
692,405,2,(영문원서) Discrete Mathematics with Applications (4th Edition),Susanna S. EPP,CENGAGE Learning,2011,,
693,406,1,이산수학 및 응용,"임은기 외
외 6인번역",한티 미디어,,,
694,406,4,"이산수학 및 응용
이산수학 및 응용 4판 번역본",,,,,
695,407,1,Computer Organization and Design: The Hardware/Software Interface (5th Edition),J. Hennessy and D. Patterson,Morgan Kaufmann,2014,,
696,408,1,Computer Organization and Design:The Hardware/Software Interface (6th Edition),David A. Patterson and John L. Hennessy,Morgan Kaufmann,2020,,
697,408,2,Computer Organization and Design:The Hardware/Software Interface (5th Edition),David A. Patterson and John L. Hennessy,Morgan Kaufmann,2014,,
698,409,1,Computer System Architecture(3rd),M Morris Mano,Prentice-Hall,1993,0-13-175563-3,
699,409,4,"Computer Organization and Design: 
the 
Hardware/Software Interface","Patterson and 
Hennessy",Morgan Kaufmann,2004,155860604 1,
700,409,5,컴퓨터시스템구조,김종상 역,Scitech,1994,8938610187,
701,410,1,"C++ Plus Data Structures,Third Edition",Nell Dale,Jones and Bartlett,2003,0763704814,
702,410,4,"C++ 자료구조, 제2판","이웅재, 권 오준, 김진일, 신 재홍, 오용철, 임 화경, 조재현 공 역",사이텍미디어,2003,,
703,410,5,C++ 자료구조론,이석호 역,교보문고,2001,,
704,410,6,C++를 이용한 자료구조,"유관희, 유 재수, 정병수, 정 연모 공역",미래컴,2002,,
705,411,1,"C++ Plus Data Structures,Third Edition",Nell Dale,Jones and Bartlett,2003,0763704814,
706,411,4,"C++ 자료구조, 제2판","이웅재, 권 오준, 김진일, 신 재홍, 오용철, 임 화경, 조재현 공 역",사이텍미디어,2003,,
707,411,5,C++ 자료구조론,이석호 역,교보문고,2001,,
708,411,6,C++를 이용한 자료구조,"유관희, 유 재수, 정병수, 정 연모 공역",미래컴,2002,,
709,412,1,"C++ Plus Data Structures,Third Edition",Nell Dale,Jones and Bartlett,2003,0763704814,
710,412,3,"C++ 자료구조, 제2판","이웅재, 권 오준, 김진일, 신 재홍, 오용철, 임 화경, 조재현 공 역",사이텍미디어,2003,,
711,412,4,C++ 자료구조론,이석호 역,교보문고,2001,,
712,412,5,C++를 이용한 자료구조,"유관희, 유 재수, 정병수, 정 연모 공역",미래컴,2002,,
713,413,1,성당과 시장,에릭 레이먼드,한빛미디어,2013,9788968486562,
714,413,2,오픈소스: 오픈 소스 혁명의 목소리 Vol 1,"에릭 스티븐 레이먼드 , fl처드 스톨먼 , 팀 오라일리 , 리누스 토르발스",한빛미디어,2013,9788968486449,
715,413,3,오픈소스: 오픈 소스 혁명의 목소리 Vol 2,"에릭 스티븐 레이먼드 , fl처드 스톨먼 , 팀 오라일리 , 리누스 토르발스",한빛미디어,2013,9788968486456,
716,414,1,The Design of Everyday Things: Revised and Expanded Edition,Don Norman,Basic Books,2013,0465050654,
717,414,2,"오래가는 UX 디자인, 모바일 시대의 제품 디자인 기본 원칙",반준철,한빛미디어,2013,,
718,415,1,"Operating System Concepts, 10th Ed.","Abraham 
Silberschatz
, Peter B. 
Galvin, and 
Greg Gagne","John Wiley 
& Sons",2019,9780470233993,
719,416,1,Operating System Concepts,"Abraham Silberschatz , Peter B. Galvin, and Greg Gagne",John Wiley & Sons,2019,,
720,416,3,Understanding the Linux Kernel,Daniel P. Bovet and Marco Cesati,O'Reilly&Associates,2001,,
721,417,1,Operating System Principles (10th edition),"Abraham Silberschatz, Peter B. Galvin, and Greg Gagne",John Wiley & Sons,2019,,
722,418,1,An Introduction to Computer Networks ['추가문헌 및 자료' 참조],Peter L Dordal,Loyola University Chicago,2018,,
723,419,1,시스코 아카데미 패킷트레이서,"유인태, 김정윤",경희대학교 출판문화원,2019,9788982226090,
724,420,1,"Data Communications and Networking, 6th edition","Behrouz A. 
Forouzan",교보문고,2005,0072525848,
725,421,1,"Foundations of Algorithms using C++ 
pseudocode","Neapolitan, 
Nimipour, 도경구역",사이텍미디어,2004,8955501404,
726,422,1,"Foundations of Algorithms using C++ 
pseudocode","Neapolitan, 
Nimipour, 도경구역",사이텍미디어,2004,8955501404,
727,423,1,데이터베이스 배움터,홍의경,생능출판사,2014,,
728,423,4,"Fundamentals of Database Systems(4th 
Ed.) 
Elmasri/Navathe, 2004","Elmasri/Navath
e","Addison-
Wesley",2004,,
729,424,1,데이터베이스 배움터,홍의경,생능출판사,2014,9788970506791,
730,424,2,Fundamentals of database systems,"Ramez Elmasri, Shamkant B. Navathe.",Boston : Pearson,2011,9780136086208,
731,426,1,초융합시대의 멀티미디어와 콘텐츠 (멀티미디어 기본 이론부터 최신 기술 동향까지),"김용태, 박길철",한빛 아카데미,2021,979-11-5664-509-2,
732,426,2,스마트시대의 멀티미디어,"김용태, 박길철",한빛 아카데미,2014,979-11-5664-147-6,
733,426,3,멀티미디어공학,"하영호,냄재열,최
윤식,원치선 공역",Prentice Hall,,8990758157,
734,427,1,"Software Engineering, 10/E (영문판)",Ian Sommerville,Pearson,20160301,9781292096131(1292096136),
735,427,2,"소프트웨어 공학, 10판 (한글판)","Ian Sommerville 지음, 권기태 등 옮김",한티미디어,20161125,9788964212660(8964212665),
736,429,1,기계학습(Machine Learning),오일석(Oh Il-Seok),한빛아카데미,,,
737,429,2,패턴인식(Pattern Recognition),오일석(Oh Il-Seok),교보문고,,,
738,430,1,Slides made by instructor,,,,,
739,431,1,머신러닝,오일석,한빛출판사,,,
740,434,1,창의적설계프로젝트,조진성,홍릉과학출판사,2014,9791156000273,
741,435,1,"Network Security Essentials, 4th Edition","William  Starling
Starling",Prentice Hall,2003,"0-13-
120271-5",
742,435,4,"Network Security
Fundamentals","Gert De 
Laet",Ciscopress,2004,"1-
587051672",
743,436,1,(교재) Digital Image Processing 4/E,Rafael C. Gonzalez,Pearson,2018.02.01,9781292223049,
744,436,2,(참고) OpenCV 4로 배우는 컴퓨터비전과 머신러닝,황선규,길벗,2019,9780071084789,
745,437,1,Interactive computer graphic: A top-down approach with OpenGL,Edward Angel,Addison Wesley,,,
746,438,1,"IT CookBook, 차세대 웹 프로그래밍",홍성용,한빛아카데미,2017,9791156643302,
747,441,1,강의자료,,,,,
748,441,2,실습자료,,,,,
749,441,3,창의적설계 프로젝트,조진성,홍릉과학출판사,2014,9791156000279791156000273,
750,441,4,임베디드 프로젝트,조진성,홍릉과학출판사,2006,8972835250,
751,441,5,임베디드 프로젝트2,조진성,홍릉과학출판사,2008,9788972836537,
752,442,1,최신논문,.,.,.,.,
753,443,1,최신논문,,,,,
754,444,1,최신논문,.,.,.,.,
755,447,2,시나리오 가이드,데이비드 하워드,한겨례출판사,1999,9788984310148,
756,447,5,시나리오 마스터,데이비드 하워드,한겨례출판사,2007,,
757,448,2,시나리오 가이드,데이비드 하워드,한겨례출판사,1999,9788984310148,
758,448,5,시나리오 마스터,데이비드 하워드,한겨례출판사,2007,,
759,449,1,최이진의 사운드 포지 9,최이진,노하우,"2008-
02",9788996071402,
760,449,2,나의 꿈 나의 미디 Cakewalk by Bandlab,박운영,예진미디어,2018,9791196167578,
761,449,3,베가스 프로 13,양두석,인투북스,2014,9788969090058,
762,451,1,게임디자인을 위한 기초 이론,남기덕,에이콘,2019,9791161752600(1161752609),
763,452,1,게임디자인을 위한 기초 이론,남기덕,에이콘,2019,9791161752600(1161752609),
764,453,1,Digital Design (5th/6th),Mano and Ciletti,Peason/교보문고,2012/2018,"9788945001702
286516-4",
765,453,4,Introduction to Logic Design 3th,Marcovitz,McGraw-Hill,2010,06675-6,
766,454,1,Digital Design,Mano and Ciletti,Person,,,
767,454,2,Introduction to design,Alan B. Marcovitz,McGraw-Hill,,,
768,455,1,"디지털디자인, 6판",Mano and Ciletti,퍼스트북,2020,9791185475554(93560),
769,455,2,Introduction to Logic Design,Alan B. Marcovitz,McGraw-Hill,2010,9788945001702066756,
770,456,1,Digital Design (5th/6th),Mano and Ciletti,Peason/교보문고,2012/2018,"9788945001702
286516-4",
771,456,4,Introduction to Logic Design 3th,Marcovitz,McGraw-Hill,2010,06675-6,
772,457,1,Digital Design,M. Morris Mano,Pearson Education,2018,987-0-13-234043-4,
773,458,1,"이론, 실습, 시뮬레이션 디지털 논리회로 (4판)","임석구, 홍경호",한빛 아카데미,2022,979-11-5664-568-9 93000,
774,458,2,디지털 디자인,"M. Morris Mano, Michael D., Ciletti 지음,
예윤해, 김경백, 나종화, 박상윤, 서창준 옮김",Pearson/퍼스트북,2020,979-11-85475-55-4,
775,458,3,"이론, 실습, 시뮬레이션 디지털 논리회로 (3판)","임석구, 홍경호",한빛 아카데미,2017,979-11-5664-188-9,
776,459,1,Signal and Systems(2nd Edition),"Simon Haykin Barry 
Van Veen",John Wiley & Sons,2003,0471164747,
777,460,1,"Signals and Systems (Pearson New International Edition, Second Edition)","Alan V Oppenheim
Alan S. Willsky
with S. Hamid",Pearson,2013,9781292025902,
778,461,1,Signals and Systems (2nd Ed.),"Simon Haykin, Barry Van Veen",John Wiley & Sons,2003,0-471-37851-8,
779,461,2,Signals & Systems (2nd Ed.),"Alan V. Oppenheim, Alan S. Willsky",Prentice Hall,2011,9780136511755(0136511759),
780,462,1,Signals and Systems  2nd Edition,"S. Haykin &B.V. 
Veen",Wiley,2003,0471378518,
781,463,1,Proibalilty and Stochastic Process,Roy D.,Wiley,,,
782,464,1,"Probability and Stochastic Processes: A 
friendly introduction for electrical and 
computer engineering, 3rd Ed.","R.D.Yates and 
D.J.Goodman",Wiley,2018,,
783,464,2,주 교재의 번역판(3판),,,,,
784,464,4,Random Signal Processing,,,,,
785,465,1,"Probability and Stochastic Processes
Processes: a friendly 
introduction for electrical and 
computer engineering, 2nd Ed.","R.D. Yates 
and D.J. 
Goodman",Wiley,2004,0471272140,
786,466,1,"Probability and Stochastic Processes : A friendly 
introduction for electrical and 
computer engineering, 3rd Ed.",R. D. Yates and D.J. Goodman,Wiley,2015,,
787,467,1,"Probability and Stochastic Processes: A 
friendly introduction for electrical and 
computer engineering, 2nd Ed.","R.D. Yates and D.J. 
Goodman",Wiley,2015,,
788,467,4,"Probability, Random Variables, and 
Random Signal Processing",Peebles,McGraw-Hilll,2001,,
789,468,1,"Probability, Random Variables and Random Signal Principles 
and Random Signal Principles
5th Edition","P. Z. Peebles, Jr. and Bertram Shi
Peebles",Mc Graw Hill,,0073660078,
790,468,4,"Probability, Random Variables, and Stochastic Processes",A. Papoulis,Mc Graw Hill,,,
791,469,1,"Digital Communications: Fundamentals 
and Applications",B. Sklar,Prentice Hall,2001,0-13-084788-7,
792,469,4,"Digital and analog communication systems
using Matlab",Couch,Prentice Hall,2001,,
793,470,1,"Digital Communications Fundamentals 
and Applications",Bernard Sklar,Prentice Hall,2001,,
794,470,2,번역판 활용 가능,,,,,
795,471,1,Digital Communications,Bernard Sklar,Prentice-Hall,2001,0-13- 091722-2,
796,472,1,"Digital Signal Processing
Processing: 
Fundamentals 
and Applications
and Applications
Introduction
approach","Li Tan, Jean Jiang
Ronald W. 
Schafer
Mark A. Yoder","Academic Press
Press",2013,"978-0-12-415893-1
0908",
797,472,3,DSP First,"James H. McClellan, Ronald W. Schafer, Mark A. Yoder",Pearson,2017,1292113863,
798,472,4,"Digital Signal Processing
Processing (2nd 
Edition)","John G. Proakis, Dimitris K Manolakis",Pearson,2006,"020159619
9",
799,472,5,"Signal and Systems 
(2nd Edition)",Simon Haykin and Barry Van Veen,"John Wiley & 
Sons",2003,"047137851
8",
800,473,1,DSP First,"McClellan,Schafer,Y
oder",1998,,,
801,473,2,Lecture's note,,,,,
802,474,1,"Introduction to Operations Research
번역판 경영과학","Hillier & Lieberman, 
김선교 외 역",McGraw-Hill Korea,2007,9788960550155,
803,474,4,경영과학,홍성필,율곡출판사,2010,9788991830745,
804,475,1,"Introduction to Operations Research
번역판 경영과학","Hillier & Lieberman, 
김선교 외 역",McGraw-Hill Korea,2007,9788960550155,
805,475,4,경영과학,홍성필,율곡출판사,2010,9788991830745,
806,476,1,Introduction to Data Mining (2nd Edition),"Pang-Ning Tan, Michael Steinbach, Anuj Karpatne, Vipin Kumar","Pang-Ning Tan, Michael Steinbach, Anuj Karpatne, Vipin Kumar",2018,978-0133128901,
807,476,2,강의자료집 배포 예정.,,,,,
808,477,1,Introduction to Data Mining (2nd Edition),"Pang-Ning Tan, Michael Steinbach, Anuj Karpatne, Vipin Kumar","Pang-Ning Tan, Michael Steinbach, Anuj Karpatne, Vipin Kumar",2018,978-0133128901,
809,477,2,강의자료집 배포 예정.,,,,,
810,478,1,(주교재) 플러터 앱 개발 첫걸음,랩 페인 지음 | 김홍중 옮김,에이콘출판,2020,9791161754239,
811,478,2,Building Machine Learning Powered Applications: Going from Idea to Product,Emmanuel Ameisen,O'Reilly Media;,2020,978-1492045113,
812,478,3,백견불여일타 파이어베이스,남진하,로드북,2019,9788997924448,
813,478,4,오준석의 플러터 생존 코딩,오준석,한빛미디어,2020,9791162242834,
814,479,1,"Introduction to Mechatronics and 
Measurement Systems, 4th edition","D. G. Alciatore and 
M. B. Histand",McGraw-Hill,2012,,
815,479,2,"메카트로닉스, 제2판",이순걸 외,문운당,2003,,
816,479,3,Handout on Web,Soon-Geul Lee,,,,
817,479,4,메카트로닉스 3판 (MECHATRONICS),"저자: W.BOLTON, 
역자 : 이만형 외",사이텍미디어,2004,,
818,480,1,"다물체동역학 입문, 이론 및 Recurdyn 실습",최진환,"문운당
Wiley",2016,9791156922469,
819,480,4,"Coumutational Dynamics,",A. Shabana,"John &
Wiley",,,
820,480,5,RecurDyn manual,,FunctionBay,,,
821,480,6,Rego Mindstorm manaul,,"Rego Inc.,",,,
822,481,1,"다물체동역학 입문, 이론 및 Recurdyn 실습",최진환,문운동 Wiley,2016,9791156922469,
823,481,2,Computational Dynamics,A. Shabana,John & Wiley,,,
824,481,3,RecurDyn manual,,FunctionBay,,,
825,482,1,"Introduction to Robotics, Global Edition, 4th Edition",John J. Craig,"Pearson Prentice 
Hall",2019,9781292164939,
826,483,1,창의적 공학설계,김은경,한빛 아카데미,2020,979-11-5664-493-4,
827,483,2,디자인씽킹 가이드북,대니얼링,생능출판,,978-89-7050-900-6,
828,483,4,설계 프로세스로 배우는 창의적 공학 설계,노승환,한빛 아카데미,,,
829,483,5,실전으로 배우는 발명/특허,,한빛 아카데미,,,
830,484,1,"Think Python (2nd Edition) - 오픈소스, 아래의 '추가문헌및자료' 참조",Allen B. Downey,O’REILLY MEDIA,2015,9781491939369,
831,484,2,[참조] Do it! 점프 투 파이썬,박응용,이지스퍼블리싱,2016,,
832,484,3,[참조] Do it! 자바스크립트+제이쿼리 입문,정인용,이지스퍼블리싱,2014,,
833,485,1,"Think Python (2nd Edition) - 오픈소스, 아래의 '추가문헌및자료' 참조",Allen B. Downey,O’REILLY MEDIA,2015,9781491939369,
834,485,2,[참조] Do it! 점프 투 파이썬,박응용,이지스퍼블리싱,2016,,
835,485,3,[참조] Do it! 자바스크립트+제이쿼리 입문,정인용,이지스퍼블리싱,2014,,
836,486,1,{Lecture Notes},,,,,
837,487,1,강의노트로 대체함,,,,,
838,487,2,[기본] https://www.docker.com/,,,,,
839,487,3,[기본] https://kubernetes.io/,,,,,
840,487,4,[참조] 도커/쿠버네티스를 활용한 컨테이너 개발 실전 입문,야마다 아키노리,위키북스,2019,,
841,487,5,[참조] IT 운용 체제 변화를 위한 데브옵스 DevOps,카와무라 세이고,영진닷컴,2019,,
842,487,6,[참조] 완벽한 IT 인프라 구축을 위한 Docker,Asa Shiho,정보문화사,2018,,
843,489,1,Python Machine Learning,Sebastian Raschka,Packt Publishing,2019,9781789955750,
844,489,2,Mathematics for Machine Learning,Marc Peter Deisenroth,Cambridge University Press,2017,9781108455145,
845,489,3,Introduction to Machine Learning with Python,Andreas C. Muller,O'Reilly Media,2017,9781449369415,
846,489,4,"머신 러닝 교과서 with 파이썬, 사이킷런, 텐서플로",세바스찬 라시카 (옮긴이: 박해선),길벗,2019,9791160507966,
847,490,1,(이론 교재) 기계학습,오일석,한빛아카데미,2017,,
848,490,2,"(실습 참고자료) 머신 러닝 교과서 with 파이썬, 사이킷런, 텐서플로",세바스찬 라시카 (옮긴이: 박해선),길벗,2021,,
849,491,1,강의 자료,.,.,.,,
850,491,2,Basic Engineering Circuits Analysis 11e,J. David Irwin and R. Mark Nelms,Wiley,2015,,
851,491,3,Introduction to Logic Design,Alan B. Marcovitz,McGraw-Hill,2009,,
852,491,4,Signal and Systems,"Alan V. Oppenheim, Alan S. Willsky",Prentice Hall,1983,,
853,491,5,Introduction to Digital Signal Processing,Johnny R. Johnson,Prentice Hall,1989,,
854,492,1,OpenGL ES를 이용한 3차원 컴퓨터 그래픽스 입문,한정현,홍릉 출판사,2019,9791156006749(1156006740),
855,494,1,"Game Engine Architecture, 2nd edition",Jason Gregory,A K Peters/CRC,2014,1466560010(978-1466560017),
856,494,2,Game Programming Patterns,Robert Nystrom,Genever Benning,2014,B00P5URD96,
857,494,3,GPU Pro 5: Advanced Rendering Techniques,Wolfgang Engel,A K Peters/CRC,2014,9781482208634,
858,494,4,"Introduction to Linear Algebra, Fifth Edition",Gilbert Strang,Wellesley-Cambridge Press,2016,978-09802327-7-6,
859,494,5,Lecture Note,,,,,
860,497,1,ROS 로봇 프로그래밍,"표윤석, 조한철, 정려운, 임태훈",루비페이퍼,2017,,
861,499,1,최신논문,.,.,.,.,
862,500,1,최신논문,,,,,
863,501,1,주교재,수업자료,,,,
864,501,2,부교재,Deep Learning,MIT Press book,2016,,
865,508,1,강의 자료,,,,,
866,509,1,강의노트로 대체함,,,,,
867,512,1,Fundamentals of C++Programming,Richard L. Halterman,Southern Adventist University,,,
868,513,1,Fundamentals of C++ Programming,Richard L. Halterman,Southern Advantist University,2018,,
869,514,1,이산수학 및 응용 (4판),Susanna S. EPP 지음 | 김환구외 7인 번역,한티미디어,2013,9788964211458(8964211456),
870,514,2,(영문원서) Discrete Mathematics with Applications (4th Edition),Susanna S. EPP,CENGAGE Learning,2011,,
871,515,1,Computer Organization and Design: The Hardware/Software Interface (5th Edition),J. Hennessy and D. Patterson,Morgan Kaufmann,2014,,
872,516,1,Computer Organization and Design:The Hardware/Software Interface (6th Edition),David A. Patterson and John L. Hennessy,Morgan Kaufmann,2020,,
873,516,2,Computer Organization and Design:The Hardware/Software Interface (5th Edition),David A. Patterson and John L. Hennessy,Morgan Kaufmann,2014,,
874,517,1,"C++ Plus Data Structures,Third Edition",Nell Dale,Jones and Bartlett,2003,0763704814,
875,517,3,"C++ 자료구조, 제2판","이웅재, 권 오준, 김진일, 신 재홍, 오용철, 임 화경, 조재현 공 역",사이텍미디어,2003,,
876,517,4,C++ 자료구조론,이석호 역,교보문고,2001,,
877,517,5,C++를 이용한 자료구조,"유관희, 유 재수, 정병수, 정 연모 공역",미래컴,2002,,
878,518,1,"C++ Plus Data Structures,Third Edition",Nell Dale,Jones and Bartlett,2003,0763704814,
879,518,4,"C++ 자료구조, 제2판","이웅재, 권 오준, 김진일, 신 재홍, 오용철, 임 화경, 조재현 공 역",사이텍미디어,2003,,
880,518,5,C++ 자료구조론,이석호 역,교보문고,2001,,
881,518,6,C++를 이용한 자료구조,"유관희, 유 재수, 정병수, 정 연모 공역",미래컴,2002,,
882,520,1,성당과 시장,에릭 레이먼드,한빛미디어,2013,9788968486562,
883,520,2,오픈소스: 오픈 소스 혁명의 목소리 Vol 1,"에릭 스티븐 레이먼드 , fl처드 스톨먼 , 팀 오라일리 , 리누스 토르발스",한빛미디어,2013,9788968486449,
884,520,3,오픈소스: 오픈 소스 혁명의 목소리 Vol 2,"에릭 스티븐 레이먼드 , fl처드 스톨먼 , 팀 오라일리 , 리누스 토르발스",한빛미디어,2013,9788968486456,
885,521,1,"Operating System Concepts, 10th Ed.","Abraham 
Silberschatz
, Peter B. 
Galvin, and 
Greg Gagne","John Wiley 
& Sons",2019,9780470233993,
886,522,1,Operating System Principles (10th edition),"Abraham Silberschatz, Peter B. Galvin, and Greg Gagne",John Wiley & Sons,2019,,
887,523,1,시스코 아카데미 패킷트레이서,"유인태, 김정윤",경희대학교 출판문화원,2019,9788982226090,
888,524,1,Data Communications and Networking,"Behrouz A. 
Forouzan",교보문고,2005,0072525848,
889,525,1,An Introduction to Computer Networks ['추가문헌 및 자료' 참조],Peter L Dordal,Loyola University Chicago,2018,,
890,526,1,Computer Networking,"James Kurose , Keith Ross",Pearson Education Limited,2021,9781292405469(1292405465),
891,527,1,"Foundations of Algorithms using C++ 
pseudocode","Neapolitan, 
Nimipour, 도경구역",사이텍미디어,2004,8955501404,
892,528,1,"Foundations of Algorithms using C++ 
pseudocode","Neapolitan, 
Nimipour, 도경구역",사이텍미디어,2004,8955501404,
893,529,1,데이터베이스 배움터,홍의경,생능출판사,2014,,
894,529,4,"Fundamentals of Database Systems(4th 
Ed.) 
Elmasri/Navathe, 2004","Elmasri/Navath
e","Addison-
Wesley",2004,,
895,530,1,데이터베이스 배움터,홍의경,생능출판사,2014,9788970506791,
896,530,2,Fundamentals of database systems,"Ramez Elmasri, Shamkant B. Navathe.",Boston : Pearson,2011,9780136086208,
897,532,1,System Analysis and Design with UML,"Dennis, Wixom, Tegarden",wiley,2009,9780470074787,
898,532,2,소프트웨어공학,송영재,이한츌판사,2004,8982413332,
899,533,1,"Concepts of Programming Languages, 12th edition",Robert W. Sebesta,Pearson,2020,9780135102268,
900,534,1,기계학습(Machine Learning),오일석(Oh Il-Seok),한빛아카데미,,,
901,534,2,패턴인식(Pattern Recognition),오일석(Oh Il-Seok),교보문고,,,
902,535,1,Advanced Programming in the UNIX  Environment,"W. Richard 
Stevens","Addison-
Wesley",1992,0201563177,
903,543,1,창의적설계프로젝트,조진성,홍릉과학출판사,2014,9791156000273,
904,544,1,창의적설계프로젝트,조진성,홍릉과학출판사,2014,9791156000273,
905,545,1,Lecture Notes,박광훈,,,,
906,545,2,Fundamentals of Multimedia,"Ze-Nian Li, Mark S. 
Drew","Pearson/Prentice 
Hall",,0130618721,
907,545,4,그림으로보는 최신 MPEG,정제창 역,교보문고,,,
908,545,5,H.264 and MPEG-4 Video Compression,,Wiley,,,
909,547,1,"IT CookBook, 단계별로 배우는 안드로이드 프로그래밍",김선우,한빛아카데미,2017,9791156643630,
910,548,1,Slides made by instructor,,,,,
911,550,1,최신논문,.,.,.,.,
912,551,1,최신논문,,,,,
913,553,1,The Illusion of Life,Frank Thomas and Ollie Johnston,Disney Editions,1995,978-0786860708,
914,553,2,Animator’s Survival Kit,Richard Williams,"Farrar, Straus and Giroux",2012,978-0865478978,
915,553,3,Timing for Animation,"John Halas, Harold Whitaker",Focal Press,2009,978-0240521602,
916,553,4,Cartoon Animation,Preston Blair,Walter Foster Publishing,1994,978-1560100843,
917,554,1,레트로의 유니티 게임 프로그래밍 에센스,이제민,한빛미디어,2019,9791162241516(1162241519),
918,555,1,Digital Design (5th/6th),Mano and Ciletti,Peason/교보문고,2012/2018,"9788945001702
286516-4",
919,555,4,Introduction to Logic Design 3th,Marcovitz,McGraw-Hill,2010,06675-6,
920,556,1,Digital Design (5th/6th),Mano and Ciletti,Peason/교보문고,2012/2018,"9788945001702
286516-4",
921,556,4,Introduction to Logic Design 3th,Marcovitz,McGraw-Hill,2010,06675-6,
922,557,1,Digital Design,Mano and Ciletti,Person,,,
923,557,2,Introduction to design,Alan B. Marcovitz,McGraw-Hill,,,
924,558,1,Signal and Systems(2nd Edition),"Simon Haykin Barry 
Van Veen",John Wiley & Sons,2003,0471164747,
925,559,1,"Signals and Systems (Pearson New International Edition, Second Edition)","Alan V Oppenheim
Alan S. Willsky
with S. Hamid",Pearson,2013,9781292025902,
926,560,1,Signals and Systems  2nd Edition,"S. Haykin &B.V. 
Veen",Wiley,2003,0471378518,
927,561,1,Signals and Systems (2nd Ed.),"Simon Haykin, Barry Van Veen",John Wiley & Sons,2003,0-471-37851-8,
928,561,2,신호와시스템 개정2판,"Simon Haykin, Barry Van Veen (고한석외9명 공역)",범한서적주식회사,2005,0-471-37851-8,
929,561,3,Signals & Systems (2nd Ed.),"Alan V. Oppenheim, Alan S. Willsky",Prentice Hall,2011,9780136511755(0136511759),
930,562,1,Proibalilty and Stochastic Process,Roy D.,Wiley,,,
931,563,1,"Probability and Stochastic Processes, 3rd Edition",R.D. Yates and D.J. Goodman,Wiley,2014,0131453408,
932,563,4,확률변수와 통계의 기초,"박소령, 김윤희, 김석찬, 송익호",자유아카데미,2017,참고교재,
933,564,1,"Probability and Stochastic Processes
Processes: a friendly 
introduction for electrical and 
computer engineering, 2nd Ed.","R.D. Yates 
and D.J. 
Goodman",Wiley,2004,0471272140,
934,565,1,"Probability and Stochastic Processes: A 
friendly introduction for electrical and 
computer engineering, 3rd Ed.","R.D.Yates and 
D.J.Goodman",Wiley,2018,,
935,565,2,주 교재의 번역판(3판),,,,,
936,565,4,Random Signal Processing,,,,,
937,566,1,Digital Communications,"Bernard Sklar
Sklar",Prentice-Hall,2001,"0-13-
091722-2",
938,566,2,디지털통신,홍인기외,Scitech 미디어,2006,,
939,567,1,Digital Communications-Fundamentals and applications,B. Sklar,Prentice-Hall,2001,084788-7,
940,567,2,Digital Communications-Fundamentals and applications,B. Sklar,Pearson,2013,978-1292026060,
941,568,1,Digital Signal Processing 2nd Edition,E.C. Ifeachor,Prentice Hall,2002,0201596199,
942,569,1,"Digital Signal Processing
Processing: Fundamentals 
and Applications
and Applications
Introduction
approach","Li Tan, Jean Jiang
Ronald W. 
Schafer
Mark A. Yoder","Academic Press
Press",2013,978-0-12-415893-10908,
943,569,2,Digital Signal Processing: A Practical Approach 2nd Edition,"Emmanuel C. Ifeachor, Barrie W. Jervis",Pearson,2002,978-0201596199,
944,569,3,DSP First,"James H. McClellan, Ronald W. Schafer, Mark A. Yoder",Pearson,2017,1292113863,
945,569,4,"Digital Signal Processing
Processing (2nd 
Edition)","John G. Proakis, Dimitris K Manolakis",Pearson,2006,0201596199,
946,569,5,"Signal and Systems 
(2nd Edition)",Simon Haykin and Barry Van Veen,"John Wiley & 
Sons",2003,0471378518,
947,570,1,DSP First,"McClellan,Schafer,Y
oder",1998,,,
948,570,2,Lecture's note,,,,,
949,571,1,Probability and Statistics for Engineering and Scientists (4th International Edition),Anthony J. Hayter,Thomson Brooks / Cole,2012,9781133112143,
950,572,1,강의자료집 배포 예정,,,,,
951,572,2,Introduction to Data Mining 2/E,"Pang-ning Tan, Michael Steinbach, Anuj Karpatne, Vipin Kumar",PEARSON/휴먼싸이언스,2019,9780273769224,
952,572,3,Data Science for Business: What You Need to Know about Data Mining and Data-Analytic Thinking,Foster Provost and Tom Fawcett,O'Reilly Media,2013,9781449361327,
953,572,4,"Hands-On Machine Learning with Scikit-Learn and TensorFlow: Concepts, Tools, and Techniques to Build Intelligent Systems 2nd Edition",Aurélien Géron,O'Reilly Media,2019,9781492032649,
954,573,1,강의자료집 배포 예정,,,,,
955,573,2,Introduction to Data Mining 2/E,"Pang-ning Tan, Michael Steinbach, Anuj Karpatne, Vipin Kumar",PEARSON/휴먼싸이언스,2019,9780273769224,
956,573,3,Data Science for Business: What You Need to Know about Data Mining and Data-Analytic Thinking,Foster Provost and Tom Fawcett,O'Reilly Media,2013,9781449361327,
957,573,4,"Hands-On Machine Learning with Scikit-Learn and TensorFlow: Concepts, Tools, and Techniques to Build Intelligent Systems 2nd Edition",Aurélien Géron,O'Reilly Media,2019,9781492032649,
958,574,1,"경영과학9판
Introduction to Operations Research Research,8thedition","Hillier&Lieberman, 김선교외역",도서출판지필,2019,,
959,574,2,"경영과학 기초부터 심화까지, 2판",홍성필,율곡출판사,2014,,
960,575,1,Engineering Mechanics Dynamics,Anthony Bedford,,5th Ed.,9810679408,
961,575,4,천문학 콘서트,,,,,
962,575,5,최무영 교수의 물리학 교실,,,,,
963,576,1,Engineering Mechanics: Dynamics (5th Ed.),"Anthony Bedford, Wallace Fowler",Prentice Hall,2008,,
964,576,4,Engineering Mechanics Volume 2 Dynamics 5th Ed.,Meriam and Kraige,Wiley,2003,,
965,576,5,Principles of Dynamics,Greenwood,,,,
966,576,6,Dynamics,Housner & Hudson,,,,
967,577,1,Engineering Mechanics-Dynamics,"A. Bedford, W. Fowler",,,,
968,578,1,PRACTICAL ELECTRICITY AND ELECTRONICS (전기전자공학 개론),NIGEL P. COOK)이적식 외 공역),사이텍미디어,2003,8955500084,
969,579,1,PRACTICAL ELECTRICITY AND ELECTRONICS (전기전자공학 개론),NIGEL P. COOK)이적식 외 공역),사이텍미디어,2003,8955500084,
970,580,1,계측공학,"Mechanical Measurements/Beckwith, Thomas G.",도서출판영(YOUNG),2007년,,
971,581,1,System Dynamics (4th Ed.),Ogata,,,,
972,581,2,Modern Control Engineering (4th Ed.),Ogata,,,,
973,581,4,자동제어 (7판),"BENJAMIN 
C.KUO",청문각,1990,897088646X,
974,581,5,"시스템해석(4판)
of Dynamic Systems, 2/E","이순걸 외
William J.",피어슨에듀케이션,2004,,
975,581,6,제어시스템공학(3판),"NORMAN 
S.NISE","홍릉과학출
판사",2002,8972832472,
976,582,1,1일 1로그 100일 완성 IT 지식,브라이언 W. 커니핸 지음/ 하성창 옮김,인사이트,2021,,
977,583,1,Design Thinking,Daniel Ling,생능출판사,20170215,9788970509006,
978,584,1,디자인씽킹,대니얼링,생능출판사,20170215,,
979,584,2,https://ko.wikipedia.org/wiki/%EB%94%94%EC%9E%90%EC%9D%B8_%EB%A6%AC%EC%84%9C%EC%B9%98,,,,,
980,584,3,http://blog.ibk.co.kr/1556#.VTkGOaHGlpd.facebook,,,,,
981,586,1,창의적 공학설계,김은경,한빛 아카데미,2020,979-11-5664-493-4,
982,586,2,디자인씽킹 가이드북,대니얼링,생능출판,,978-89-7050-900-6,
983,586,4,설계 프로세스로 배우는 창의적 공학 설계,노승환,한빛 아카데미,,,
984,586,5,실전으로 배우는 발명/특허,,한빛 아카데미,,,
985,587,1,"Think Python (2nd Edition) - 오픈소스, 아래의 '추가문헌및자료' 참조",Allen B. Downey,O’REILLY MEDIA,2015,9781491939369,
986,587,2,[참조] Do it! 점프 투 파이썬,박응용,이지스퍼블리싱,2016,,
987,587,3,[참조] Do it! 자바스크립트+제이쿼리 입문,정인용,이지스퍼블리싱,2014,,
988,588,1,Think Python (2nd Edition) - 하단의 '추가문헌 및 자료'에서 무료로 공개된 자료 다운로드 가능,Allen B. Downey,O’REILLY MEDIA,2015,9791160502862,
989,588,2,[참고] Do it! 점프 투 파이썬 (https://wikidocs.net/book/1에 무료 공개),박응용,이지스퍼블리싱,2019,9791163030911,
990,588,3,[참고] Do it! 자바스크립트+제이쿼리 입문,정인용,이지스퍼블리싱,2018,9791163030034,
991,589,1,{Lecture Notes},,,,,
992,590,1,Python Game Programming By Example,Alejandro Rodas de Paz and Joseph Howse,Packt Publishing Ltd.,2015,978-1-78528-153-2,
993,591,1,"Introduction to Game Design, Prototyping, and Development",Jeremy Gibson Bond,Addison-Wesley Professional,2017,9780134659862(0134659864),
994,591,2,Unreal Engine C++ the Ultimate Developer's Handbook,Stephen Seth Ulibarri,,,,
995,592,1,강의노트로 대체함,,,,,
996,592,2,[기본] https://www.docker.com/,,,,,
997,592,3,[기본] https://kubernetes.io/,,,,,
998,592,4,[참조] 도커/쿠버네티스를 활용한 컨테이너 개발 실전 입문,야마다 아키노리,위키북스,2019,,
999,592,5,[참조] IT 운용 체제 변화를 위한 데브옵스 DevOps,카와무라 세이고,영진닷컴,2019,,
1000,592,6,[참조] 완벽한 IT 인프라 구축을 위한 Docker,Asa Shiho,정보문화사,2018,,
1001,593,1,Python Machine Learning,Sebastian Raschka,Packt Publishing,2019,9781789955750,
1002,593,2,Mathematics for Machine Learning,Marc Peter Deisenroth,Cambridge University Press,2017,9781108455145,
1003,593,3,Introduction to Machine Learning with Python,Andreas C. Muller,O'Reilly Media,2017,9781449369415,
1004,593,4,"머신 러닝 교과서 with 파이썬, 사이킷런, 텐서플로",세바스찬 라시카 (옮긴이: 박해선),길벗,2019,9791160507966,
1005,594,1,(이론 교재) 기계학습,오일석,한빛아카데미,2017,,
1006,594,2,"(실습 참고자료) 머신 러닝 교과서 with 파이썬, 사이킷런, 텐서플로",세바스찬 라시카 (옮긴이: 박해선),길벗,2021,,
1007,597,1,VIRTUAL REALITY,Steven M. LaValle,Cambridge University Press,2016,,
1008,600,1,PPT 강의 자료,,,,,
1009,600,2,"Hands-On Machine Learning with Scikit-Learn and Tensor Flow : Concepts, Tools, and Techniques to Build Intelligent Systems",Aurélien Géron,O'Reilly Media,2019,9781492032649,
1010,600,3,"핸즈온 머신러닝: 사이킷런과 텐서플로를 활용한 머신러닝, 딥러닝 실무",오렐리앙 제롱/박해선,한빛미디어,2018,9791162240731,
1011,601,1,Mastering ROS for Robotics Programming 2E,"Lentin Joseph,Jonathan Cacace",Packt Publishing,2018,,
1012,601,2,ROS 로봇 프로그래밍,"표윤석, 조한철, 정려운, 임태훈",루비페이퍼,2017,,
1013,602,1,ROS 로봇 프로그래밍,"표윤석, 조한철, 정려운, 임태훈",루비페이퍼,2017,,
1014,604,1,최신논문,.,.,.,.,
1015,612,1,Python Data Science Handbook,Jake VanderPlas,O'Reilly Media,2016,978-1491912058,
1016,612,2,Fundamentals of Data Visualization,Claus O. Wike,O'Reilly Media,2017,978-1492031086,
1017,612,3,Python for Data Analysis,Wes McKinney,O'Reilly Media,2017,978-1491957660,
1018,612,4,Think Python (2nd Edition),Allen B. Downey,O'Reilly Media,2015,978-1491939369,
1019,612,5,Data Visualization: A practical introduction,Kieran Healy,Princeton University Press,2018,978-0691181622,
1020,612,6,Modern Data Science with R,Benjamin S. Baumer,CRC Press,2020,978-1498724487,
1021,614,1,강의노트로 대체함,,,,,
1022,615,1,Fundamentals of C++Programming,RichardL.Halterman,Southern AdvantistUniversity,,,
1023,616,1,"Think Python (2nd Edition) - 오픈소스, 아래의 추가문헌및자료 참조",Allen B. Downey,O’REILLY MEDIA,2015,9781491939369,
1024,616,2,Do it! 점프 투 파이썬,박응용,이지스퍼블리싱,2016,,
1025,616,3,Do it! 자바스크립트+제이쿼리 입문,정인용,이지스퍼블리싱,2014,,
1026,617,1,FundamentalsofC++Programming,RichardL.Halterman,SouthernAdvantistUniversity,,,
1027,618,1,"Think Python (2nd Edition) - 오픈소스, 아래의 추가문헌및자료 참조",Allen B. Downey,O’REILLY MEDIA,2015,9781491939369,
1028,618,2,[참조] Do it! 점프 투 파이썬,박응용,이지스퍼블리싱,2016,,
1029,618,3,[참조] Do it! 자바스크립트+제이쿼리 입문,정인용,이지스퍼블리싱,2014,,
1030,619,1,"Practical Programming
(An Introduction to Computer Science Using Python)",Paul Gries,The Pragmatic Bookshelf,2017,9781937785451 ( 1937785459 ),
1031,619,2,[참조] Do it! 점프 투 파이썬,박응용,이지스퍼블리싱,2016,,
1032,619,3,[참조] Do it! 자바스크립트+제이쿼리 입문,정인용,이지스퍼블리싱,2014,,
1033,620,1,Computers: Tools for an Information Age (7th Ed.),H. L. Capron and J. A. Johnson,Prentice Hall,2002,0-13-091954-3,
1034,620,2,인공지능 개념 및 응용 4판,"도용태 , 김일곤 , 김종완 , 박창현 , 강병호",사이텍미디어,2009,9788955501995,
1035,621,1,선형대수학(4판),"데이비드 풀 지음, 수학교재편찬위원회 옮김",CENGAGE Learning(경문사),2016.2,,
1036,621,4,Linear Algebra : A Modern Introduction (4th Ed.),David Poole,CENGAGE Learning,,,
1037,622,1,선형대수학(4판),"데이비드 풀 지음, 수학교재편찬위원회 옮김",CENGAGE Learning (경문사),2016.2,,
1038,622,4,Linear Algebra : A Modern Introduction (4th Ed.),David Poole,CENGAGE Learning,,,
1039,623,1,스튜어트 미분적분학 9판,Stewart 외 2인 공저 / 미분적분학 교재편찬위원회 역,북스힐,2021,,
1040,624,1,"스튜어트 미분적분학 9판
(Metric Version)","Stewart 외 2인 공저
 / 미분적분학
교재편찬위원회 역",북스힐,2021,9791159713255,
1041,627,1,Fundamentals of C++Programming,Richard L. Halterman,Southern Adventist University,,,
1042,628,1,Fundamentals of C++ Programming,Richard L. Halterman,Southern Advantist University,2018,,
1043,629,1,Fundamentals of C++Programming,Richard L. Halterman,Southern Adventist University,,,
1044,630,1,창의적사고와 코딩/사회,서응교 외 2명,노스보스,2018,9788970926025,
1045,630,2,이것이 자바다,"신용권, 임경균",한빛미디어,2022,9791169210027,
1046,630,3,게임제작으로 배우는 유니티,"이종원, 정종필",한빛아카데미,2021,9791156645108,
1047,631,1,이산수학 및 응용 (4판),Susanna S. EPP 지음 | 김환구외 7인 번역,한티미디어,2013,9788964211458(8964211456),
1048,631,2,(영문원서) Discrete Mathematics with Applications (4th Edition),Susanna S. EPP,CENGAGE Learning,2011,,
1049,632,1,참고도서: 이산수학 및 응용 4판 번역본,"임은기 외
외 6인번역",한티 미디어,,,
1050,632,2,교과서: 4차 산업혁명 시대의 이산수학,김대수 지음,생능출판사,"2판4쇄
2021년 8월",978-89-7050-980-8 93560,
1051,633,1,Computer Organization and Design: The Hardware/Software Interface (5th Edition),J. Hennessy and D. Patterson,Morgan Kaufmann,2014,,
1052,634,1,Computer Organization and Design:The Hardware/Software Interface (6th Edition),David A. Patterson and John L. Hennessy,Morgan Kaufmann,2020,,
1053,634,2,Computer Organization and Design:The Hardware/Software Interface (5th Edition),David A. Patterson and John L. Hennessy,Morgan Kaufmann,2014,,
1054,635,1,Computer Organization and Design: The Hardware/Software Interface (5th Edition),J. Hennessy and D. Patterson,Morgan Kaufmann,2014,,
1055,636,1,"C++ Plus Data Structures,Third Edition",Nell Dale,Jones and Bartlett,2003,0763704814,
1056,636,3,"C++ 자료구조, 제2판","이웅재, 권 오준, 김진일, 신 재홍, 오용철, 임 화경, 조재현 공 역",사이텍미디어,2003,,
1057,636,4,C++ 자료구조론,이석호 역,교보문고,2001,,
1058,636,5,C++를 이용한 자료구조,"유관희, 유 재수, 정병수, 정 연모 공역",미래컴,2002,,
1059,637,1,"C++ Plus Data Structures,Third Edition",Nell Dale,Jones and Bartlett,2003,0763704814,
1060,637,3,"C++ 자료구조, 제2판","이웅재, 권 오준, 김진일, 신 재홍, 오용철, 임 화경, 조재현 공 역",사이텍미디어,2003,,
1061,637,4,C++ 자료구조론,이석호 역,교보문고,2001,,
1062,637,5,C++를 이용한 자료구조,"유관희, 유 재수, 정병수, 정 연모 공역",미래컴,2002,,
1063,638,1,"C++ Plus Data Structures,Third Edition",Nell Dale,Jones and Bartlett,2003,0763704814,
1064,638,4,"C++ 자료구조, 제2판","이웅재, 권 오준, 김진일, 신 재홍, 오용철, 임 화경, 조재현 공 역",사이텍미디어,2003,,
1065,638,5,C++ 자료구조론,이석호 역,교보문고,2001,,
1066,638,6,C++를 이용한 자료구조,"유관희, 유 재수, 정병수, 정 연모 공역",미래컴,2002,,
1067,639,1,The Design of Everyday Things: Revised and Expanded Edition,Don Norman,Basic Books,2013,0465050654,
1068,639,2,"오래가는 UX 디자인, 모바일 시대의 제품 디자인 기본 원칙",반준철,한빛미디어,2013,,
1069,640,1,"Operating System Concepts, 10th Ed.","Abraham 
Silberschatz
, Peter B. 
Galvin, and 
Greg Gagne","John Wiley 
& Sons",2019,9780470233993,
1070,641,1,Operating System Concepts,"Avi Silberschatz, Peter Baer Galvin, Greg Gagne","John Wiley & Sons, Inc.",2021,978-1-118-06333-0,
1071,642,1,OPERATING SYSTEM CONCEPTS 10th EDITION,ABRAHAM SILBERSCHATZ,WILEY,2019,9781119320913,
1072,643,1,An Introduction to Computer Networks ['추가문헌 및 자료' 참조],Peter L Dordal,Loyola University Chicago,2018,,
1073,644,1,시스코 아카데미 패킷트레이서,"유인태, 김정윤",경희대학교 출판사,2019,9788982226090,
1074,644,2,www.netacad.com,Cisco Academy,Cisco Systems,2020,,
1075,645,1,Data Communications and Networking,"Behrouz A. 
Forouzan",교보문고,2005,0072525848,
1076,646,1,"Foundations of Algorithms using C++ 
pseudocode","Neapolitan, 
Nimipour, 도경구역",사이텍미디어,2004,8955501404,
1077,647,1,"Foundations of Algorithms using C++ 
pseudocode","Neapolitan, 
Nimipour, 도경구역",사이텍미디어,2004,8955501404,
1078,648,1,데이터베이스 배움터,홍의경,생능출판사,2014,,
1079,648,4,"Fundamentals of Database Systems(4th 
Ed.) 
Elmasri/Navathe, 2004","Elmasri/Navath
e","Addison-
Wesley",2004,,
1080,649,1,데이터베이스 배움터,홍의경,생능출판사,2014,9788970506791,
1081,649,2,Fundamentals of database systems,"Ramez Elmasri, Shamkant B. Navathe.",Boston : Pearson,2011,9780136086208,
1082,650,1,Modern Compiler Implementation in ML,Andrew W. Appel and Maia Ginsburg,Cambridge University Press,2004,978-0521607650,
1083,651,1,초융합시대의 멀티미디어와 콘텐츠 (멀티미디어 기본 이론부터 최신 기술 동향까지),"김용태, 박길철",한빛 아카데미,2021,979-11-5664-509-2,
1084,651,2,스마트시대의 멀티미디어,"김용태, 박길철",한빛 아카데미,2014,979-11-5664-147-6,
1085,651,3,멀티미디어공학,"하영호,냄재열,최
윤식,원치선 공역",Prentice Hall,,8990758157,
1086,652,1,System Analysis and Design with UML,"Dennis, Wixom, Tegarden",wiley,2009,9780470074787,
1087,652,2,소프트웨어공학,송영재,이한츌판사,2004,8982413332,
1088,654,1,기계학습(Machine Learning),오일석(Oh Il-Seok),한빛아카데미,,,
1089,654,2,패턴인식(Pattern Recognition),오일석(Oh Il-Seok),교보문고,,,
1090,655,1,Slides made by instructor,,,,,
1091,656,1,머신러닝,오일석,한빛출판사,,,
1092,659,1,창의적설계프로젝트,조진성,홍릉과학출판사,2014,9791156000273,
1093,663,1,최신논문,,,,,
1094,664,1,최신논문,,,,,
1095,665,1,창의적설계프로젝트,조진성,홍릉과학출판사,2014,9791156000273,
1096,670,1,창의적설계프로젝트,조진성,홍릉과학출판사,2014,9791156000273,
1097,671,1,창의적설계프로젝트,조진성,홍릉과학출판사,2014,9791156000273,
1098,672,1,창의적설계프로젝트,조진성,홍릉과학출판사,2014,9791156000273,
1099,673,1,창의적설계프로젝트,조진성,홍릉과학출판사,2014,9791156000273,
1100,674,1,창의적설계프로젝트,조진성,홍릉과학출판사,2014,9791156000273,
1101,675,1,창의적설계프로젝트,조진성,홍릉과학출판사,2014,9791156000273,
1102,676,1,창의적설계프로젝트,조진성,홍릉과학출판사,2014,9791156000273,
1103,677,1,창의적설계프로젝트,조진성,홍릉과학출판사,2014,9791156000273,
1104,680,1,시스템분석설계,최은만,생능,2021,978-89-7050-9549-93560,
1105,681,1,시스템분석설계,최은만,생능,2021,978-89-7050-9549-93560,
1106,682,1,시스템분석설계,최은만,생능,2021,978-89-7050-9549-93560,
1107,683,1,창의적설계프로젝트,조진성,홍릉과학출판사,2014,9791156000273,
1108,684,1,창의적설계프로젝트,조진성,홍릉과학출판사,2014,9791156000273,
1109,685,1,창의적설계프로젝트,조진성,홍릉과학출판사,2014,9791156000273,
1110,686,1,NETWORK SECURITY ESSENTIALS. Applications and Standards THIRD EDITION,William Stallings,Pearson International Edition,2007,0-13-230378-8,
1111,686,2,"IT CookBook, 네트워크 해킹과 보안(4판)","양대일, 홍성혁",한빛아카데미,2023,9791156646198,
1112,687,1,(교재) Digital Image Processing 4/E,Rafael C. Gonzalez,Pearson,2018.02.01,9781292223049,
1113,687,2,(참고) OpenCV 4로 배우는 컴퓨터비전과 머신러닝,황선규,길벗,2019,9780071084789,
1114,688,1,Interactive computer graphic: A top-down approach with OpenGL (참고교재),Edward Angel,Addison Wesley,,,
1115,690,1,강의자료,,,,,
1116,690,2,실습자료,,,,,
1117,690,3,창의적설계 프로젝트,조진성,홍릉과학출판사,2014,9791156000279791156000273,
1118,690,4,임베디드 프로젝트,조진성,홍릉과학출판사,2006,8972835250,
1119,690,5,임베디드 프로젝트2,조진성,홍릉과학출판사,2008,9788972836537,
1120,691,1,시스코 아카데미 패킷트레이서,"유인태, 김정윤",경희대학교 출판사,2019,9788982226090,
1121,691,2,www.netacad.com,Cisco Academy Connecting Things 2.0,Cisco Systems,2020,N,
1122,692,1,"IT CookBook, Android Studio를 활용한 안드로이드 프로그래밍(8판)","우재남 , 박길식",한빛아카데미,2023,9791156646426,
1123,693,1,최신논문,,,,,
1124,695,1,최신논문,.,.,.,.,
1125,696,1,최신논문,.,.,.,.,
1126,697,1,Digital Design,Mano and Ciletti,Person,,,
1127,697,2,Introduction to design,Alan B. Marcovitz,McGraw-Hill,,,
1128,698,1,Digital Design (5th/6th),Mano and Ciletti,Peason/교보문고,2012/2018,"9788945001702
286516-4",
1129,698,4,Introduction to Logic Design 3th,Marcovitz,McGraw-Hill,2010,06675-6,
1130,699,1,Digital Design (5th/6th),Mano and Ciletti,Peason/교보문고,2012/2018,"9788945001702
286516-4",
1131,699,4,Introduction to Logic Design 3th,Marcovitz,McGraw-Hill,2010,06675-6,
1132,700,1,"이론, 실습, 시뮬레이션 디지털 논리회로 (4판)","임석구, 홍경호",한빛 아카데미,2022,979-11-5664-568-9 93000,
1133,701,1,"Signals and Systems, 2nd edition","Simon Haykim, Barry Van Veen",Wiley,2002,0471164747,
1134,702,1,"Signals and Systems (Pearson New International Edition, Second Edition)","Alan V Oppenheim
Alan S. Willsky
with S. Hamid",Pearson,2013,9781292025902,
1135,703,1,Signals and Systems (2nd Ed.),"Simon Haykin, Barry Van Veen",John Wiley & Sons,2003,0-471-37851-8,
1136,703,2,신호와시스템 개정2판,"Simon Haykin, Barry Van Veen (고한석외9명 공역)",범한서적주식회사,2005,0-471-37851-8,
1137,703,3,Signals & Systems (2nd Ed.),"Alan V. Oppenheim, Alan S. Willsky",Prentice Hall,2011,9780136511755(0136511759),
1138,704,1,Signal and Systems(2nd Edition),"Simon Haykin Barry 
Van Veen",John Wiley & Sons,2003,0471164747,
1139,705,1,"Probability and Stochastic Processes
Processes: a friendly 
introduction for electrical and 
computer engineering, 2nd Ed.","R.D. Yates 
and D.J. 
Goodman",Wiley,2004,0471272140,
1140,706,1,Proibalilty and Stochastic Process,Roy D.,Wiley,,,
1141,707,1,"Probability and Stochastic Processes, 3rd Edition",R.D. Yates and D.J. Goodman,,,,
1142,708,1,"Probability and Stochastic Processes: A 
friendly introduction for electrical and 
computer engineering, 3rd Ed.","R.D.Yates and 
D.J.Goodman",Wiley,2018,,
1143,708,2,주 교재의 번역판(3판),,,,,
1144,708,4,Random Signal Processing,,,,,
1145,709,1,"Probability and Stochastic Processes, 3rd Edition",R.D. Yates and D.J. Goodman,Wiley,2014,0131453408,
1146,709,4,확률변수와 통계의 기초,"박소령, 김윤희, 김석찬, 송익호",자유아카데미,2017,참고교재,
1147,710,1,"Probability and Stochastic Processes: A 
friendly introduction for electrical and 
computer engineering, 2nd Ed.","R.D. Yates and D.J. 
Goodman",Wiley,2015,,
1148,710,4,"Probability, Random Variables, and 
Random Signal Processing",Peebles,McGraw-Hilll,2001,,
1149,712,1,"Introduction to Operations Research
번역판 경영과학","Hillier & Lieberman, 
김선교 외 역",McGraw-Hill Korea,2007,9788960550155,
1150,712,4,경영과학,홍성필,율곡출판사,2010,9788991830745,
1151,713,1,"Introduction to Operations Research
번역판 경영과학","Hillier & Lieberman, 
김선교 외 역",McGraw-Hill Korea,2007,9788960550155,
1152,713,4,경영과학,홍성필,율곡출판사,2010,9788991830745,
1153,714,1,Introduction to Data Mining (2nd Edition),"Pang-Ning Tan, Michael Steinbach, Anuj Karpatne, Vipin Kumar","Pang-Ning Tan, Michael Steinbach, Anuj Karpatne, Vipin Kumar",2018,978-0133128901,
1154,714,2,강의자료집 배포 예정.,,,,,
1155,715,1,"Investment Science, International Edition",David G. Luenberger,Oxford University Press,2009,9780195391060,
1156,716,1,소문난 명강의 오준석의 플러터 생존 코딩: Flutter와 Dart 입문부터 안드로이드와 iOS용 3가지 앱 개발까지,오준석,한빛미디어,2021,9791162244371,
1157,716,2,머신러닝 파워드 애플리케이션,Emmanuel Ameisen / 박해선(번역),한빛미디어,2021,9791162244692,
1158,716,3,디지털 콘텐츠 기획 : 웹&모바일 기획자로 길러주는 실무 지침서,한빛아카데미,한빛아카데미,2021,9791156645351,
1159,716,4,백견불여일타 파이어베이스,남진하,로드북,2019,9788997924448,
1160,716,5,소문난 명강의 오준석의 안드로이드 생존코딩: 코틀린 편,오준석,한빛미디어,2021,9791162244999,
1161,716,6,플러터 앱 개발 첫걸음,랩 페인 지음 | 김홍중 옮김,에이콘출판,2020,9791162244371,
1162,717,1,"Introduction to Mechatronics and 
Measurement Systems, 4th edition","D. G. Alciatore and 
M. B. Histand",McGraw-Hill,2012,,
1163,717,2,"메카트로닉스, 제2판",이순걸 외,문운당,2003,,
1164,717,3,Handout on Web,Soon-Geul Lee,,,,
1165,717,4,메카트로닉스 3판 (MECHATRONICS),"저자: W.BOLTON, 
역자 : 이만형 외",사이텍미디어,2004,,
1166,718,1,"다물체동역학 입문, 이론 및 Recurdyn 실습",최진환,"문운당
Wiley",2016,9791156922469,
1167,718,4,"Coumutational Dynamics,",A. Shabana,"John &
Wiley",,,
1168,718,5,RecurDyn manual,,FunctionBay,,,
1169,718,6,Rego Mindstorm manaul,,"Rego Inc.,",,,
1170,719,1,"다물체동역학 입문, 이론 및 Recurdyn 실습",최진환,문운동 Wiley,2016,9791156922469,
1171,719,2,Computational Dynamics,A. Shabana,John & Wiley,,,
1172,719,3,RecurDyn manual,,FunctionBay,,,
1173,720,1,"Introduction to Robotics, Global Edition, 4th Edition",John J. Craig,"Pearson Prentice 
Hall",2019,9781292164939,
1174,721,1,창의적 공학설계,김은경,한빛 아카데미,2020,979-11-5664-493-4,
1175,721,2,디자인씽킹 가이드북,대니얼링,생능출판,,978-89-7050-900-6,
1176,721,4,설계 프로세스로 배우는 창의적 공학 설계,노승환,한빛 아카데미,,,
1177,721,5,실전으로 배우는 발명/특허,,한빛 아카데미,,,
1178,722,1,디자인씽킹,대니얼링,생능출판사,20170215,,
1179,722,2,https://ko.wikipedia.org/wiki/%EB%94%94%EC%9E%90%EC%9D%B8_%EB%A6%AC%EC%84%9C%EC%B9%98,,,,,
1180,722,3,http://blog.ibk.co.kr/1556#.VTkGOaHGlpd.facebook,,,,,
1181,723,1,"Practical Programming
(An Introduction to Computer Science Using Python)",Paul Gries,The Pragmatic Bookshelf,2017,9781937785451 ( 1937785459 ),
1182,723,2,[참조] Do it! 점프 투 파이썬,박응용,이지스퍼블리싱,2016,,
1183,723,3,[참조] Do it! 자바스크립트+제이쿼리 입문,정인용,이지스퍼블리싱,2014,,
1184,724,1,주교재: 박상근 교수 자체 제작 PPT (e-Campus에서 다운로드),박상근,박상근,2015,,
1185,724,2,[참고도서] Do it! 점프 투 파이썬 (https://wikidocs.net/book/1 에 무료 공개),박응용,이지스퍼블리싱,2019,9791163030911,
1186,724,3,[참고도서] 왕초보를 위한 Python: 쉽게 풀어 쓴 기초 문법과 실습(https://wikidocs.net/book/2 에 무료 공개),전뇌해커,,,,
1187,725,1,"Practical Programming
(An Introduction to Computer Science Using Python)",Paul Gries,The Pragmatic Bookshelf,2017,9781937785451 ( 1937785459 ),
1188,725,2,[참조] Do it! 점프 투 파이썬,박응용,이지스퍼블리싱,2016,,
1189,725,3,[참조] Do it! 자바스크립트+제이쿼리 입문,정인용,이지스퍼블리싱,2014,,
1190,726,1,{Lecture Notes},,,,,
1191,727,1,강의노트로 대체함,,,,,
1192,727,2,[기본] https://www.docker.com/,,,,,
1193,727,3,[기본] https://kubernetes.io/,,,,,
1194,727,4,[참조] 도커/쿠버네티스를 활용한 컨테이너 개발 실전 입문,야마다 아키노리,위키북스,2019,,
1195,727,5,[참조] IT 운용 체제 변화를 위한 데브옵스 DevOps,카와무라 세이고,영진닷컴,2019,,
1196,727,6,[참조] 완벽한 IT 인프라 구축을 위한 Docker,Asa Shiho,정보문화사,2018,,
1197,729,1,Python Machine Learning,Sebastian Raschka,Packt Publishing,2019,9781789955750,
1198,729,2,Mathematics for Machine Learning,Marc Peter Deisenroth,Cambridge University Press,2017,9781108455145,
1199,729,3,Introduction to Machine Learning with Python,Andreas C. Muller,O'Reilly Media,2017,9781449369415,
1200,729,4,"머신 러닝 교과서 with 파이썬, 사이킷런, 텐서플로",세바스찬 라시카 (옮긴이: 박해선),길벗,2019,9791160507966,
1201,730,1,(이론 교재) 기계학습,오일석,한빛아카데미,2017,,
1202,730,2,"(실습 참고자료) 머신 러닝 교과서 with 파이썬, 사이킷런, 텐서플로",세바스찬 라시카 (옮긴이: 박해선),길벗,2021,,
1203,731,1,(이론 교재) 기계학습,오일석,한빛아카데미,2017,,
1204,731,2,"(실습 참고자료) 머신 러닝 교과서 with 파이썬, 사이킷런, 텐서플로",세바스찬 라시카 (옮긴이: 박해선),길벗,2021,,
1205,732,1,"Basic Engineering Circuit Analysis, 12th Edition, International Adapation","Irwin, J. David
Nelms, R. M",Wiley & Sons,2021,,
1206,732,2,"Signals & Systems, 2nd Edition, International Edition","Alan V. Oppenheim
Alan S. Willsky",Prentice Hall/Pearson,2011/2015,9781292025902,
1207,733,1,OpenGL ES를 이용한 3차원 컴퓨터 그래픽스 입문,한정현,홍릉 출판사,2019,9791156006749(1156006740),
1208,734,1,VIRTUAL REALITY,Steven M. LaValle.,Cambridge University Press.,2020,,
1209,735,1,"Game Engine Architecture, 2nd edition",Jason Gregory,A K Peters/CRC,2014,1466560010(978-1466560017),
1210,735,2,Game Programming Patterns,Robert Nystrom,Genever Benning,2014,B00P5URD96,
1211,735,3,GPU Pro 5: Advanced Rendering Techniques,Wolfgang Engel,A K Peters/CRC,2014,9781482208634,
1212,735,4,"Introduction to Linear Algebra, Fifth Edition",Gilbert Strang,Wellesley-Cambridge Press,2016,978-09802327-7-6,
1213,735,5,Lecture Note,,,,,
1214,740,1,ROS 로봇 프로그래밍,"표윤석, 조한철, 정려운, 임태훈",루비페이퍼,2017,,
1215,742,1,최신논문,,,,,
1216,743,1,주교재,수업자료,,,,
1217,743,2,부교재,Learning OpenCV 4 Computer Vision with Python 3,Packt Publishing,2020,1789531616,
1218,775,1,강의 자료,,,,,
1219,776,1,강의노트로 대체함,,,,,
1220,777,1,주교재,수업자료,,,,
1221,777,2,[부교재 1] Grokking Deep Reinforcement Learning,Miguel Morales,Manning,,1617295450,
1222,777,3,[부교재 2] Reinforcement Learning: An Introduction,Richard S. Sutton,Braford Books,,262039249,
1223,778,1,혼자 공부하는 머신러닝 + 딥러닝,박해선,한빛미디어,2022,,
1224,780,1,미분방정식과 응용,"김혜현,김경수,이선미,최선호, 박준표",경문사,2022,,
1225,781,1,미분방정식과 응용,"김경수,김병학,김진용,김혜현,이선미,홍범일",경문사,2022,9791160730555,
1226,782,1,미분방정식과 응용,"김경수,김병학,김진용,김혜현,이선미,홍범일",경문사,2022,9791160730555,
1227,783,1,미분방정식과 응용,"김경수,김병학,김진용,김혜현,이선미,홍범일",경문사,2022,,
1228,784,1,미분방정식과 응용,"김경수,김병학,김진용,김혜현,이선미,홍범일",경문사,2022,,
1229,785,1,미분방정식과 응용,"김혜현,김경수,이선미,최선호, 박준표",경문사,2022,,
1230,786,1,Fundamentals of C++Programming,Richard L. Halterman,Southern Adventist University,,,
1231,787,1,Fundamentals of C++ Programming,Richard L. Halterman,Southern Advantist University,2018,,
1232,788,1,Fundamentals of C++Programming,Richard L. Halterman,Southern Adventist University,,,
1233,789,1,창의적사고와 코딩/사회,서응교 외 2명,노스보스,2018,9788970926025,
1234,789,2,이것이 자바다,"신용권, 임경균",한빛미디어,2022,9791169210027,
1235,789,3,게임제작으로 배우는 유니티,"이종원, 정종필",한빛아카데미,2021,9791156645108,
1236,790,1,참고도서: 이산수학 및 응용 4판 번역본,"임은기 외
외 6인번역",한티 미디어,,,
1237,790,2,교과서: 4차 산업혁명 시대의 이산수학,김대수 지음,생능출판사,"2판4쇄
2021년 8월",978-89-7050-980-8 93560,
1238,791,1,Computer Organization and Design: The Hardware/Software Interface (5th Edition),J. Hennessy and D. Patterson,Morgan Kaufmann,2014,,
1239,792,1,Computer Organization and Design:The Hardware/Software Interface (6th Edition),David A. Patterson and John L. Hennessy,Morgan Kaufmann,2020,,
1240,792,2,Computer Organization and Design:The Hardware/Software Interface (5th Edition),David A. Patterson and John L. Hennessy,Morgan Kaufmann,2014,,
1241,793,1,Computer Organization and Design: The Hardware/Software Interface (5th Edition),J. Hennessy and D. Patterson,Morgan Kaufmann,2014,,
1242,794,1,"C++ Plus Data Structures,Third Edition",Nell Dale,Jones and Bartlett,2003,0763704814,
1243,794,3,"C++ 자료구조, 제2판","이웅재, 권 오준, 김진일, 신 재홍, 오용철, 임 화경, 조재현 공 역",사이텍미디어,2003,,
1244,794,4,C++ 자료구조론,이석호 역,교보문고,2001,,
1245,794,5,C++를 이용한 자료구조,"유관희, 유 재수, 정병수, 정 연모 공역",미래컴,2002,,
1246,795,1,"C++ Plus Data Structures,Third Edition",Nell Dale,Jones and Bartlett,2003,0763704814,
1247,795,3,"C++ 자료구조, 제2판","이웅재, 권 오준, 김진일, 신 재홍, 오용철, 임 화경, 조재현 공 역",사이텍미디어,2003,,
1248,795,4,C++ 자료구조론,이석호 역,교보문고,2001,,
1249,795,5,C++를 이용한 자료구조,"유관희, 유 재수, 정병수, 정 연모 공역",미래컴,2002,,
1250,796,1,"C++ Plus Data Structures,Third Edition",Nell Dale,Jones and Bartlett,2003,,
1251,796,3,"C++ 자료구조, 제2판","이웅재, 권 오준, 김진일, 신 재홍, 오용철, 임 화경, 조재현 공 역",사이텍미디어,2003,,
1252,796,4,C++ 자료구조론,이석호 역,교보문고,2001,,
1253,796,5,C++를 이용한 자료구조,"유관희, 유 재수, 정병수, 정 연모 공역",미래컴,2002,,
1254,797,1,Operating System Concepts,"Avi Silberschatz, Peter Baer Galvin, Greg Gagne","John Wiley & Sons, Inc.",2021,978-1-118-06333-0,
1255,798,1,Operating System Concepts (10th edition),"Abraham Silberschatz, Peter B. Galvin, and Greg Gagne",John Wiley & Sons,2019,,
1256,799,1,An Introduction to Computer Networks ['추가문헌 및 자료' 참조],Peter L Dordal,Loyola University Chicago,2018,,
1257,800,1,시스코 아카데미 패킷트레이서,"유인태, 김정윤",경희대학교 출판사,2019,9788982226090,
1258,800,2,www.netacad.com,Cisco Academy,Cisco Systems,2020,,
1259,801,1,데이터 통신과 네트워킹(6판),"이재광, 김중규, 이경현, 홍충선",Mc Graw Hill,2021,979-11-321-1081-1,
1260,801,4,Computer Networking: a Top-Down Approach (8th ed.),"James F. Kurose, Keith W. Ross",Pearson,2020,9781292153599,
1261,802,1,Computer Networking,"James Kurose , Keith Ross",Pearson Education Limited,2021,9781292405469(1292405465),
1262,803,1,"Foundations of Algorithms using C++ 
pseudocode","Neapolitan, 
Nimipour, 도경구역",사이텍미디어,2004,8955501404,
1263,804,1,"Foundations of Algorithms using C++ 
pseudocode","Neapolitan, 
Nimipour, 도경구역",사이텍미디어,2004,8955501404,
1264,805,1,데이터베이스 배움터,홍의경,생능출판사,2014,,
1265,805,4,"Fundamentals of Database Systems(4th 
Ed.) 
Elmasri/Navathe, 2004","Elmasri/Navath
e","Addison-
Wesley",2004,,
1266,806,1,데이터베이스 배움터,홍의경,생능출판사,2014,9788970506791,
1267,806,2,Fundamentals of database systems,"Ramez Elmasri, Shamkant B. Navathe.",Boston : Pearson,2011,9780136086208,
1268,807,1,System Analysis and Design with UML,"Dennis, Wixom, Tegarden",wiley,2009,,
1269,807,2,소프트웨어공학,송영재,이한출판사,2004,,
1270,808,1,"Concepts of Programming Languages, 12th edition",Robert W. Sebesta,Pearson,2020,9780135102268,
1271,810,1,Advanced Programming in the UNIX  Environment,"W. Richard 
Stevens","Addison-
Wesley",1992,0201563177,
1272,815,1,창의적설계프로젝트,조진성,홍릉과학출판사,2014,9791156000273,
1273,817,1,High Performance Browser Networking,ILYA GRIGORIK,O'REILLY,2013,9781449344764,
1274,817,2,생각의 창의성 TRIZ,김효준,지예,2004,9788995523308,
1275,820,1,최신논문,,,,,
1276,823,1,창의적설계프로젝트,조진성,홍릉과학출판사,2014,9791156000273,
1277,829,1,창의적설계프로젝트,조진성,홍릉과학출판사,2014,,
1278,831,1,창의적설계프로젝트,조진성,홍릉과학출판사,2014,9791156000273,
1279,832,1,Lecture Notes,박광훈,,,,
1280,832,2,Fundamentals of Multimedia,"Ze-Nian Li, Mark S. 
Drew","Pearson/Prentice 
Hall",,0130618721,
1281,832,4,그림으로보는 최신 MPEG,정제창 역,교보문고,,,
1282,832,5,H.264 and MPEG-4 Video Compression,,Wiley,,,
1283,833,1,Slides made by instructor,,,,,
1284,840,1,최신논문,,,,,
1285,841,1,Digital Design (5th/6th),Mano and Ciletti,Peason/교보문고,2012/2018,"9788945001702
286516-4",
1286,841,4,Introduction to Logic Design 3th,Marcovitz,McGraw-Hill,2010,06675-6,
1287,842,1,Digital Design (5th/6th),Mano and Ciletti,Peason/교보문고,2012/2018,"9788945001702
286516-4",
1288,842,4,Introduction to Logic Design 3th,Marcovitz,McGraw-Hill,2010,06675-6,
1289,843,1,Digital Design,M. Morris Mano,Prentice Hall,2002,0130621218,
1290,843,4,"Digital Systems: Principles and 
Applications (7th edition)","Ronald J. Tocci and 
Neal S. Widmer",Prentice Hall,1997,0137005105,
1291,844,1,Signal and Systems(2nd Edition),"Simon Haykin Barry 
Van Veen",John Wiley & Sons,2003,0471164747,
1292,845,1,"Signals and Systems, 2nd Edition","Alan V. Oppenheim, Alan S. Willsky",Prentice Hall,2013,9781292025902,
1293,846,1,"Signals and Systems (Pearson New International Edition, Second Edition)","Alan V Oppenheim
Alan S. Willsky
with S. Hamid",Pearson,2013,9781292025902,
1294,847,1,Signals and Systems (2nd Ed.),"Simon Haykin, Barry Van Veen",John Wiley & Sons,2003,0-471-37851-8,
1295,847,2,신호와시스템 개정2판,"Simon Haykin, Barry Van Veen (고한석외9명 공역)",범한서적주식회사,2005,0-471-37851-8,
1296,847,3,Signals & Systems (2nd Ed.),"Alan V. Oppenheim, Alan S. Willsky",Prentice Hall,2011,9780136511755(0136511759),
1297,848,1,Proibalilty and Stochastic Process,Roy D.,Wiley,,,
1298,849,1,"Probability and Stochastic Processes, 3rd Edition",R.D. Yates and D.J. Goodman,Wiley,2014,0131453408,
1299,849,4,확률변수와 통계의 기초,"박소령, 김윤희, 김석찬, 송익호",자유아카데미,2017,참고교재,
1300,850,1,"Probability and Stochastic Processes
Processes: a friendly 
introduction for electrical and 
computer engineering, 2nd Ed.","R.D. Yates 
and D.J. 
Goodman",Wiley,2004,0471272140,
1301,851,1,"Probability and Stochastic Processes: A 
friendly introduction for electrical and 
computer engineering, 3rd Ed.","R.D.Yates and 
D.J.Goodman",Wiley,2018,,
1302,851,2,주 교재의 번역판(3판),,,,,
1303,851,4,Random Signal Processing,,,,,
1304,852,1,로보틱스 입문,John J. Craig 지음. 장평훈 옮김,텍스트북스,2021,978-981-3137-33-2,
1305,852,2,e-campus.khu.ac.kr,,,,,
1306,853,1,Probability and Statistics for Engineering and Scientists (4th International Edition),Anthony J. Hayter,Thomson Brooks / Cole,2012,9781133112143,
1307,854,1,강의자료집 배포 예정,,,,,
1308,854,2,Introduction to Data Mining 2/E,"Pang-ning Tan, Michael Steinbach, Anuj Karpatne, Vipin Kumar",PEARSON/휴먼싸이언스,2019,9780273769224,
1309,854,3,Data Science for Business: What You Need to Know about Data Mining and Data-Analytic Thinking,Foster Provost and Tom Fawcett,O'Reilly Media,2013,9781449361327,
1310,854,4,"Hands-On Machine Learning with Scikit-Learn and TensorFlow: Concepts, Tools, and Techniques to Build Intelligent Systems 2nd Edition",Aurélien Géron,O'Reilly Media,2019,9781492032649,
1311,855,1,강의자료집 배포 예정,,,,,
1312,855,2,Introduction to Data Mining 2/E,"Pang-ning Tan, Michael Steinbach, Anuj Karpatne, Vipin Kumar",PEARSON/휴먼싸이언스,2019,9780273769224,
1313,855,3,Data Science for Business: What You Need to Know about Data Mining and Data-Analytic Thinking,Foster Provost and Tom Fawcett,O'Reilly Media,2013,9781449361327,
1314,855,4,"Hands-On Machine Learning with Scikit-Learn and TensorFlow: Concepts, Tools, and Techniques to Build Intelligent Systems 2nd Edition",Aurélien Géron,O'Reilly Media,2019,9781492032649,
1315,856,1,"경영과학9판
Introduction to Operations Research Research,8thedition","Hillier&Lieberman, 김선교외역",도서출판지필,2019,,
1316,856,2,"경영과학 기초부터 심화까지, 2판",홍성필,율곡출판사,2014,,
1317,857,1,Engineering Mechanics: Dynamics (5th Ed.),"Anthony Bedford, Wallace Fowler",Prentice Hall,2008,,
1318,857,4,Engineering Mechanics Volume 2 Dynamics 5th Ed.,Meriam and Kraige,Wiley,2003,,
1319,857,5,Principles of Dynamics,Greenwood,,,,
1320,857,6,Dynamics,Housner & Hudson,,,,
1321,858,1,Engineering Mechanics-Dynamics,"A. Bedford, W. Fowler",,,,
1322,859,1,"Engineering Mechanics-
Dynamics,","A. Bedford, 
W. Fowler,","Addison 
Wesley",1999,,
1323,859,2,동역학,유홍희,문운당,2021,,
1324,859,4,"다물체동역학입문, 이론 및 Recurdyn 실습",최진환,문운당,2016,,
1325,859,5,Computational Dynamics.,A.Shabana,Wiley,,,
1326,860,1,System Dynamics (4th Ed.),Ogata,,,,
1327,860,2,Modern Control Engineering (4th Ed.),Ogata,,,,
1328,860,4,자동제어 (7판),"BENJAMIN 
C.KUO",청문각,1990,897088646X,
1329,860,5,"시스템해석(4판)
of Dynamic Systems, 2/E","이순걸 외
William J.",피어슨에듀케이션,2004,,
1330,860,6,제어시스템공학(3판),"NORMAN 
S.NISE","홍릉과학출
판사",2002,8972832472,
1331,861,1,한 권으로 읽는 컴퓨터 구조와 프로그래밍,조너선 스타인하트(저) 오현석(역),책만,2021,9791189909284,
1332,862,1,Design Thinking,Daniel Ling,생능출판사,20170215,9788970509006,
1333,863,1,창의적 공학설계,김은경,한빛 아카데미,2020,979-11-5664-493-4,
1334,863,2,디자인씽킹 가이드북,대니얼링,생능출판,,978-89-7050-900-6,
1335,863,4,설계 프로세스로 배우는 창의적 공학 설계,노승환,한빛 아카데미,,,
1336,863,5,실전으로 배우는 발명/특허,,한빛 아카데미,,,
1337,864,1,디자인씽킹,대니얼링,생능출판사,20170215,,
1338,864,2,https://ko.wikipedia.org/wiki/%EB%94%94%EC%9E%90%EC%9D%B8_%EB%A6%AC%EC%84%9C%EC%B9%98,,,,,
1339,864,3,http://blog.ibk.co.kr/1556#.VTkGOaHGlpd.facebook,,,,,
1340,866,1,창의적 공학설계,김은경,한빛아카데미,2020,,
1341,866,2,대자인씽킹,대니얼링,생능출판사,2017,,
1342,867,1,"Practical Programming
(An Introduction to Computer Science Using Python)",Paul Gries,The Pragmatic Bookshelf,2017,9781937785451 ( 1937785459 ),
1343,867,2,[참조] Do it! 점프 투 파이썬,박응용,이지스퍼블리싱,2016,,
1344,867,3,[참조] Do it! 자바스크립트+제이쿼리 입문,정인용,이지스퍼블리싱,2014,,
1345,868,1,주교재: 박상근 교수 자체 제작 PPT (e-Campus에서 다운로드),박상근,박상근,2015,,
1346,868,2,[참고도서] Do it! 점프 투 파이썬 (https://wikidocs.net/book/1 에 무료 공개),박응용,이지스퍼블리싱,2019,9791163030911,
1347,868,3,[참고도서] 왕초보를 위한 Python: 쉽게 풀어 쓴 기초 문법과 실습(https://wikidocs.net/book/2 에 무료 공개),전뇌해커,,,,
1348,869,1,"Practical Programming
(An Introduction to Computer Science Using Python)",Paul Gries,The Pragmatic Bookshelf,2017,9781937785451 ( 1937785459 ),
1349,869,2,[참조] Do it! 점프 투 파이썬,박응용,이지스퍼블리싱,2016,,
1350,869,3,[참조] Do it! 자바스크립트+제이쿼리 입문,정인용,이지스퍼블리싱,2014,,
1351,870,1,{Lecture Notes},,,,,
1352,871,1,이득우의 게임 수학,이득우,책만,2022,,
1353,871,2,프로그래머를 위한 수학,"폴 올랜드(저); 노화준, 박종대, 박한길, 신정규(역)",한빛미디어,2021,,
1354,871,3,Python Game Programming By Example,Alejandro Rodas dePaz and JosephHowse,Packt Publishing Ltd.,2015,,
1355,871,4,프로그래머를 위한 수학,"폴 올랜드(저); 노화준, 박종대, 박한길, 신정규(역)",한빛미디어,2021,,
1356,872,1,"Introduction to Game Design, Prototyping, and Development",Jeremy Gibson Bond,Addison-Wesley Professional,2017,9780134659862(0134659864),
1357,872,2,Unreal Engine C++ the Ultimate Developer's Handbook,Stephen Seth Ulibarri,,,,
1358,873,1,강의노트로 대체함,,,,,
1359,873,2,[기본] https://www.docker.com/,,,,,
1360,873,3,[기본] https://kubernetes.io/,,,,,
1361,873,4,[참조] 도커/쿠버네티스를 활용한 컨테이너 개발 실전 입문,야마다 아키노리,위키북스,2019,,
1362,873,5,[참조] IT 운용 체제 변화를 위한 데브옵스 DevOps,카와무라 세이고,영진닷컴,2019,,
1363,873,6,[참조] 완벽한 IT 인프라 구축을 위한 Docker,Asa Shiho,정보문화사,2018,,
1364,875,1,Python Machine Learning,Sebastian Raschka,Packt Publishing,2019,9781789955750,
1365,875,2,Mathematics for Machine Learning,Marc Peter Deisenroth,Cambridge University Press,2017,9781108455145,
1366,875,3,Introduction to Machine Learning with Python,Andreas C. Muller,O'Reilly Media,2017,9781449369415,
1367,875,4,"머신 러닝 교과서 with 파이썬, 사이킷런, 텐서플로",세바스찬 라시카 (옮긴이: 박해선),길벗,2019,9791160507966,
1368,876,1,(이론 교재) 기계학습,오일석,한빛아카데미,2017,,
1369,876,2,"(실습 참고자료) 머신 러닝 교과서 with 파이썬, 사이킷런, 텐서플로",세바스찬 라시카 (옮긴이: 박해선),길벗,2021,,
1370,877,1,(이론 교재) 기계학습,오일석,한빛아카데미,2017,,
1371,877,2,"(실습 참고자료) 머신 러닝 교과서 with 파이썬, 사이킷런, 텐서플로",세바스찬 라시카 (옮긴이: 박해선),길벗,2021,,
1372,879,1,VIRTUAL REALITY,Steven M. LaValle,Cambridge University Press,2016,,
1373,891,1,PPT 강의 자료,,,,,
1374,891,2,"Hands-On Machine Learning with Scikit-Learn and Tensor Flow : Concepts, Tools, and Techniques to Build Intelligent Systems",Aurélien Géron,O'Reilly Media,2019,9781492032649,
1375,891,3,"핸즈온 머신러닝: 사이킷런과 텐서플로를 활용한 머신러닝, 딥러닝 실무",오렐리앙 제롱/박해선,한빛미디어,2018,9791162240731,
1376,892,1,Mastering ROS for Robotics Programming 2E,"Lentin Joseph,Jonathan Cacace",Packt Publishing,2018,,
1377,892,2,ROS 로봇 프로그래밍,"표윤석, 조한철, 정려운, 임태훈",루비페이퍼,2017,,
1378,898,1,최신논문,,,,,
1379,907,1,풀스택 개발이 쉬워지는 다트&플러터,이성원,영진닷컴,2023,,
1380,921,1,Python Data Science Handbook,Jake VanderPlas,O'Reilly Media,2016,978-1491912058,
1381,921,2,Fundamentals of Data Visualization,Claus O. Wike,O'Reilly Media,2017,978-1492031086,
1382,921,3,Python for Data Analysis,Wes McKinney,O'Reilly Media,2017,978-1491957660,
1383,921,4,Think Python (2nd Edition),Allen B. Downey,O'Reilly Media,2015,978-1491939369,
1384,921,5,Data Visualization: A practical introduction,Kieran Healy,Princeton University Press,2018,978-0691181622,
1385,921,6,Modern Data Science with R,Benjamin S. Baumer,CRC Press,2020,978-1498724487,
1386,923,1,강의노트로 대체함,,,,,
1387,924,1,FundamentalsofC++Programming,RichardL.Halterman,SouthernAdvantistUniversity,,,
1388,925,1,창의적사고와 코딩/사회,서응교 외 2명,노스보스,2018,9788970926025,
1389,925,2,이것이 자바다,"신용권, 임경균",한빛미디어,2022,9791169210027,
1390,925,3,게임제작으로 배우는 유니티,"이종원, 정종필",한빛아카데미,2021,9791156645108,
1391,926,1,"Think Python (2nd Edition) - 오픈소스, 아래의 추가문헌및자료 참조",Allen B. Downey,O’REILLY MEDIA,2015,9781491939369,
1392,926,2,[참조] Do it! 점프 투 파이썬,박응용,이지스퍼블리싱,2016,,
1393,926,3,[참조] Do it! 자바스크립트+제이쿼리 입문,정인용,이지스퍼블리싱,2014,,
1394,927,1,"Practical Programming
(An Introduction to Computer Science Using Python)",Paul Gries,The Pragmatic Bookshelf,2017,9781937785451 ( 1937785459 ),
1395,927,2,[참조] Do it! 점프 투 파이썬,박응용,이지스퍼블리싱,2016,,
1396,927,3,[참조] Do it! 자바스크립트+제이쿼리 입문,정인용,이지스퍼블리싱,2014,,
1397,928,1,FundamentalsofC++Programming,RichardL.Halterman,SouthernAdvantistUniversity,,,
1398,929,1,창의적사고와 코딩/사회,서응교 외 2명,노스보스,2018,9788970926025,
1399,929,2,이것이 자바다,"신용권, 임경균",한빛미디어,2022,9791169210027,
1400,929,3,게임제작으로 배우는 유니티,"이종원, 정종필",한빛아카데미,2021,9791156645108,
1401,930,1,"Think Python (2nd Edition) - 오픈소스, 아래의 추가문헌및자료 참조",Allen B. Downey,O’REILLY MEDIA,2015,9781491939369,
1402,930,2,[참조] Do it! 점프 투 파이썬,박응용,이지스퍼블리싱,2016,,
1403,930,3,[참조] Do it! 자바스크립트+제이쿼리 입문,정인용,이지스퍼블리싱,2014,,
1404,931,1,"Practical Programming
(An Introduction to Computer Science Using Python)",Paul Gries,The Pragmatic Bookshelf,2017,9781937785451 ( 1937785459 ),
1405,931,2,[참조] Do it! 점프 투 파이썬,박응용,이지스퍼블리싱,2016,,
1406,931,3,[참조] Do it! 자바스크립트+제이쿼리 입문,정인용,이지스퍼블리싱,2014,,
1407,932,1,Computers: Tools for an Information Age (7th Ed.),H. L. Capron and J. A. Johnson,Prentice Hall,2002,0-13-091954-3,
1408,932,2,인공지능 개념 및 응용 4판,"도용태 , 김일곤 , 김종완 , 박창현 , 강병호",사이텍미디어,2009,9788955501995,
1409,934,1,-,-,-,-,-,
1410,937,1,Fundamentals of C++Programming,Richard L. Halterman,Southern Adventist University,,,
1411,938,1,Fundamentals of C++Programming,Richard L. Halterman,Southern Adventist University,,,
1412,939,1,Fundamentals of C++ Programming,Richard L. Halterman,Southern Advantist University,2018,,
1413,940,1,창의적사고와 코딩/사회,서응교 외 2명,노스보스,2018,9788970926025,
1414,940,2,게임제작으로 배우는 유니티,"이종원, 정종필",한빛아카데미,2021,9791156645108,
1415,941,1,참고도서: 이산수학 및 응용 4판 번역본,"임은기 외
외 6인번역",한티 미디어,,,
1416,941,2,참고도서: 4차 산업혁명 시대의 이산수학,김대수 지음,생능출판사,"2판4쇄
2021년 8월",978-89-7050-980-8 93560,
1417,941,3,교과서: 컴퓨팅 사고력을 키우는 이산수학(3판),박주미,한빛아카데미,2021-12-26,9791156645900,
1418,942,1,참고도서: 이산수학 및 응용 4판 번역본,"임은기 외
외 6인번역",한티 미디어,,,
1419,942,2,참고도서: 4차 산업혁명 시대의 이산수학,김대수 지음,생능출판사,"2판4쇄
2021년 8월",978-89-7050-980-8 93560,
1420,942,3,교과서: 컴퓨팅 사고력을 키우는 이산수학(3판),박주미,한빛아카데미,2021-12-26,9791156645900,
1421,943,1,Computer Organization and Design: The Hardware/Software Interface (5th Edition),J. Hennessy and D. Patterson,Morgan Kaufmann,2014,,
1422,944,1,Computer Organization and Design:The Hardware/Software Interface (6th Edition),David A. Patterson and John L. Hennessy,Morgan Kaufmann,2020,,
1423,944,2,Computer Organization and Design:The Hardware/Software Interface (5th Edition),David A. Patterson and John L. Hennessy,Morgan Kaufmann,2014,,
1424,945,1,Computer Organization and Design: The Hardware/Software Interface (5th Edition),J. Hennessy and D. Patterson,Morgan Kaufmann,2014,,
1425,946,1,"C++ Plus Data Structures,Third Edition",Nell Dale,Jones and Bartlett,2003,0763704814,
1426,946,3,"C++ 자료구조, 제2판","이웅재, 권 오준, 김진일, 신 재홍, 오용철, 임 화경, 조재현 공 역",사이텍미디어,2003,,
1427,946,4,C++ 자료구조론,이석호 역,교보문고,2001,,
1428,946,5,C++를 이용한 자료구조,"유관희, 유 재수, 정병수, 정 연모 공역",미래컴,2002,,
1429,947,1,"C++ Plus Data Structures,Third Edition",Nell Dale,Jones and Bartlett,2003,0763704814,
1430,947,3,"C++ 자료구조, 제2판","이웅재, 권 오준, 김진일, 신 재홍, 오용철, 임 화경, 조재현 공 역",사이텍미디어,2003,,
1431,947,4,C++ 자료구조론,이석호 역,교보문고,2001,,
1432,947,5,C++를 이용한 자료구조,"유관희, 유 재수, 정병수, 정 연모 공역",미래컴,2002,,
1433,948,1,"C++ Plus Data Structures,Third Edition",Nell Dale,Jones and Bartlett,2003,,
1434,948,2,C++로 쉽게 풀어쓴 자료구조,"천인국, 최영규",생능출판,2022,,
1435,948,3,자료구조 C++ 프로그래밍,홍봉희,부산대학교 출판문화원,2023,,
1436,949,1,The Design of Everyday Things: Revised and Expanded Edition,Don Norman,Basic Books,2013,0465050654,
1437,949,2,"오래가는 UX 디자인, 모바일 시대의 제품 디자인 기본 원칙",반준철,한빛미디어,2013,,
1438,950,1,Operating System Concepts,"Avi Silberschatz, Peter Baer Galvin, Greg Gagne","John Wiley & Sons, Inc.",2021,978-1-118-06333-0,
1439,951,1,"Operating System Concepts, 10th Ed.","Abraham 
Silberschatz
, Peter B. 
Galvin, and 
Greg Gagne","John Wiley 
& Sons",2019,9780470233993,
1440,952,1,Operating System Concepts (10th edition),"Abraham Silberschatz, Peter B. Galvin, and Greg Gagne",John Wiley & Sons,2019,,
1441,953,1,An Introduction to Computer Networks ['추가문헌 및 자료' 참조],Peter L Dordal,Loyola University Chicago,2018,,
1442,954,1,시스코 아카데미 패킷트레이서,"유인태, 김정윤",경희대학교 출판문화원,2019,,
1443,955,1,시스코 아카데미 패킷트레이서,"유인태, 김정윤",경희대학교 출판문화원,2019,9788982226090,
1444,956,1,Computer Networking – A Top-Down Approach,"Kurose, Ross",Pearson,2020,9780136681557,
1445,957,1,"Foundations of Algorithms using C++ 
pseudocode","Neapolitan, 
Nimipour, 도경구역",사이텍미디어,2004,8955501404,
1446,958,1,"Foundations of Algorithms using C++ 
pseudocode","Neapolitan, 
Nimipour, 도경구역",사이텍미디어,2004,8955501404,
1447,959,1,데이터베이스 배움터,홍의경,생능출판사,2014,,
1448,959,4,"Fundamentals of Database Systems(4th 
Ed.) 
Elmasri/Navathe, 2004","Elmasri/Navath
e","Addison-
Wesley",2004,,
1449,960,1,데이터베이스 배움터,홍의경,생능출판사,2014,9788970506791,
1450,960,2,Fundamentals of database systems,"Ramez Elmasri, Shamkant B. Navathe.",Boston : Pearson,2011,9780136086208,
1451,961,1,Modern Compiler Implementation in ML,Andrew W. Appel and Maia Ginsburg,Cambridge University Press,2004,978-0521607650,
1452,962,1,초융합시대의 멀티미디어와 콘텐츠 (멀티미디어 기본 이론부터 최신 기술 동향까지),"김용태, 박길철",한빛 아카데미,2021,979-11-5664-509-2,
1453,962,2,스마트시대의 멀티미디어,"김용태, 박길철",한빛 아카데미,2014,979-11-5664-147-6,
1454,962,3,멀티미디어공학,"하영호,냄재열,최
윤식,원치선 공역",Prentice Hall,,8990758157,
1455,963,1,System Analysis and Design with UML,"Dennis, Wixom, Tegarden",wiley,2009,,
1456,963,2,소프트웨어공학,송영재,이한출판사,2004,,
1457,965,1,기계학습(Machine Learning),오일석(Oh Il-Seok),한빛아카데미,,,
1458,966,1,Slides made by instructor,,,,,
1459,969,1,창의적설계프로젝트,조진성,홍릉과학출판사,2014,9791156000273,
1460,971,1,창의적설계프로젝트,조진성,홍릉과학출판사,2014,9791156000273,
1461,972,1,창의적설계프로젝트,조진성,홍릉과학출판사,2014,9791156000273,
1462,974,1,창의적설계프로젝트,조진성,홍릉과학출판사,2014,9791156000273,
1463,976,1,창의적설계프로젝트,조진성,홍릉과학출판사,2014,,
1464,977,1,최신논문,,,,,
1465,980,1,NETWORK SECURITY ESSENTIALS. Applications and Standards THIRD EDITION,William Stallings,Pearson International Edition,2007,0-13-230378-8,
1466,980,2,"IT CookBook, 네트워크 해킹과 보안(4판)","양대일, 홍성혁",한빛아카데미,2023,9791156646198,
1467,982,1,High Performance Browser Networking,ILYA GRIGORIK,O'REILLY,2013,9781449344764,
1468,982,2,생각의 창의성 TRIZ,김효준,지예,2004,9788995523308,
1469,985,1,최신논문,,,,,
1470,986,1,High Performance Browser Networking,ILYA GRIGORIK,O'REILLY,2013,9781449344764,
1471,986,2,생각의 창의성 TRIZ,김효준,지예,2004,9788995523308,
1472,988,1,창의적설계프로젝트,조진성,홍릉과학출판사,2014,9791156000273,
1473,989,1,NETWORK SECURITY ESSENTIALS. Applications and Standards THIRD EDITION,William Stallings,Pearson International Edition,2007,0-13-230378-8,
1474,989,2,"IT CookBook, 네트워크 해킹과 보안(4판)","양대일, 홍성혁",한빛아카데미,2023,9791156646198,
1475,990,1,창의적설계프로젝트,조진성,홍릉과학출판사,2014,9791156000273,
1476,991,1,창의적설계프로젝트,조진성,홍릉과학출판사,2014,9791156000273,
1477,992,1,창의적설계프로젝트,조진성,홍릉과학출판사,2014,9791156000273,
1478,997,1,창의적설계프로젝트,조진성,홍릉과학출판사,2014,9791156000273,
1479,998,1,NETWORK SECURITY ESSENTIALS. Applications and Standards THIRD EDITION,William Stallings,Pearson International Edition,2007,0-13-230378-8,
1480,998,2,"IT CookBook, 네트워크 해킹과 보안(4판)","양대일, 홍성혁",한빛아카데미,2023,9791156646198,
1481,999,1,(교재) Digital Image Processing 4/E,Rafael C. Gonzalez,Pearson,2018.02.01,9781292223049,
1482,999,2,(참고) OpenCV 4로 배우는 컴퓨터비전과 머신러닝,황선규,길벗,2019,9780071084789,
1483,1000,1,Interactive computer graphic: A top-down approach with OpenGL (참고교재),Edward Angel,Addison Wesley,,,
1484,1003,1,강의자료,,,,,
1485,1003,2,실습자료,,,,,
1486,1003,3,창의적설계 프로젝트,조진성,홍릉과학출판사,2014,9791156000279791156000273,
1487,1003,4,임베디드 프로젝트,조진성,홍릉과학출판사,2006,8972835250,
1488,1003,5,임베디드 프로젝트2,조진성,홍릉과학출판사,2008,9788972836537,
1489,1005,1,시스코 아카데미 패킷트레이서,"유인태, 김정윤",경희대학교 출판사,2019,9788982226090,
1490,1005,2,www.netacad.com,Cisco Academy Connecting Things 2.0,Cisco Systems,2020,N,
1491,1006,1,"IT CookBook, Android Studio를 활용한 안드로이드 프로그래밍(8판)","우재남 , 박길식",한빛아카데미,2023,9791156646426,
1492,1009,1,최신논문,,,,,
1493,1012,1,NETWORK SECURITY ESSENTIALS. Applications and Standards THIRD EDITION,William Stallings,Pearson International Edition,2007,0-13-230378-8,
1494,1012,2,"IT CookBook, 네트워크 해킹과 보안(4판)","양대일, 홍성혁",한빛아카데미,2023,9791156646198,
1495,1016,2,시나리오 가이드,데이비드 하워드,한겨례출판사,1999,9788984310148,
1496,1016,5,시나리오 마스터,데이비드 하워드,한겨례출판사,2007,,
1497,1017,1,영화 수업 : 마음을 사로잡는 스토리텔링은 무엇이 다른가,알렉산더 멕켄드리 지음; 폴 크로닌 엮음,북하우스,2012,,
1498,1017,2,시나리오 어떻게 쓸 것인가,로버트 맥기 지음; 고영범 이승민 옮김,황금가지,2002,898273550X,
1499,1017,3,Save the Cat! : 흥행하는 영화 시나리오의 8가지 법칙,블레이크 스나이더 지음; 이태선 옮김,비즈앤비즈,2014,9788997716395,
1500,1018,1,"이론, 실습, 시뮬레이션 디지털 논리회로 (4판)","임석구, 홍경호",한빛 아카데미,2022,979-11-5664-568-9 93000,
1501,1019,1,Digital Design (5th/6th),Mano and Ciletti,Peason/교보문고,2012/2018,"9788945001702
286516-4",
1502,1019,4,Introduction to Logic Design 3th,Marcovitz,McGraw-Hill,2010,06675-6,
1503,1020,1,Digital Design (5th/6th),Mano and Ciletti,Peason/교보문고,2012/2018,"9788945001702
286516-4",
1504,1020,4,Introduction to Logic Design 3th,Marcovitz,McGraw-Hill,2010,06675-6,
1505,1021,1,Digital Design,M. Morris Mano,Prentice Hall,2002,0130621218,
1506,1021,4,"Digital Systems: Principles and 
Applications (7th edition)","Ronald J. Tocci and 
Neal S. Widmer",Prentice Hall,1997,0137005105,
1507,1022,1,Signals and Systems (2nd Ed.),"Simon Haykin, Barry Van Veen",John Wiley & Sons,2003,0-471-37851-8,
1508,1022,2,신호와시스템 개정2판,"Simon Haykin, Barry Van Veen (고한석외9명 공역)",범한서적주식회사,2005,0-471-37851-8,
1509,1022,3,Signals & Systems (2nd Ed.),"Alan V. Oppenheim, Alan S. Willsky",Prentice Hall,2011,9780136511755(0136511759),
1510,1023,1,Signals and Systems (2nd Ed.),"Simon Haykin, Barry Van Veen",John Wiley & Sons,2003,0-471-37851-8,
1511,1023,2,신호와시스템 개정2판,"Simon Haykin, Barry Van Veen (고한석외9명 공역)",범한서적주식회사,2005,0-471-37851-8,
1512,1023,3,Signals & Systems (2nd Ed.),"Alan V. Oppenheim, Alan S. Willsky",Prentice Hall,2011,9780136511755(0136511759),
1513,1024,1,"Signals and Systems (Pearson New International Edition, Second Edition)","Alan V Oppenheim
Alan S. Willsky
with S. Hamid",Pearson,2013,9781292025902,
1514,1025,1,Signal and Systems(2nd Edition),"Simon Haykin Barry 
Van Veen",John Wiley & Sons,2003,0471164747,
1515,1026,1,"Probability and Stochastic Processes
Processes: a friendly 
introduction for electrical and 
computer engineering, 2nd Ed.","R.D. Yates 
and D.J. 
Goodman",Wiley,2004,0471272140,
1516,1027,1,Proibalilty and Stochastic Process,Roy D.,Wiley,,,
1517,1028,1,"Probability, Random Variables and Random Signal Principles 
and Random Signal Principles
5th Edition","P. Z. Peebles, Jr. and Bertram Shi
Peebles",Mc Graw Hill,,0073660078,
1518,1028,4,"Probability, Random Variables, and Stochastic Processes",A. Papoulis,Mc Graw Hill,,,
1519,1029,1,"Probability and Stochastic Processes: A 
friendly introduction for electrical and 
computer engineering, 3rd Ed.","R.D.Yates and 
D.J.Goodman",Wiley,2018,,
1520,1029,2,주 교재의 번역판(3판),,,,,
1521,1029,4,Random Signal Processing,,,,,
1522,1030,1,"Probability and Stochastic Processes, 3rd Edition",R.D. Yates and D.J. Goodman,Wiley,2014,0131453408,
1523,1030,4,확률변수와 통계의 기초,"박소령, 김윤희, 김석찬, 송익호",자유아카데미,2017,참고교재,
1524,1031,1,Probability and Random Processes for Electrical Engineering,Alberto Leon-Garcia,Addison-Wesley,2008,,
1525,1031,2,확률 및 랜덤 프로세서,"Alberto Leon-Garcia, 고현석 외 7인 공역",자유아카데미,2008,,
1526,1033,1,"Universal Principles of UX:
100 Timeless Strategies to Create Positive Interactions Between People and Technology",Irene Pereyra,Rockport Publishers,2023,,
1527,1033,2,UI/UX디자인이 쉬어지는 디자인시스템실무 with 피그마,이영주,한빛아카데미,2023,,
1528,1034,1,강의자료집 배포 예정,,,,,
1529,1034,2,Introduction to Data Mining 2/E,"Pang-ning Tan, Michael Steinbach, Anuj Karpatne, Vipin Kumar",PEARSON/휴먼싸이언스,2019,9780273769224,
1530,1034,3,Data Science for Business: What You Need to Know about Data Mining and Data-Analytic Thinking,Foster Provost and Tom Fawcett,O'Reilly Media,2013,9781449361327,
1531,1034,4,"Hands-On Machine Learning with Scikit-Learn and TensorFlow: Concepts, Tools, and Techniques to Build Intelligent Systems 2nd Edition",Aurélien Géron,O'Reilly Media,2019,9781492032649,
1532,1035,1,강의자료집 배포 예정,,,,,
1533,1035,2,Introduction to Data Mining 2/E,"Pang-ning Tan, Michael Steinbach, Anuj Karpatne, Vipin Kumar",PEARSON/휴먼싸이언스,2019,9780273769224,
1534,1035,3,Data Science for Business: What You Need to Know about Data Mining and Data-Analytic Thinking,Foster Provost and Tom Fawcett,O'Reilly Media,2013,9781449361327,
1535,1035,4,"Hands-On Machine Learning with Scikit-Learn and TensorFlow: Concepts, Tools, and Techniques to Build Intelligent Systems 2nd Edition",Aurélien Géron,O'Reilly Media,2019,9781492032649,
1536,1036,1,"Introduction to Operations Research
번역판 경영과학","Hillier & Lieberman, 
김선교 외 역",McGraw-Hill Korea,2007,9788960550155,
1537,1036,4,경영과학,홍성필,율곡출판사,2010,9788991830745,
1538,1037,1,"Introduction to Operations Research
번역판 경영과학","Hillier & Lieberman, 
김선교 외 역",McGraw-Hill Korea,2007,9788960550155,
1539,1037,4,경영과학,홍성필,율곡출판사,2010,9788991830745,
1540,1038,1,Introduction to Data Mining (2nd Edition),"Pang-Ning Tan, Michael Steinbach, Anuj Karpatne, Vipin Kumar","Pang-Ning Tan, Michael Steinbach, Anuj Karpatne, Vipin Kumar",2018,978-0133128901,
1541,1038,2,강의자료집 배포 예정.,,,,,
1542,1039,1,Investment Science (International Edition),David G. Luenberger,Oxford University Press,2009,9780195391060,
1543,1040,1,"Introduction to Mechatronics and 
Measurement Systems, 4th edition","D. G. Alciatore and 
M. B. Histand",McGraw-Hill,2012,,
1544,1040,2,"메카트로닉스, 제2판",이순걸 외,문운당,2003,,
1545,1040,3,Handout on Web,Soon-Geul Lee,,,,
1546,1040,4,메카트로닉스 3판 (MECHATRONICS),"저자: W.BOLTON, 
역자 : 이만형 외",사이텍미디어,2004,,
1547,1041,1,"다물체동역학 입문, 이론 및 Recurdyn 실습",최진환,"문운당
Wiley",2016,9791156922469,
1548,1041,4,"Coumutational Dynamics,",A. Shabana,"John &
Wiley",,,
1549,1041,5,RecurDyn manual,,FunctionBay,,,
1550,1041,6,Rego Mindstorm manaul,,"Rego Inc.,",,,
1551,1042,1,Lecture Notes,,,,,
1552,1042,2,"Modern Control System(필수, 14th)",R. C. Dorf & R. H. Bishop,Prentice Hall,,,
1553,1042,3,System Dynamics (옵션),K. Ogata,Prentice Hall,,,
1554,1043,1,"Introduction to Robotics, Global Edition, 4th Edition",John J. Craig,"Pearson Prentice 
Hall",2019,9781292164939,
1555,1044,1,Lecture notes,Jongwoo Kim,,,,
1556,1044,2,"Introduction to Robotics, Global Edition, 4th Edition",John Craig,Pearson Higher Education,,,
1557,1045,1,디자인씽킹,대니얼링,생능출판사,20170215,,
1558,1045,2,https://ko.wikipedia.org/wiki/%EB%94%94%EC%9E%90%EC%9D%B8_%EB%A6%AC%EC%84%9C%EC%B9%98,,,,,
1559,1045,3,http://blog.ibk.co.kr/1556#.VTkGOaHGlpd.facebook,,,,,
1560,1046,1,디자인씽킹,대니얼링,생능출판사,2017,,
1561,1047,1,"Practical Programming
(An Introduction to Computer Science Using Python)",Paul Gries,The Pragmatic Bookshelf,2017,9781937785451 ( 1937785459 ),
1562,1047,2,[참조] Do it! 점프 투 파이썬,박응용,이지스퍼블리싱,2016,,
1563,1047,3,[참조] Do it! 자바스크립트+제이쿼리 입문,정인용,이지스퍼블리싱,2014,,
1564,1048,1,주교재: 박상근 교수 자체 제작 PPT (e-Campus에서 다운로드),박상근,박상근,,,
1565,1048,2,[참고도서] Do it! 점프 투 파이썬 (https://wikidocs.net/book/1 에 무료 공개),박응용,이지스퍼블리싱,2019,9791163030911,
1566,1048,3,[참고도서] 왕초보를 위한 Python: 쉽게 풀어 쓴 기초 문법과 실습(https://wikidocs.net/book/2 에 무료 공개),전뇌해커,,,,
1567,1049,1,"Practical Programming
(An Introduction to Computer Science Using Python)",Paul Gries,The Pragmatic Bookshelf,2017,9781937785451 ( 1937785459 ),
1568,1049,2,[참조] Do it! 점프 투 파이썬,박응용,이지스퍼블리싱,2016,,
1569,1049,3,[참조] Do it! 자바스크립트+제이쿼리 입문,정인용,이지스퍼블리싱,2014,,
1570,1050,1,{Lecture Notes},,,,,
1571,1051,1,강의노트로 대체함,,,,,
1572,1051,2,[기본] https://www.docker.com/,,,,,
1573,1051,3,[기본] https://kubernetes.io/,,,,,
1574,1051,4,[참조] 도커/쿠버네티스를 활용한 컨테이너 개발 실전 입문,야마다 아키노리,위키북스,2019,,
1575,1051,5,[참조] IT 운용 체제 변화를 위한 데브옵스 DevOps,카와무라 세이고,영진닷컴,2019,,
1576,1051,6,[참조] 완벽한 IT 인프라 구축을 위한 Docker,Asa Shiho,정보문화사,2018,,
1577,1053,1,Python Machine Learning,Sebastian Raschka,Packt Publishing,2019,9781789955750,
1578,1053,2,Mathematics for Machine Learning,Marc Peter Deisenroth,Cambridge University Press,2017,9781108455145,
1579,1053,3,Introduction to Machine Learning with Python,Andreas C. Muller,O'Reilly Media,2017,9781449369415,
1580,1053,4,"머신 러닝 교과서 with 파이썬, 사이킷런, 텐서플로",세바스찬 라시카 (옮긴이: 박해선),길벗,2019,9791160507966,
1581,1054,1,(이론 교재) 기계학습,오일석,한빛아카데미,2017,,
1582,1054,2,"(실습 참고자료) 머신 러닝 교과서 with 파이썬, 사이킷런, 텐서플로",세바스찬 라시카 (옮긴이: 박해선),길벗,2021,,
1583,1055,1,(이론 교재) 기계학습,오일석,한빛아카데미,2017,,
1584,1055,2,"(실습 참고자료) 머신 러닝 교과서 with 파이썬, 사이킷런, 텐서플로",세바스찬 라시카 (옮긴이: 박해선),길벗,2021,,
1585,1056,1,"Basic Engineering Circuit Analysis, 12th Edition, International Adapation","Irwin, J. David
Nelms, R. M",Wiley & Sons,2021,,
1586,1056,2,"Signals & Systems, 2nd Edition, International Edition","Alan V. Oppenheim
Alan S. Willsky",Prentice Hall/Pearson,2011/2015,9781292025902,
1587,1057,1,OpenGL ES를 이용한 3차원 컴퓨터 그래픽스 입문,한정현,홍릉 출판사,2019,9791156006749(1156006740),
1588,1058,1,Human-Computer Interaction: An Empirical Research Perspective 2nd Edition,I. Scott MacKenzie,Morgan Kaufmann Publishers,2024,9780443140969,
1589,1058,2,Sensation and Perception (Asia Edition),"E. Bruce Goldstein , Laura Cacciamani",CENGAGE,2021,9789814986724,
1590,1058,3,The VR Book,"Jerald, Jason",Morgan & Claypool Publishers,2015,9781970001150,
1591,1058,4,Human Computer Interaction Handbook,JACKO,CRC Press,2012,9781439829431,
1592,1058,5,VIRTUAL REALITY,Steven M. LaValle.,Cambridge University Press,,,
1593,1068,1,최신논문,,,,,
1594,1069,1,최신논문,,,,,
1595,1070,1,주교재,수업자료,,,,
1596,1070,2,부교재,Learning OpenCV 4 Computer Vision with Python 3,Packt Publishing,2020,1789531616,
1597,1077,1,풀스택 개발이 쉬워지는 다트&플러터,이성원,영진닷컴,2023,,
1598,1078,1,자체 제작 교안 사용 예정,박상근,박상근,2024,,
1599,1107,1,Deep Learning,"Goodfellow, Ian , Bengio, Yoshua , Courville, Aaron",MIT Press,2016,,
1600,1107,2,Dive Into Deep Learning,"Zhang, Aston , Lipton, Zachary C. , Li, Mu , Alexander J. Smola",Cambridge University Press,2023,,
1601,1107,3,AI for Games,Ian Millington,에이콘,2019,9781138483972,
1602,1107,4,Deep Learning with PyTorch: A practical approach to building neural network models using PyTorch,Vishnu Subramanian,에이콘,2019,9781788624336,
1603,1108,1,강의노트로 대체함,,,,,
1604,1109,1,Speech and Language Processing,Daniel Jurafsky and James H. Martin,Pearson,2014,9780131873216,
1605,1109,2,Foundations of Statistical Natural Language Processing,Christopher Manning and Hinrich Schuetze,MIT Press,1999,0262133601,
1606,1110,1,강의 자료,,,,,
1607,1110,2,"Digital Image Processing, 4th Edition",R.C. Gonzalez & R.E. Woods,Prentice Hall,2018,9781292223049,
1608,1110,3,"Digital Image Processing, 4th Edition",W.K. Pratt,WILEY-INTERSCIENCE,2007,9780471767770,
1609,1110,4,Pattern Classification,"R.O. Duda, P.E. Hart & D.G. Stork",WILEY-INTERSCIENCE,2000,9780471056690,
1610,1111,1,주교재,수업자료,,,,
1611,1111,2,[부교재 1] Grokking Deep Reinforcement Learning,Miguel Morales,Manning,,1617295450,
1612,1111,3,[부교재 2] Reinforcement Learning: An Introduction,Richard S. Sutton,Braford Books,,262039249,
1613,1112,1,혼자 공부하는 머신러닝 + 딥러닝,박해선,한빛미디어,2022,,
1614,1115,1,"Explainable AI: Interpreting, Explaining and Visualizing Deep Learning",Wojciech SamekGrégoire MontavonAndrea VedaldiLars Kai HansenKlaus-Robert Müller,Springer,2019,9783030289539,
1615,1116,1,최신논문,,,,,
1616,1117,1,Fundamentals of C++Programming,Richard L. Halterman,Southern Adventist University,,,
1617,1118,1,Fundamentals of C++ Programming,Richard L. Halterman,Southern Advantist University,2018,,
1618,1119,1,Fundamentals of C++Programming,Richard L. Halterman,Southern Adventist University,,,
1619,1120,1,창의적사고와 코딩/사회,서응교 외 2명,노스보스,2018,9788970926025,
1620,1120,2,게임제작으로 배우는 유니티,"이종원, 정종필",한빛아카데미,2021,9791156645108,
1621,1121,1,"Discrete mathematics with applications (5th edition, Metric Edition)",Susanna S. Epp,,2018,,
1622,1121,2,이산수학 및 응용 (4th edition),"Susanna S. Epp 지음, 김환구 외 7인 번역",한티미디어 (북스힐),2013,,
1623,1122,1,"Discrete mathematics with applications (5th edition, Metric Edition)",Susanna S. Epp,,2018,,
1624,1122,2,이산수학 및 응용 (4th edition),"Susanna S. Epp 지음, 김환구 외 7인 번역",한티미디어 (북스힐),2013,,
1625,1123,1,Computer Organization and Design:The Hardware/Software Interface (6th Edition),David A. Patterson and John L. Hennessy,Morgan Kaufmann,2020,,
1626,1123,2,Computer Organization and Design:The Hardware/Software Interface (5th Edition),David A. Patterson and John L. Hennessy,Morgan Kaufmann,2014,,
1627,1124,1,Computer Organization and Design: The Hardware/Software Interface (5th Edition),J. Hennessy and D. Patterson,Morgan Kaufmann,2014,,
1628,1125,1,Computer Organization and Design: The Hardware/Software Interface (5th Edition),J. Hennessy and D. Patterson,Morgan Kaufmann,2014,,
1629,1126,1,"C++ Plus Data Structures,Third Edition",Nell Dale,Jones and Bartlett,2003,0763704814,
1630,1126,4,"C++ 자료구조, 제2판","이웅재, 권 오준, 김진일, 신 재홍, 오용철, 임 화경, 조재현 공 역",사이텍미디어,2003,,
1631,1126,5,C++ 자료구조론,이석호 역,교보문고,2001,,
1632,1126,6,C++를 이용한 자료구조,"유관희, 유 재수, 정병수, 정 연모 공역",미래컴,2002,,
1633,1127,1,"C++ Plus Data Structures,Third Edition",Nell Dale,Jones and Bartlett,2003,0763704814,
1634,1127,3,"C++ 자료구조, 제2판","이웅재, 권 오준, 김진일, 신 재홍, 오용철, 임 화경, 조재현 공 역",사이텍미디어,2003,,
1635,1127,4,C++ 자료구조론,이석호 역,교보문고,2001,,
1636,1127,5,C++를 이용한 자료구조,"유관희, 유 재수, 정병수, 정 연모 공역",미래컴,2002,,
1637,1128,1,"C++ Plus Data Structures,Third Edition",Nell Dale,Jones and Bartlett,2003,,
1638,1128,3,"C++ 자료구조, 제2판","이웅재, 권 오준, 김진일, 신 재홍, 오용철, 임 화경, 조재현 공 역",사이텍미디어,2003,,
1639,1128,4,C++ 자료구조론,이석호 역,교보문고,2001,,
1640,1128,5,C++를 이용한 자료구조,"유관희, 유 재수, 정병수, 정 연모 공역",미래컴,2002,,
1641,1129,1,Operating System Concepts,"Avi Silberschatz, Peter Baer Galvin, Greg Gagne","John Wiley & Sons, Inc.",2021,978-1-118-06333-0,
1642,1130,1,Operating System Concepts (10th edition),"Abraham Silberschatz, Peter B. Galvin, and Greg Gagne",John Wiley & Sons,2019,,
1643,1131,1,Data Communications and Networking,"Behrouz A. 
Forouzan",교보문고,2005,0072525848,
1644,1132,1,시스코 아카데미 패킷트레이서,"유인태, 김정윤",경희대학교 출판문화원,2019,9788982226090,
1645,1133,1,An Introduction to Computer Networks ['추가문헌 및 자료' 참조],Peter L Dordal,Loyola University Chicago,2018,,
1646,1134,1,시스코 아카데미 패킷트레이서,"유인태, 김정윤",경희대학교 출판문화원,2019,,
1647,1135,1,Computer Networking,"James Kurose , Keith Ross",Pearson Education Limited,2021,9781292405469(1292405465),
1648,1136,1,Computer Networking – A Top-Down Approach,"Kurose, Ross",Pearson,2020,9780136681557,
1649,1137,1,"Foundations of Algorithms using C++ 
pseudocode","Neapolitan, 
Nimipour, 도경구역",사이텍미디어,2004,8955501404,
1650,1138,1,Foundations of Algorithms using C++ pseudocode,"Neapolitan, Nimipour, 도경구역",사이텍미디어,2004,,
1651,1139,1,데이터베이스 배움터,홍의경,생능출판사,2014,,
1652,1139,4,"Fundamentals of Database Systems(4th 
Ed.) 
Elmasri/Navathe, 2004","Elmasri/Navath
e","Addison-
Wesley",2004,,
1653,1140,1,제대로 배우는 데이터베이스 세계,홍의경,생능출판사,2024,9791192932705,
1654,1141,1,System Analysis and Design with UML,"Dennis, Wixom, Tegarden",wiley,2009,9780470074787,
1655,1141,2,소프트웨어공학,송영재,이한츌판사,2004,8982413332,
1656,1142,1,System Analysis and Design with UML,"Dennis, Wixom, Tegarden",wiley,2009,,
1657,1142,2,소프트웨어공학,송영재,이한출판사,2004,,
1658,1143,1,"Concepts of Programming Languages, 12th edition",Robert W. Sebesta,Pearson,2020,9780135102268,
1659,1144,1,기계학습(Machine Learning),오일석(Oh Il-Seok),한빛아카데미,,,
1660,1144,2,패턴인식(Pattern Recognition),오일석(Oh Il-Seok),교보문고,,,
1661,1145,1,기계학습(Machine Learning),오일석(Oh Il-Seok),한빛아카데미,,,
1662,1146,1,Advanced Programming in the UNIX  Environment,"W. Richard 
Stevens","Addison-
Wesley",1992,0201563177,
1663,1148,1,머신러닝,오일석,한빛출판사,,,
1664,1154,1,창의적설계프로젝트,조진성,홍릉과학출판사,2014,9791156000273,
1665,1156,1,창의적설계프로젝트,조진성,홍릉과학출판사,2014,9791156000273,
1666,1158,1,창의적설계프로젝트,조진성,홍릉과학출판사,2014,9791156000273,
1667,1160,1,창의적설계프로젝트,조진성,홍릉과학출판사,2014,,
1668,1161,1,최신논문,,,,,
1669,1164,1,NETWORK SECURITY ESSENTIALS. Applications and Standards THIRD EDITION,William Stallings,Pearson International Edition,2007,0-13-230378-8,
1670,1164,2,"IT CookBook, 네트워크 해킹과 보안(4판)","양대일, 홍성혁",한빛아카데미,2023,9791156646198,
1671,1168,1,High Performance Browser Networking,ILYA GRIGORIK,O'REILLY,2013,9781449344764,
1672,1168,2,생각의 창의성 TRIZ,김효준,지예,2004,9788995523308,
1673,1170,1,Lecture Notes,박광훈,,,,
1674,1170,2,Fundamentals of Multimedia,"Ze-Nian Li, Mark S. 
Drew","Pearson/Prentice 
Hall",,0130618721,
1675,1170,4,그림으로보는 최신 MPEG,정제창 역,교보문고,,,
1676,1170,5,H.264 and MPEG-4 Video Compression,,Wiley,,,
1677,1171,1,Slides made by instructor,,,,,
1678,1178,1,NETWORK SECURITY ESSENTIALS. Applications and Standards THIRD EDITION,William Stallings,Pearson International Edition,2007,0-13-230378-8,
1679,1178,2,"IT CookBook, 네트워크 해킹과 보안(4판)","양대일, 홍성혁",한빛아카데미,2023,9791156646198,
1680,1184,1,최신논문,.,.,.,.,
1681,1187,1,NETWORK SECURITY ESSENTIALS. Applications and Standards THIRD EDITION,William Stallings,Pearson International Edition,2007,0-13-230378-8,
1682,1187,2,"IT CookBook, 네트워크 해킹과 보안(4판)","양대일, 홍성혁",한빛아카데미,2023,9791156646198,
1683,1189,1,최신논문,,,,,
1684,1191,1,최신논문,.,.,.,.,
1685,1192,1,Digital Design,M. Morris Mano,Prentice Hall,2002,0130621218,
1686,1192,4,"Digital Systems: Principles and 
Applications (7th edition)","Ronald J. Tocci and 
Neal S. Widmer",Prentice Hall,1997,0137005105,
1687,1193,1,Digital Design (5th/6th),Mano and Ciletti,Peason/교보문고,2012/2018,"9788945001702
286516-4",
1688,1193,4,Introduction to Logic Design 3th,Marcovitz,McGraw-Hill,2010,06675-6,
1689,1194,1,Digital Design (5th/6th),Mano and Ciletti,Peason/교보문고,2012/2018,"9788945001702
286516-4",
1690,1194,4,Introduction to Logic Design 3th,Marcovitz,McGraw-Hill,2010,06675-6,
1691,1195,1,Signals and Systems (2nd Ed.),"Simon Haykin, Barry Van Veen",John Wiley & Sons,2003,0-471-37851-8,
1692,1195,2,신호와시스템 개정2판,"Simon Haykin, Barry Van Veen (고한석외9명 공역)",범한서적주식회사,2005,0-471-37851-8,
1693,1195,3,Signals & Systems (2nd Ed.),"Alan V. Oppenheim, Alan S. Willsky",Prentice Hall,2011,9780136511755(0136511759),
1694,1196,1,Signal and Systems(2nd Edition),"Simon Haykin Barry 
Van Veen",John Wiley & Sons,2003,0471164747,
1695,1197,1,"Signals and Systems, 2nd Edition","Alan V. Oppenheim, Alan S. Willsky",Prentice Hall,2013,9781292025902,
1696,1198,1,"Signals and Systems (Pearson New International Edition, Second Edition)","Alan V Oppenheim
Alan S. Willsky
with S. Hamid",Pearson,2013,9781292025902,
1697,1199,1,"Probability and Stochastic Processes
Processes: a friendly 
introduction for electrical and 
computer engineering, 2nd Ed.","R.D. Yates 
and D.J. 
Goodman",Wiley,2004,0471272140,
1698,1200,1,Proibalilty and Stochastic Process,Roy D.,Wiley,,,
1699,1201,1,"Probability and Stochastic Processes, 3rd Edition",R.D. Yates and D.J. Goodman,Wiley,2014,0131453408,
1700,1201,4,확률변수와 통계의 기초,"박소령, 김윤희, 김석찬, 송익호",자유아카데미,2017,참고교재,
1701,1202,1,Probability and Random Processes for Electrical Engineering,Alberto Leon-Garcia,Addison-Wesley,2008,,
1702,1202,2,확률 및 랜덤 프로세서,"Alberto Leon-Garcia, 고현석 외 7인 공역",자유아카데미,2008,,
1703,1203,1,로보틱스 입문,John J. Craig 지음. 장평훈 옮김,텍스트북스,2021,978-981-3137-33-2,
1704,1203,2,e-campus.khu.ac.kr,,,,,
1705,1204,1,Bulfinch's Mythologies: The Age of Fable or Stories of Gods and Heroes,Thomas Bulfinch,Createspace Independent Publishing Platform,2016,1535074744,
1706,1204,2,"세상은 이야기로 만들어졌다: 신화, 거짓말, 유토피아","자미라 엘 우아실, 프리데만 카릭",원더박스,2023,979 11 9295315 1,
1707,1204,3,오딧세이아,호메로스,숲,2015,,
1708,1204,4,일리아스,호메로스,숲,2015,,
1709,1205,1,"Probability and Statistics for
Engineering and Scientists (4th
International Edition)",Anthony J. Hayter,"Thomson Brooks /
Cole",2012,,
1710,1206,1,Probability and Statistics for Engineering and Scientists (4th International Edition),Anthony J. Hayter,Thomson Brooks / Cole,2012,,
1711,1207,1,"경영과학9판
Introduction to Operations Research Research,8thedition","Hillier&Lieberman, 김선교외역",도서출판지필,2019,,
1712,1207,2,"경영과학 기초부터 심화까지, 2판",홍성필,율곡출판사,2014,,
1713,1208,1,Engineering Mechanics: Dynamics (5th Ed.),"Anthony Bedford, Wallace Fowler",Prentice Hall,2008,,
1714,1208,4,Engineering Mechanics Volume 2 Dynamics 5th Ed.,Meriam and Kraige,Wiley,2003,,
1715,1208,5,Principles of Dynamics,Greenwood,,,,
1716,1208,6,Dynamics,Housner & Hudson,,,,
1717,1209,1,"Engineering Mechanics-
Dynamics,","A. Bedford, 
W. Fowler,","Addison 
Wesley",1999,,
1718,1209,2,동역학,유홍희,문운당,2021,,
1719,1209,4,"다물체동역학입문, 이론 및 Recurdyn 실습",최진환,문운당,2016,,
1720,1209,5,Computational Dynamics.,A.Shabana,Wiley,,,
1721,1210,1,"Engineering Mechanics-
Dynamics,","A. Bedford, 
W. Fowler,","Addison 
Wesley",1999,,
1722,1210,2,동역학,유홍희,문운당,2021,,
1723,1210,4,"다물체동역학입문, 이론 및 Recurdyn 실습",최진환,문운당,2016,,
1724,1210,5,Computational Dynamics.,A.Shabana,Wiley,,,
1725,1211,1,System Dynamics (4th Ed.),Ogata,,,,
1726,1211,2,Modern Control Engineering (4th Ed.),Ogata,,,,
1727,1211,4,자동제어 (7판),"BENJAMIN 
C.KUO",청문각,1990,897088646X,
1728,1211,5,"시스템해석(4판)
of Dynamic Systems, 2/E","이순걸 외
William J.",피어슨에듀케이션,2004,,
1729,1211,6,제어시스템공학(3판),"NORMAN 
S.NISE","홍릉과학출
판사",2002,8972832472,
1730,1212,1,강의 노트,,,,,
1731,1213,1,창의적 공학설계,김은경,한빛아카데미,2020,,
1732,1213,2,대자인씽킹,대니얼링,생능출판사,2017,,
1733,1214,1,창의적 공학설계,김은경,한빛 아카데미,2020,979-11-5664-493-4,
1734,1214,2,디자인씽킹 가이드북,대니얼링,생능출판,,978-89-7050-900-6,
1735,1214,4,설계 프로세스로 배우는 창의적 공학 설계,노승환,한빛 아카데미,,,
1736,1214,5,실전으로 배우는 발명/특허,,한빛 아카데미,,,
1737,1215,1,디자인씽킹,대니얼링,생능출판사,20170215,,
1738,1215,2,https://ko.wikipedia.org/wiki/%EB%94%94%EC%9E%90%EC%9D%B8_%EB%A6%AC%EC%84%9C%EC%B9%98,,,,,
1739,1215,3,http://blog.ibk.co.kr/1556#.VTkGOaHGlpd.facebook,,,,,
1740,1216,1,Change by Design: How Design Thinking Transforms Organizations and Inspires Innovation,Tim Brown,HarperCollins,2009,,
1741,1216,2,Design Thinking for Strategic Innovation,Idris Mootee,Wiley,2013,,
1742,1216,3,UI/UX디자인이 쉬어지는 디자인시스템실무 with 피그마,이영주,한빛미디어,2023,,
1743,1217,1,"Practical Programming
(An Introduction to Computer Science Using Python)",Paul Gries,The Pragmatic Bookshelf,2017,9781937785451 ( 1937785459 ),
1744,1217,2,[참조] Do it! 점프 투 파이썬,박응용,이지스퍼블리싱,2016,,
1745,1217,3,[참조] Do it! 자바스크립트+제이쿼리 입문,정인용,이지스퍼블리싱,2014,,
1746,1218,1,주교재: 박상근 교수 자체 제작 PPT (e-Campus에서 다운로드),박상근,박상근,,,
1747,1218,2,[참고도서] Do it! 점프 투 파이썬 (https://wikidocs.net/book/1 에 무료 공개),박응용,이지스퍼블리싱,2019,9791163030911,
1748,1218,3,[참고도서] 왕초보를 위한 Python: 쉽게 풀어 쓴 기초 문법과 실습(https://wikidocs.net/book/2 에 무료 공개),전뇌해커,,,,
1749,1219,1,"Practical Programming
(An Introduction to Computer Science Using Python)",Paul Gries,The Pragmatic Bookshelf,2017,9781937785451 ( 1937785459 ),
1750,1219,2,[참조] Do it! 점프 투 파이썬,박응용,이지스퍼블리싱,2016,,
1751,1219,3,[참조] Do it! 자바스크립트+제이쿼리 입문,정인용,이지스퍼블리싱,2014,,
1752,1220,1,강의노트,,,,,
1753,1221,1,파이썬을 이용한 수치해석,박철근,자유아카데미,2022,,
1754,1221,2,파이썬과 수치 해석 2/e,로버트 요한슨,에이콘,2019,,
1755,1221,3,"머신 러닝을 위한 수학 with 파이썬, R",이원상,길벗,2020,,
1756,1221,4,Applied Numerical Methods with Python for Engineers and Scientists,"Steven Chapra , David Clough",McGraw-Hill,2022,,
1757,1222,1,이득우의 게임 수학,이득우,책만,2022,,
1758,1222,2,프로그래머를 위한 수학,"폴 올랜드(저); 노화준, 박종대, 박한길, 신정규(역)",한빛미디어,2021,,
1759,1222,3,Mathematics for Game Programming and Computer Graphics,Penny de Byl,Packt Programming,2022,,
1760,1223,1,Game Engine Architecture,Jason Gregory,CRC Press,2018,978-1138035454,
1761,1224,1,강의노트로 대체함,,,,,
1762,1224,2,https://www.docker.com/,,,,,
1763,1224,3,https://kubernetes.io/,,,,,
1764,1226,1,Python Machine Learning,Sebastian Raschka,Packt Publishing,2019,9781789955750,
1765,1226,2,Mathematics for Machine Learning,Marc Peter Deisenroth,Cambridge University Press,2017,9781108455145,
1766,1226,3,Introduction to Machine Learning with Python,Andreas C. Muller,O'Reilly Media,2017,9781449369415,
1767,1226,4,"머신 러닝 교과서 with 파이썬, 사이킷런, 텐서플로",세바스찬 라시카 (옮긴이: 박해선),길벗,2019,9791160507966,
1768,1227,1,(이론 교재) 기계학습,오일석,한빛아카데미,2017,,
1769,1227,2,"(실습 참고자료) 머신 러닝 교과서 with 파이썬, 사이킷런, 텐서플로",세바스찬 라시카 (옮긴이: 박해선),길벗,2021,,
1770,1228,1,(이론 교재) 기계학습,오일석,한빛아카데미,2017,,
1771,1228,2,"(실습 참고자료) 머신 러닝 교과서 with 파이썬, 사이킷런, 텐서플로",세바스찬 라시카 (옮긴이: 박해선),길벗,2021,,
1772,1230,1,VIRTUAL REALITY,Steven M. LaValle,Cambridge University Press,2016,,
1773,1231,1,"핵심 딥러닝 입문: RNN, LSTM, GRU, VAE, GAN 구현",아즈마 유키나가(저)& 최재원(역),책만,2020,9791189909277,
1774,1231,2,모던로보틱스,"케빈M.린치, 박종우",에이콘,2023,,
1775,1231,3,Hands-On Deep Learning for Games,Micheal Lanham,Packt Publishing,2019,,
1776,1231,4,이득우의 게임 수학,이득우,책만,2022,,
1777,1246,1,Mastering ROS for Robotics Programming 2E,"Lentin Joseph,Jonathan Cacace",Packt Publishing,2018,,
1778,1246,2,ROS 로봇 프로그래밍,"표윤석, 조한철, 정려운, 임태훈",루비페이퍼,2017,,
1779,1253,1,최신논문,,,,,
1780,1264,1,풀스택 개발이 쉬워지는 다트&플러터,이성원,영진닷컴,2023,,
1781,1282,1,Python Data Science Handbook,Jake VanderPlas,O'Reilly Media,2016,978-1491912058,
1782,1282,2,Fundamentals of Data Visualization,Claus O. Wike,O'Reilly Media,2017,978-1492031086,
1783,1282,3,Python for Data Analysis,Wes McKinney,O'Reilly Media,2017,978-1491957660,
1784,1282,4,Think Python (2nd Edition),Allen B. Downey,O'Reilly Media,2015,978-1491939369,
1785,1282,5,Data Visualization: A practical introduction,Kieran Healy,Princeton University Press,2018,978-0691181622,
1786,1282,6,Modern Data Science with R,Benjamin S. Baumer,CRC Press,2020,978-1498724487,
1787,1284,1,강의노트로 대체함,,,,,
1788,1285,1,Fundamentals of C++ Programming,Richard L. Halterman,Southern Advantist University,,,
1789,1286,1,창의적사고와 코딩/사회,서응교 외 2명,노스보스,2018,9788970926025,
1790,1286,2,게임제작으로 배우는 유니티,"이종원, 정종필",한빛아카데미,2021,9791156645108,
1791,1287,1,"Think Python (2nd Edition) - 오픈소스, 아래의 추가문헌및자료 참조",Allen B. Downey,O’REILLY MEDIA,2015,9781491939369,
1792,1287,2,[참조] Do it! 점프 투 파이썬,박응용,이지스퍼블리싱,2016,,
1793,1287,3,[참조] Do it! 자바스크립트+제이쿼리 입문,정인용,이지스퍼블리싱,2014,,
1794,1288,1,"Practical Programming
(An Introduction to Computer Science Using Python)",Paul Gries,The Pragmatic Bookshelf,2017,9781937785451 ( 1937785459 ),
1795,1288,2,[참조] Do it! 점프 투 파이썬,박응용,이지스퍼블리싱,2016,,
1796,1288,3,[참조] Do it! 자바스크립트+제이쿼리 입문,정인용,이지스퍼블리싱,2014,,
1797,1289,1,풀스택 개발이 쉬워지는 다트&플러터,이성원,영진닷컴,2023,,
1798,1290,1,Fundamentals of C++ Programming,Richard L. Halterman,Southern Advantist University,,,
1799,1291,1,창의적사고와 코딩/사회,서응교 외 2명,노스보스,2018,9788970926025,
1800,1291,2,게임제작으로 배우는 유니티,"이종원, 정종필",한빛아카데미,2021,9791156645108,
1801,1292,1,Think Python (2nd Edition),Allen B. Downey,O’REILLY MEDIA,2015,9781491939369,
1802,1292,2,[참조] Do it! 점프 투 파이썬,박응용,이지스퍼블리싱,2016,,
1803,1292,3,[참조] Do it! 자바스크립트+제이쿼리 입문,정인용,이지스퍼블리싱,2014,,
1804,1293,1,"Practical Programming
(An Introduction to Computer Science Using Python)",Paul Gries,The Pragmatic Bookshelf,2017,9781937785451 ( 1937785459 ),
1805,1294,1,풀스택 개발이 쉬워지는 다트&플러터,이성원,영진닷컴,2023,,
1806,1295,1,Computers: Tools for an Information Age (7th Ed.),H. L. Capron and J. A. Johnson,Prentice Hall,2002,0-13-091954-3,
1807,1295,2,인공지능 개념 및 응용 4판,"도용태, 김일곤, 김종완, 박창현, 강병호",사이텍미디어,2009,9788955501995,
1808,1297,1,-,-,-,-,-,
1809,1298,1,빅데이터 마이닝: 하둡을 이용한 대용량 데이터 마이닝 기법,"쥬어 레스코벡, 아난드 라자라만, 제프리 데이비드 울만 저/박효균, 이미정 역",에이콘출판사,2021,9791161755137,
1810,1302,1,강의 노트,이대호,Southern Adventist University,,,
1811,1302,2,Fundamentals of C++Programming,Richard L. Halterman,Southern Adventist University,2018,,
1812,1303,1,Fundamentals of C++Programming,Richard L. Halterman,Southern Adventist University,,,
1813,1304,1,Fundamentals of C++ Programming,Richard L. Halterman,Southern Advantist University,2018,,
1814,1305,1,창의적사고와 코딩/사회,서응교 외 2명,노스보스,2018,9788970926025,
1815,1305,2,게임제작으로 배우는 유니티,"이종원, 정종필",한빛아카데미,2021,9791156645108,
1816,1306,1,"Discrete mathematics with applications (5th edition, Metric Edition)",Susanna S. Epp,,2018,,
1817,1306,2,이산수학 및 응용 (4th edition),"Susanna S. Epp 지음, 김환구 외 7인 번역",한티미디어 (북스힐),2013,,
1818,1307,1,"Discrete Mathematics with Applications, 5/E",Susanna S. Epp,Brooks/Cole,2018,9780357114087,
1819,1307,2,이산수학 및 응용 [제4판],Susanna S. EPP 저 / 김환구 등저,한티미디어,2013,9788964211458,
1820,1308,1,Computer Organization and Design: The Hardware/Software Interface (5th Edition),J. Hennessy and D. Patterson,Morgan Kaufmann,2014,,
1821,1309,1,Computer Organization and Design: The Hardware/Software Interface (5th Edition),J. Hennessy and D. Patterson,Morgan Kaufmann,2014,,
1822,1310,1,"C++ Plus Data Structures,Third Edition",Nell Dale,Jones and Bartlett,2003,0763704814,
1823,1310,3,"C++ 자료구조, 제2판","이웅재, 권 오준, 김진일, 신 재홍, 오용철, 임 화경, 조재현 공 역",사이텍미디어,2003,,
1824,1310,4,C++ 자료구조론,이석호 역,교보문고,2001,,
1825,1310,5,C++를 이용한 자료구조,"유관희, 유 재수, 정병수, 정 연모 공역",미래컴,2002,,
1826,1311,1,"C++ Plus Data Structures,Third Edition",Nell Dale,Jones and Bartlett,2003,,
1827,1311,3,"C++ 자료구조, 제2판","이웅재, 권 오준, 김진일, 신 재홍, 오용철, 임 화경, 조재현 공 역",사이텍미디어,2003,,
1828,1311,4,C++ 자료구조론,이석호 역,교보문고,2001,,
1829,1311,5,C++를 이용한 자료구조,"유관희, 유 재수, 정병수, 정 연모 공역",미래컴,2002,,
1830,1312,1,The Design of Everyday Things: Revised and Expanded Edition,Don Norman,Basic Books,2013,0465050654,
1831,1312,2,"오래가는 UX 디자인, 모바일 시대의 제품 디자인 기본 원칙",반준철,한빛미디어,2013,,
1832,1313,1,Operating System Concepts,"Avi Silberschatz, Peter Baer Galvin, Greg Gagne","John Wiley & Sons, Inc.",2021,978-1-118-06333-0,
1833,1314,1,Operating System Concepts (10th edition),"Abraham Silberschatz, Peter B. Galvin, and Greg Gagne",John Wiley & Sons,2019,,
1834,1315,1,An Introduction to Computer Networks ['추가문헌 및 자료' 참조],Peter L Dordal,Loyola University Chicago,2018,,
1835,1316,1,시스코 아카데미 패킷트레이서,"유인태, 김정윤",경희대학교 출판문화원,2019,,
1836,1317,1,시스코 아카데미 패킷트레이서,"유인태, 김정윤",경희대학교 출판문화원,2019,9788982226090,
1837,1318,1,"Foundations of Algorithms using C++ 
pseudocode","Neapolitan, 
Nimipour, 도경구역",사이텍미디어,2004,8955501404,
1838,1319,1,Foundations of Algorithms using C++ pseudocode,"Neapolitan, Nimipour, 도경구역",사이텍미디어,2004,,
1839,1319,2,이산수학 및 응용 (4th edition),"Susanna S. Epp 지음, 김환구 외 7인 번역",한티미디어 (북스힐),2013,,
1840,1320,1,Foundations of Algorithms using C++ pseudocode,"Neapolitan, Nimipour, 도경구역",사이텍미디어,2004,,
1841,1321,1,데이터베이스 배움터,홍의경,생능출판사,2014,,
1842,1321,4,"Fundamentals of Database Systems(4th 
Ed.) 
Elmasri/Navathe, 2004","Elmasri/Navath
e","Addison-
Wesley",2004,,
1843,1322,1,제대로 배우는 데이터베이스 세계,홍의경,생능출판사,2024,9791192932705,
1844,1323,1,Modern Compiler Implementation in ML,Andrew W. Appel and Maia Ginsburg,Cambridge University Press,2004,978-0521607650,
1845,1324,1,System Analysis and Design with UML,"Dennis, Wixom, Tegarden",wiley,2009,,
1846,1324,2,소프트웨어공학,송영재,이한출판사,2004,,
1847,1326,1,기계학습(Machine Learning),오일석(Oh Il-Seok),한빛아카데미,,,
1848,1326,2,패턴인식(Pattern Recognition),오일석(Oh Il-Seok),교보문고,,,
1849,1327,1,Slides made by instructor,,,,,
1850,1332,1,창의적설계프로젝트,조진성,홍릉과학출판사,2014,9791156000273,
1851,1334,1,High Performance Browser Networking,ILYA GRIGORIK,O'REILLY,2013,9781449344764,
1852,1334,2,생각의 창의성 TRIZ,김효준,지예,2004,9788995523308,
1853,1335,1,창의적설계프로젝트,조진성,홍릉과학출판사,2014,9791156000273,
1854,1337,1,창의적설계프로젝트,조진성,홍릉과학출판사,2014,,
1855,1340,1,NETWORK SECURITY ESSENTIALS. Applications and Standards THIRD EDITION,William Stallings,Pearson International Edition,2007,0-13-230378-8,
1856,1340,2,"IT CookBook, 네트워크 해킹과 보안(4판)","양대일, 홍성혁",한빛아카데미,2023,9791156646198,
1857,1344,1,NETWORK SECURITY ESSENTIALS. Applications and Standards THIRD EDITION,William Stallings,Pearson International Edition,2007,0-13-230378-8,
1858,1344,2,"IT CookBook, 네트워크 해킹과 보안(4판)","양대일, 홍성혁",한빛아카데미,2023,9791156646198,
1859,1345,1,(교재) Digital Image Processing 4/E,Rafael C. Gonzalez,Pearson,2018.02.01,9781292223049,
1860,1345,2,(참고) OpenCV 4로 배우는 컴퓨터비전과 머신러닝,황선규,길벗,2019,9780071084789,
1861,1346,1,Interactive computer graphic: A top-down approach with OpenGL (참고교재),Edward Angel,Addison Wesley,,,
1862,1346,2,Fundamentals of Computer Graphics,"Steve Marschner, Peter Shirley",CRC,,,
1863,1346,3,Computer Graphics: Principles and Practice,John Hughes,Pearson,,,
1864,1348,1,"데이터통신과네트워킹,6th edition",BEHROUZ A. FOROUZAN,McGraw-Hill Korea,2013,978-89-6055-289-0,
1865,1348,2,network security essential,William Stalling,Prentice hall,2016,0-13-230378-7,
1866,1349,1,시스코 아카데미 패킷트레이서,"유인태, 김정윤",경희대학교 출판사,2019,9788982226090,
1867,1349,2,www.netacad.com,Cisco Academy Connecting Things 2.0,Cisco Systems,2025,N,
1868,1350,1,"IT CookBook, Android Studio를 활용한 안드로이드 프로그래밍(9판)","우재남 , 박길식",한빛아카데미,2024,9791156640219,
1869,1351,1,NETWORK SECURITY ESSENTIALS. Applications and Standards THIRD EDITION,William Stallings,Pearson International Edition,2007,0-13-230378-8,
1870,1351,2,"IT CookBook, 네트워크 해킹과 보안(4판)","양대일, 홍성혁",한빛아카데미,2023,9791156646198,
1871,1352,1,최신논문,.,.,.,.,
1872,1360,1,최신논문,.,.,.,.,
1873,1368,1,Digital Design (5th/6th),Mano and Ciletti,Peason/교보문고,2012/2018,"9788945001702
286516-4",
1874,1368,4,Introduction to Logic Design 3th,Marcovitz,McGraw-Hill,2010,06675-6,
1875,1369,1,Digital Design (5th/6th),M. Morris R. Mano & Michael D. Ciletti,Pearson Education,2018,,
1876,1370,1,Digital Design,M. Morris Mano,Prentice Hall,2002,0130621218,
1877,1370,4,"Digital Systems: Principles and 
Applications (7th edition)","Ronald J. Tocci and 
Neal S. Widmer",Prentice Hall,1997,0137005105,
1878,1371,1,Digital Design,"M. Morris Mano, Michael D. Ciletti",Pearson,2018,9781292231167,
1879,1372,1,Signal and Systems(2nd Edition),"Simon Haykin Barry 
Van Veen",John Wiley & Sons,2003,0471164747,
1880,1373,1,"Signals and Systems (Pearson New International Edition, Second Edition)","Alan V Oppenheim
Alan S. Willsky
with S. Hamid",Pearson,2013,9781292025902,
1881,1374,1,"Signals and Systems, 2nd edition","Simon Haykim, Barry Van Veen",Wiley,2002,0471164747,
1882,1375,1,"Probability and Stochastic Processes: A 
friendly introduction for electrical and 
computer engineering, 3rd Ed.","R.D.Yates and 
D.J.Goodman",Wiley,2018,,
1883,1375,2,주 교재의 번역판(3판),,,,,
1884,1375,4,Random Signal Processing,,,,,
1885,1376,1,Proibalilty and Stochastic Process,Roy D.,Wiley,,,
1886,1377,1,"Probability and Stochastic Processes, 3rd Edition",R.D. Yates and D.J. Goodman,Wiley,2014,0131453408,
1887,1377,4,확률변수와 통계의 기초,"박소령, 김윤희, 김석찬, 송익호",자유아카데미,2017,참고교재,
1888,1378,1,Probability and Random Processes for Electrical Engineering,Alberto Leon-Garcia,Addison-Wesley,2008,,
1889,1378,2,확률 및 랜덤 프로세서,"Alberto Leon-Garcia, 고현석 외 7인 공역",자유아카데미,2008,,
1890,1379,1,"Probability and Stochastic Processes, 3rd Edition",R.D. Yates and D.J. Goodman,,,,
1891,1380,1,"Probability, Random Variables and Random Signal Principles 
and Random Signal Principles
5th Edition","P. Z. Peebles, Jr. and Bertram Shi
Peebles",Mc Graw Hill,,0073660078,
1892,1380,4,"Probability, Random Variables, and Stochastic Processes",A. Papoulis,Mc Graw Hill,,,
1893,1382,1,"Universal Principles of UX:
100 Timeless Strategies to Create Positive Interactions Between People and Technology",Irene Pereyra,Rockport Publishers,2023,,
1894,1383,1,경영과학 8판 (Introduction to Operations Research 번역본),"Hillier & Lieberman, 김선교 외 역",지필미디어,2007,9788960550155,
1895,1383,2,경영과학 9판 (Introduction to Operations Research 번역본),"Hillier & Lieberman, 김선교 외 역",지필미디어,2020,9791186674673,
1896,1383,4,경영과학 3판 (기초부터 심화까지),홍성필,율곡출판사,2022,9791191812343,
1897,1384,1,Investment Science,David G. Luenberger,Oxford University Press,1997-07-03,0195108094,
1898,1384,2,"Options, Futures, and Other Derivatives, Global Edition",John Hull,Pearson,2021-06-24,1292410655,
1899,1385,1,"Introduction to Mechatronics and 
Measurement Systems, 4th edition","D. G. Alciatore and 
M. B. Histand",McGraw-Hill,2012,,
1900,1385,2,"메카트로닉스, 제2판",이순걸 외,문운당,2003,,
1901,1385,3,Handout on Web,Soon-Geul Lee,,,,
1902,1385,4,메카트로닉스 3판 (MECHATRONICS),"저자: W.BOLTON, 
역자 : 이만형 외",사이텍미디어,2004,,
1903,1386,1,"다물체동역학 입문, 이론 및 Recurdyn 실습",최진환,"문운당
Wiley",2016,9791156922469,
1904,1386,4,"Coumutational Dynamics,",A. Shabana,"John &
Wiley",,,
1905,1386,5,RecurDyn manual,,FunctionBay,,,
1906,1386,6,Rego Mindstorm manaul,,"Rego Inc.,",,,
1907,1387,1,"다물체동역학 입문, 이론 및 Recurdyn 실습",최진환,문운동 Wiley,2016,9791156922469,
1908,1387,2,Computational Dynamics,A. Shabana,John & Wiley,,,
1909,1387,3,RecurDyn manual,,FunctionBay,,,
1910,1388,1,"다물체동역학 입문, 이론 및 Recurdyn 실습",최진환,"문운당
Wiley",2016,9791156922469,
1911,1388,4,"Coumutational Dynamics,",A. Shabana,"John &
Wiley",,,
1912,1388,5,RecurDyn manual,,FunctionBay,,,
1913,1388,6,Rego Mindstorm manaul,,"Rego Inc.,",,,
1914,1389,1,"Introduction to Robotics, Global Edition, 4th Edition",John J. Craig,"Pearson Prentice 
Hall",2019,9781292164939,
1915,1390,1,Lecture notes,Jongwoo Kim,,,,
1916,1390,2,"Introduction to Robotics, Global Edition, 4th Edition",John Craig,Pearson Higher Education,,,
1917,1390,3,"Modern Robotics, Mechanics, Planning, and Control","Kevin M. Lynch , Frank C. Park",Cambridge University Press,,,
1918,1391,1,디자인씽킹,대니얼링,생능출판사,20170215,,
1919,1391,2,https://ko.wikipedia.org/wiki/%EB%94%94%EC%9E%90%EC%9D%B8_%EB%A6%AC%EC%84%9C%EC%B9%98,,,,,
1920,1391,3,http://blog.ibk.co.kr/1556#.VTkGOaHGlpd.facebook,,,,,
1921,1392,1,창의적 공학설계,김은경,한빛아카데미,2020,,
1922,1392,2,대자인씽킹,대니얼링,생능출판사,2017,,
1923,1393,1,"Practical Programming
(An Introduction to Computer Science Using Python)",Paul Gries,The Pragmatic Bookshelf,2017,9781937785451 ( 1937785459 ),
1924,1393,2,[참조] Do it! 점프 투 파이썬,박응용,이지스퍼블리싱,2016,,
1925,1393,3,[참조] Do it! 자바스크립트+제이쿼리 입문,정인용,이지스퍼블리싱,2014,,
1926,1394,1,주교재: 박상근 교수 자체 제작 PPT (e-Campus에서 다운로드),박상근,박상근,,,
1927,1394,2,[참고도서] Do it! 점프 투 파이썬 (https://wikidocs.net/book/1 에 무료 공개),박응용,이지스퍼블리싱,2019,9791163030911,
1928,1394,3,[참고도서] 왕초보를 위한 Python: 쉽게 풀어 쓴 기초 문법과 실습(https://wikidocs.net/book/2 에 무료 공개),전뇌해커,,,,
1929,1395,1,Do it! 점프 투 파이썬,박응용,이지스퍼블리싱,2019,9791163034735,
1930,1395,2,Do it! 자바스크립트+제이쿼리 입문,전인용,이지스퍼블리싱,2018,9791163030034,
1931,1396,1,"Practical Programming
(An Introduction to Computer Science Using Python)",Paul Gries,The Pragmatic Bookshelf,2017,9781937785451 ( 1937785459 ),
1932,1396,2,[참조] Do it! 점프 투 파이썬,박응용,이지스퍼블리싱,2016,,
1933,1396,3,[참조] Do it! 자바스크립트+제이쿼리 입문,정인용,이지스퍼블리싱,2014,,
1934,1397,1,강의노트,,,,,
1935,1398,1,강의노트로 대체함,,,,,
1936,1398,2,https://www.docker.com/,,,,,
1937,1398,3,https://kubernetes.io/,,,,,
1938,1400,1,Python Machine Learning,Sebastian Raschka,Packt Publishing,2019,9781789955750,
1939,1400,2,Mathematics for Machine Learning,Marc Peter Deisenroth,Cambridge University Press,2017,9781108455145,
1940,1400,3,Introduction to Machine Learning with Python,Andreas C. Muller,O'Reilly Media,2017,9781449369415,
1941,1400,4,"머신 러닝 교과서 with 파이썬, 사이킷런, 텐서플로",세바스찬 라시카 (옮긴이: 박해선),길벗,2019,9791160507966,
1942,1401,1,(이론 교재) 기계학습,오일석,한빛아카데미,2017,,
1943,1401,2,"(실습 참고자료) 머신 러닝 교과서 with 파이썬, 사이킷런, 텐서플로",세바스찬 라시카 (옮긴이: 박해선),길벗,2021,,
1944,1402,1,(이론 교재) 기계학습,오일석,한빛아카데미,2017,,
1945,1402,2,"(실습 참고자료) 머신 러닝 교과서 with 파이썬, 사이킷런, 텐서플로",세바스찬 라시카 (옮긴이: 박해선),길벗,2021,,
1946,1403,1,"Basic Engineering Circuit Analysis, 12th Edition, International Adapation","Irwin, J. David
Nelms, R. M",Wiley & Sons,2021,,
1947,1403,2,"Signals & Systems, 2nd Edition, International Edition","Alan V. Oppenheim
Alan S. Willsky",Prentice Hall/Pearson,2011/2015,9781292025902,
1948,1404,1,Introduction to 3D Game Programming with DirectX® 12,F. D. Luna,Mercury Learning,,,
1949,1404,2,강의노트,이대호,,,,
1950,1405,1,Human-Computer Interaction: An Empirical Research Perspective 2nd Edition,I. Scott MacKenzie,Morgan Kaufmann Publishers,2024,9780443140969,
1951,1405,2,Sensation and Perception (Asia Edition),"E. Bruce Goldstein , Laura Cacciamani",CENGAGE,2021,9789814986724,
1952,1405,3,The VR Book,"Jerald, Jason",Morgan & Claypool Publishers,2015,9781970001150,
1953,1405,4,Human Computer Interaction Handbook,JACKO,CRC Press,2012,9781439829431,
1954,1405,5,VIRTUAL REALITY,Steven M. LaValle.,Cambridge University Press,,,
1955,1413,1,주교재,수업자료,,,,
1956,1413,2,부교재,Learning OpenCV 4 Computer Vision with Python 3,Packt Publishing,2020,1789531616,
1957,1416,1,풀스택 개발이 쉬워지는 다트&플러터,이성원,영진닷컴,2023,,
1958,1417,1,자체 제작 교안 사용 예정,박상근,박상근,2024,,
1959,1428,1,파이토치와 유니티 ML-Agents로 배우는 강화학습,"민규식 , 이현호 , 김영록 , 정유정 , 정규열 , 박유민",위키북스,2022,9791158393410,
1960,1428,2,AI for Games,Ian Millington,에이콘,2019,9781138483972,
1961,1428,3,Deep Learning with PyTorch: A practical approach to building neural network models using PyTorch,Vishnu Subramanian,에이콘,2019,9781788624336,
1962,1429,1,강의노트로 대체함,,,,,
1963,1430,1,강의 자료,,,,,
1964,1430,2,"Digital Image Processing, 4th Edition",R.C. Gonzalez & R.E. Woods,Prentice Hall,2018,9781292223049,
1965,1430,3,"Digital Image Processing, 4th Edition",W.K. Pratt,WILEY-INTERSCIENCE,2007,9780471767770,
1966,1430,4,Pattern Classification,"R.O. Duda, P.E. Hart & D.G. Stork",WILEY-INTERSCIENCE,2000,9780471056690,
1967,1431,1,주교재,수업자료,,,,
1968,1431,2,[부교재 1] Grokking Deep Reinforcement Learning,Miguel Morales,Manning,,1617295450,
1969,1431,3,[부교재 2] Reinforcement Learning: An Introduction,Richard S. Sutton,Braford Books,,262039249,
1970,1436,1,"Explainable AI: Interpreting, Explaining and Visualizing Deep Learning",Wojciech SamekGrégoire MontavonAndrea VedaldiLars Kai HansenKlaus-Robert Müller,Springer,2019,9783030289539,
1971,1439,1,강의 노트,이대호,Southern Adventist University,,,
1972,1439,2,Fundamentals of C++Programming,Richard L. Halterman,Southern Adventist University,2018,,
1973,1440,1,Fundamentals of C++ Programming,Richard L. Halterman,Southern Advantist University,2018,,
1974,1441,1,Fundamentals of C++Programming,Richard L. Halterman,Southern Adventist University,,,
1975,1442,1,"Discrete mathematics with applications (5th edition, Metric Edition)",Susanna S. Epp,,2018,,
1976,1442,2,이산수학 및 응용 (4th edition),"Susanna S. Epp 지음, 김환구 외 7인 번역",한티미디어 (북스힐),2013,,
1977,1443,1,"Discrete Mathematics with Applications, 5/E",Susanna S. Epp,Brooks/Cole,2018,9780357114087,
1978,1443,2,이산수학 및 응용 [제4판],Susanna S. EPP 저 / 김환구 등저,한티미디어,2013,9788964211458,
1979,1444,1,Computer Organization and Design: The Hardware/Software Interface (5th Edition),J. Hennessy and D. Patterson,Morgan Kaufmann,2014,,
1980,1445,1,Computer Organization and Design: The Hardware/Software Interface (5th Edition),J. Hennessy and D. Patterson,Morgan Kaufmann,2014,,
1981,1446,1,자료구조,윤태,태영문화사,2008,9788991656802,
1982,1447,1,"C++ Plus Data Structures,Third Edition",Nell Dale,Jones and Bartlett,2003,,
1983,1447,3,"C++ 자료구조, 제2판","이웅재, 권 오준, 김진일, 신 재홍, 오용철, 임 화경, 조재현 공 역",사이텍미디어,2003,,
1984,1447,4,C++ 자료구조론,이석호 역,교보문고,2001,,
1985,1447,5,C++를 이용한 자료구조,"유관희, 유 재수, 정병수, 정 연모 공역",미래컴,2002,,
1986,1448,1,"C++ Plus Data Structures,Third Edition",Nell Dale,Jones and Bartlett,2003,0763704814,
1987,1448,3,"C++ 자료구조, 제2판","이웅재, 권 오준, 김진일, 신 재홍, 오용철, 임 화경, 조재현 공 역",사이텍미디어,2003,,
1988,1448,4,C++ 자료구조론,이석호 역,교보문고,2001,,
1989,1448,5,C++를 이용한 자료구조,"유관희, 유 재수, 정병수, 정 연모 공역",미래컴,2002,,
1990,1449,1,Operating System Concepts,"Avi Silberschatz, Peter Baer Galvin, Greg Gagne","John Wiley & Sons, Inc.",2021,978-1-118-06333-0,
1991,1450,1,Operating System Concepts (10th edition),"Abraham Silberschatz, Peter B. Galvin, and Greg Gagne",John Wiley & Sons,2019,,
1992,1451,1,Data Communications and Networking,"Behrouz A. 
Forouzan",교보문고,2005,0072525848,
1993,1452,1,시스코 아카데미 패킷트레이서,"유인태, 김정윤",경희대학교 출판문화원,2019,9788982226090,
1994,1453,1,An Introduction to Computer Networks ['추가문헌 및 자료' 참조],Peter L Dordal,Loyola University Chicago,2018,,
1995,1454,1,시스코 아카데미 패킷트레이서,"유인태, 김정윤",경희대학교 출판문화원,2019,,
1996,1455,1,Foundations of Algorithms using C++ pseudocode,"Neapolitan, Nimipour, 도경구역",사이텍미디어,2004,,
1997,1455,2,이산수학 및 응용 (4th edition),"Susanna S. Epp 지음, 김환구 외 7인 번역",한티미디어 (북스힐),2013,,
1998,1456,1,Foundations of Algorithms using C++ pseudocode,"Neapolitan, Nimipour, 도경구역",사이텍미디어,2004,,
1999,1457,1,데이터베이스 배움터,홍의경,생능출판사,2014,,
2000,1457,4,"Fundamentals of Database Systems(4th 
Ed.) 
Elmasri/Navathe, 2004","Elmasri/Navath
e","Addison-
Wesley",2004,,
2001,1458,1,제대로 배우는 데이터베이스 세계,홍의경,생능출판사,2024,9791192932705,
2002,1459,1,데이터베이스 배움터,홍의경,생능출판사,2014,,
2003,1459,4,"Fundamentals of Database Systems(4th 
Ed.) 
Elmasri/Navathe, 2004","Elmasri/Navath
e","Addison-
Wesley",2004,,
2004,1460,1,System Analysis and Design with UML,"Dennis, Wixom, Tegarden",wiley,2009,9780470074787,
2005,1460,2,소프트웨어공학,송영재,이한츌판사,2004,8982413332,
2006,1461,1,System Analysis and Design with UML,"Alan Dennis, Barbara Wixom, David Tegarden",Wiley,2012,9781118037423,
2007,1461,2,쉽게 배우는 소프트웨어 공학,김치수,한빛아카데미,2021,9791156645429,
2008,1461,3,소프트웨어 공학의 모든 것,최은만,생능출판,2024,9791192932965,
2009,1462,1,기계학습(Machine Learning),오일석(Oh Il-Seok),한빛아카데미,,,
2010,1462,2,패턴인식(Pattern Recognition),오일석(Oh Il-Seok),교보문고,,,
2011,1463,1,기계학습(Machine Learning),오일석(Oh Il-Seok),한빛아카데미,,,
2012,1463,2,패턴인식(Pattern Recognition),오일석(Oh Il-Seok),교보문고,,,
2013,1465,1,파이썬으로 만드는 인공지능,"오일석, 이진선 저",한빛출판사,,,
2014,1465,2,PyTorchZeroToAll,Sung Kim,online,,,
2015,1465,3,Hands-on Introduction to OpenMP,"Mattson, et al.",online,,,
2016,1465,4,CUDA C++ Programming Guide,NVidia,online,,,
2017,1468,1,창의적설계프로젝트,조진성,홍릉과학출판사,2014,9791156000273,
2018,1474,1,창의적설계프로젝트,조진성,홍릉과학출판사,2014,,
2019,1477,1,NETWORK SECURITY ESSENTIALS. Applications and Standards THIRD EDITION,William Stallings,Pearson International Edition,2007,0-13-230378-8,
2020,1477,2,"IT CookBook, 네트워크 해킹과 보안(4판)","양대일, 홍성혁",한빛아카데미,2023,9791156646198,
2021,1481,1,Lecture Notes,박광훈,,,,
2022,1481,2,Fundamentals of Multimedia,"Ze-Nian Li, Mark S. 
Drew","Pearson/Prentice 
Hall",,0130618721,
2023,1481,4,그림으로보는 최신 MPEG,정제창 역,교보문고,,,
2024,1481,5,H.264 and MPEG-4 Video Compression,,Wiley,,,
2025,1482,1,Slides made by instructor,,,,,
2026,1493,1,Digital Design,M. Morris Mano,Prentice Hall,2002,0130621218,
2027,1493,4,"Digital Systems: Principles and 
Applications (7th edition)","Ronald J. Tocci and 
Neal S. Widmer",Prentice Hall,1997,0137005105,
2028,1494,1,Digital Design (5th/6th),Mano and Ciletti,Peason/교보문고,2012/2018,"9788945001702
286516-4",
2029,1494,4,Introduction to Logic Design 3th,Marcovitz,McGraw-Hill,2010,06675-6,
2030,1495,1,Digital Design,Mano and Ciletti,Person,,,
2031,1495,2,Introduction to design,Alan B. Marcovitz,McGraw-Hill,,,
2032,1496,1,Signal and Systems(2nd Edition),"Simon Haykin Barry 
Van Veen",John Wiley & Sons,2003,0471164747,
2033,1497,1,"Signals and Systems, 2nd Edition","Alan V. Oppenheim, Alan S. Willsky",Prentice Hall,2013,9781292025902,
2034,1498,1,"Signals and Systems, 2nd edition","Simon Haykim, Barry Van Veen",Wiley,2002,0471164747,
2035,1499,1,"Probability and Stochastic Processes, 3rd Edition",R.D. Yates and D.J. Goodman,Wiley,2014,0131453408,"3판, 4판 상관없으나 강의 자료는 3판을 기반으로 함."
2036,1499,2,"Probability and Stochastic Processes, 4th Edition",R.D. Yates and D.J. Goodman,Wiley,2024,9781394304226,
2037,1499,4,확률변수와 통계의 기초,"박소령, 김윤희, 김석찬, 송익호",자유아카데미,2025,979-11-5808-710-4,참고교재
2038,1500,1,Probability and Random Processes for Electrical Engineering,Alberto Leon-Garcia,Addison-Wesley,2008,,
2039,1500,2,확률 및 랜덤 프로세서,"Alberto Leon-Garcia, 고현석 외 7인 공역",자유아카데미,2008,,
2040,1501,1,"Probability and Stochastic Processes, 3rd Edition",R.D. Yates and D.J. Goodman,,,,
2041,1502,1,Proibalilty and Stochastic Process,Roy D.,Wiley,,,
2042,1503,1,"Probability and Stochastic Processes: A 
friendly introduction for electrical and 
computer engineering, 3rd Ed.","R.D.Yates and 
D.J.Goodman",Wiley,2018,,
2043,1503,2,주 교재의 번역판(3판),,,,,
2044,1503,4,Random Signal Processing,,,,,
2045,1504,1,로보틱스 입문,John J. Craig 지음. 장평훈 옮김,텍스트북스,2021,978-981-3137-33-2,
2046,1504,2,e-campus.khu.ac.kr,,,,,
2047,1505,1,Bulfinch's Mythologies: The Age of Fable or Stories of Gods and Heroes,Thomas Bulfinch,Createspace Independent Publishing Platform,2016,1535074744,
2048,1505,2,"세상은 이야기로 만들어졌다: 신화, 거짓말, 유토피아","자미라 엘 우아실, 프리데만 카릭",원더박스,2023,979 11 9295315 1,
2049,1505,3,소포클레스  비극 전집,소포클레스,숲,2008,,
2050,1505,4,채식주의자,한강,창비,,,
2051,1506,1,"Probability and Statistics for
Engineering and Scientists (4th
International Edition)",Anthony J. Hayter,"Thomson Brooks /
Cole",2012,,
2052,1507,1,Probability and Statistics for Engineering and Scientists (4th International Edition),Anthony J. Hayter,Thomson Brooks / Cole,2012,,
2053,1508,1,강의자료집 배포 예정,,,,,
2054,1508,2,Introduction to Data Mining 2/E,"Pang-ning Tan, Michael Steinbach, Anuj Karpatne, Vipin Kumar",PEARSON/휴먼싸이언스,2019,9780273769224,
2055,1508,3,Data Science for Business: What You Need to Know about Data Mining and Data-Analytic Thinking,Foster Provost and Tom Fawcett,O'Reilly Media,2013,9781449361327,
2056,1508,4,"Hands-On Machine Learning with Scikit-Learn and TensorFlow: Concepts, Tools, and Techniques to Build Intelligent Systems 2nd Edition",Aurélien Géron,O'Reilly Media,2019,9781492032649,
2057,1509,1,경영과학 8판 (Introduction to Operations Research 번역본),Hillier & Lieberman,지필미디어,2007,9788960550155,
2058,1509,2,경영과학 9판 (Introduction to Operations Research 번역본),Hillier & Lieberman,지필미디어,2020,9791186674673,
2059,1509,4,경영과학 3판 (기초부터 심화까지),홍성필,율곡출판사,2022,9791191812343,
2060,1510,1,Introduction to Data Mining (2nd Edition),"Pang-Ning Tan, Michael Steinbach, Anuj Karpatne, Vipin Kumar","Pang-Ning Tan, Michael Steinbach, Anuj Karpatne, Vipin Kumar",2018,978-0133128901,
2061,1510,2,강의자료집 배포 예정.,,,,,
2062,1511,1,"Engineering Mechanics-
Dynamics,","A. Bedford, 
W. Fowler,","Addison 
Wesley",1999,,
2063,1511,2,동역학,유홍희,문운당,2021,,
2064,1511,4,"다물체동역학입문, 이론 및 Recurdyn 실습",최진환,문운당,2016,,
2065,1511,5,Computational Dynamics.,A.Shabana,Wiley,,,
2066,1512,1,Engineering Mechanics - Dynamics,"A. Bedford and W. 
Fowler","Prentice 
Hall/Pearson",2008,9810679742,
2067,1513,1,Engineering Mechanics Dynamics,"A. Bedford, W.Fowler",Addison Wesley,2008,,
2068,1513,2,Engineering Mechanics Dynamics 동역학 (6판),"A. Bedford, W.Fowler",한빛아카데미,2024,,
2069,1513,3,동역학,유홍희,문운당,2021,,
2070,1514,1,System Dynamics (4th Ed.),Ogata,,,,
2071,1514,2,Modern Control Engineering (4th Ed.),Ogata,,,,
2072,1514,4,자동제어 (7판),"BENJAMIN 
C.KUO",청문각,1990,897088646X,
2073,1514,5,"시스템해석(4판)
of Dynamic Systems, 2/E","이순걸 외
William J.",피어슨에듀케이션,2004,,
2074,1514,6,제어시스템공학(3판),"NORMAN 
S.NISE","홍릉과학출
판사",2002,8972832472,
2075,1515,1,강의 노트,,,,,
2076,1516,1,창의적 공학설계,김은경,한빛아카데미,2020,,
2077,1516,2,대자인씽킹,대니얼링,생능출판사,2017,,
2078,1517,1,디자인씽킹,대니얼링,생능출판사,20170215,,
2079,1517,2,https://ko.wikipedia.org/wiki/%EB%94%94%EC%9E%90%EC%9D%B8_%EB%A6%AC%EC%84%9C%EC%B9%98,,,,,
2080,1517,3,http://blog.ibk.co.kr/1556#.VTkGOaHGlpd.facebook,,,,,
2081,1518,1,"Practical Programming
(An Introduction to Computer Science Using Python)",Paul Gries,The Pragmatic Bookshelf,2017,9781937785451 ( 1937785459 ),
2082,1518,2,[참조] Do it! 점프 투 파이썬,박응용,이지스퍼블리싱,2016,,
2083,1518,3,[참조] Do it! 자바스크립트+제이쿼리 입문,정인용,이지스퍼블리싱,2014,,
2084,1519,1,주교재: 박상근 교수 자체 제작 PPT (e-Campus에서 다운로드),박상근,박상근,,,
2085,1519,2,[참고도서] Do it! 점프 투 파이썬 (https://wikidocs.net/book/1 에 무료 공개),박응용,이지스퍼블리싱,2019,9791163030911,
2086,1519,3,[참고도서] 왕초보를 위한 Python: 쉽게 풀어 쓴 기초 문법과 실습(https://wikidocs.net/book/2 에 무료 공개),전뇌해커,,,,
2087,1520,1,"Practical Programming
(An Introduction to Computer Science Using Python)",Paul Gries,The Pragmatic Bookshelf,2017,9781937785451 ( 1937785459 ),
2088,1520,2,[참조] Do it! 점프 투 파이썬,박응용,이지스퍼블리싱,2016,,
2089,1520,3,[참조] Do it! 자바스크립트+제이쿼리 입문,정인용,이지스퍼블리싱,2014,,
2090,1521,1,강의노트,,,,,
2091,1522,1,파이썬을 이용한 수치해석,박철근,자유아카데미,2022,,
2092,1522,2,파이썬과 수치 해석 2/e,로버트 요한슨,에이콘,2019,,
2093,1522,3,"머신 러닝을 위한 수학 with 파이썬, R",이원상,길벗,2020,,
2094,1522,4,Applied Numerical Methods with Python for Engineers and Scientists,"Steven Chapra , David Clough",McGraw-Hill,2022,,
2095,1523,1,이득우의 게임 수학,이득우,책만,2022,,
2096,1523,2,프로그래머를 위한 수학,"폴 올랜드(저); 노화준, 박종대, 박한길, 신정규(역)",한빛미디어,2021,,
2097,1523,3,Mathematics for Game Programming and Computer Graphics,Penny de Byl,Packt Programming,2022,,
2098,1524,1,Game Engine Architecture,Jason Gregory,CRC Press,2018,978-1138035454,
2099,1525,1,강의노트로 대체함,,,,,
2100,1525,2,https://www.docker.com/,,,,,
2101,1525,3,https://kubernetes.io/,,,,,
2102,1527,1,Python Machine Learning,Sebastian Raschka,Packt Publishing,2019,9781789955750,
2103,1527,2,Mathematics for Machine Learning,Marc Peter Deisenroth,Cambridge University Press,2017,9781108455145,
2104,1527,3,Introduction to Machine Learning with Python,Andreas C. Muller,O'Reilly Media,2017,9781449369415,
2105,1527,4,"머신 러닝 교과서 with 파이썬, 사이킷런, 텐서플로",세바스찬 라시카 (옮긴이: 박해선),길벗,2019,9791160507966,
2106,1528,1,(이론 교재) 기계학습,오일석,한빛아카데미,2017,,
2107,1528,2,"(실습 참고자료) 머신 러닝 교과서 with 파이썬, 사이킷런, 텐서플로",세바스찬 라시카 (옮긴이: 박해선),길벗,2021,,
2108,1529,1,(이론 교재) 기계학습,오일석,한빛아카데미,2017,,
2109,1529,2,"(실습 참고자료) 머신 러닝 교과서 with 파이썬, 사이킷런, 텐서플로",세바스찬 라시카 (옮긴이: 박해선),길벗,2021,,
2110,1532,1,VIRTUAL REALITY,Steven M. LaValle,Cambridge University Press,2016,,
2111,1533,1,"핵심 딥러닝 입문: RNN, LSTM, GRU, VAE, GAN 구현",아즈마 유키나가(저)& 최재원(역),책만,2020,9791189909277,
2112,1533,2,모던로보틱스,"케빈M.린치, 박종우",에이콘,2023,,
2113,1533,3,Hands-On Deep Learning for Games,Micheal Lanham,Packt Publishing,2019,,
2114,1533,4,이득우의 게임 수학,이득우,책만,2022,,
2115,1537,1,Mastering ROS for Robotics Programming 2E,"Lentin Joseph,Jonathan Cacace",Packt Publishing,2018,,
2116,1537,2,ROS 로봇 프로그래밍,"표윤석, 조한철, 정려운, 임태훈",루비페이퍼,2017,,
2117,1543,1,풀스택 개발이 쉬워지는 다트&플러터,이성원,영진닷컴,2023,,
2118,1553,1,Python Data Science Handbook,Jake VanderPlas,O'Reilly Media,2016,978-1491912058,
2119,1553,2,Fundamentals of Data Visualization,Claus O. Wike,O'Reilly Media,2017,978-1492031086,
2120,1553,3,Python for Data Analysis,Wes McKinney,O'Reilly Media,2017,978-1491957660,
2121,1553,4,Think Python (2nd Edition),Allen B. Downey,O'Reilly Media,2015,978-1491939369,
2122,1553,5,Data Visualization: A practical introduction,Kieran Healy,Princeton University Press,2018,978-0691181622,
2123,1553,6,Modern Data Science with R,Benjamin S. Baumer,CRC Press,2020,978-1498724487,
2124,1555,1,강의노트로 대체함,,,,,
2125,1556,1,Fundamentals of C++ Programming,Richard L. Halterman,Southern Advantist University,,,
2126,1557,1,창의적사고와 코딩/사회,서응교 외 2명,노스보스,2018,9788970926025,
2127,1557,2,게임제작으로 배우는 유니티,"이종원, 정종필",한빛아카데미,2021,9791156645108,
2128,1558,1,Think Python (2nd Edition),Allen B. Downey,O’REILLY MEDIA,2015,9781491939369,
2129,1558,2,[참조] Do it! 점프 투 파이썬,박응용,이지스퍼블리싱,2016,,
2130,1558,3,[참조] Do it! 자바스크립트+제이쿼리 입문,정인용,이지스퍼블리싱,2014,,
2131,1559,1,"Practical Programming
(An Introduction to Computer Science Using Python)",Paul Gries,The Pragmatic Bookshelf,2017,9781937785451 ( 1937785459 ),
2132,1560,1,풀스택 개발이 쉬워지는 다트&플러터,이성원,영진닷컴,2023,,
2133,1561,1,Fundamentals of C++Programming,Richard L. Halterman,Southern Adventist University,,,
2134,1562,1,창의적사고와 코딩/사회,서응교 외 2명,노스보스,2018,,
2135,1562,2,게임제작으로 배우는 유니티,"이종원, 정종필",한빛아카데미,2021,,
2136,1563,1,Think Python (2nd Edition),Allen B. Downey,O’REILLY MEDIA,2015,9781491939369,
2137,1563,2,[참조] Do it! 점프 투 파이썬,박응용,이지스퍼블리싱,2016,,
2138,1563,3,[참조] Do it! 자바스크립트+제이쿼리 입문,정인용,이지스퍼블리싱,2014,,
2139,1564,1,"Practical Programming
(An Introduction to Computer Science Using Python)",Paul Gries,The Pragmatic Bookshelf,2017,9781937785451 ( 1937785459 ),
2140,1565,1,Computers: Tools for an Information Age (7th Ed.),H. L. Capron and J. A. Johnson,Prentice Hall,2002,0-13-091954-3,
2141,1565,2,인공지능 개념 및 응용 4판,"도용태 , 김일곤 , 김종완 , 박창현 , 강병호",사이텍미디어,2009,9788955501995,
2142,1566,1,혼자 공부하는 머신러닝+딥러닝,박해선,한빛미디어,2025,9791169213608,20년 말고 25년에 나온 개정판
2143,1569,1,-,-,-,-,-,
2144,1570,1,빅데이터 마이닝: 하둡을 이용한 대용량 데이터 마이닝 기법,"쥬어 레스코벡, 아난드 라자라만, 제프리 데이비드 울만 저/박효균, 이미정 역",에이콘출판사,2021,9791161755137,
2145,1576,1,강의 노트,이대호,Southern Adventist University,,,
2146,1576,2,Fundamentals of C++Programming,Richard L. Halterman,Southern Adventist University,2018,,
2147,1577,1,Fundamentals of C++Programming,Richard L. Halterman,Southern Adventist University,,,
2148,1578,1,Fundamentals of C++ Programming,Richard L. Halterman,Southern Advantist University,2018,,
2149,1579,1,창의적사고와 코딩/사회,서응교 외 2명,노스보스,2018,,
2150,1579,2,게임제작으로 배우는 유니티,"이종원, 정종필",한빛아카데미,2021,,
2151,1580,1,"Discrete mathematics with applications (5th edition, Metric Edition)",Susanna S. Epp,,2018,,
2152,1580,2,이산수학 및 응용 (4th edition),"Susanna S. Epp 지음, 김환구 외 7인 번역",한티미디어 (북스힐),2013,,
2153,1581,1,"Discrete Mathematics with Applications, 5/E",Susanna S. Epp,Brooks/Cole,2018,9780357114087,
2154,1581,2,이산수학 및 응용 [제4판],Susanna S. EPP 저 / 김환구 등저,한티미디어,2013,9788964211458,
2155,1582,1,Computer Organization and Design: The Hardware/Software Interface (5th Edition),J. Hennessy and D. Patterson,Morgan Kaufmann,2014,,
2156,1583,1,Computer Organization and Design: The Hardware/Software Interface (5th Edition),J. Hennessy and D. Patterson,Morgan Kaufmann,2014,,
2157,1585,1,"C++ Plus Data Structures,Third Edition",Nell Dale,Jones and Bartlett,2003,0763704814,
2158,1585,4,"C++ 자료구조, 제2판","이웅재, 권 오준, 김진일, 신 재홍, 오용철, 임 화경, 조재현 공 역",사이텍미디어,2003,,
2159,1585,5,C++ 자료구조론,이석호 역,교보문고,2001,,
2160,1585,6,C++를 이용한 자료구조,"유관희, 유 재수, 정병수, 정 연모 공역",미래컴,2002,,
2161,1586,1,"C++ Plus Data Structures,Third Edition",Nell Dale,Jones and Bartlett,2003,,
2162,1586,3,"C++ 자료구조, 제2판","이웅재, 권 오준, 김진일, 신 재홍, 오용철, 임 화경, 조재현 공 역",사이텍미디어,2003,,
2163,1586,4,C++ 자료구조론,이석호 역,교보문고,2001,,
2164,1586,5,C++를 이용한 자료구조,"유관희, 유 재수, 정병수, 정 연모 공역",미래컴,2002,,
2165,1587,1,Operating System Concepts (10th Edition),"A. Silberschatz, P. Galvin and G. Gagne","John Wiley & Sons, Inc.",2018/2019,,
2166,1588,1,"Operating System Concepts, 10th Ed.","Abraham 
Silberschatz
, Peter B. 
Galvin, and 
Greg Gagne","John Wiley 
& Sons",2019,9780470233993,
2167,1589,1,"Computer Networking – A Top-Down Approach (global edition, 8e)","Kurose, Ross",Pearson Education Limited,2021,9781292405469,
2168,1590,1,시스코 아카데미 패킷트레이서,"유인태, 김정윤",경희대학교 출판문화원,2019,,
2169,1591,1,Computer Networking – A Top-Down Approach,"Kurose, Ross",Pearson,2020,9780136681557,
2170,1592,1,Foundations of Algorithms using C++ pseudocode,"Neapolitan, Nimipour, 도경구역",사이텍미디어,2004,,
2171,1592,2,이산수학 및 응용 (4th edition),"Susanna S. Epp 지음, 김환구 외 7인 번역",한티미디어 (북스힐),2013,,
2172,1593,1,Foundations of Algorithms using C++ pseudocode,"Neapolitan, Nimipour, 도경구역",사이텍미디어,2004,,
2173,1594,1,데이터베이스 배움터,홍의경,생능출판사,2014,,
2174,1594,4,"Fundamentals of Database Systems(4th 
Ed.) 
Elmasri/Navathe, 2004","Elmasri/Navath
e","Addison-
Wesley",2004,,
2175,1595,1,제대로 배우는 데이터베이스 세계,홍의경,생능출판사,2024,9791192932705,
2176,1596,1,데이터베이스 배움터,홍의경,생능출판사,2014,,
2177,1596,4,"Fundamentals of Database Systems(4th 
Ed.) 
Elmasri/Navathe, 2004","Elmasri/Navath
e","Addison-
Wesley",2004,,
2178,1597,1,초융합시대의 멀티미디어와 콘텐츠 (멀티미디어 기본 이론부터 최신 기술 동향까지),"김용태, 박길철",한빛 아카데미,,979-11-5664-509-2,참고자료
2179,1597,2,스마트시대의 멀티미디어,"김용태, 박길철",한빛 아카데미,,979-11-5664-147-6,참고자료
2180,1597,3,멀티미디어공학,"하영호,냄재열,최
윤식,원치선 공역",Prentice Hall,,8990758157,참고자료
2181,1598,1,System Analysis and Design with UML,"Dennis, Wixom, Tegarden",wiley,2009,9780470074787,
2182,1598,2,소프트웨어공학,송영재,이한츌판사,2004,8982413332,
2183,1599,1,소프트웨어 공학의 모든 것,최은만,생능출판,2024,9791192932965,
2184,1599,2,System Analysis and Design with UML,"Alan Dennis, Barbara Wixom, David Tegarden",Wiley,2012,9781118037423,
2185,1599,3,쉽게 배우는 소프트웨어 공학,김치수,한빛아카데미,2021,9791156645429,
2186,1599,4,Designing Data-Intensive Applications,Martin Kleppmann,O'Reilly Media,2017,9781449373320,
2187,1600,1,강의노트,,,,,
2188,1602,1,기계학습(Machine Learning),오일석(Oh Il-Seok),한빛아카데미,,,
2189,1602,2,패턴인식(Pattern Recognition),오일석(Oh Il-Seok),교보문고,,,
2190,1603,1,Slides made by instructor,,,,,
2191,1604,1,파이썬으로 만드는 인공지능,"오일석, 이진선 저",한빛출판사,,,
2192,1604,2,PyTorchZeroToAll,Sung Kim,online,,,
2193,1604,3,Hands-on Introduction to OpenMP,"Mattson, et al.",online,,,
2194,1604,4,CUDA C++ Programming Guide,NVidia,online,,,
2195,1609,1,창의적설계프로젝트,조진성,홍릉과학출판사,2014,,
2196,1615,1,NETWORK SECURITY ESSENTIALS. Applications and Standards THIRD EDITION,William Stallings,Pearson International Edition,2007,0-13-230378-8,
2197,1615,2,"IT CookBook, 네트워크 해킹과 보안(4판)","양대일, 홍성혁",한빛아카데미,2023,9791156646198,
2198,1616,1,창의적설계프로젝트,조진성,홍릉과학출판사,2014,9791156000273,
2199,1620,1,NETWORK SECURITY ESSENTIALS. Applications and Standards THIRD EDITION,William Stallings,Pearson International Edition,2007,0-13-230378-8,
2200,1620,2,"IT CookBook, 네트워크 해킹과 보안(4판)","양대일, 홍성혁",한빛아카데미,2023,9791156646198,
2201,1621,1,Interactive computer graphic: A top-down approach with OpenGL (참고교재),Edward Angel,Addison Wesley,,,
2202,1621,2,Fundamentals of Computer Graphics,"Steve Marschner, Peter Shirley",CRC,,,
2203,1621,3,Computer Graphics: Principles and Practice,John Hughes,Pearson,,,
2204,1623,1,"데이터통신과네트워킹,6th edition",BEHROUZ A. FOROUZAN,McGraw-Hill Korea,2013,978-89-6055-289-0,
2205,1623,2,network security essential,William Stalling,Prentice hall,2016,0-13-230378-7,
2206,1624,1,시스코 아카데미 패킷트레이서,"유인태, 김정윤",경희대학교 출판사,2019,9788982226090,
2207,1624,2,www.netacad.com,Cisco Academy Connecting Things 2.0,Cisco Systems,2025,N,
2208,1625,1,"IT CookBook, Android Studio를 활용한 안드로이드 프로그래밍(9판)","우재남 , 박길식",한빛아카데미,2024,9791156640776,
2209,1627,1,Security Engineering: A Guide to Building Dependable Distributed Systems,Ross J. Anderson,John Wiley & Sons (Wiley),2020,978-1-119-64281-7,https://www.cl.cam.ac.uk/archive/rja14/book.html
2210,1627,2,"IT CookBook, 정보 보안 개론(4판)",양대일,한빛아카데미,2021,9791156648130,
2211,1630,1,Security Engineering: A Guide to Building Dependable Distributed Systems,Ross J. Anderson,John Wiley & Sons (Wiley),2020,978-1-119-64281-7,https://www.cl.cam.ac.uk/archive/rja14/book.html
2212,1630,2,"IT CookBook, 정보 보안 개론(4판)",양대일,한빛아카데미,2021,9791156648130,
2213,1635,1,Digital Design,Mano and Ciletti,Person,,,
2214,1635,2,Introduction to design,Alan B. Marcovitz,McGraw-Hill,,,
2215,1636,1,Digital Design (5th/6th),M. Morris R. Mano & Michael D. Ciletti,Pearson Education,2018,,
2216,1637,1,Digital Design (5th/6th),Mano and Ciletti,Peason/교보문고,2012/2018,"9788945001702
286516-4",
2217,1637,4,Introduction to Logic Design 3th,Marcovitz,McGraw-Hill,2010,06675-6,
2218,1638,1,Digital Design,M. Morris Mano,Prentice Hall,2002,0130621218,
2219,1638,4,"Digital Systems: Principles and 
Applications (7th edition)","Ronald J. Tocci and 
Neal S. Widmer",Prentice Hall,1997,0137005105,
2220,1639,1,Signal and Systems(2nd Edition),"Simon Haykin Barry 
Van Veen",John Wiley & Sons,2003,0471164747,
2221,1640,1,"Signals and Systems, 2nd Edition","Alan V. Oppenheim, Alan S. Willsky",Prentice Hall,2013,9781292025902,
2222,1641,1,"신호와시스템(Fundamentals of Signals and Systems)
(1판 번역본)","송주빈 외 6인 역/ Michael J. 
Roberts 저",한티미디어/McGraw Hill,2009,978-89-91182-70-7,
2223,1642,1,Probability and Random Processes for Electrical Engineering,Alberto Leon-Garcia,Addison-Wesley,2008,,
2224,1642,2,확률 및 랜덤 프로세서,"Alberto Leon-Garcia, 고현석 외 7인 공역",자유아카데미,2008,,
2225,1643,1,"Probability and Stochastic Processes, 3rd Edition",R.D. Yates and D.J. Goodman,Wiley,2014,0131453408,"3판, 4판 기본 내용은 동일함."
2226,1643,2,"Probability and Stochastic Processes, 4th Edition",R.D. Yates and D.J. Goodman,Wiley,2024,9781394304226,
2227,1643,4,확률변수와 통계의 기초,"박소령, 김윤희, 김석찬, 송익호",자유아카데미,2025,979-11-5808-710-4,참고교재
2228,1644,1,"Probability and Stochastic Processes
Processes: a friendly 
introduction for electrical and 
computer engineering, 2nd Ed.","R.D. Yates 
and D.J. 
Goodman",Wiley,2004,0471272140,
2229,1645,1,"Probability and Stochastic Processes: A 
friendly introduction for electrical and 
computer engineering, 3rd Ed.","R.D.Yates and 
D.J.Goodman",Wiley,2018,,
2230,1645,2,주 교재의 번역판(3판),,,,,
2231,1645,4,Random Signal Processing,,,,,
2232,1646,1,Proibalilty and Stochastic Process,Roy D.,Wiley,,,
2233,1648,1,"Universal Principles of UX:
100 Timeless Strategies to Create Positive Interactions Between People and Technology",Irene Pereyra,Rockport Publishers,2023,,
2234,1649,1,강의자료집 배포 예정,,,,,
2235,1649,2,Introduction to Data Mining 2/E,"Pang-ning Tan, Michael Steinbach, Anuj Karpatne, Vipin Kumar",PEARSON/휴먼싸이언스,2019,9780273769224,
2236,1649,3,Data Science for Business: What You Need to Know about Data Mining and Data-Analytic Thinking,Foster Provost and Tom Fawcett,O'Reilly Media,2013,9781449361327,
2237,1649,4,"Hands-On Machine Learning with Scikit-Learn and TensorFlow: Concepts, Tools, and Techniques to Build Intelligent Systems 2nd Edition",Aurélien Géron,O'Reilly Media,2019,9781492032649,
2238,1650,1,경영과학 8판 (Introduction to Operations Research 번역본),"Hillier & Lieberman, 김선교 외 역",지필미디어,2007,9788960550155,
2239,1650,2,경영과학 9판 (Introduction to Operations Research 번역본),"Hillier & Lieberman, 김선교 외 역",지필미디어,2020,9791186674673,
2240,1650,4,경영과학 3판 (기초부터 심화까지),홍성필,율곡출판사,2022,9791191812343,
2241,1651,1,Introduction to Data Mining (2nd Edition),"Pang-Ning Tan, Michael Steinbach, Anuj Karpatne, Vipin Kumar","Pang-Ning Tan, Michael Steinbach, Anuj Karpatne, Vipin Kumar",2018,978-0133128901,
2242,1651,2,강의자료집 배포 예정.,,,,,
2243,1652,1,Investment Science,David G. Luenberger,Oxford University Press,1997-07-03,0195108094,
2244,1652,2,"Options, Futures, and Other Derivatives, Global Edition",John Hull,Pearson,2021-06-24,1292410655,
2245,1653,1,강의자료집 배포 예정,,,,,
2246,1653,2,머신러닝 파워드 애플리케이션,Emmanuel Ameisen / 박해선(번역),한빛미디어,2021,9791162244692,
2247,1653,3,디지털 콘텐츠 기획 : 웹&모바일 기획자로 길러주는 실무 지침서,김성은,한빛미디어,2021,9791156645351,
2248,1653,5,,오준,,,,
2249,1654,1,"다물체동역학 입문, 이론 및 Recurdyn 실습",최진환,"문운당
Wiley",2016,9791156922469,
2250,1654,4,"Coumutational Dynamics,",A. Shabana,"John &
Wiley",,,
2251,1654,5,RecurDyn manual,,FunctionBay,,,
2252,1654,6,Rego Mindstorm manaul,,"Rego Inc.,",,,
2253,1655,1,"다물체동역학 입문, 이론 및 Recurdyn 실습",최진환,문운동 Wiley,2016,9791156922469,
2254,1655,2,Computational Dynamics,A. Shabana,John & Wiley,,,
2255,1655,3,RecurDyn manual,,FunctionBay,,,
2256,1656,1,"Introduction to Mechatronics and 
Measurement Systems, 4th edition","D. G. Alciatore and 
M. B. Histand",McGraw-Hill,2012,,
2257,1656,2,"메카트로닉스, 제2판",이순걸 외,문운당,2003,,
2258,1656,3,Handout on Web,Soon-Geul Lee,,,,
2259,1656,4,메카트로닉스 3판 (MECHATRONICS),"저자: W.BOLTON, 
역자 : 이만형 외",사이텍미디어,2004,,
2260,1657,1,"Introduction to Robotics, Global Edition, 4th Edition",John J. Craig,"Pearson Prentice 
Hall",2019,9781292164939,
2261,1658,1,Lecture notes,Jongwoo Kim,,,,
2262,1658,2,"Introduction to Robotics, Global Edition, 4th Edition",John Craig,Pearson Higher Education,,,
2263,1658,3,"Modern Robotics, Mechanics, Planning, and Control","Kevin M. Lynch , Frank C. Park",Cambridge University Press,,,
2264,1659,1,디자인씽킹,대니얼링,생능출판사,20170215,,
2265,1659,2,https://ko.wikipedia.org/wiki/%EB%94%94%EC%9E%90%EC%9D%B8_%EB%A6%AC%EC%84%9C%EC%B9%98,,,,,
2266,1659,3,http://blog.ibk.co.kr/1556#.VTkGOaHGlpd.facebook,,,,,
2267,1660,1,창의적 공학설계,김은경,한빛아카데미,2020,,
2268,1660,2,대자인씽킹,대니얼링,생능출판사,2017,,
2269,1661,1,창의적 공학설계,김은경,한빛 아카데미,-,-,-
2270,1661,2,디자인씽킹 가이드북,대니얼링,생능출판,-,-,-
2271,1661,3,-,-,-,-,-,-
2272,1661,4,설계 프로세스로 배우는 창의적 공학 설계,노승환,한빛 아카데미,-,-,-
2273,1661,5,실전으로 배우는 발명/특허,-,한빛 아카데미,-,-,-
2274,1661,6,-,-,-,-,-,-
2275,1662,1,주교재: 박상근 교수 자체 제작 PPT (e-Campus에서 다운로드),박상근,박상근,,,
2276,1662,2,[참고도서] Do it! 점프 투 파이썬 (https://wikidocs.net/book/1 에 무료 공개),박응용,이지스퍼블리싱,2019,9791163030911,
2277,1662,3,[참고도서] 왕초보를 위한 Python: 쉽게 풀어 쓴 기초 문법과 실습(https://wikidocs.net/book/2 에 무료 공개),전뇌해커,,,,
2278,1663,1,Do it! 점프 투 파이썬,박응용,이지스퍼블리싱,2019,9791163034735,
2279,1663,2,Do it! 자바스크립트+제이쿼리 입문,전인용,이지스퍼블리싱,2018,9791163030034,
2280,1664,1,"Practical Programming
(An Introduction to Computer Science Using Python)",Paul Gries,The Pragmatic Bookshelf,2017,"9781937785451 
( 1937785459 )",
2281,1664,2,[참조] Do it! 점프 투 파이썬,박응용,이지스퍼블리싱,2016,,
2282,1664,3,[참조] Do it! 자바스크립트+제이쿼리 입문,정인용,이지스퍼블리싱,2014,,
2283,1665,1,강의노트,,,,,
2284,1667,1,Python Machine Learning,Sebastian Raschka,Packt Publishing,2019,9781789955750,
2285,1667,2,Mathematics for Machine Learning,Marc Peter Deisenroth,Cambridge University Press,2017,9781108455145,
2286,1667,3,Introduction to Machine Learning with Python,Andreas C. Muller,O'Reilly Media,2017,9781449369415,
2287,1667,4,"머신 러닝 교과서 with 파이썬, 사이킷런, 텐서플로",세바스찬 라시카 (옮긴이: 박해선),길벗,2019,9791160507966,
2288,1668,1,(이론 교재) 기계학습,오일석,한빛아카데미,2017,,
2289,1668,2,"(실습 참고자료) 머신 러닝 교과서 with 파이썬, 사이킷런, 텐서플로",세바스찬 라시카 (옮긴이: 박해선),길벗,2021,,
2290,1669,1,"Basic Engineering Circuit Analysis, 12th Edition, International Adapation","Irwin, J. David
Nelms, R. M",Wiley & Sons,2021,,
2291,1669,2,"Signals & Systems, 2nd Edition, International Edition","Alan V. Oppenheim
Alan S. Willsky",Prentice Hall/Pearson,2011/2015,9781292025902,
2292,1670,1,Introduction to 3D Game Programming with DirectX 12,Frank D. Luna,Mercury Learning and Information,216,1942270062,"한국어 번역판(류광 번역, 한빛미디어 출판) 존재"
2293,1671,1,Human-Computer Interaction: An Empirical Research Perspective 2nd Edition,I. Scott MacKenzie,Morgan Kaufmann Publishers,2024,9780443140969,
2294,1671,2,Sensation and Perception (Asia Edition),"E. Bruce Goldstein , Laura Cacciamani",CENGAGE,2021,9789814986724,
2295,1671,3,Human Computer Interaction Handbook,JACKO,CRC Press,2012,9781439829431,
2296,1680,1,주교재,수업자료,,,,
2297,1680,2,부교재,Learning OpenCV 4 Computer Vision with Python 3,Packt Publishing,2020,1789531616,
2298,1683,1,자체 제작 교안 사용 예정,박상근,박상근,2024,,
2299,1693,1,파이토치와 유니티 ML-Agents로 배우는 강화학습,"민규식 , 이현호 , 김영록 , 정유정 , 정규열 , 박유민",위키북스,2022,9791158393410,
2300,1693,2,AI for Games,Ian Millington,에이콘,2019,9781138483972,
2301,1693,3,Deep Learning with PyTorch: A practical approach to building neural network models using PyTorch,Vishnu Subramanian,에이콘,2019,9781788624336,
2302,1694,1,강의 자료,,,,,
2303,1694,2,"Digital Image Processing, 4th Edition",R.C. Gonzalez & R.E. Woods,Prentice Hall,2018,9781292223049,
2304,1694,3,"Digital Image Processing, 4th Edition",W.K. Pratt,WILEY-INTERSCIENCE,2007,9780471767770,
2305,1694,4,Pattern Classification,"R.O. Duda, P.E. Hart & D.G. Stork",WILEY-INTERSCIENCE,2000,9780471056690,
2306,1695,1,주교재,수업자료,,,,
2307,1695,2,[부교재 1] Grokking Deep Reinforcement Learning,Miguel Morales,Manning,,1617295450,
2308,1695,3,[부교재 2] Reinforcement Learning: An Introduction,Richard S. Sutton,Braford Books,,262039249,
2309,1697,1,혼자 공부하는 머신러닝+딥러닝,박해선,한빛미디어,2025,9791169213608,20년 말고 25년에 나온 개정판
2310,1698,1,머신러닝 수학 바이블,"Marc Peter Deisenroth , A. Aldo Faisal , Cheng Soon Ong",홍릉,2023,9791156000815,영어판의 경우 무료 공개되어 있음 https://mml-book.github.io/
2311,1700,1,-,-,-,-,-,
2312,1702,1,"Explainable AI: Interpreting, Explaining and Visualizing Deep Learning",Wojciech SamekGrégoire MontavonAndrea VedaldiLars Kai HansenKlaus-Robert Müller,Springer,2019,9783030289539,
2313,1705,1,차후 공지,-,-,-,-,-
2314,1720,1,Fundamentals of C++Programming,Richard L. Halterman,Southern Adventist University,,,
2315,1721,1,Fundamentals of C++ Programming,Richard L. Halterman,Southern Advantist University,2018,,
2316,1722,1,"Discrete mathematics with applications (5th edition, Metric Edition)",Susanna S. Epp,,2018,,
2317,1722,2,이산수학 및 응용 (4th edition),"Susanna S. Epp 지음, 김환구 외 7인 번역",한티미디어 (북스힐),2013,,
2318,1723,1,"Discrete Mathematics with Applications, 5/E",Susanna S. Epp,Brooks/Cole,2018,9780357114087,
2319,1723,2,이산수학 및 응용 [제4판],Susanna S. EPP 저 / 김환구 등저,한티미디어,2013,9788964211458,
2320,1724,1,Computer Organization and Design: The Hardware/Software Interface (5th Edition),J. Hennessy and D. Patterson,Morgan Kaufmann,2014,,
2321,1725,1,Computer Organization and Design: The Hardware/Software Interface (5th Edition),J. Hennessy and D. Patterson,Morgan Kaufmann,2014,,
2322,1727,1,자료구조,윤태,태영문화사,2008,9788991656802,
2323,1728,1,"C++ Plus Data Structures,Third Edition",Nell Dale,Jones and Bartlett,2003,,
2324,1728,3,"C++ 자료구조, 제2판","이웅재, 권 오준, 김진일, 신 재홍, 오용철, 임 화경, 조재현 공 역",사이텍미디어,2003,,
2325,1728,4,C++ 자료구조론,이석호 역,교보문고,2001,,
2326,1728,5,C++를 이용한 자료구조,"유관희, 유 재수, 정병수, 정 연모 공역",미래컴,2002,,
2327,1729,1,Operating System Concepts,"Avi Silberschatz, Peter Baer Galvin, Greg Gagne","John Wiley & Sons, Inc.",2021,978-1-118-06333-0,
2328,1730,1,Operating System Concepts (10th Edition),"A. Silberschatz, P. Galvin and G. Gagne","John Wiley & Sons, Inc.",2018/2019,,
2329,1731,1,시스코 아카데미 패킷트레이서,"유인태, 김정윤",경희대학교 출판문화원,2019,,
2330,1732,1,Computer Networking – A Top-Down Approach,"Kurose, Ross",Pearson,2020,9780136681557,
2331,1733,1,Computer Networking,"James Kurose , Keith Ross",Pearson Education Limited,2021,9781292405469(1292405465),
2332,1734,1,Foundations of Algorithms using C++ pseudocode,"Neapolitan, Nimipour, 도경구역",사이텍미디어,2004,,
2333,1735,1,Foundations of Algorithms using C++ pseudocode,"Neapolitan, Nimipour, 도경구역",사이텍미디어,2004,,
2334,1736,1,데이터베이스 배움터,홍의경,생능출판사,2014,,
2335,1736,4,"Fundamentals of Database Systems(4th 
Ed.) 
Elmasri/Navathe, 2004","Elmasri/Navath
e","Addison-
Wesley",2004,,
2336,1737,1,제대로 배우는 데이터베이스 세계,홍의경,생능출판사,2024,9791192932705,
2337,1738,1,Modern Compiler Implementation in ML,Andrew W. Appel and Maia Ginsburg,Cambridge University Press,2004,978-0521607650,
2338,1739,1,System Analysis and Design with UML,"Dennis, Wixom, Tegarden",wiley,2009,9780470074787,
2339,1739,2,소프트웨어공학,송영재,이한츌판사,2004,8982413332,
2340,1740,1,소프트웨어 공학의 모든 것,최은만,생능출판,2024,9791192932965,
2341,1740,2,System Analysis and Design with UML,"Alan Dennis, Barbara Wixom, David Tegarden",Wiley,2012,9781118037423,
2342,1740,3,쉽게 배우는 소프트웨어 공학,김치수,한빛아카데미,2021,9791156645429,
2343,1740,4,Designing Data-Intensive Applications,Martin Kleppmann,O'Reilly Media,2017,9781449373320,
2344,1741,1,"Concepts of Programming Languages, 12th edition",Robert W. Sebesta,Pearson,2020,9780135102268,
2345,1742,1,기계학습(Machine Learning),오일석(Oh Il-Seok),한빛아카데미,,,주교재 아니고 참고용입니다
2346,1743,1,기계학습(Machine Learning),오일석(Oh Il-Seok),한빛아카데미,,,
2347,1743,2,패턴인식(Pattern Recognition),오일석(Oh Il-Seok),교보문고,,,
2348,1745,1,파이썬으로 만드는 인공지능,"오일석, 이진선 저",한빛출판사,,,
2349,1745,2,PyTorchZeroToAll,Sung Kim,online,,,
2350,1745,3,Hands-on Introduction to OpenMP,"Mattson, et al.",online,,,
2351,1745,4,CUDA C++ Programming Guide,NVidia,online,,,
2352,1754,1,NETWORK SECURITY ESSENTIALS. Applications and Standards THIRD EDITION,William Stallings,Pearson International Edition,2007,0-13-230378-8,
2353,1754,2,"IT CookBook, 네트워크 해킹과 보안(4판)","양대일, 홍성혁",한빛아카데미,2023,9791156646198,
2354,1755,1,창의적설계프로젝트,조진성,홍릉과학출판사,2014,9791156000273,
2355,1760,1,Lecture Notes,박광훈,,,,
2356,1760,2,Fundamentals of Multimedia,"Ze-Nian Li, Mark S. 
Drew","Pearson/Prentice 
Hall",,0130618721,
2357,1760,4,그림으로보는 최신 MPEG,정제창 역,교보문고,,,
2358,1760,5,H.264 and MPEG-4 Video Compression,,Wiley,,,
2359,1761,1,혼자 공부하는 데이터 분석 with 파이썬,박해선,한빛미디어,2023년 01월 02일,9791169210287,참고서적
2360,1761,2,스파크 완벽 가이드,Bill,한빛미디어,2018년 12월 10일,9788968484599,참고서적
2361,1761,3,하둡 완벽 가이드,톰 화이트,한빛미디어,2017년 03월 01일,9788968484599,참고서적
2362,1762,1,Slides made by instructor,,,,,
2363,1770,1,Security Engineering: A Guide to Building Dependable Distributed Systems,Ross J. Anderson,John Wiley & Sons (Wiley),2020,978-1-119-64281-7,https://www.cl.cam.ac.uk/archive/rja14/book.html
2364,1770,2,"IT CookBook, 정보 보안 개론(4판)",양대일,한빛아카데미,2021,9791156648130,
2365,1773,1,Security Engineering: A Guide to Building Dependable Distributed Systems,Ross J. Anderson,John Wiley & Sons (Wiley),2020,978-1-119-64281-7,https://www.cl.cam.ac.uk/archive/rja14/book.html
2366,1773,2,"IT CookBook, 정보 보안 개론(4판)",양대일,한빛아카데미,2021,9791156648130,
2367,1774,1,Digital Design (5th/6th),Mano and Ciletti,Peason/교보문고,2012/2018,"9788945001702
286516-4",
2368,1774,4,Introduction to Logic Design 3th,Marcovitz,McGraw-Hill,2010,06675-6,
2369,1775,1,Digital Design,"M. Morris Mano, Michael D. Ciletti",Pearson,2018,9781292231167,
2370,1775,2,Introduction to Logic Design,Alan B. Marcovitz,McGraw-Hill,2009,9780073191645,
2371,1776,1,Digital Design,Mano and Ciletti,Person,,,
2372,1776,2,Introduction to design,Alan B. Marcovitz,McGraw-Hill,,,
2373,1777,1,Digital Design,M. Morris Mano,Prentice Hall,2002,0130621218,
2374,1777,4,"Digital Systems: Principles and 
Applications (7th edition)","Ronald J. Tocci and 
Neal S. Widmer",Prentice Hall,1997,0137005105,
2375,1778,1,Signal and Systems(2nd Edition),"Simon Haykin Barry 
Van Veen",John Wiley & Sons,2003,0471164747,
2376,1779,1,"Signals and Systems, 2nd edition","Simon Haykim, Barry Van Veen",Wiley,2002,0471164747,
2377,1780,1,"Signals and Systems (Pearson New International Edition, Second Edition)","Alan V Oppenheim
Alan S. Willsky
with S. Hamid",Pearson,2013,9781292025902,
2378,1781,1,"Probability and Stochastic Processes, 4th Edition",R.D. Yates and D.J. Goodman,Wiley,2024,9781394304226,주 교과서로 활용
2379,1781,2,"Probability and Stochastic Processes, 3rd Edition",R.D. Yates and D.J. Goodman,Wiley,2013,0131453408,"3판은 4판 내용과 거의 비슷하며, 3판이 있으면 3판으로 사용하셔도 됩니다."
2380,1781,3,확률변수와 통계의 기초,"박소령, 김윤희, 김석찬, 송익호",자유아카데미,2025,979-11-5808-710-4,참고 한글 교재 (좀더 쉬운책)
2381,1781,4,,,,,,참고교재
2382,1782,1,"Probability and Stochastic Processes
Processes: a friendly 
introduction for electrical and 
computer engineering, 2nd Ed.","R.D. Yates 
and D.J. 
Goodman",Wiley,2004,0471272140,
2383,1783,1,Digital Communications,Bernard Sklar,Prentice-Hall,2001,0-13- 091722-2,
2384,1784,1,Probability and Random Processes for Electrical Engineering,Alberto Leon-Garcia,Addison-Wesley,2008,,
2385,1784,2,확률 및 랜덤 프로세서,"Alberto Leon-Garcia, 고현석 외 7인 공역",자유아카데미,2008,,
2386,1785,1,로보틱스 입문,John J. Craig 지음. 장평훈 옮김,텍스트북스,2021,978-981-3137-33-2,
2387,1785,2,e-campus.khu.ac.kr,,,,,
2388,1786,1,Bulfinch's Mythologies: The Age of Fable or Stories of Gods and Heroes,Thomas Bulfinch,Createspace Independent Publishing Platform,2016,1535074744,
2389,1786,2,"세상은 이야기로 만들어졌다: 신화, 거짓말, 유토피아","자미라 엘 우아실, 프리데만 카릭",원더박스,2023,979 11 9295315 1,
2390,1786,3,소포클레스  비극 전집,소포클레스,숲,2008,,
2391,1786,4,채식주의자,한강,창비,,,
2392,1787,1,"Probability and Statistics for
Engineering and Scientists (4th
International Edition)",Anthony J. Hayter,"Thomson Brooks /
Cole",2012,,
2393,1788,1,강의자료집 배포 예정,,,,,
2394,1788,2,Introduction to Data Mining 2/E,"Pang-ning Tan, Michael Steinbach, Anuj Karpatne, Vipin Kumar",PEARSON/휴먼싸이언스,2019,9780273769224,
2395,1788,3,Data Science for Business: What You Need to Know about Data Mining and Data-Analytic Thinking,Foster Provost and Tom Fawcett,O'Reilly Media,2013,9781449361327,
2396,1788,4,"Hands-On Machine Learning with Scikit-Learn and TensorFlow: Concepts, Tools, and Techniques to Build Intelligent Systems 2nd Edition",Aurélien Géron,O'Reilly Media,2019,9781492032649,
2397,1789,1,경영과학 8판 (Introduction to Operations Research 번역본),Hillier & Lieberman,지필미디어,2007,9788960550155,
2398,1789,2,경영과학 9판 (Introduction to Operations Research 번역본),Hillier & Lieberman,지필미디어,2020,9791186674673,
2399,1789,4,경영과학 3판 (기초부터 심화까지),홍성필,율곡출판사,2022,9791191812343,
2400,1790,1,Introduction to Data Mining (2nd Edition),"Pang-Ning Tan, Michael Steinbach, Anuj Karpatne, Vipin Kumar","Pang-Ning Tan, Michael Steinbach, Anuj Karpatne, Vipin Kumar",2018,978-0133128901,
2401,1790,2,강의자료집 배포 예정.,,,,,
2402,1791,1,"Engineering Mechanics-
Dynamics,","A. Bedford, 
W. Fowler,","Addison 
Wesley",1999,,
2403,1791,2,동역학,유홍희,문운당,2021,,
2404,1791,4,"다물체동역학입문, 이론 및 Recurdyn 실습",최진환,문운당,2016,,
2405,1791,5,Computational Dynamics.,A.Shabana,Wiley,,,
2406,1792,1,Engineering Mechanics - Dynamics,"A. Bedford and W. 
Fowler","Prentice 
Hall/Pearson",2008,9810679742,
2407,1793,1,Engineering Mechanics Dynamics,"A. Bedford, W.Fowler",Addison Wesley,2008,,
2408,1793,2,Engineering Mechanics Dynamics 동역학 (6판),"A. Bedford, W.Fowler",한빛아카데미,2024,,
2409,1793,3,동역학,유홍희,문운당,2021,,
2410,1794,1,Feedback Control of Dynamic Systems,"Franklin , Emami-Naeini",Pearson,2020,9781292274522,
2411,1795,1,강의 노트,,,,,
2412,1796,1,창의적 공학설계,김은경,한빛아카데미,2020,,
2413,1796,2,대자인씽킹,대니얼링,생능출판사,2017,,
2414,1797,1,창의적 공학설계,김은경,한빛 아카데미,-,-,-
2415,1797,2,디자인씽킹 가이드북,대니얼링,생능출판,-,-,-
2416,1797,3,-,-,-,-,-,-
2417,1797,4,설계 프로세스로 배우는 창의적 공학 설계,노승환,한빛 아카데미,-,-,-
2418,1797,5,실전으로 배우는 발명/특허,-,한빛 아카데미,-,-,-
2419,1797,6,-,-,-,-,-,-
2420,1798,1,주교재: 박상근 교수 자체 제작 PPT (e-Campus에서 다운로드),박상근,박상근,,,
2421,1798,2,[참고도서] Do it! 점프 투 파이썬 (https://wikidocs.net/book/1 에 무료 공개),박응용,이지스퍼블리싱,2019,9791163030911,
2422,1798,3,[참고도서] 왕초보를 위한 Python: 쉽게 풀어 쓴 기초 문법과 실습(https://wikidocs.net/book/2 에 무료 공개),전뇌해커,,,,
2423,1799,1,주교재: 박상근 교수 자체 제작 PPT (e-Campus에서 다운로드),박상근,박상근,,,
2424,1799,2,[참고도서] Do it! 점프 투 파이썬 (https://wikidocs.net/book/1 에 무료 공개),박응용,이지스퍼블리싱,2019,9791163030911,
2425,1799,3,[참고도서] 왕초보를 위한 Python: 쉽게 풀어 쓴 기초 문법과 실습(https://wikidocs.net/book/2 에 무료 공개),전뇌해커,,,,
2426,1800,1,"Practical Programming
(An Introduction to Computer Science Using Python)",Paul Gries,The Pragmatic Bookshelf,2017,"9781937785451 
( 1937785459 )",
2427,1800,2,[참조] Do it! 점프 투 파이썬,박응용,이지스퍼블리싱,2016,,
2428,1800,3,[참조] Do it! 자바스크립트+제이쿼리 입문,정인용,이지스퍼블리싱,2014,,
2429,1801,1,강의노트,,,,,
2430,1802,1,파이썬을 이용한 수치해석,박철근,자유아카데미,2022,,
2431,1802,2,파이썬과 수치 해석 2/e,로버트 요한슨,에이콘,2019,,
2432,1802,3,"머신 러닝을 위한 수학 with 파이썬, R",이원상,길벗,2020,,
2433,1802,4,Applied Numerical Methods with Python for Engineers and Scientists,"Steven Chapra , David Clough",McGraw-Hill,2022,,
2434,1803,1,이득우의 게임 수학,이득우,책만,2022,,
2435,1803,2,프로그래머를 위한 수학,"폴 올랜드(저); 노화준, 박종대, 박한길, 신정규(역)",한빛미디어,2021,,
2436,1803,3,Mathematics for Game Programming and Computer Graphics,Penny de Byl,Packt Programming,2022,,
2437,1804,1,강의노트,,,,,
2438,1805,1,강의노트로 대체함,,,,,
2439,1805,2,https://www.docker.com/,,,,,
2440,1805,3,https://kubernetes.io/,,,,,
2441,1806,1,Python Machine Learning,Sebastian Raschka,Packt Publishing,2019,9781789955750,
2442,1806,2,Mathematics for Machine Learning,Marc Peter Deisenroth,Cambridge University Press,2017,9781108455145,
2443,1806,3,Introduction to Machine Learning with Python,Andreas C. Muller,O'Reilly Media,2017,9781449369415,
2444,1806,4,"머신 러닝 교과서 with 파이썬, 사이킷런, 텐서플로",세바스찬 라시카 (옮긴이: 박해선),길벗,2019,9791160507966,
2445,1807,1,(이론 교재) 기계학습,오일석,한빛아카데미,2017,,
2446,1807,2,"(실습 참고자료) 머신 러닝 교과서 with 파이썬, 사이킷런, 텐서플로",세바스찬 라시카 (옮긴이: 박해선),길벗,2021,,
2447,1810,1,VIRTUAL REALITY,Steven M. LaValle,Cambridge University Press,2016,,
2448,1811,1,"핵심 딥러닝 입문: RNN, LSTM, GRU, VAE, GAN 구현",아즈마 유키나가(저)& 최재원(역),책만,2020,9791189909277,
2449,1811,2,모던로보틱스,"케빈M.린치, 박종우",에이콘,2023,,
2450,1811,3,Hands-On Deep Learning for Games,Micheal Lanham,Packt Publishing,2019,,
2451,1816,1,Mastering ROS for Robotics Programming 2E,"Lentin Joseph,Jonathan Cacace",Packt Publishing,2018,,
2452,1816,2,ROS 로봇 프로그래밍,"표윤석, 조한철, 정려운, 임태훈",루비페이퍼,2017,,
2453,1832,1,Python Data Science Handbook,Jake VanderPlas,O'Reilly Media,2016,978-1491912058,
2454,1832,2,Fundamentals of Data Visualization,Claus O. Wike,O'Reilly Media,2017,978-1492031086,
2455,1832,3,Python for Data Analysis,Wes McKinney,O'Reilly Media,2017,978-1491957660,
2456,1832,4,Think Python (2nd Edition),Allen B. Downey,O'Reilly Media,2015,978-1491939369,
2457,1832,5,Data Visualization: A practical introduction,Kieran Healy,Princeton University Press,2018,978-0691181622,
2458,1832,6,Modern Data Science with R,Benjamin S. Baumer,CRC Press,2020,978-1498724487,
2459,1834,1,강의노트로 대체함,,,,,
2460,1835,1,Fundamentals of C++Programming,Richard L. Halterman,Southern Adventist University,,,
2461,1836,1,창의적사고와 코딩/사회,서응교 외 2명,노스보스,2018,,
2462,1836,2,게임제작으로 배우는 유니티,"이종원, 정종필",한빛아카데미,2021,,
2463,1837,1,"Practical Programming
(An Introduction to Computer Science Using Python)",Paul Gries,The Pragmatic Bookshelf,2017,9781937785451 ( 1937785459 ),
