class_time_id,offering_id,time_slot_id,room_code
2988,1934,54,전101
2989,1934,191,전101
2990,1935,118,전102
2991,1935,157,전102
2992,1936,118,전221
2993,1936,157,전221
2994,1937,121,전221
2995,1937,160,전221
2996,1938,57,전101
2997,1938,194,전101
2998,1939,63,전101
2999,1939,201,전101
3000,1940,46,전102
3001,1940,184,전102
3002,1941,57,전102
3003,1941,194,전102
3004,1942,121,전102
3005,1942,160,전102
3006,1943,125,전102
3007,1943,166,전102
3008,1944,121,멀107
3009,1944,160,멀107
3010,1945,125,멀107
3011,1945,166,멀107
3012,1946,69,전221
3013,1946,208,전221
3014,1947,73,전221
3015,1947,213,전221
3016,1948,46,멀107
3017,1948,184,멀107
3018,1949,54,멀107
3019,1949,191,멀107
3020,1950,100,전221
3021,1950,138,전221
3022,1951,109,전221
3023,1951,146,전221
3024,1952,46,멀304
3025,1952,184,멀304
3026,1953,54,멀304
3027,1953,191,멀304
3028,1954,112,멀107
3029,1954,149,멀107
3030,1955,100,멀107
3031,1955,138,멀107
3032,1956,109,멀107
3033,1956,146,멀107
3034,1957,112,전223
3035,1957,149,전223
3036,1958,118,전223
3037,1958,157,전223
3038,1959,69,전102
3039,1959,208,전102
3040,1960,73,전102
3041,1960,213,전102
3042,1961,63,멀304
3043,1961,201,멀304
3044,1962,69,멀304
3045,1962,208,멀304
3046,1963,57,전223
3047,1963,194,전223
3048,1964,63,전223
3049,1964,201,전223
3050,1965,121,전101
3051,1965,160,전101
3052,1966,125,전101
3053,1966,166,전101
3054,1967,2,공365호
3055,1967,121,공176호
3056,1967,160,공176호
3057,1968,11,공365호
3058,1968,121,공176호
3059,1968,160,공176호
3060,1969,22,공365호
3061,1969,121,공176호
3062,1969,160,공176호
3063,1970,251,공365호
3064,1970,121,공176호
3065,1970,160,공176호
3066,1971,2,공367호
3067,1971,100,전205
3068,1971,138,전205
3069,1972,11,공367호
3070,1972,100,전205
3071,1972,138,전205
3072,1973,22,공367호
3073,1973,100,전205
3074,1973,138,전205
3075,1974,251,공367호
3076,1974,100,전205
3077,1974,138,전205
3078,1975,2,공369호
3079,1975,63,공176호
3080,1975,201,공176호
3081,1976,11,공369호
3082,1976,63,공176호
3083,1976,201,공176호
3084,1977,22,공369호
3085,1977,63,공176호
3086,1977,201,공176호
3087,1978,251,공369호
3088,1978,63,공176호
3089,1978,201,공176호
3090,1979,2,공371호
3091,1979,109,공176호
3092,1979,146,공176호
3093,1980,11,공371호
3094,1980,109,공176호
3095,1980,146,공176호
3096,1981,22,공371호
3097,1981,109,공176호
3098,1981,146,공176호
3099,1982,251,공371호
3100,1982,109,공176호
3101,1982,146,공176호
3102,1983,2,전101
3103,1983,46,전205
3104,1983,184,전205
3105,1984,11,전101
3106,1984,46,전205
3107,1984,184,전205
3108,1985,22,전101
3109,1985,46,전205
3110,1985,184,전205
3111,1986,251,전101
3112,1986,46,전205
3113,1986,184,전205
3114,1987,3,공176호
3115,1987,22,공B102호
3116,1988,3,공176호
3117,1988,249,공B102호
3118,1989,3,공176호
3119,1989,252,공B102호
3120,1990,55,멀311
3121,1990,192,멀308
3122,1991,55,멀311
3123,1991,192,멀310
3124,1992,110,멀308
3125,1992,147,멀407
3126,1993,110,멀310
3127,1993,147,멀407
3128,1994,61,멀311
3129,1994,198,멀308
3130,1995,115,멀304
3131,1995,154,멀308
3132,1996,115,멀304
3133,1996,154,멀310
3134,1997,273,멀311
3135,1997,358,멀308
3136,1998,273,멀311
3137,1998,358,멀310
3138,1999,307,멀304
3139,1999,333,멀308
3140,2000,307,멀304
3141,2000,333,멀310
3142,2001,46,국경212호
3143,2001,184,국경212호
3144,2002,57,국경212호
3145,2002,194,국경212호
3146,2003,63,국경212호
3147,2003,201,국경212호
3148,2004,109,국경212호
3149,2004,146,국경212호
3150,2005,112,국경212호
3151,2005,149,국경212호
3152,2006,121,멀311
3153,2006,160,멀311
3154,2007,128,공148호
3155,2007,169,공148호
3156,2008,54,공263호
3157,2008,191,공263호
3158,2009,69,국경212호
3159,2009,208,국경212호
3160,2010,73,국경212호
3161,2010,213,국경212호
3162,2011,100,멀311
3163,2011,138,멀311
3164,2012,109,멀311
3165,2012,146,멀311
3166,2013,57,전218
3167,2013,194,전218
3168,2014,73,전218
3169,2014,213,전218
3170,2015,46,공142-1호
3171,2015,184,공142-1호
3172,2016,46,멀408
3173,2016,184,멀408
3174,2017,69,멀408
3175,2017,208,멀408
3176,2018,73,멀408
3177,2018,213,멀408
3178,2019,118,멀408
3179,2019,157,멀408
3180,2020,121,멀408
3181,2020,160,멀408
3182,2021,125,멀408
3183,2021,166,멀408
3184,2022,112,멀311
3185,2022,149,멀311
3186,2023,54,전227
3187,2023,191,전227
3188,2024,258,멀403
3189,2024,343,멀407
3190,2025,258,멀404
3191,2025,343,멀407
3192,2026,56,멀407
3193,2026,193,멀403
3194,2027,56,멀407
3195,2027,193,멀404
3196,2028,67,멀407
3197,2028,205,멀403
3198,2029,67,멀407
3199,2029,205,멀404
3200,2030,67,멀403
3201,2030,205,멀407
3202,2031,67,멀404
3203,2031,205,멀407
3204,2032,56,멀403
3205,2032,193,멀407
3206,2033,56,멀404
3207,2033,193,멀407
3208,2034,285,멀405
3209,2034,316,멀408
3210,2035,285,멀406
3211,2035,316,멀408
3212,2036,285,멀408
3213,2036,316,멀405
3214,2037,285,멀408
3215,2037,316,멀406
3216,2038,67,멀405
3217,2038,205,멀311
3218,2039,67,멀406
3219,2039,205,멀311
3220,2040,289,멀407
3221,2040,321,멀403
3222,2041,289,멀407
3223,2041,321,멀404
3224,2042,289,멀408
3225,2042,321,멀405
3226,2043,289,멀408
3227,2043,321,멀406
3228,2044,299,멀403
3229,2044,327,멀407
3230,2045,299,멀404
3231,2045,327,멀407
3232,2046,299,멀407
3233,2046,327,멀406
3234,2047,289,멀403
3235,2047,321,멀408
3236,2048,289,멀404
3237,2048,321,멀408
3238,2049,54,멀408
3239,2049,191,멀408
3240,2050,46,멀311
3241,2050,184,멀311
3242,2051,57,멀408
3243,2051,194,멀408
3244,2052,100,국305
3245,2052,138,국305
3246,2053,46,생422호
3247,2053,184,생422호
3248,2054,54,국301호
3249,2054,191,국301호
3250,2055,54,생119호 시청각실
3251,2055,191,생119호 시청각실
3252,2056,46,생119호 시청각실
3253,2056,184,생119호 시청각실
3254,2057,118,생422호
3255,2057,157,생422호
3256,2058,100,생119호시청각실
3257,2058,138,생119호시청각실
3258,2059,54,국103호
3259,2059,191,국103호
3260,2060,73,국301호
3261,2060,213,국301호
1,3,110,전205
2,3,147,전205
3,4,126,B01
4,4,167,B01
5,5,64,전226
6,5,202,전226
7,6,125,전136
8,6,166,전136
9,7,109,전309
10,7,146,전309
11,8,121,전103
12,8,160,전103
13,9,69,전227
14,9,208,전227
15,10,121,전136
16,10,160,전136
17,11,125,전103
18,11,166,전103
19,12,115,B01
20,12,154,B01
21,13,115,B07
22,13,154,B07
23,14,135,B01
24,14,178,B01
25,15,6,전205
26,16,118,B11
27,16,157,B11
28,17,63,전103
29,17,201,전103
30,18,63,전136
31,18,201,전136
32,19,73,B01
33,19,213,B01
34,20,71,전136
35,20,211,전136
36,21,114,B06
37,21,153,B06
38,22,60,B06
39,22,197,B06
40,23,121,전211-1
41,23,160,전211-1
42,24,125,전211-1
43,24,166,전211-1
44,25,11,전220
45,26,69,전103
46,26,208,전103
47,27,31,전211-1
48,28,51,전136
49,29,104,B07
50,30,46,전103
51,30,184,전103
52,32,85,전103
53,32,228,전103
54,33,134,전211-1
55,33,177,전211-1
56,34,106,B01
57,34,143,B01
58,35,162,B07
59,36,6,B06
60,37,10,전136
61,38,75,B07
62,38,215,B07
63,39,69,B07
64,39,208,B07
65,41,120,예706
66,42,5,예702
67,43,49,예704
68,44,5,예705
69,45,27,예705
70,46,103,예706
71,47,187,예706
72,48,49,예705
3262,2061,333,멀402
3263,2062,285,멀608
3264,2063,316,멀608
3265,2064,321,멀608
3266,2065,289,멀608
3267,2066,258,멀608
3268,2067,56,멀608
3269,2068,158,멀402
3270,2073,307,멀402
3271,2074,203,멀402
3272,2075,119,멀402
3273,2076,247,멀402
3274,2077,235,멀402
3275,2078,13,멀402
3276,2081,343,멀608
3277,2082,193,멀608
3278,2083,65,멀402
3279,2084,273,멀402
73,49,109,전220
74,49,146,전220
75,50,109,전226
76,50,146,전226
77,51,109,전539
78,51,146,전539
79,52,118,전220
80,52,157,전220
81,53,118,전445
82,53,157,전445
83,54,54,B07
84,54,191,B07
85,55,63,B07
86,55,201,B07
87,56,125,전227
88,56,166,전227
89,57,69,전220
90,57,208,전220
91,58,109,전136
92,58,146,전136
93,59,109,전103
94,59,146,전103
95,60,54,전445
96,60,191,전445
97,61,54,전226
98,61,191,전226
99,62,54,B11
100,62,191,B11
101,63,112,전539
102,63,149,전539
103,64,112,전211-1
104,64,149,전211-1
105,65,112,전445
106,65,149,전445
107,66,118,전226
108,66,157,전226
109,67,118,전218
110,67,157,전218
111,68,118,전136
112,68,157,전136
113,69,112,전217
114,69,149,전217
115,70,100,전445
116,70,138,전445
3280,2085,285,멀305
3281,2085,167,공176호
3282,2086,289,멀305
3283,2086,167,공176호
3284,2087,115,멀305
3285,2087,167,공176호
3286,2088,63,멀108
3287,2088,201,멀108
3288,2089,69,멀201
3289,2089,208,멀201
3290,2090,118,멀108
3291,2090,157,멀108
3292,2091,3,멀703
3293,2092,46,멀805
3294,2092,184,멀805
3295,2093,54,멀109
3296,2093,191,멀109
3297,2094,57,멀703
3298,2094,194,멀703
3299,2095,63,멀805
3300,2095,201,멀805
3301,2096,69,멀409
3302,2096,208,멀409
3303,2097,73,멀409
3304,2097,213,멀409
3305,2098,100,멀409
3306,2098,138,멀409
3307,2099,109,멀409
3308,2099,146,멀409
3309,2100,112,멀703
3310,2100,149,멀703
3311,2101,118,멀409
3312,2101,157,멀409
3313,2102,121,멀409
3314,2102,160,멀409
3315,2103,125,멀108
3316,2103,166,멀108
3317,2104,3,멀409
3318,2105,15,멀703
3319,2106,32,멀101
3320,2107,57,멀603
3321,2107,194,멀603
3322,2108,109,멀803
3323,2108,146,멀803
3324,2109,46,멀603
3325,2109,184,멀603
3326,2110,54,멀803
3327,2110,191,멀803
3328,2111,57,멀803
3329,2111,194,멀803
3330,2112,63,멀603
3331,2112,201,멀603
3332,2113,100,멀603
3333,2113,138,멀603
3334,2114,109,멀702
3335,2114,146,멀702
3336,2115,112,멀603
3337,2115,149,멀603
3338,2116,3,멀410
3339,2117,271,멀704
3340,2118,323,멀609
3341,2119,349,멀609
3342,2120,57,멀513
3343,2120,194,멀513
3344,2121,63,멀208
3345,2121,201,멀208
3346,2122,69,멀411
3347,2122,208,멀411
3348,2123,109,멀402
3349,2123,146,멀402
3350,2124,112,멀103
3351,2124,149,멀103
3352,2125,3,멀203
3353,2126,32,멀206
3354,2127,3,멀206
3355,2128,15,멀207
3356,2129,32,멀207
3357,2130,15,멀103
3358,2131,15,멀609
3359,2134,100,멀207
3360,2134,138,멀207
3361,2135,69,멀608
3362,2135,208,멀608
3363,2136,63,멀207
3364,2136,201,멀207
3365,2137,57,멀207
3366,2137,194,멀207
3367,2138,15,멀208
3368,2139,100,멀205
3369,2139,138,멀205
3370,2140,109,멀205
3371,2140,146,멀205
3372,2141,118,멀205
3373,2141,157,멀205
3374,2142,54,멀205
3375,2142,191,멀205
3376,2143,63,멀205
3377,2143,201,멀205
3378,2144,69,멀205
3379,2144,208,멀205
3380,2145,69,멀206
3381,2145,208,멀206
3382,2146,73,멀206
3383,2146,213,멀206
3384,2147,100,멀103
3385,2147,138,멀103
3386,2148,109,멀103
3387,2148,146,멀103
3388,2149,54,멀207
3389,2149,191,멀207
3390,2150,69,멀207
3391,2150,208,멀207
3392,2151,57,멀206
3393,2151,194,멀206
3394,2152,63,멀206
3395,2152,201,멀206
3396,2153,100,멀206
3397,2153,138,멀206
3398,2154,109,멀206
3399,2154,146,멀206
3400,2155,109,멀207
3401,2155,146,멀207
3402,2156,112,멀207
3403,2156,149,멀207
3404,2157,46,멀206
3405,2157,184,멀206
3406,2158,54,멀206
3407,2158,191,멀206
3408,2159,69,멀208
3409,2159,208,멀208
3410,2160,57,멀205
3411,2160,194,멀205
3412,2161,54,멀208
3413,2161,191,멀208
3414,2162,57,멀208
3415,2162,194,멀208
3416,2163,109,멀208
3417,2163,146,멀208
3418,2164,118,멀208
3419,2164,157,멀208
3420,2165,121,멀208
3421,2165,160,멀208
3422,2166,121,멀205
3423,2166,160,멀205
3424,2167,125,멀205
3425,2167,166,멀205
3426,2168,121,멀206
3427,2168,160,멀206
3428,2169,125,멀206
3429,2169,166,멀206
3430,2170,46,멀103
3431,2170,184,멀103
3432,2171,54,멀103
3433,2171,191,멀103
3434,2172,32,멀205
3435,2173,15,멀205
3436,2174,3,멀205
3437,2175,63,멀608
3438,2175,201,멀608
3439,2176,69,멀609
3440,2176,208,멀609
3441,2177,15,멀206
3442,2178,112,멀206
3443,2178,149,멀206
3444,2179,118,멀206
3445,2179,157,멀206
3446,2180,118,멀608
3447,2180,157,멀608
3448,2181,121,멀207
3449,2181,160,멀207
3450,2182,125,멀207
3451,2182,166,멀207
3452,2183,112,멀205
3453,2183,149,멀205
3454,2184,118,멀207
3455,2184,157,멀207
3456,2185,57,멀103
3457,2185,194,멀103
3458,2186,109,멀609
3459,2186,146,멀609
3460,2187,54,멀604
3461,2187,191,멀604
3462,2188,69,멀301
3463,2188,208,멀301
3464,2189,69,멀705-1
3465,2189,208,멀705-1
3466,2190,121,멀201
3467,2190,160,멀201
3468,2191,3,멀208
3469,2192,47,멀610
3470,2193,47,멀611
3471,2194,263,멀610
3472,2195,263,멀611
3473,2196,263,멀705
3474,2197,271,멀610
3475,2198,271,멀611
3476,2199,271,멀803
3477,2200,139,멀610
3478,2201,139,멀611
3479,2202,139,멀705
3480,2203,121,멀705
3481,2203,160,멀705
3482,2204,323,멀610
3483,2205,323,멀611
3484,2206,323,멀705
3485,2207,323,멀705-1
3486,2208,163,멀610
3487,2209,163,멀609
3488,2210,163,멀611
3489,2211,185,멀610
3490,2212,185,멀705
3491,2213,185,멀611
3492,2214,349,멀611
3493,2215,349,멀705
3494,2216,349,멀705-1
3495,2217,210,멀611
3496,2218,210,멀803
3497,2219,101,멀611
3498,2220,101,멀705
3499,2221,101,멀705-1
3500,2222,101,멀610
3501,2223,292,멀705
3502,2224,292,멀705-1
3503,2225,292,멀611
3504,2226,292,멀610
3505,2227,305,멀609
3506,2228,305,멀611
3507,2229,305,멀610
3508,2230,3,멀610
3509,2231,3,멀611
3510,2232,15,멀610
3511,2233,15,멀611
3512,2234,15,멀705
3513,2235,32,멀611
3514,2236,32,멀610
3515,2237,46,멀101
3516,2237,184,멀101
3517,2238,46,멀108
3518,2238,184,멀108
3519,2239,46,멀201
3520,2239,184,멀201
3521,2240,46,멀109
3522,2240,184,멀109
3523,2241,54,멀101
3524,2241,191,멀101
3525,2242,54,멀301
3526,2242,191,멀301
3527,2243,54,멀703
3528,2243,191,멀703
3529,2244,54,멀108
3530,2244,191,멀108
3531,2245,57,멀409
3532,2245,194,멀409
3533,2246,57,멀805
3534,2246,194,멀805
3535,2247,57,멀109
3536,2247,194,멀109
3537,2248,57,멀201
3538,2248,194,멀201
3539,2249,63,멀703
3540,2249,201,멀703
3541,2250,63,멀109
3542,2250,201,멀109
3543,2251,63,멀201
3544,2251,201,멀201
3545,2252,69,멀703
3546,2252,208,멀703
3547,2253,69,멀101
3548,2253,208,멀101
3549,2254,69,멀805
3550,2254,208,멀805
3551,2255,69,멀108
3552,2255,208,멀108
3553,2256,73,멀101
3554,2256,213,멀101
3555,2257,73,멀805
3556,2257,213,멀805
3557,2258,73,멀108
3558,2258,213,멀108
3559,2259,100,멀703
3560,2259,138,멀703
3561,2260,100,멀201
3562,2260,138,멀201
3563,2261,100,멀108
3564,2261,138,멀108
3565,2262,100,멀805
3566,2262,138,멀805
3567,2263,109,멀703
3568,2263,146,멀703
3569,2264,109,멀108
3570,2264,146,멀108
3571,2265,109,멀805
3572,2265,146,멀805
3573,2266,109,멀109
3574,2266,146,멀109
3575,2267,112,멀101
3576,2267,149,멀101
3577,2268,112,멀805
3578,2268,149,멀805
3579,2269,112,멀201
3580,2269,149,멀201
3581,2270,112,멀108
3582,2270,149,멀108
3583,2271,118,멀805
3584,2271,157,멀805
3585,2272,118,멀101
3586,2272,157,멀101
3587,2273,118,멀201
3588,2273,157,멀201
3589,2274,118,멀109
3590,2274,157,멀109
3591,2275,121,멀101
3592,2275,160,멀101
3593,2276,121,멀108
3594,2276,160,멀108
3595,2277,121,멀805
3596,2277,160,멀805
3597,2278,121,멀109
3598,2278,160,멀109
3599,2279,125,멀703
3600,2279,166,멀703
3601,2280,125,멀201
3602,2280,166,멀201
3603,2281,3,멀108
3604,2282,3,멀109
3605,2283,3,멀101
3606,2284,15,멀108
3607,2285,15,멀201
3608,2286,15,멀409
3609,2287,32,멀301
3610,2288,32,멀201
3611,2289,54,멀705-1
3612,2289,191,멀705-1
3613,2290,112,멀402
3614,2290,149,멀402
3615,2291,46,멀803
3616,2291,184,멀803
3617,2292,46,멀410
3618,2292,184,멀410
3619,2293,46,멀702
3620,2293,184,멀702
3621,2294,54,멀410
3622,2294,191,멀410
3623,2295,54,멀603
3624,2295,191,멀603
3625,2296,54,멀702
3626,2296,191,멀702
3627,2297,57,멀604
3628,2297,194,멀604
3629,2298,57,멀410
3630,2298,194,멀410
3631,2299,63,멀803
3632,2299,201,멀803
3633,2300,63,멀702
3634,2300,201,멀702
3635,2301,63,멀410
3636,2301,201,멀410
3637,2302,69,멀702
3638,2302,208,멀702
3639,2303,69,멀603
3640,2303,208,멀603
3641,2304,69,멀410
3642,2304,208,멀410
3643,2305,73,멀702
3644,2305,213,멀702
3645,2306,73,멀410
3646,2306,213,멀410
3647,2307,100,멀803
3648,2307,138,멀803
3649,2308,100,멀702
3650,2308,138,멀702
3651,2309,100,멀410
3652,2309,138,멀410
3653,2310,109,멀603
3654,2310,146,멀603
3655,2311,109,멀304
3656,2311,146,멀304
3657,2312,109,멀410
3658,2312,146,멀410
3659,2313,112,멀702
3660,2313,149,멀702
3661,2314,112,멀410
3662,2314,149,멀410
3663,2315,112,멀803
3664,2315,149,멀803
3665,2316,118,멀410
3666,2316,157,멀410
3667,2317,118,멀702
3668,2317,157,멀702
3669,2318,118,멀803
3670,2318,157,멀803
3671,2319,121,멀410
3672,2319,160,멀410
3673,2320,121,멀603
3674,2320,160,멀603
3675,2321,121,멀803
3676,2321,160,멀803
3677,2322,125,멀803
3678,2322,166,멀803
3679,2323,125,멀410
3680,2323,166,멀410
3681,2324,3,멀603
3682,2325,3,멀803
3683,2326,15,멀410
3684,2327,15,멀803
3685,2328,32,멀803
3686,2329,364,체307호
3687,2330,46,멀301
3688,2330,184,멀301
3689,2331,46,멀409
3690,2331,184,멀409
3691,2332,46,멀703
3692,2332,184,멀703
3693,2333,54,멀201
3694,2333,191,멀201
3695,2334,54,멀409
3696,2334,191,멀409
3697,2335,54,멀805
3698,2335,191,멀805
3699,2336,57,멀101
3700,2336,194,멀101
3701,2337,57,멀301
3702,2337,194,멀301
3703,2338,63,멀101
3704,2338,201,멀101
3705,2339,63,멀301
3706,2339,201,멀301
3707,2340,63,멀409
3708,2340,201,멀409
3709,2341,69,멀109
3710,2341,208,멀109
3711,2342,73,멀109
3712,2342,213,멀109
3713,2343,73,멀301
3714,2343,213,멀301
3715,2344,100,멀101
3716,2344,138,멀101
3717,2345,109,멀101
3718,2345,146,멀101
3719,2346,109,멀201
3720,2346,146,멀201
3721,2347,109,멀301
3722,2347,146,멀301
3723,2348,112,멀109
3724,2348,149,멀109
3725,2349,112,멀409
3726,2349,149,멀409
3727,2350,112,멀301
3728,2350,149,멀301
3729,2351,118,멀703
3730,2351,157,멀703
3731,2352,118,멀301
3732,2352,157,멀301
3733,2353,121,멀703
3734,2353,160,멀703
3735,2354,121,멀702
3736,2354,160,멀702
3737,2355,121,멀301
3738,2355,160,멀301
3739,2356,125,멀109
3740,2356,166,멀109
3741,2357,3,멀201
3742,2358,3,멀301
3743,2359,15,멀101
3744,2360,15,멀109
3745,2361,32,멀409
3746,2362,100,멀312
3747,2362,138,멀312
3748,2363,46,멀210
3749,2363,184,멀210
3750,2364,46,멀411
3751,2364,184,멀411
3752,2365,125,멀512
3753,2365,166,멀512
3754,2366,125,멀210
3755,2366,166,멀210
3756,2367,69,멀210
3757,2367,208,멀210
3758,2368,121,멀210
3759,2368,160,멀210
3760,2369,46,멀402
3761,2369,184,멀402
3762,2371,118,멀210
3763,2371,157,멀210
3764,2372,125,멀302
3765,2372,166,멀302
3766,2373,118,멀411
3767,2373,157,멀411
3768,2374,54,멀402
3769,2374,191,멀402
3770,2375,69,멀513
3771,2375,208,멀513
3772,2376,15,멀411
3773,2377,109,멀312
3774,2377,146,멀312
3775,2378,63,멀204
3776,2378,201,멀204
3777,2379,69,멀204
3778,2379,208,멀204
3779,2380,121,멀312
3780,2380,160,멀312
3781,2381,54,멀210
3782,2381,191,멀210
3783,2382,69,멀512
3784,2382,208,멀512
3785,2383,54,멀411
3786,2383,191,멀411
3787,2384,63,멀411
3788,2384,201,멀411
3789,2385,73,멀512
3790,2385,213,멀512
3791,2386,118,멀704
3792,2386,157,멀704
3793,2387,69,멀302
3794,2387,208,멀302
3795,2388,15,멀512
3796,2389,73,멀312
3797,2389,213,멀312
3798,2390,54,멀203
3799,2390,191,멀203
3800,2391,118,멀612
3801,2391,157,멀612
3802,2392,3,멀411
3803,2393,69,멀112
3804,2393,208,멀112
3805,2394,63,멀704
3806,2394,201,멀704
3807,2395,63,멀408
3808,2395,201,멀408
3809,2396,57,멀302
3810,2396,194,멀302
3811,2397,63,멀312
3812,2397,201,멀312
3813,2398,100,멀411
3814,2398,138,멀411
3815,2399,347,멀B114
3816,2400,353,멀B114
3817,2401,15,멀210
3818,2402,15,멀B114
3819,2403,15,멀112
3820,2404,54,멀826
3821,2404,191,멀826
3822,2405,63,멀512
3823,2405,201,멀512
3824,2406,57,멀602
3825,2406,194,멀602
3826,2407,63,멀602
3827,2407,201,멀602
3828,2408,15,멀826
3829,2409,118,멀602
3830,2409,157,멀602
3831,2410,63,멀513
3832,2410,201,멀513
3833,2411,54,멀312
3834,2411,191,멀312
3835,2412,15,멀704
3836,2413,15,멀602
3837,2414,69,멀602
3838,2414,208,멀602
3839,2415,109,멀411
3840,2415,146,멀411
3841,2416,101,멀826
3842,2417,3,멀612
3843,2418,54,멀512
3844,2418,191,멀512
3845,2419,73,멀602
3846,2419,213,멀602
3847,2420,118,멀302
3848,2420,157,멀302
3849,2421,109,멀513
3850,2421,146,멀513
3851,2422,69,멀826
3852,2422,208,멀826
3853,2423,57,멀704
3854,2423,194,멀704
3855,2424,109,멀204
3856,2424,146,멀204
3857,2425,118,멀513
3858,2425,157,멀513
3859,2426,46,멀512
3860,2426,184,멀512
3861,2427,54,멀602
3862,2427,191,멀602
3863,2428,100,멀402
3864,2428,138,멀203
3865,2429,63,멀107
3866,2429,201,멀107
3867,2430,118,멀312
3868,2430,157,멀312
3869,2431,112,멀312
3870,2431,149,멀312
3871,2432,121,멀826
3872,2432,160,멀826
3873,2433,109,멀512
3874,2433,146,멀512
3875,2434,121,멀512
3876,2434,160,멀512
3877,2435,118,멀512
3878,2435,157,멀512
3879,2436,109,멀602
3880,2436,146,멀602
3881,2437,63,멀612
3882,2437,201,멀612
3883,2438,57,멀402
3884,2438,194,멀402
3885,2439,109,멀210
3886,2439,146,멀210
3887,2440,340,멀112
3888,2441,210,멀704
3889,2443,347,글403
3890,2444,32,멀826
3891,2445,121,멀602
3892,2445,160,멀602
3893,2446,73,멀302
3894,2446,213,멀302
3895,2447,118,멀311
3896,2447,157,멀311
3897,2448,3,멀302
3898,2449,118,멀204
3899,2449,157,멀204
3900,2450,125,멀203
3901,2450,166,멀203
3902,2451,109,멀203
3903,2451,146,멀203
3904,2452,54,체204호
3905,2452,191,체204호
3906,2453,305,멀202
3907,2454,305,멀204
3908,2455,292,멀203
3909,2456,349,멀202
3910,2457,63,멀826
3911,2457,201,멀826
3912,2458,32,멀302
3913,2459,3,멀704
3914,2460,15,멀302
3915,2461,121,멀302
3916,2461,160,멀302
3917,2462,46,멀312
3918,2462,184,멀312
3919,2463,112,멀210
3920,2463,149,멀210
3921,2464,15,멀612
3922,2467,46,멀602
3923,2467,184,멀602
3924,2469,57,외305
3925,2469,194,외305
3926,2470,121,외412
3927,2470,160,외412
3928,2471,139,멀826
3929,2472,185,멀612
3930,2473,57,멀203
3931,2473,194,멀203
3932,2474,121,멀203
3933,2474,160,멀203
3934,2475,320,멀B114
3935,2476,326,멀B114
3936,2477,101,멀B114
3937,2478,305,글401
3938,2479,69,외321(공자아카데미)
3939,2479,208,외321(공자아카데미)
3940,2480,121,외402
3941,2480,160,외402
3942,2481,69,외401
3943,2481,208,외401
3944,2482,54,외306
3945,2482,191,외306
3946,2483,69,멀103
3947,2483,208,멀103
3948,2484,73,멀103
3949,2484,213,멀103
3950,2485,118,멀103
3951,2485,157,멀103
3952,2486,121,멀103
3953,2486,160,멀103
3954,2487,73,외306
3955,2487,213,외306
3956,2488,112,외321(공자아카데미)
3957,2488,149,외321(공자아카데미)
3958,2489,121,외204
3959,2489,160,외204
3960,2490,109,외404
3961,2490,146,외404
3962,2491,54,외321(공자아카데미)
3963,2491,191,외321(공자아카데미)
3964,2492,63,멀604
3965,2492,201,멀604
3966,2493,100,멀512
3967,2493,138,멀512
3968,2494,118,멀112
3969,2494,157,멀112
3970,2495,121,멀612
3971,2495,160,멀612
3972,2496,109,멀704
3973,2496,146,멀704
3974,2498,340,멀210
3975,2499,340,멀312
3976,2500,163,멀608
3977,2501,15,멀312
3978,2502,32,멀312
3979,2504,3,멀304
3980,2505,15,멀304
3981,2508,341,외402
3982,2509,339,예B167
3983,2510,339,예B122
3984,2511,313,예401
3985,2512,267,멀701
3986,2513,270,멀701
3987,2514,322,멀701
3988,2515,325,멀701
3989,2516,190,멀204
3990,2517,352,멀701
3991,2518,355,멀701
3992,2519,296,멀701
3993,2522,112,멀204
3994,2522,149,멀204
3995,2523,3,멀112
3996,2524,3,멀826
3997,2525,3,멀513
3998,2526,15,멀513
3999,2527,198,체201
4000,2528,113,글403
4001,2529,209,체306호
4002,2530,192,체215-3
4003,2531,282,체205호
4004,2532,282,체212
4005,2533,100,멀704
4006,2533,138,멀704
4007,2534,122,글403
4008,2535,235,글403
4009,2536,147,선승관 웨이트장
4010,2537,110,선승관 웨이트장
4011,2538,19,체B103
4012,2539,30,체B103
4013,2540,239,체106
4014,2541,122,체106
4015,2542,30,1호관테니스장
4016,2543,147,글403
4017,2544,70,체B120
4018,2545,316,1호관운동장
4019,2546,343,1호관운동장
4020,2547,239,체215-1
4021,2548,144,체B120
4022,2549,3,멀312
4023,2550,54,멀704
4024,2551,73,멀112
4025,2551,213,멀112
4026,2552,73,멀411
4027,2552,213,멀411
4028,2553,73,멀513
4029,2553,213,멀513
4030,2554,314,멀210
4031,2557,73,멀703
4032,2557,213,멀703
4033,2558,73,멀705
4034,2558,213,멀705
4035,2559,73,멀705-1
4036,2559,213,멀705-1
4037,2560,125,멀702
4038,2560,166,멀702
4039,2561,125,멀705
4040,2561,166,멀705
4041,2562,125,멀705-1
4042,2562,166,멀705-1
4043,2563,46,멀112
4044,2563,184,멀112
4045,2564,54,멀112
4046,2564,191,멀112
4047,2565,100,멀112
4048,2565,138,멀112
4049,2566,109,멀112
4050,2566,146,멀112
117,71,3,공148호
118,72,23,공148
119,72,63,공148
120,73,118,공148
121,73,157,공148
4051,2567,32,멀512
4052,2568,3,멀512
4053,2569,54,멀302
4054,2569,191,멀302
4055,2570,3,멀B114
4056,2571,292,멀826
122,74,118,공371호
123,74,157,공371호
124,75,73,공371호
125,75,213,공371호
126,76,73,공165호
127,76,213,공165호
128,77,118,공B104호
129,77,157,공B104호
130,78,121,공B104호
131,78,160,공B104호
132,79,125,공B104호
133,79,166,공B104호
134,80,46,공165호
135,80,184,공165호
136,81,125,공142-2호
137,81,166,공142-2호
138,82,125,공B102호
139,82,166,공B102호
140,83,100,공142-2호
141,83,138,공142-2호
142,84,187,전136
143,85,115,전205
144,85,154,전205
145,86,65,전205
146,86,203,전205
147,87,8,전211-1
148,88,52,B06
149,88,189,B06
150,89,226,전221
151,90,126,전219
152,90,167,전219
153,91,44,전445
154,92,127,전409
155,93,133,전309
156,94,87,전136
157,95,73,공367호
158,95,213,공367호
159,96,231,B06
4057,2572,46,전101
4058,2572,184,전101
4059,2573,46,멀107
4060,2573,184,멀107
4061,2574,54,멀107
4062,2574,191,멀107
4063,2575,69,멀107
4064,2575,208,멀107
4065,2576,73,멀107
4066,2576,213,멀107
4067,2577,112,전102
4068,2577,149,전102
4069,2578,118,전102
4070,2578,157,전102
4071,2579,234,멀304
4072,2579,184,멀304
4073,2580,238,멀304
4074,2580,191,멀304
4075,2581,100,멀107
4076,2581,138,멀107
4077,2582,109,멀107
4078,2582,146,멀107
4079,2583,109,멀304
4080,2583,146,멀304
4081,2584,112,멀304
4082,2584,149,멀304
4083,2585,112,멀107
4084,2585,149,멀107
4085,2586,118,멀107
4086,2586,157,멀107
4087,2587,69,전101
4088,2587,208,전101
4089,2588,121,전101
4090,2588,160,전101
4091,2589,69,전102
4092,2589,208,전102
4093,2590,57,전101
4094,2590,194,전101
4095,2591,63,전101
4096,2591,201,전101
4097,2592,100,전101
4098,2592,138,전101
4099,2593,109,전101
4100,2593,146,전101
4101,2594,29,전218
4102,2594,208,전218
4103,2595,255,전218
4104,2595,213,전218
4105,2596,121,멀304
4106,2596,160,멀304
4107,2597,125,멀304
4108,2597,166,멀304
4109,2598,100,전223
4110,2598,138,전223
4111,2599,109,전223
4112,2599,146,전223
4113,2600,54,전102
4114,2600,191,전102
4115,2601,57,전102
4116,2601,194,전102
4117,2602,69,멀304
4118,2602,208,멀304
4119,2603,73,멀304
4120,2603,213,멀304
4121,2604,121,전223
4122,2604,160,전223
4123,2605,125,전223
4124,2605,166,전223
4125,2606,55,멀311
4126,2606,192,멀309
4127,2607,115,멀311
4128,2607,154,멀309
4129,2608,110,멀311
4130,2608,147,멀309
4131,2609,273,멀311
4132,2609,358,멀309
4133,2610,273,멀311
4134,2610,358,멀310
4135,2611,61,멀311
4136,2611,198,멀309
4137,2612,61,멀311
4138,2612,198,멀310
4139,2613,73,국경311
4140,2613,213,국경311
4141,2614,63,국경311
4142,2614,201,국경311
4143,2615,109,국경305
4144,2615,146,국경305
4145,2616,118,국경212호
4146,2616,157,국경212호
4147,2617,54,국경212호
4148,2617,191,국경212호
4149,2618,69,공365호
4150,2618,208,공365호
4151,2619,73,공365호
4152,2619,213,공365호
4153,2620,100,공149호
4154,2620,138,공149호
4155,2621,109,공263호
4156,2621,146,공263호
4157,2622,57,멀107
4158,2622,194,멀107
4159,2623,63,멀107
4160,2623,201,멀107
4161,2624,118,멀304
4162,2624,157,멀304
4163,2625,12,멀311
4164,2626,112,전218
4165,2626,149,전218
4166,2627,69,전103
4167,2627,208,전103
4168,2628,57,공B105호
4169,2628,194,공B105호
4170,2629,100,전227
4171,2629,138,전227
4172,2630,63,멀408
4173,2630,201,멀408
4174,2631,112,멀408
4175,2631,149,멀408
4176,2632,118,멀408
4177,2632,157,멀408
4178,2633,121,멀408
4179,2633,160,멀408
4180,2634,125,멀408
4181,2634,166,멀408
4182,2635,258,멀403
4183,2635,343,멀407
4184,2636,67,멀407
4185,2636,205,멀403
4186,2637,67,멀407
4187,2637,205,멀404
4188,2638,299,멀403
4189,2638,327,멀407
4190,2639,258,멀407
4191,2639,343,멀403
4192,2640,289,멀403
4193,2640,321,멀407
4194,2641,289,멀404
4195,2641,321,멀407
4196,2642,289,멀407
4197,2642,321,멀403
4198,2643,289,멀407
4199,2643,321,멀404
4200,2644,299,멀407
4201,2644,327,멀403
4202,2645,299,멀407
4203,2645,327,멀404
4204,2646,46,멀408
4205,2646,184,멀408
4206,2647,54,멀408
4207,2647,191,멀408
4208,2648,57,멀408
4209,2648,194,멀408
4210,2649,100,멀408
4211,2649,138,멀408
4212,2650,109,멀408
4213,2650,146,멀408
4214,2651,106,국310
4215,2651,143,국310
4216,2652,100,생422
4217,2652,138,생422
4218,2653,46,국경305
4219,2653,184,국경305
4220,2654,73,국경301
4221,2654,213,국경301
4222,2655,57,국경310
4223,2655,194,국경310
4224,2656,46,생명119_시청각실
4225,2656,184,생명119_시청각실
4226,2657,54,생명119_시청각실
4227,2657,191,생명119_시청각실
4228,2658,54,국경305
4229,2658,191,국경305
4230,2659,63,생422
4231,2659,201,생422
160,97,110,전205
161,97,147,전205
162,98,109,전103
163,98,146,전103
164,99,118,전103
165,99,157,전103
166,100,63,B09
167,100,201,B09
168,101,69,전205
169,101,208,전205
170,102,118,전218
171,102,157,전218
172,103,115,B06
173,103,154,B06
174,104,70,B09
175,104,209,B09
176,105,77,B09
177,105,217,B09
178,106,122,전211-1
179,106,161,전211-1
180,107,22,전136
181,108,6,B09
182,109,54,B09
183,109,191,B09
184,110,33,전136
185,111,73,B01
186,111,213,B01
187,112,73,B06
188,112,213,B06
189,113,61,B01
190,113,198,B01
191,114,115,B01
192,114,154,B01
193,115,121,B06
194,115,160,B06
195,116,121,B01
196,116,160,B01
197,117,11,전136
198,118,28,전103
199,119,39,전103
200,120,128,전103
201,120,169,전103
202,121,51,전103
203,123,134,B09
204,123,177,B09
205,124,89,B01
206,124,233,B01
207,125,134,전136
208,125,177,전136
209,126,118,B07
210,126,157,B07
211,127,6,B06
212,128,162,B07
213,129,104,전B07
214,130,118,B05
215,130,157,B05
216,131,141,예706
217,132,204,예706
218,133,141,예702
219,134,27,예705
4232,2660,333,멀402
4233,2661,285,멀608
4234,2662,316,멀608
4235,2663,321,멀608
4236,2664,193,멀608
4237,2665,289,멀608
4238,2666,258,멀608
4239,2667,158,멀402
4240,2672,307,멀402
4241,2673,56,멀608
4242,2674,119,멀402
4243,2675,247,멀402
4244,2676,235,멀402
4245,2677,13,멀402
4246,2680,65,멀402
4247,2681,273,멀402
220,135,109,전220
221,135,146,전220
222,136,109,전226
223,136,146,전226
224,137,118,전220
225,137,157,전220
226,138,118,전226
227,138,157,전226
228,139,100,전445
229,139,138,전445
230,140,100,전226
231,140,138,전226
232,141,112,전445
233,141,149,전445
234,142,112,전226
235,142,149,전226
236,143,69,전445
237,143,208,전445
238,144,69,전226
239,144,208,전226
240,145,121,전226
241,145,160,전226
242,146,121,전445
243,146,160,전445
244,147,54,전445
245,147,191,전445
246,148,54,전539
247,148,191,전539
248,149,109,전136
249,149,146,전136
250,150,109,전539
251,150,146,전539
252,151,118,전539
253,151,157,전539
254,152,100,B06
255,152,138,B06
4248,2682,235,멀305
4249,2682,193,멀311
4250,2683,13,멀305
4251,2683,193,멀311
4252,2684,247,멀305
4253,2684,193,멀311
4254,2685,121,멀302
4255,2685,160,멀302
4256,2686,112,멀302
4257,2686,149,멀302
4258,2687,3,멀705-1
4259,2688,46,멀705-1
4260,2688,184,멀705-1
4261,2689,54,멀705-1
4262,2689,191,멀705-1
4263,2690,57,멀703
4264,2690,194,멀703
4265,2691,63,멀703
4266,2691,201,멀703
4267,2692,69,멀705-1
4268,2692,208,멀705-1
4269,2693,73,멀705-1
4270,2693,213,멀705-1
4271,2694,100,멀409
4272,2694,138,멀409
4273,2695,109,멀604
4274,2695,146,멀604
4275,2696,112,멀703
4276,2696,149,멀703
4277,2697,118,멀805
4278,2697,157,멀805
4279,2698,121,멀409
4280,2698,160,멀409
4281,2699,125,멀409
4282,2699,166,멀409
4283,2700,15,멀705-1
4284,2701,32,멀705-1
4285,2702,54,멀409
4286,2702,191,멀409
4287,2703,63,멀409
4288,2703,201,멀409
4289,2704,69,멀301
4290,2704,208,멀301
4291,2705,73,멀301
4292,2705,213,멀301
4293,2706,63,멀108
4294,2706,201,멀108
4295,2707,121,멀703
4296,2707,160,멀703
4297,2708,57,멀803
4298,2708,194,멀803
4299,2709,46,멀803
4300,2709,184,멀803
4301,2710,54,멀603
4302,2710,191,멀603
4303,2711,57,멀410
4304,2711,194,멀410
4305,2712,100,멀803
4306,2712,138,멀803
4307,2713,109,멀803
4308,2713,146,멀803
4309,2714,112,멀803
4310,2714,149,멀803
4311,2715,118,멀803
4312,2715,157,멀803
4313,2716,3,멀803
4314,2717,15,멀803
4315,2718,163,멀609
4316,2719,349,멀609
4317,2720,63,멀208
4318,2720,201,멀208
4319,2721,69,멀411
4320,2721,208,멀411
4321,2722,109,멀402
4322,2722,146,멀402
4323,2723,112,멀103
4324,2723,149,멀103
4325,2724,112,글405
4326,2724,149,글405
4327,2725,118,글405
4328,2725,157,글405
4329,2726,15,멀107
4330,2727,121,멀204
4331,2727,160,멀204
4332,2728,121,멀608
4333,2728,160,멀608
4334,2729,15,멀103
4335,2730,15,멀609
4336,2733,54,멀602
4337,2733,191,멀602
4338,2734,112,멀205
4339,2734,149,멀205
4340,2735,118,멀608
4341,2735,157,멀608
4342,2736,3,멀205
4343,2737,3,멀208
4344,2738,15,멀206
4345,2739,15,멀205
4346,2740,15,멀207
4347,2741,15,멀208
4348,2742,15,멀705
4349,2743,32,멀206
4350,2744,46,멀103
4351,2744,184,멀103
4352,2745,46,멀205
4353,2745,184,멀205
4354,2746,54,멀206
4355,2746,191,멀206
4356,2747,54,멀207
4357,2747,191,멀207
4358,2748,54,멀103
4359,2748,191,멀103
4360,2749,54,멀205
4361,2749,191,멀205
4362,2750,54,멀208
4363,2750,191,멀208
4364,2751,57,멀103
4365,2751,194,멀103
4366,2752,57,멀206
4367,2752,194,멀206
4368,2753,57,멀208
4369,2753,194,멀208
4370,2754,57,멀205
4371,2754,194,멀205
4372,2755,63,멀207
4373,2755,201,멀207
4374,2756,63,멀103
4375,2756,201,멀103
4376,2757,63,멀608
4377,2757,201,멀608
4378,2758,63,멀206
4379,2758,201,멀206
4380,2759,63,멀204
4381,2759,201,멀204
4382,2760,63,멀205
4383,2760,201,멀205
4384,2761,69,멀207
4385,2761,208,멀207
4386,2762,69,멀206
4387,2762,208,멀206
4388,2763,69,멀604
4389,2763,208,멀604
4390,2764,69,멀608
4391,2764,208,멀608
4392,2765,69,멀208
4393,2765,208,멀208
4394,2766,73,멀206
4395,2766,213,멀206
4396,2767,73,멀205
4397,2767,213,멀205
4398,2768,73,멀208
4399,2768,213,멀208
4400,2769,100,멀103
4401,2769,138,멀103
4402,2770,100,멀206
4403,2770,138,멀206
4404,2771,109,멀103
4405,2771,146,멀103
4406,2772,109,멀207
4407,2772,146,멀207
4408,2773,109,멀206
4409,2773,146,멀206
4410,2774,109,멀205
4411,2774,146,멀205
4412,2775,109,멀208
4413,2775,146,멀208
4414,2776,112,멀204
4415,2776,149,멀204
4416,2777,112,멀206
4417,2777,149,멀206
4418,2778,118,멀103
4419,2778,157,멀103
4420,2779,118,멀204
4421,2779,157,멀204
4422,2780,118,멀206
4423,2780,157,멀206
4424,2781,121,멀103
4425,2781,160,멀103
4426,2782,121,멀205
4427,2782,160,멀205
4428,2783,121,멀206
4429,2783,160,멀206
4430,2784,125,멀103
4431,2784,166,멀103
4432,2785,125,멀205
4433,2785,166,멀205
4434,2786,125,멀206
4435,2786,166,멀206
4436,2787,47,멀610
4437,2788,263,멀610
4438,2789,263,멀705-1
4439,2790,263,멀611
4440,2791,271,멀611
4441,2792,271,멀704
4442,2793,271,멀610
4443,2794,271,멀805
4444,2795,139,멀609
4445,2796,139,멀610
4446,2797,139,멀611
4447,2798,323,멀611
4448,2799,323,멀610
4449,2800,323,멀705
4450,2801,323,멀609
4451,2802,163,멀611
4452,2803,163,멀705
4453,2804,163,멀610
4454,2805,185,멀610
4455,2806,349,멀611
4456,2807,349,멀705
4457,2808,349,멀705-1
4458,2809,349,멀610
4459,2810,210,멀611
4460,2811,210,멀610
4461,2812,101,멀610
4462,2813,101,멀611
4463,2814,101,멀705-1
4464,2815,292,멀611
4465,2816,292,멀705
4466,2817,292,멀705-1
4467,2818,292,멀604
4468,2819,305,멀611
4469,2820,305,멀705
4470,2821,3,멀610
4471,2822,3,멀611
4472,2823,15,멀611
4473,2824,15,멀204
4474,2825,15,멀610
4475,2826,32,멀204
4476,2827,32,멀611
4477,2828,46,멀101
4478,2828,184,멀101
4479,2829,46,멀108
4480,2829,184,멀108
4481,2830,46,멀109
4482,2830,184,멀109
4483,2831,54,멀109
4484,2831,191,멀109
4485,2832,54,멀108
4486,2832,191,멀108
4487,2833,54,멀101
4488,2833,191,멀101
4489,2834,57,멀101
4490,2834,194,멀101
4491,2835,57,멀108
4492,2835,194,멀108
4493,2836,57,멀109
4494,2836,194,멀109
4495,2837,63,멀101
4496,2837,201,멀101
4497,2838,63,멀109
4498,2838,201,멀109
4499,2839,69,멀101
4500,2839,208,멀101
4501,2840,69,멀201
4502,2840,208,멀201
4503,2841,69,멀109
4504,2841,208,멀109
4505,2842,73,멀101
4506,2842,213,멀101
4507,2843,73,멀201
4508,2843,213,멀201
4509,2844,73,멀109
4510,2844,213,멀109
4511,2845,100,멀108
4512,2845,138,멀108
4513,2846,100,멀109
4514,2846,138,멀109
4515,2847,109,멀109
4516,2847,146,멀109
4517,2848,109,멀108
4518,2848,146,멀108
4519,2849,109,멀201
4520,2849,146,멀201
4521,2850,112,멀108
4522,2850,149,멀108
4523,2851,112,멀109
4524,2851,149,멀109
4525,2852,112,멀201
4526,2852,149,멀201
4527,2853,118,멀108
4528,2853,157,멀108
4529,2854,118,멀109
4530,2854,157,멀109
4531,2855,118,멀201
4532,2855,157,멀201
4533,2856,121,멀109
4534,2856,160,멀109
4535,2857,121,멀201
4536,2857,160,멀201
4537,2858,121,멀108
4538,2858,160,멀108
4539,2859,125,멀108
4540,2859,166,멀108
4541,2860,125,멀201
4542,2860,166,멀201
4543,2861,3,멀101
4544,2862,3,멀201
4545,2863,3,멀109
4546,2864,15,멀108
4547,2865,15,멀101
4548,2866,15,멀109
4549,2867,32,멀108
4550,2868,32,멀109
4551,2869,46,멀410
4552,2869,184,멀410
4553,2870,46,멀603
4554,2870,184,멀603
4555,2871,46,멀702
4556,2871,184,멀702
4557,2872,54,멀803
4558,2872,191,멀803
4559,2873,54,멀702
4560,2873,191,멀702
4561,2874,57,멀604
4562,2874,194,멀604
4563,2875,57,멀603
4564,2875,194,멀603
4565,2876,57,멀702
4566,2876,194,멀702
4567,2877,63,멀603
4568,2877,201,멀603
4569,2878,63,멀702
4570,2878,201,멀702
4571,2879,63,멀803
4572,2879,201,멀803
4573,2880,69,멀410
4574,2880,208,멀410
4575,2881,69,멀803
4576,2881,208,멀803
4577,2882,69,멀702
4578,2882,208,멀702
4579,2883,73,멀410
4580,2883,213,멀410
4581,2884,100,멀410
4582,2884,138,멀410
4583,2885,100,멀603
4584,2885,138,멀603
4585,2886,109,멀603
4586,2886,146,멀603
4587,2887,112,멀603
4588,2887,149,멀603
4589,2888,112,멀702
4590,2888,149,멀702
4591,2889,112,멀410
4592,2889,149,멀410
4593,2890,118,멀603
4594,2890,157,멀603
4595,2891,121,멀803
4596,2891,160,멀803
4597,2892,121,멀702
4598,2892,160,멀702
4599,2893,125,멀410
4600,2893,166,멀410
4601,2894,125,멀803
4602,2894,166,멀803
4603,2895,3,멀410
4604,2896,3,멀603
4605,2897,15,멀702
4606,2898,15,멀603
4607,2899,32,멀603
4608,2900,364,체307호
4609,2901,364,체308호
4610,2902,46,멀201
4611,2902,184,멀201
4612,2903,46,멀301
4613,2903,184,멀301
4614,2904,54,멀703
4615,2904,191,멀703
4616,2905,54,멀201
4617,2905,191,멀201
4618,2906,54,멀301
4619,2906,191,멀301
4620,2907,57,멀301
4621,2907,194,멀301
4622,2908,57,멀201
4623,2908,194,멀201
4624,2909,63,멀301
4625,2909,201,멀301
4626,2910,63,멀201
4627,2910,201,멀201
4628,2911,69,멀703
4629,2911,208,멀703
4630,2912,100,멀201
4631,2912,138,멀201
4632,2913,100,멀301
4633,2913,138,멀301
4634,2914,109,멀409
4635,2914,146,멀409
4636,2915,109,멀301
4637,2915,146,멀301
4638,2916,112,멀409
4639,2916,149,멀409
4640,2917,112,멀301
4641,2917,149,멀301
4642,2918,112,멀805
4643,2918,149,멀805
4644,2919,118,멀409
4645,2919,157,멀409
4646,2920,121,멀301
4647,2920,160,멀301
4648,2921,3,멀301
4649,2922,3,멀409
4650,2923,15,멀703
4651,2924,15,멀301
4652,2925,15,멀409
4653,2926,32,멀703
4654,2927,54,멀210
4655,2927,191,멀210
4656,2928,125,멀512
4657,2928,166,멀512
4658,2929,125,멀210
4659,2929,166,멀210
4660,2930,3,멀302
4661,2931,46,멀602
4662,2931,184,멀602
4663,2933,118,멀210
4664,2933,157,멀210
4665,2934,340,멀612
4666,2935,125,멀302
4667,2935,166,멀302
4668,2936,118,멀411
4669,2936,157,멀411
4670,2937,54,멀402
4671,2937,191,멀402
4672,2938,118,멀312
4673,2938,157,멀312
4674,2939,3,멀602
4675,2940,109,멀312
4676,2940,146,멀312
4677,2941,63,멀203
4678,2941,201,멀203
4679,2942,69,멀203
4680,2942,208,멀203
4681,2943,121,멀312
4682,2943,160,멀312
4683,2944,15,멀302
4684,2945,69,멀312
4685,2945,208,멀312
4686,2946,57,멀312
4687,2946,194,멀312
4688,2947,54,멀411
4689,2947,191,멀411
4690,2948,63,멀411
4691,2948,201,멀411
4692,2949,73,멀512
4693,2949,213,멀512
4694,2950,118,멀704
4695,2950,157,멀704
4696,2951,69,멀302
4697,2951,208,멀302
4698,2952,15,멀512
4699,2953,73,멀312
4700,2953,213,멀312
4701,2954,54,멀203
4702,2954,191,멀203
4703,2955,118,멀612
4704,2955,157,멀612
4705,2957,69,멀112
4706,2957,208,멀112
4707,2958,63,멀210
4708,2958,201,멀210
4709,2959,57,멀302
4710,2959,194,멀302
4711,2960,63,멀312
4712,2960,201,멀312
4713,2961,112,멀512
4714,2961,149,멀512
4715,2962,347,멀B114
4716,2963,353,멀B114
4717,2964,15,멀210
4718,2965,15,멀B114
4719,2966,15,멀112
4720,2967,46,멀210
4721,2967,184,멀210
4722,2968,112,멀411
4723,2968,149,멀411
4724,2969,118,멀302
4725,2969,157,멀302
4726,2970,118,멀602
4727,2970,157,멀602
4728,2971,15,멀826
4729,2972,63,멀513
4730,2972,201,멀513
4731,2973,54,멀312
4732,2973,191,멀312
4733,2974,121,멀411
4734,2974,160,멀411
4735,2975,125,멀411
4736,2975,166,멀411
4737,2976,15,멀704
4738,2977,15,멀602
4739,2978,121,멀302
4740,2978,160,멀302
4741,2979,109,멀411
4742,2979,146,멀411
4743,2980,3,멀612
4744,2981,54,멀512
4745,2981,191,멀512
4746,2982,118,멀513
4747,2982,157,멀513
4748,2983,109,멀513
4749,2983,146,멀513
4750,2984,46,멀302
4751,2984,184,멀302
4752,2985,109,멀203
4753,2985,146,멀203
4754,2986,118,멀112
4755,2986,157,멀112
4756,2987,118,글507
4757,2987,157,글507
4758,2988,109,멀704
4759,2988,146,멀704
4760,2989,112,멀312
4761,2989,149,멀312
4762,2990,121,멀826
4763,2990,160,멀826
4764,2991,109,멀512
4765,2991,146,멀512
4766,2992,121,멀512
4767,2992,160,멀512
4768,2993,118,멀512
4769,2993,157,멀512
4770,2994,109,멀602
4771,2994,146,멀602
4772,2995,63,멀612
4773,2995,201,멀612
4774,2996,69,멀210
4775,2996,208,멀210
4776,2998,109,멀210
4777,2998,146,멀210
4778,2999,340,멀112
4779,3000,210,멀704
4780,3001,347,글403
4781,3002,32,멀826
4782,3003,121,멀602
4783,3003,160,멀602
4784,3004,73,멀302
4785,3004,213,멀302
4786,3005,69,멀512
4787,3005,208,멀512
4788,3006,118,멀203
4789,3006,157,멀203
4790,3007,125,글507
4791,3007,166,글507
4792,3008,109,글507
4793,3008,146,글507
4794,3010,54,체204호
4795,3010,191,체204호
4796,3011,292,멀202
4797,3012,263,멀202
4798,3013,305,멀203
4799,3014,323,멀826
4800,3015,15,멀203
4801,3016,349,멀202
4802,3017,46,멀312
4803,3017,184,멀312
4804,3018,112,멀210
4805,3018,149,멀210
4806,3019,15,멀612
4807,3020,121,멀513
4808,3020,160,멀513
4809,3022,54,멀704
4810,3022,191,멀704
4811,3023,109,멀612
4812,3023,146,멀612
4813,3024,57,외403
4814,3024,194,외403
4815,3025,121,외412
4816,3025,160,외412
4817,3026,15,멀411
4818,3027,139,멀826
4819,3028,185,멀612
4820,3029,57,멀203
4821,3029,194,멀203
4822,3030,112,멀203
4823,3030,149,멀203
4824,3031,320,멀B114
4825,3032,326,멀B114
4826,3033,101,멀B114
4827,3034,305,멀B114
4828,3035,69,멀609
4829,3035,208,멀609
4830,3036,69,외402
4831,3036,208,외402
4832,3037,109,외204
4833,3037,146,외204
4834,3038,69,멀103
4835,3038,208,멀103
4836,3039,73,멀103
4837,3039,213,멀103
4838,3040,118,외403
4839,3040,157,외403
4840,3041,121,외403
4841,3041,160,외403
4842,3042,73,외403
4843,3042,213,외403
4844,3043,112,외401
4845,3043,149,외401
4846,3044,121,외204
4847,3044,160,외204
4848,3045,57,외204
4849,3045,194,외204
4850,3046,54,멀609
4851,3046,191,멀609
4852,3047,63,멀604
4853,3047,201,멀604
4854,3048,15,멀312
4855,3049,121,멀612
4856,3049,160,멀612
4857,3050,112,멀612
4858,3050,149,멀612
4859,3052,340,멀210
4860,3053,340,멀312
4861,3054,32,멀312
4862,3056,46,멀513
4863,3056,184,멀513
4864,3057,54,멀513
4865,3057,191,멀513
4866,3060,339,멀101
4867,3061,313,예B139
4868,3062,339,예B122
4869,3063,313,예401
4870,3064,267,멀701
4871,3065,270,멀701
4872,3066,325,멀701
4873,3067,331,멀701
4874,3068,190,멀701
4875,3069,355,멀701
4876,3070,296,멀701
4877,3073,112,글507
4878,3073,149,글507
4879,3074,3,멀112
4880,3075,3,멀826
4881,3076,15,멀513
4882,3077,3,멀513
4883,3078,61,체201호
4884,3079,113,글403
4885,3084,209,체307호
4886,3085,192,체215-3호
4887,3086,100,멀612
4888,3086,138,멀612
4889,3087,122,글403
4890,3088,235,글403
4891,3089,147,선승관 웨이트장
4892,3090,110,선승관 웨이트장
4893,3091,19,체B103호
4894,3092,30,체B103호
4895,3093,239,체106호
4896,3094,122,체106호
4897,3095,81,1호관테니스장
4898,3096,223,1호관테니스장
4899,3097,147,글403
4900,3098,297,체105호
4901,3099,340,멀512
4902,3100,70,체B118호
4903,3101,122,체B118호
4904,3102,316,1호관운동장(하키장)
4905,3103,343,1호관운동장(하키장)
4906,3104,239,체215-1호
4907,3105,161,체B120호
4908,3106,248,수원 킹핀볼링장
4909,3107,121,멀210
4910,3108,325,공176호
4911,3109,173,공148호
4912,3110,78,공365호
4913,3111,78,공B102호
4914,3112,173,공263호
4915,3113,243,공176호
4916,3114,274,공149호
4917,3115,78,공149호
4918,3116,78,공371호
4919,3117,78,전205
4920,3118,173,전211-1
4921,3119,173,B09
4922,3120,243,전445
4923,3121,173,전102
4924,3122,78,전219
4925,3123,78,공146호
4926,3124,220,전219
4927,3125,78,생423
4928,3126,78,국경305
4929,3127,78,국경103
4930,3128,78,생422
4931,3129,78,생424
4932,3130,131,멀112
4933,3131,173,외202
4934,3132,173,외308
4935,3133,173,외401
4936,3134,173,외211
4937,3135,173,외305
4938,3136,173,외403
4939,3137,131,외204
4940,3138,78,예315
4941,3139,131,예405
4942,3140,131,예502
4943,3141,173,예615
4944,3142,78,예704
4945,3143,78,예118
4946,3144,173,예B139
4947,3145,308,예116
4948,3146,131,체105호
4949,3147,173,체206호
4950,3148,173,체308호
4951,3149,78,체105호
4952,3150,173,체105호
4953,3152,73,멀411
4954,3152,213,멀411
4955,3153,73,멀513
4956,3153,213,멀513
4957,3154,121,멀704
4958,3154,160,멀704
4959,3156,314,멀210
4960,3157,46,멀112
4961,3157,184,멀112
4962,3158,54,멀112
4963,3158,191,멀112
4964,3159,100,멀112
4965,3159,138,멀112
4966,3160,109,멀112
4967,3160,146,멀112
256,153,54,공367호
257,153,191,공367호
258,154,57,공148
259,154,194,공148
260,155,23,공148호
261,155,63,공148호
262,156,29,공148호
263,156,69,공148호
264,157,69,공367호
265,157,208,공367호
266,158,63,공367
267,158,201,공367
268,159,57,공365호
269,159,194,공365호
4968,3161,32,멀512
4969,3162,3,멀512
4970,3163,54,멀302
4971,3163,191,멀302
4972,3164,3,멀B114
4973,3165,292,멀826
270,160,121,공142-2호
271,160,160,공142-2호
272,161,125,공142-2호
273,161,166,공142-2호
274,162,100,공371호
275,162,138,공371호
276,163,54,공142-1
277,163,191,공142-1
278,164,118,공165
279,164,157,공165
280,165,8,전211-1
281,166,159,예306
282,167,110,B01
283,167,147,B01
284,168,27,B06
285,169,117,전136
286,170,56,전205
287,170,193,전205
288,171,115,전205
289,171,154,전205
290,172,70,전539
291,172,209,전539
292,173,52,B05
293,173,189,B05
294,174,164,전B05
295,175,122,B09
296,175,161,B09
297,176,226,B05
298,177,9,전205
299,178,110,B06
300,178,147,B06
301,179,40,B06
302,180,121,공148호
303,180,160,공148호
304,181,110,B09
305,181,147,B09
306,182,18,B09
307,183,229,B05
308,184,82,B07
309,185,87,B06
310,186,1,B06
311,187,109,공469호
312,187,146,공469호
313,188,115,전223
314,188,154,전223
4974,3166,21,전101
4975,3166,62,전101
4976,3166,116,전101
4977,3166,155,전101
4978,3166,199,전101
4979,3167,21,전102
4980,3167,62,전102
4981,3167,116,전102
4982,3167,155,전102
4983,3167,199,전102
4984,3168,21,전221
4985,3168,62,전221
4986,3168,116,전221
4987,3168,155,전221
4988,3168,199,전221
4989,3169,21,멀107
4990,3169,62,멀107
4991,3169,116,멀107
4992,3169,155,멀107
4993,3169,199,멀107
4994,3170,3,전101
4995,3170,47,전101
4996,3170,101,전101
4997,3170,139,전101
4998,3170,185,전101
4999,3171,3,전102
5000,3171,47,전102
5001,3171,101,전102
5002,3171,139,전102
5003,3171,185,전102
5004,3172,3,전221
5005,3172,47,전221
5006,3172,101,전221
5007,3172,139,전221
5008,3172,185,전221
5009,3173,3,전223
5010,3173,47,전223
5011,3173,101,전223
5012,3173,139,전223
5013,3173,185,전223
5014,3174,3,멀408
5015,3174,47,멀408
5016,3174,101,멀408
5017,3174,139,멀408
5018,3174,185,멀408
5019,3175,19,멀407
5020,3175,30,멀403
5021,3175,61,멀407
5022,3175,70,멀403
5023,3175,115,멀407
5024,3175,122,멀403
5025,3175,154,멀407
5026,3175,161,멀403
5027,3175,198,멀407
5028,3175,209,멀403
5029,3176,235,멀403
5030,3176,13,멀407
5031,3176,258,멀403
5032,3176,56,멀407
5033,3176,285,멀403
5034,3176,289,멀407
5035,3176,316,멀403
5036,3176,321,멀407
5037,3176,343,멀403
5038,3176,193,멀407
5039,3177,19,멀408
5040,3177,30,멀404
5041,3177,61,멀408
5042,3177,70,멀404
5043,3177,115,멀408
5044,3177,122,멀404
5045,3177,154,멀408
5046,3177,161,멀404
5047,3177,198,멀408
5048,3177,209,멀404
5049,3178,21,생119
5050,3178,62,생119
5051,3178,116,생119
5052,3178,155,생119
5053,3178,199,생119
5054,3179,3,생119
5055,3179,47,생119
5056,3179,101,생119
5057,3179,139,생119
5058,3179,185,생119
315,189,21,
316,189,62,
317,189,116,
318,189,155,
319,189,199,
5059,3180,3,멀512
5060,3180,47,멀512
5061,3180,101,멀512
5062,3180,139,멀512
5063,3180,185,멀512
5064,3181,3,멀602
5065,3181,47,멀602
5066,3181,101,멀602
5067,3181,139,멀602
5068,3181,185,멀602
5069,3182,21,멀602
5070,3182,62,멀602
5071,3182,116,멀602
5072,3182,155,멀602
5073,3182,199,멀602
5074,3183,3,멀304
5075,3183,47,멀304
5076,3183,101,멀304
5077,3183,139,멀304
5078,3183,185,멀304
5079,3184,21,멀304
5080,3184,62,멀304
5081,3184,116,멀304
5082,3184,155,멀304
5083,3184,199,멀304
5084,3185,3,멀311
5085,3185,47,멀311
5086,3185,101,멀311
5087,3185,139,멀311
5088,3185,185,멀311
5089,3186,21,멀311
5090,3186,62,멀311
5091,3186,116,멀311
5092,3186,155,멀311
5093,3186,199,멀311
5094,3187,3,멀302
5095,3187,47,멀302
5096,3187,101,멀302
5097,3187,139,멀302
5098,3187,185,멀302
5099,3188,21,멀512
5100,3188,62,멀512
5101,3188,116,멀512
5102,3188,155,멀512
5103,3188,199,멀512
5104,3189,3,멀205
5105,3189,47,멀205
5106,3189,101,멀205
5107,3189,139,멀205
5108,3189,185,멀205
5109,3190,3,멀103
5110,3190,47,멀103
5111,3190,101,멀103
5112,3190,139,멀103
5113,3190,185,멀103
5114,3191,21,멀208
5115,3191,62,멀208
5116,3191,116,멀208
5117,3191,155,멀208
5118,3191,199,멀208
5119,3192,3,멀608
5120,3192,47,멀608
5121,3192,101,멀608
5122,3192,139,멀608
5123,3192,185,멀608
5124,3193,21,멀608
5125,3193,62,멀608
5126,3193,116,멀608
5127,3193,155,멀608
5128,3193,199,멀608
5129,3195,21,멀112
5130,3195,62,멀112
5131,3195,116,멀112
5132,3195,155,멀112
5133,3195,199,멀112
5134,3196,3,멀207
5135,3196,47,멀207
5136,3196,101,멀207
5137,3196,139,멀207
5138,3196,185,멀207
5139,3197,21,멀207
5140,3197,62,멀207
5141,3197,116,멀207
5142,3197,155,멀207
5143,3197,199,멀207
5144,3198,3,멀208
5145,3198,47,멀208
5146,3198,101,멀208
5147,3198,139,멀208
5148,3198,185,멀208
5149,3199,21,멀302
5150,3199,62,멀302
5151,3199,116,멀302
5152,3199,155,멀302
5153,3199,199,멀302
5154,3200,21,멀609
5155,3200,62,멀609
5156,3200,116,멀609
5157,3200,155,멀609
5158,3200,199,멀609
5159,3201,3,멀609
5160,3201,47,멀609
5161,3201,101,멀609
5162,3201,139,멀609
5163,3201,185,멀609
5164,3202,21,멀704
5165,3202,62,멀704
5166,3202,116,멀704
5167,3202,155,멀704
5168,3202,199,멀704
5169,3203,3,멀206
5170,3203,47,멀206
5171,3203,101,멀206
5172,3203,139,멀206
5173,3203,185,멀206
5174,3204,21,멀206
5175,3204,62,멀206
5176,3204,116,멀206
5177,3204,155,멀206
5178,3204,199,멀206
5179,3205,3,멀704
5180,3205,47,멀704
5181,3205,101,멀704
5182,3205,139,멀704
5183,3205,185,멀704
5184,3222,9,글403
5185,3222,52,글403
5186,3222,107,글403
5187,3222,144,글403
5188,3222,189,글403
320,190,21,
321,190,62,
322,190,116,
323,190,155,
324,190,199,
5189,3224,21,전101
5190,3224,62,전101
5191,3224,116,전101
5192,3224,155,전101
5193,3224,199,전101
5194,3225,21,전102
5195,3225,62,전102
5196,3225,116,전102
5197,3225,155,전102
5198,3225,199,전102
5199,3226,21,전221
5200,3226,62,전221
5201,3226,116,전221
5202,3226,155,전221
5203,3226,199,전221
5204,3227,21,전223
5205,3227,62,전223
5206,3227,116,전223
5207,3227,155,전223
5208,3227,199,전223
5209,3228,3,전101
5210,3228,47,전101
5211,3228,101,전101
5212,3228,139,전101
5213,3228,185,전101
5214,3229,3,전102
5215,3229,47,전102
5216,3229,101,전102
5217,3229,139,전102
5218,3229,185,전102
5219,3230,3,전221
5220,3230,47,전221
5221,3230,101,전221
5222,3230,139,전221
5223,3230,185,전221
5224,3231,3,멀107
5225,3231,47,멀107
5226,3231,101,멀107
5227,3231,139,멀107
5228,3231,185,멀107
5229,3232,21,멀407
5230,3232,62,멀407
5231,3232,116,멀407
5232,3232,155,멀407
5233,3232,199,멀407
5234,3233,235,멀408
5235,3233,13,멀403
5236,3233,258,멀408
5237,3233,56,멀403
5238,3233,285,멀408
5239,3233,289,멀403
5240,3233,316,멀408
5241,3233,321,멀403
5242,3233,343,멀408
5243,3233,193,멀403
5244,3234,235,멀407
5245,3234,13,멀404
5246,3234,258,멀407
5247,3234,56,멀404
5248,3234,285,멀407
5249,3234,289,멀404
5250,3234,316,멀407
5251,3234,321,멀404
5252,3234,343,멀407
5253,3234,193,멀404
5254,3235,19,멀408
5255,3235,30,멀403
5256,3235,61,멀408
5257,3235,70,멀403
5258,3235,115,멀408
5259,3235,122,멀403
5260,3235,154,멀408
5261,3235,161,멀403
5262,3235,198,멀408
5263,3235,209,멀403
5264,3236,21,생424
5265,3236,62,생424
5266,3236,116,생424
5267,3236,155,생424
5268,3236,199,생424
5269,3237,3,생424
5270,3237,47,생424
5271,3237,101,생424
5272,3237,139,생424
5273,3237,185,생424
325,191,21,
326,191,62,
327,191,116,
328,191,155,
329,191,199,
5274,3238,3,멀101
5275,3238,47,멀101
5276,3238,101,멀101
5277,3238,139,멀101
5278,3238,185,멀101
5279,3239,3,멀108
5280,3239,47,멀108
5281,3239,101,멀108
5282,3239,139,멀108
5283,3239,185,멀108
5284,3240,21,멀108
5285,3240,62,멀108
5286,3240,116,멀108
5287,3240,155,멀108
5288,3240,199,멀108
5289,3241,3,멀109
5290,3241,47,멀109
5291,3241,101,멀109
5292,3241,139,멀109
5293,3241,185,멀109
5294,3242,21,멀109
5295,3242,62,멀109
5296,3242,116,멀109
5297,3242,155,멀109
5298,3242,199,멀109
5299,3243,3,멀201
5300,3243,47,멀201
5301,3243,101,멀201
5302,3243,139,멀201
5303,3243,185,멀201
5304,3244,21,멀201
5305,3244,62,멀201
5306,3244,116,멀201
5307,3244,155,멀201
5308,3244,199,멀201
5309,3245,3,멀301
5310,3245,47,멀301
5311,3245,101,멀301
5312,3245,139,멀301
5313,3245,185,멀301
5314,3246,21,멀301
5315,3246,62,멀301
5316,3246,116,멀301
5317,3246,155,멀301
5318,3246,199,멀301
5319,3247,3,멀702
5320,3247,47,멀702
5321,3247,101,멀702
5322,3247,139,멀702
5323,3247,185,멀702
5324,3248,3,멀603
5325,3248,47,멀603
5326,3248,101,멀603
5327,3248,139,멀603
5328,3248,185,멀603
5329,3249,21,멀603
5330,3249,62,멀603
5331,3249,116,멀603
5332,3249,155,멀603
5333,3249,199,멀603
5334,3250,3,멀205
5335,3250,47,멀205
5336,3250,101,멀205
5337,3250,139,멀205
5338,3250,185,멀205
5339,3251,21,멀205
5340,3251,62,멀205
5341,3251,116,멀205
5342,3251,155,멀205
5343,3251,199,멀205
5344,3252,3,멀B114
5345,3252,47,멀B114
5346,3252,101,멀B114
5347,3252,139,멀B114
5348,3252,185,멀B114
5349,3253,21,멀B114
5350,3253,62,멀B114
5351,3253,116,멀B114
5352,3253,155,멀B114
5353,3253,199,멀B114
5354,3254,3,멀206
5355,3254,47,멀206
5356,3254,101,멀206
5357,3254,139,멀206
5358,3254,185,멀206
5359,3255,21,멀206
5360,3255,62,멀206
5361,3255,116,멀206
5362,3255,155,멀206
5363,3255,199,멀206
5364,3256,3,멀207
5365,3256,47,멀207
5366,3256,101,멀207
5367,3256,139,멀207
5368,3256,185,멀207
5369,3257,21,멀207
5370,3257,62,멀207
5371,3257,116,멀207
5372,3257,155,멀207
5373,3257,199,멀207
5374,3258,3,멀208
5375,3258,47,멀208
5376,3258,101,멀208
5377,3258,139,멀208
5378,3258,185,멀208
5379,3259,21,멀208
5380,3259,62,멀208
5381,3259,116,멀208
5382,3259,155,멀208
5383,3259,199,멀208
5384,3260,3,멀409
5385,3260,47,멀409
5386,3260,101,멀409
5387,3260,139,멀409
5388,3260,185,멀409
5389,3261,3,멀410
5390,3261,47,멀410
5391,3261,101,멀410
5392,3261,139,멀410
5393,3261,185,멀410
5394,3262,21,멀410
5395,3262,62,멀410
5396,3262,116,멀410
5397,3262,155,멀410
5398,3262,199,멀410
5399,3263,21,멀409
5400,3263,62,멀409
5401,3263,116,멀409
5402,3263,155,멀409
5403,3263,199,멀409
5404,3265,21,멀302
5405,3265,62,멀302
5406,3265,116,멀302
5407,3265,155,멀302
5408,3265,199,멀302
5409,3266,21,멀411
5410,3266,62,멀411
5411,3266,116,멀411
5412,3266,155,멀411
5413,3266,199,멀411
5414,3267,3,멀312
5415,3267,47,멀312
5416,3267,101,멀312
5417,3267,139,멀312
5418,3267,185,멀312
5419,3268,21,멀312
5420,3268,62,멀312
5421,3268,116,멀312
5422,3268,155,멀312
5423,3268,199,멀312
5424,3269,21,멀210
5425,3269,62,멀210
5426,3269,116,멀210
5427,3269,155,멀210
5428,3269,199,멀210
5429,3270,21,멀602
5430,3270,62,멀602
5431,3270,116,멀602
5432,3270,155,멀602
5433,3270,199,멀602
5434,3271,21,멀826
5435,3271,62,멀826
5436,3271,116,멀826
5437,3271,155,멀826
5438,3271,199,멀826
5439,3274,21,멀203
5440,3274,62,멀203
5441,3274,116,멀203
5442,3274,155,멀203
5443,3274,199,멀203
5444,3275,3,멀411
5445,3275,47,멀411
5446,3275,101,멀411
5447,3275,139,멀411
5448,3275,185,멀411
5449,3277,3,멀612
5450,3277,47,멀612
5451,3277,101,멀612
5452,3277,139,멀612
5453,3277,185,멀612
5454,3278,3,멀203
5455,3278,47,멀203
5456,3278,101,멀203
5457,3278,139,멀203
5458,3278,185,멀203
5459,3280,3,멀112
5460,3280,47,멀112
5461,3280,101,멀112
5462,3280,139,멀112
5463,3280,185,멀112
5464,3283,21,글507
5465,3283,62,글507
5466,3283,116,글507
5467,3283,155,글507
5468,3283,199,글507
5469,3284,3,멀210
5470,3284,47,멀210
5471,3284,101,멀210
5472,3284,139,멀210
5473,3284,185,멀210
5474,3285,9,글403
5475,3285,52,글403
5476,3285,107,글403
5477,3285,144,글403
5478,3285,189,글403
330,192,21,
331,192,62,
332,192,116,
333,192,155,
334,192,199,
5479,3287,121,전101
5480,3287,160,전101
5481,3288,121,전102
5482,3288,160,전102
5483,3289,46,전102
5484,3289,184,전102
5485,3290,46,멀107
5486,3290,184,멀107
5487,3291,54,멀107
5488,3291,191,멀107
5489,3292,100,멀107
5490,3292,138,멀107
5491,3293,109,멀107
5492,3293,146,멀107
5493,3294,69,전223
5494,3294,208,전223
5495,3295,73,전101
5496,3295,213,전101
5497,3296,112,전101
5498,3296,149,전101
5499,3297,118,전101
5500,3297,157,전101
5501,3298,121,멀107
5502,3298,160,멀107
5503,3299,125,멀107
5504,3299,166,멀107
5505,3300,54,멀304
5506,3300,191,멀304
5507,3301,57,멀304
5508,3301,194,멀304
5509,3302,100,전221
5510,3302,138,전221
5511,3303,46,전101
5512,3303,184,전101
5513,3304,100,전223
5514,3304,138,전223
5515,3305,63,전101
5516,3305,201,전101
5517,3306,69,전101
5518,3306,208,전101
5519,3307,100,멀304
5520,3307,138,멀304
5521,3308,109,멀304
5522,3308,146,멀304
5523,3309,100,전101
5524,3309,138,전101
5525,3310,109,전101
5526,3310,146,전101
5527,3311,69,전102
5528,3311,208,전102
5529,3312,73,전102
5530,3312,213,전102
5531,3313,112,전102
5532,3313,149,전102
5533,3314,118,전102
5534,3314,157,전102
5535,3315,54,전101
5536,3315,191,전101
5537,3316,100,전102
5538,3316,138,전102
5539,3317,121,전221
5540,3317,160,전221
5541,3318,121,전223
5542,3318,160,전223
5543,3319,125,전223
5544,3319,166,전223
5545,3320,2,공365호
5546,3320,69,공176호
5547,3320,208,공176호
5548,3321,11,공365호
5549,3321,69,공176호
5550,3321,208,공176호
5551,3322,22,공365호
5552,3322,69,공176호
5553,3322,208,공176호
5554,3323,251,공365호
5555,3323,69,공176호
5556,3323,208,공176호
5557,3324,2,공367호
5558,3324,100,공176호
5559,3324,138,공176호
5560,3325,11,공367호
5561,3325,100,공176호
5562,3325,138,공176호
5563,3326,22,공367호
5564,3326,100,공176호
5565,3326,138,공176호
5566,3327,251,공367호
5567,3327,100,공176호
5568,3327,138,공176호
5569,3328,2,공369호
5570,3328,54,공176호
5571,3328,191,공176호
5572,3329,11,공369호
5573,3329,54,공176호
5574,3329,191,공176호
5575,3330,22,공369호
5576,3330,54,공176호
5577,3330,191,공176호
5578,3331,251,공369호
5579,3331,54,공176호
5580,3331,191,공176호
5581,3332,2,공371호
5582,3332,109,공176호
5583,3332,146,공176호
5584,3333,11,공371호
5585,3333,109,공176호
5586,3333,146,공176호
5587,3334,22,공371호
5588,3334,109,공176호
5589,3334,146,공176호
5590,3335,251,공371호
5591,3335,109,공176호
5592,3335,146,공176호
5593,3336,2,전101
5594,3336,46,전205
5595,3336,184,전205
5596,3337,11,전101
5597,3337,46,전205
5598,3337,184,전205
5599,3338,22,전101
5600,3338,46,전205
5601,3338,184,전205
5602,3339,251,전101
5603,3339,46,전205
5604,3339,184,전205
5605,3340,55,멀311
5606,3340,192,멀309
5607,3341,55,멀311
5608,3341,192,멀310
5609,3342,110,멀309
5610,3342,147,멀407
5611,3343,110,멀310
5612,3343,147,멀407
5613,3344,61,멀311
5614,3344,198,멀309
5615,3345,61,멀311
5616,3345,198,멀310
5617,3346,115,멀309
5618,3346,154,멀311
5619,3347,115,멀310
5620,3347,154,멀311
5621,3348,273,멀311
5622,3348,358,멀309
5623,3349,273,멀311
5624,3349,358,멀310
5625,3350,307,멀309
5626,3350,333,멀304
5627,3351,46,국경311
5628,3351,184,국경311
5629,3352,109,국경108
5630,3352,146,국경108
5631,3353,112,국경108
5632,3353,149,국경108
5633,3354,57,국경311
5634,3354,194,국경311
5635,3355,63,국경311
5636,3355,201,국경311
5637,3356,121,공176호
5638,3356,160,공176호
5639,3357,128,공176호
5640,3357,169,공176호
5641,3358,46,공142-1호
5642,3358,184,공142-1호
5643,3359,69,국경310
5644,3359,208,국경310
5645,3360,73,국경310
5646,3360,213,국경310
5647,3361,100,공142-1호
5648,3361,138,공142-1호
5649,3362,112,공142-1호
5650,3362,149,공142-1호
5651,3363,57,전102
5652,3363,194,전102
5653,3364,73,전218
5654,3364,213,전218
5655,3365,54,공263호
5656,3365,191,공263호
5657,3366,46,멀408
5658,3366,184,멀408
5659,3367,69,멀408
5660,3367,208,멀408
5661,3368,73,멀408
5662,3368,213,멀408
5663,3369,118,멀408
5664,3369,157,멀408
5665,3370,121,멀408
5666,3370,160,멀408
5667,3371,125,멀408
5668,3371,166,멀408
5669,3372,112,멀304
5670,3372,149,멀304
5671,3373,54,전136
5672,3373,191,전136
5673,3374,258,멀403(실험)
5674,3374,343,멀407(이론)
5675,3375,285,멀405(실험)
5676,3375,316,멀408(이론)
5677,3376,285,멀406(실험)
5678,3376,316,멀408(이론)
5679,3377,289,멀403(실험)
5680,3377,321,멀408(이론)
5681,3378,289,멀404(실험)
5682,3378,321,멀408(이론)
5683,3379,285,멀408(이론)
5684,3379,316,멀405(실험)
5685,3380,285,멀408(이론)
5686,3380,316,멀406(실험)
5687,3381,289,멀408(이론)
5688,3381,321,멀404(실험)
5689,3382,289,멀408(이론)
5690,3382,321,멀405(실험)
5691,3383,299,멀407(이론)
5692,3383,327,멀405(실험)
5693,3384,299,멀407(이론)
5694,3384,327,멀406(실험)
5695,3385,56,멀403(실험)
5696,3385,193,멀407(이론)
5697,3386,56,멀404(실험)
5698,3386,193,멀407(이론)
5699,3387,56,멀405(실험)
5700,3387,193,멀407(이론)
5701,3388,285,멀408(이론)
5702,3388,316,멀404(실험)
5703,3389,67,멀403(실험)
5704,3389,205,멀407(이론)
5705,3390,67,멀404(실험)
5706,3390,205,멀407(이론)
5707,3391,302,멀403(실험)
5708,3391,330,멀407(이론)
5709,3392,302,멀404(실험)
5710,3392,330,멀407(이론)
5711,3393,67,멀407(이론)
5712,3393,205,멀403(실험)
5713,3394,67,멀407(이론)
5714,3394,205,멀404(실험)
5715,3395,56,멀407(이론)
5716,3395,193,멀403(실험)
5717,3396,56,멀407(이론)
5718,3396,193,멀404(실험)
5719,3397,289,멀408(이론)
5720,3397,321,멀406(실험)
5721,3398,258,멀404(실험)
5722,3398,343,멀407(이론)
5723,3399,258,멀405(실험)
5724,3399,343,멀407(이론)
5725,3400,54,멀408
5726,3400,191,멀408
5727,3401,57,멀408
5728,3401,194,멀408
5729,3402,63,멀408
5730,3402,201,멀408
5731,3403,100,국305
5732,3403,138,국305
5733,3404,46,국경301
5734,3404,184,국경301
5735,3405,63,생423
5736,3405,201,생423
5737,3406,54,생119호 시청각실
5738,3406,191,생119호 시청각실
5739,3407,46,생 119(시청각실)
5740,3407,184,생 119(시청각실)
5741,3408,118,국경305
5742,3408,157,국경305
5743,3409,100,생 119(시청각실)
5744,3409,138,생 119(시청각실)
5745,3410,73,국경301
5746,3410,213,국경301
5747,3411,109,생 119(시청각실)
5748,3411,146,생 119(시청각실)
335,195,55,전205
336,195,192,전205
337,196,81,전211-1
338,196,223,전211-1
339,197,115,B06
340,197,154,B06
341,198,64,전211-1
342,198,202,전211-1
343,199,109,전136
344,199,146,전136
345,200,109,전103
346,200,146,전103
347,201,109,B06
348,201,146,B06
349,202,118,전136
350,202,157,전136
351,203,121,전136
352,203,160,전136
353,204,115,B01
354,204,154,B01
355,205,115,B09
356,205,154,B09
357,206,122,B01
358,206,161,B01
359,207,6,전136
360,208,118,전103
361,208,157,전103
362,209,63,B09
363,209,201,B09
364,210,63,전136
365,210,201,전136
366,211,73,B01
367,211,213,B01
368,212,73,전103
369,212,213,전103
370,213,125,전136
371,213,166,전136
372,214,114,전211-1
373,214,153,전211-1
374,215,60,B01
375,215,197,B01
376,216,121,전205
377,216,160,전205
378,217,121,전103
379,217,160,전103
380,218,11,전226
381,219,109,B01
382,219,146,B01
383,220,69,전103
384,220,208,전103
385,221,80,B09
386,221,222,B09
387,222,51,전103
388,223,109,전파공학실험실
389,223,146,전파공학실험실
390,224,104,B09
391,225,6,B01
392,227,38,B09
393,228,134,전211-1
394,228,177,전211-1
395,229,69,B01
396,229,208,B01
397,230,125,전103
398,230,166,전103
399,231,121,B09
400,231,160,B09
401,232,162,B07
402,233,6,B06
403,234,10,전211-1
404,235,20,B01
405,236,69,전B05
406,236,208,전B05
407,237,186,
408,239,204,예706
409,240,103,예706
410,241,187,예706
411,242,187,예704
412,243,5,예705
413,244,27,예705
414,245,49,예705
415,246,66,예705
416,247,49,예B139
5749,3412,333,멀402
5750,3413,343,멀402
5751,3414,316,멀608
5752,3415,321,멀608
5753,3416,273,멀604
5754,3417,193,멀402
5755,3418,258,멀402
5756,3419,158,멀402
5757,3420,289,멀608
5758,3425,307,멀402
5759,3426,56,멀402
5760,3427,119,멀402
5761,3428,247,멀402
5762,3429,235,멀402
5763,3430,13,멀402
5764,3433,343,멀608
5765,3434,193,멀608
5766,3435,65,멀402
5767,3436,273,멀402
417,248,118,전220
418,248,157,전220
419,249,100,전539
420,249,138,전539
421,250,118,전445
422,250,157,전445
423,251,125,전220
424,251,166,전220
425,252,125,전226
426,252,166,전226
427,253,125,전445
428,253,166,전445
429,254,112,전103
430,254,149,전103
431,255,57,전539
432,255,194,전539
433,256,121,전220
434,256,160,전220
435,257,121,전226
436,257,160,전226
437,258,69,전220
438,258,208,전220
439,259,69,전226
440,259,208,전226
441,260,69,전445
442,260,208,전445
443,261,109,전220
444,261,146,전220
445,262,109,전226
446,262,146,전226
447,263,109,전445
448,263,146,전445
449,264,112,전445
450,264,149,전445
451,265,112,전226
452,265,149,전226
453,266,125,전102
454,266,166,전102
455,267,109,전539
456,267,146,전539
457,268,109,전205
458,268,146,전205
5768,3437,110,멀305
5769,3437,167,멀311
5770,3438,293,멀305
5771,3438,167,멀311
5772,3439,302,멀305
5773,3439,167,멀311
5774,3440,100,우정원B111
5775,3440,138,우정원B111
5776,3441,112,우정원B111
5777,3441,149,우정원B111
5778,3442,46,우정원B105
5779,3442,184,우정원B105
5780,3443,54,우정원B105
5781,3443,191,우정원B105
5782,3444,54,멀301
5783,3444,191,멀301
5784,3445,63,멀702
5785,3445,201,멀702
5786,3446,69,멀702
5787,3446,208,멀702
5788,3447,69,멀312
5789,3447,208,멀312
5790,3448,100,우정원B101
5791,3448,138,우정원B101
5792,3449,109,우정원B101
5793,3449,146,우정원B101
5794,3450,118,멀608
5795,3450,157,멀608
5796,3451,57,멀702
5797,3451,194,멀702
5798,3452,46,멀702
5799,3452,184,멀702
5800,3453,109,멀410
5801,3453,146,멀410
5802,3454,112,멀410
5803,3454,149,멀410
5804,3455,118,멀301
5805,3455,157,멀301
5806,3456,163,멀609
5807,3457,349,멀609
5808,3458,125,멀608
5809,3458,166,멀608
5810,3459,15,멀103
5811,3460,69,멀608
5812,3460,208,멀608
5813,3461,63,멀608
5814,3461,201,멀608
5815,3462,73,멀608
5816,3462,213,멀608
5817,3463,57,멀103
5818,3463,194,멀103
5819,3464,63,멀103
5820,3464,201,멀103
5821,3465,69,멀103
5822,3465,208,멀103
5823,3466,112,멀402
5824,3466,149,멀402
5825,3467,15,멀609
5826,3468,15,멀107
5827,3469,109,멀402
5828,3469,146,멀402
5829,3471,93,ONLINE
5830,3472,54,멀204
5831,3472,191,멀204
5832,3473,73,멀204
5833,3473,213,멀204
5834,3474,109,멀204
5835,3474,146,멀204
5836,3475,3,멀108
5837,3476,3,멀101
5838,3477,15,멀108
5839,3478,15,멀109
5840,3479,15,멀101
5841,3480,32,멀108
5842,3481,46,멀101
5843,3481,184,멀101
5844,3482,54,멀201
5845,3482,191,멀201
5846,3483,54,멀409
5847,3483,191,멀409
5848,3484,54,멀108
5849,3484,191,멀108
5850,3485,54,멀101
5851,3485,191,멀101
5852,3486,54,멀109
5853,3486,191,멀109
5854,3487,57,멀101
5855,3487,194,멀101
5856,3488,57,멀108
5857,3488,194,멀108
5858,3489,57,멀201
5859,3489,194,멀201
5860,3490,57,멀109
5861,3490,194,멀109
5862,3491,57,멀204
5863,3491,194,멀204
5864,3492,63,멀101
5865,3492,201,멀101
5866,3493,63,멀109
5867,3493,201,멀109
5868,3494,63,멀201
5869,3494,201,멀201
5870,3495,63,멀108
5871,3495,201,멀108
5872,3496,69,멀409
5873,3496,208,멀409
5874,3497,69,멀204
5875,3497,208,멀204
5876,3498,69,멀108
5877,3498,208,멀108
5878,3499,69,멀201
5879,3499,208,멀201
5880,3500,69,멀101
5881,3500,208,멀101
5882,3501,69,멀109
5883,3501,208,멀109
5884,3502,73,멀409
5885,3502,213,멀409
5886,3503,73,멀109
5887,3503,213,멀109
5888,3504,100,멀101
5889,3504,138,멀101
5890,3505,100,멀108
5891,3505,138,멀108
5892,3506,100,멀109
5893,3506,138,멀109
5894,3507,100,멀201
5895,3507,138,멀201
5896,3508,109,멀101
5897,3508,146,멀101
5898,3509,109,멀109
5899,3509,146,멀109
5900,3510,109,멀201
5901,3510,146,멀201
5902,3511,109,멀604
5903,3511,146,멀604
5904,3512,109,멀108
5905,3512,146,멀108
5906,3513,109,멀409
5907,3513,146,멀409
5908,3514,112,멀201
5909,3514,149,멀201
5910,3515,112,멀409
5911,3515,149,멀409
5912,3516,112,멀204
5913,3516,149,멀204
5914,3517,112,멀604
5915,3517,149,멀604
5916,3518,118,멀101
5917,3518,157,멀101
5918,3519,118,멀108
5919,3519,157,멀108
5920,3520,118,멀201
5921,3520,157,멀201
5922,3521,118,멀409
5923,3521,157,멀409
5924,3522,118,멀109
5925,3522,157,멀109
5926,3523,118,멀204
5927,3523,157,멀204
5928,3524,121,멀101
5929,3524,160,멀101
5930,3525,121,멀109
5931,3525,160,멀109
5932,3526,121,멀409
5933,3526,160,멀409
5934,3527,125,멀101
5935,3527,166,멀101
5936,3528,125,멀109
5937,3528,166,멀109
5938,3529,125,멀409
5939,3529,166,멀409
5940,3530,47,멀610
5941,3531,263,멀610
5942,3532,263,멀611
5943,3533,263,멀705
5944,3534,271,멀611
5945,3535,271,멀705
5946,3536,271,멀610
5947,3537,271,멀705-1
5948,3538,139,멀610
5949,3539,139,멀611
5950,3540,139,멀705
5951,3541,323,멀610
5952,3542,323,멀705-1
5953,3543,323,멀611
5954,3544,323,멀705
5955,3545,323,멀703
5956,3546,163,멀610
5957,3547,163,멀611
5958,3548,163,멀703
5959,3549,185,멀610
5960,3550,185,멀611
5961,3551,349,멀610
5962,3552,349,멀611
5963,3553,349,멀703
5964,3554,349,멀705
5965,3555,210,멀610
5966,3556,210,멀611
5967,3557,101,멀610
5968,3558,101,멀611
5969,3559,101,멀703
5970,3560,292,멀610
5971,3561,292,멀611
5972,3562,292,멀703
5973,3563,292,멀705
5974,3564,292,멀705-1
5975,3565,305,멀611
5976,3566,305,멀610
5977,3567,3,멀610
5978,3568,3,멀611
5979,3569,15,멀703
5980,3570,15,멀610
5981,3571,32,멀703
5982,3572,32,멀611
5983,3573,139,멀703
5984,3574,46,우정원B111
5985,3574,184,우정원B111
5986,3575,46,우정원B101
5987,3575,184,우정원B101
5988,3576,46,우정원B112
5989,3576,184,우정원B112
5990,3577,46,우정원B107
5991,3577,184,우정원B107
5992,3578,54,우정원B112
5993,3578,191,우정원B112
5994,3579,54,우정원B107
5995,3579,191,우정원B107
5996,3580,54,우정원B111
5997,3580,191,우정원B111
5998,3581,57,우정원B105
5999,3581,194,우정원B105
6000,3582,57,우정원B111
6001,3582,194,우정원B111
6002,3583,57,우정원B107
6003,3583,194,우정원B107
6004,3584,57,우정원B112
6005,3584,194,우정원B112
6006,3585,57,우정원B101
6007,3585,194,우정원B101
6008,3586,63,우정원B105
6009,3586,201,우정원B105
6010,3587,63,우정원B112
6011,3587,201,우정원B112
6012,3588,63,우정원B107
6013,3588,201,우정원B107
6014,3589,69,우정원B107
6015,3589,208,우정원B107
6016,3590,69,우정원B105
6017,3590,208,우정원B105
6018,3591,73,우정원B107
6019,3591,213,우정원B107
6020,3592,73,우정원B105
6021,3592,213,우정원B105
6022,3593,100,멀411
6023,3593,138,멀411
6024,3594,100,우정원B105
6025,3594,138,우정원B105
6026,3595,109,우정원B105
6027,3595,146,우정원B105
6028,3596,109,우정원B107
6029,3596,146,우정원B107
6030,3597,109,우정원B111
6031,3597,146,우정원B111
6032,3598,109,멀205
6033,3598,146,멀205
6034,3599,109,우정원B112
6035,3599,146,우정원B112
6036,3600,112,우정원B101
6037,3600,149,우정원B101
6038,3601,112,우정원B105
6039,3601,149,우정원B105
6040,3602,112,우정원B107
6041,3602,149,우정원B107
6042,3603,112,우정원B112
6043,3603,149,우정원B112
6044,3604,118,멀205
6045,3604,157,멀205
6046,3605,118,우정원B105
6047,3605,157,우정원B105
6048,3606,118,우정원B107
6049,3606,157,우정원B107
6050,3607,118,우정원B111
6051,3607,157,우정원B111
6052,3608,118,우정원B101
6053,3608,157,우정원B101
6054,3609,121,우정원B107
6055,3609,160,우정원B107
6056,3610,121,우정원B111
6057,3610,160,우정원B111
6058,3611,121,우정원B101
6059,3611,160,우정원B101
6060,3612,121,멀205
6061,3612,160,멀205
6062,3613,121,우정원B105
6063,3613,160,우정원B105
6064,3614,125,우정원B111
6065,3614,166,우정원B111
6066,3615,3,우정원B101
6067,3616,3,우정원B105
6068,3617,3,우정원B107
6069,3618,3,우정원B112
6070,3619,15,우정원B111
6071,3620,15,우정원B101
6072,3621,15,우정원B107
6073,3622,15,우정원B112
6074,3623,32,우정원B111
6075,3624,32,우정원B107
6076,3625,32,우정원B105
6077,3626,46,멀410
6078,3626,184,멀410
6079,3627,46,멀603
6080,3627,184,멀603
6081,3628,54,멀702
6082,3628,191,멀702
6083,3629,54,멀603
6084,3629,191,멀603
6085,3630,54,멀410
6086,3630,191,멀410
6087,3631,54,멀803
6088,3631,191,멀803
6089,3632,57,멀803
6090,3632,194,멀803
6091,3633,57,멀410
6092,3633,194,멀410
6093,3634,57,멀603
6094,3634,194,멀603
6095,3635,63,멀410
6096,3635,201,멀410
6097,3636,63,멀603
6098,3636,201,멀603
6099,3637,69,멀803
6100,3637,208,멀803
6101,3638,69,멀603
6102,3638,208,멀603
6103,3639,73,멀803
6104,3639,213,멀803
6105,3640,73,멀410
6106,3640,213,멀410
6107,3641,100,멀410
6108,3641,138,멀410
6109,3642,100,멀803
6110,3642,138,멀803
6111,3643,109,멀702
6112,3643,146,멀702
6113,3644,109,멀803
6114,3644,146,멀803
6115,3645,109,멀301
6116,3645,146,멀301
6117,3646,112,멀702
6118,3646,149,멀702
6119,3647,112,멀301
6120,3647,149,멀301
6121,3648,112,멀803
6122,3648,149,멀803
6123,3649,118,멀702
6124,3649,157,멀702
6125,3650,118,멀603
6126,3650,157,멀603
6127,3651,118,멀803
6128,3651,157,멀803
6129,3652,118,멀410
6130,3652,157,멀410
6131,3653,121,멀410
6132,3653,160,멀410
6133,3654,121,멀301
6134,3654,160,멀301
6135,3655,121,멀603
6136,3655,160,멀603
6137,3656,121,멀702
6138,3656,160,멀702
6139,3657,125,멀410
6140,3657,166,멀410
6141,3658,125,멀603
6142,3658,166,멀603
6143,3659,3,멀702
6144,3660,3,멀410
6145,3661,15,멀702
6146,3662,15,멀410
6147,3663,32,멀410
6148,3664,364,체307호
6149,3665,277,체308호
6150,3666,46,우정원B110
6151,3666,184,우정원B110
6152,3667,46,우정원B109
6153,3667,184,우정원B109
6154,3668,54,우정원B109
6155,3668,191,우정원B109
6156,3669,54,우정원B113
6157,3669,191,우정원B113
6158,3670,54,우정원B110
6159,3670,191,우정원B110
6160,3671,57,우정원B113
6161,3671,194,우정원B113
6162,3672,57,우정원B110
6163,3672,194,우정원B110
6164,3673,63,우정원B113
6165,3673,201,우정원B113
6166,3674,63,우정원B110
6167,3674,201,우정원B110
6168,3675,63,우정원B101
6169,3675,201,우정원B101
6170,3676,69,우정원B109
6171,3676,208,우정원B109
6172,3677,73,우정원B109
6173,3677,213,우정원B109
6174,3678,73,우정원B101
6175,3678,213,우정원B101
6176,3679,100,우정원B110
6177,3679,138,우정원B110
6178,3680,100,우정원B109
6179,3680,138,우정원B109
6180,3681,109,우정원B113
6181,3681,146,우정원B113
6182,3682,109,우정원B110
6183,3682,146,우정원B110
6184,3683,109,우정원B109
6185,3683,146,우정원B109
6186,3684,112,우정원B110
6187,3684,149,우정원B110
6188,3685,112,우정원B109
6189,3685,149,우정원B109
6190,3686,112,우정원B113
6191,3686,149,우정원B113
6192,3687,118,우정원B113
6193,3687,157,우정원B113
6194,3688,118,우정원B110
6195,3688,157,우정원B110
6196,3689,121,우정원B113
6197,3689,160,우정원B113
6198,3690,121,우정원B110
6199,3690,160,우정원B110
6200,3691,121,우정원B109
6201,3691,160,우정원B109
6202,3692,125,우정원B113
6203,3692,166,우정원B113
6204,3693,125,우정원B109
6205,3693,166,우정원B109
6206,3694,3,우정원B113
6207,3695,3,우정원B110
6208,3696,3,우정원B109
6209,3697,15,우정원B109
6210,3698,15,우정원B113
6211,3699,15,우정원B110
6212,3700,32,우정원B109
6213,3701,32,우정원B110
6214,3702,15,멀312
6215,3703,54,멀210
6216,3703,191,멀210
6217,3704,121,멀112
6218,3704,160,멀112
6219,3705,125,멀210
6220,3705,166,멀210
6221,3706,3,멀302
6222,3707,69,멀612
6223,3707,208,멀612
6224,3708,46,멀411
6225,3708,184,멀411
6226,3709,281,ONLINE
6227,3710,118,멀210
6228,3710,157,멀210
6229,3711,340,멀612
6230,3712,125,멀302
6231,3712,166,멀302
6232,3713,118,멀302
6233,3713,157,멀302
6234,3714,54,멀206
6235,3714,191,멀206
6236,3715,69,멀411
6237,3715,208,멀411
6238,3716,3,멀602
6239,3717,15,멀704
6240,3718,109,멀312
6241,3718,146,멀312
6242,3719,100,멀210
6243,3719,138,멀210
6244,3720,63,멀203
6245,3720,201,멀203
6246,3721,69,멀203
6247,3721,208,멀203
6248,3722,121,멀312
6249,3722,160,멀312
6250,3723,15,멀302
6251,3724,32,멀302
6252,3725,57,멀312
6253,3725,194,멀312
6254,3726,54,멀411
6255,3726,191,멀411
6256,3727,63,멀411
6257,3727,201,멀411
6258,3728,73,멀512
6259,3728,213,멀512
6260,3729,118,멀704
6261,3729,157,멀704
6262,3730,69,멀302
6263,3730,208,멀302
6264,3731,15,멀512
6265,3732,73,멀312
6266,3732,213,멀312
6267,3733,54,멀203
6268,3733,191,멀203
6269,3734,281,ONLINE
6270,3735,69,멀112
6271,3735,208,멀112
6272,3736,63,멀704
6273,3736,201,멀704
6274,3737,57,멀302
6275,3737,194,멀302
6276,3738,112,멀512
6277,3738,149,멀512
6278,3739,347,멀B114
6279,3740,353,멀B114
6280,3741,15,멀210
6281,3742,15,멀B114
6282,3743,54,멀826
6283,3743,191,멀826
6284,3744,63,멀210
6285,3744,201,멀210
6286,3745,57,멀210
6287,3745,194,멀210
6288,3746,112,멀411
6289,3746,149,멀411
6290,3747,118,멀411
6291,3747,157,멀411
6292,3748,118,멀602
6293,3748,157,멀602
6294,3749,15,멀826
6295,3750,63,멀513
6296,3750,201,멀513
6297,3751,73,멀513
6298,3751,213,멀513
6299,3752,54,멀312
6300,3752,191,멀312
6301,3753,121,멀411
6302,3753,160,멀411
6303,3754,32,멀210
6304,3755,364,멀302
6305,3756,15,멀602
6306,3757,15,멀411
6307,3758,121,멀302
6308,3758,160,멀302
6309,3759,109,멀411
6310,3759,146,멀411
6311,3760,364,멀210
6312,3761,3,멀612
6313,3762,32,멀612
6314,3763,121,멀608
6315,3763,160,멀608
6316,3764,118,멀513
6317,3764,157,멀513
6318,3765,109,멀206
6319,3765,146,멀206
6320,3766,69,멀513
6321,3766,208,멀513
6322,3767,63,멀312
6323,3767,201,멀312
6324,3768,57,멀704
6325,3768,194,멀704
6326,3769,46,멀302
6327,3769,184,멀302
6328,3770,109,멀203
6329,3770,146,멀203
6330,3771,46,멀602
6331,3771,184,멀602
6332,3772,63,멀602
6333,3772,201,멀602
6334,3773,69,멀602
6335,3773,208,멀602
6336,3774,118,글507
6337,3774,157,글507
6338,3775,109,멀704
6339,3775,146,멀704
6340,3776,121,멀826
6341,3776,160,멀826
6342,3777,3,멀205
6343,3778,109,멀602
6344,3778,146,멀602
6345,3779,63,멀612
6346,3779,201,멀612
6347,3780,121,멀206
6348,3780,160,멀206
6349,3781,57,멀612
6350,3781,194,멀612
6351,3782,109,멀210
6352,3782,146,멀210
6353,3783,340,멀112
6354,3784,210,멀704
6355,3786,347,글403
6356,3787,32,멀826
6357,3788,121,멀602
6358,3788,160,멀602
6359,3789,73,멀302
6360,3789,213,멀302
6361,3790,73,멀210
6362,3790,213,멀210
6363,3791,109,멀513
6364,3791,146,멀513
6365,3792,118,멀203
6366,3792,157,멀203
6367,3793,125,글507
6368,3793,166,글507
6369,3794,109,글507
6370,3794,146,글507
6371,3795,93,ONLINE
6372,3796,54,체204호
6373,3796,191,체204호
6374,3797,292,멀202
6375,3798,268,멀202
6376,3799,305,멀203
6377,3800,263,멀112
6378,3801,15,멀203
6379,3802,349,멀202
6380,3803,15,멀206
6381,3804,63,멀302
6382,3804,201,멀302
6383,3805,3,멀210
6384,3806,15,멀205
6385,3807,46,멀312
6386,3807,184,멀312
6387,3808,112,멀210
6388,3808,149,멀210
6389,3809,15,멀612
6390,3810,112,멀513
6391,3810,149,멀513
6392,3811,3,멀103
6393,3812,54,멀704
6394,3812,191,멀704
6395,3813,109,멀612
6396,3813,146,멀612
6397,3814,54,외321(공자아카데미)
6398,3814,191,외321(공자아카데미)
6399,3815,121,멀103
6400,3815,160,멀103
6401,3816,139,멀826
6402,3817,185,멀612
6403,3818,57,멀203
6404,3818,194,멀203
6405,3819,112,멀203
6406,3819,149,멀203
6407,3820,320,멀B114
6408,3821,326,멀B114
6409,3822,101,멀B114
6410,3823,32,멀B114
6411,3824,69,멀207
6412,3824,208,멀207
6413,3825,125,멀205
6414,3825,166,멀205
6415,3826,63,멀207
6416,3826,201,멀207
6417,3827,69,외204
6418,3827,208,외204
6419,3828,109,외204
6420,3828,146,외204
6421,3829,69,멀206
6422,3829,208,멀206
6423,3830,73,멀206
6424,3830,213,멀206
6425,3831,118,멀208
6426,3831,157,멀208
6427,3832,121,멀208
6428,3832,160,멀208
6429,3833,73,외204
6430,3833,213,외204
6431,3834,121,외204
6432,3834,160,외204
6433,3835,57,외204
6434,3835,194,외204
6435,3836,54,멀208
6436,3836,191,멀208
6437,3837,63,멀604
6438,3837,201,멀604
6439,3838,63,멀826
6440,3838,201,멀826
6441,3839,121,멀612
6442,3839,160,멀612
6443,3840,112,멀602
6444,3840,149,멀602
6445,3841,121,멀207
6446,3841,160,멀207
6447,3842,121,멀513
6448,3842,160,멀513
6449,3843,121,멀210
6450,3843,160,멀210
6451,3844,54,멀602
6452,3844,191,멀602
6453,3846,69,멀205
6454,3846,208,멀205
6455,3847,93,ONLINE
6456,3848,340,멀210
6457,3849,340,멀312
6458,3850,32,멀312
6459,3852,46,멀513
6460,3852,184,멀513
6461,3853,54,멀513
6462,3853,191,멀513
6463,3855,363,멀101
6464,3856,339,예B139
6465,3857,339,예B122
6466,3858,313,예401
6467,3859,339,멀101
6468,3860,262,멀701
6469,3861,270,멀701
6470,3862,296,멀701
6471,3863,190,멀701
6472,3864,274,멀701
6473,3865,190,멀703
6474,3866,283,멀701
6475,3869,112,글507
6476,3869,149,글507
6477,3870,3,멀513
6478,3871,15,멀112
6479,3872,3,멀411
6480,3873,15,멀513
6481,3874,3,멀112
6482,3875,132,멀704
6483,3876,198,체201호
6484,3877,113,글403
6485,3878,209,멀609
6486,3879,147,체215-3호
6487,3881,100,멀612
6488,3881,138,멀612
6489,3882,122,글403
6490,3883,235,글403
6491,3886,147,선승관 웨이트장
6492,3887,110,선승관 웨이트장
6493,3890,19,체B103호
6494,3891,30,체B103호
6495,3892,239,체106호
6496,3893,122,체106호
6497,3894,81,1호관 테니스장
6498,3895,223,1호관 테니스장
6499,3896,147,글403
6500,3897,297,체105호
6501,3898,340,멀302
6502,3899,70,체B118호
6503,3900,122,체B118호
6504,3901,316,1호관 운동장
6505,3902,343,1호관 운동장
6506,3903,239,체215-1호
6507,3904,144,체B120호
6508,3905,248,수원 킹핀볼링장
6509,3906,54,멀103
6510,3908,121,멀704
6511,3908,160,멀704
6512,3910,314,멀210
6513,3911,73,멀108
6514,3911,213,멀108
6515,3912,73,멀201
6516,3912,213,멀201
6517,3913,73,멀301
6518,3913,213,멀301
6519,3914,125,멀701
6520,3914,166,멀701
6521,3915,46,멀112
6522,3915,184,멀112
6523,3916,63,멀205
6524,3916,201,멀205
6525,3917,54,멀112
6526,3917,191,멀112
6527,3918,3,멀207
6528,3919,100,멀112
6529,3919,138,멀112
6530,3920,46,멀207
6531,3920,184,멀207
6532,3921,109,멀112
6533,3921,146,멀112
6534,3922,54,멀207
6535,3922,191,멀207
459,269,54,공148호
460,269,191,공148호
461,270,57,공367호
462,270,194,공367호
463,271,23,공148호
464,271,63,공148호
465,272,29,공148호
466,272,69,공148호
467,273,57,공148호
468,273,194,공148호
469,274,109,공148호
470,274,146,공148호
6536,3923,32,멀512
6537,3924,3,멀512
6538,3925,54,멀302
6539,3925,191,멀302
6540,3926,3,멀312
6541,3927,292,멀826
471,275,46,공165호
472,275,184,공165호
473,276,125,실216호
474,276,166,실216호
475,277,125,공371호
476,277,166,공371호
477,278,100,공142-2호
478,278,138,공142-2호
479,279,49,B01
480,280,115,전205
481,280,154,전205
482,281,65,전205
483,281,203,전205
484,282,8,B09
485,283,52,B09
486,283,189,B09
487,284,118,전226
488,284,157,전226
489,285,73,전211-1
490,285,213,전211-1
491,286,63,전B05
492,286,201,전B05
493,287,19,B07
494,287,198,B07
495,288,124,B06
496,288,165,B06
497,289,33,B06
498,290,18,B09
499,291,180,B06
500,292,206,전509
501,293,54,B07
502,293,191,B07
503,294,33,전B05
504,295,40,B06
505,296,1,
6542,3928,46,전101
6543,3928,184,전101
6544,3929,54,전101
6545,3929,191,전101
6546,3930,63,전102
6547,3930,201,전102
6548,3931,100,멀304
6549,3931,138,멀304
6550,3932,69,전102
6551,3932,208,전102
6552,3933,73,전102
6553,3933,213,전102
6554,3934,100,전223
6555,3934,138,전223
6556,3935,109,전223
6557,3935,146,전223
6558,3936,57,멀107
6559,3936,194,멀107
6560,3937,63,멀107
6561,3937,201,멀107
6562,3938,118,전101
6563,3938,157,전101
6564,3939,57,전221
6565,3939,194,전221
6566,3940,63,전221
6567,3940,201,전221
6568,3941,46,전221
6569,3941,184,전221
6570,3942,54,전221
6571,3942,191,전221
6572,3943,46,멀107
6573,3943,184,멀107
6574,3944,234,멀304
6575,3944,184,멀304
6576,3945,238,멀304
6577,3945,191,멀304
6578,3946,63,멀304
6579,3946,201,멀304
6580,3947,69,멀304
6581,3947,208,멀304
6582,3948,121,전102
6583,3948,160,전102
6584,3949,125,전102
6585,3949,166,전102
6586,3950,100,멀107
6587,3950,138,멀107
6588,3951,109,멀107
6589,3951,146,멀107
6590,3952,69,전221
6591,3952,208,전221
6592,3953,112,전221
6593,3953,149,전221
6594,3954,118,전221
6595,3954,157,전221
6596,3955,121,전223
6597,3955,160,전223
6598,3956,125,전223
6599,3956,166,전223
6600,3957,55,멀311
6601,3957,192,멀310
6602,3958,55,멀310
6603,3958,192,멀311
6604,3959,110,멀311
6605,3959,147,멀310
6606,3960,273,멀311
6607,3960,358,멀310
6608,3961,273,멀311
6609,3961,358,멀310
6610,3962,115,멀310
6611,3962,154,멀311
6612,3963,61,멀311
6613,3963,198,멀310
6614,3964,109,국경311
6615,3964,146,국경311
6616,3965,63,국경311
6617,3965,201,국경311
6618,3966,69,국경311
6619,3966,208,국경311
6620,3967,73,국경311
6621,3967,213,국경311
6622,3968,238,멀311
6623,3968,241,멀311
6624,3969,54,공263호
6625,3969,191,공263호
6626,3970,57,공B104호
6627,3970,194,공B104호
6628,3971,63,공B104호
6629,3971,201,공B104호
6630,3972,100,멀408
6631,3972,138,멀408
6632,3973,109,멀408
6633,3973,146,멀408
6634,3974,69,국경305
6635,3974,208,국경305
6636,3975,73,국경305
6637,3975,213,국경305
6638,3976,118,멀304
6639,3976,157,멀304
6640,3977,121,멀304
6641,3977,160,멀304
6642,3978,112,멀304
6643,3978,149,멀304
6644,3979,121,멀408
6645,3979,160,멀408
6646,3980,63,멀408
6647,3980,201,멀408
6648,3981,69,전218
6649,3981,208,전218
6650,3982,57,공B105호
6651,3982,194,공B105호
6652,3983,63,전227
6653,3983,201,전227
6654,3984,112,전223
6655,3984,149,전223
6656,3985,112,멀408
6657,3985,149,멀408
6658,3986,118,멀408
6659,3986,157,멀408
6660,3987,125,멀408
6661,3987,166,멀408
6662,3988,258,멀404
6663,3988,343,멀407
6664,3989,67,멀407
6665,3989,205,멀403
6666,3990,67,멀407
6667,3990,205,멀404
6668,3991,56,멀407
6669,3991,193,멀405
6670,3992,258,멀407
6671,3992,343,멀403
6672,3993,289,멀403
6673,3993,321,멀407
6674,3994,289,멀404
6675,3994,321,멀407
6676,3995,285,멀407
6677,3995,316,멀403
6678,3996,67,멀405
6679,3996,205,멀407
6680,3997,67,멀406
6681,3997,205,멀407
6682,3998,46,멀408
6683,3998,184,멀408
6684,3999,54,멀408
6685,3999,191,멀408
6686,4000,57,멀408
6687,4000,194,멀408
6688,4001,69,멀408
6689,4001,208,멀408
6690,4002,73,멀408
6691,4002,213,멀408
6692,4003,109,생424
6693,4003,146,생424
6694,4004,46,국경305
6695,4004,184,국경305
6696,4005,63,국경305
6697,4005,201,국경305
6698,4006,63,생422
6699,4006,201,생422
6700,4007,46,생 119(시청각실)
6701,4007,184,생 119(시청각실)
6702,4008,54,생 119(시청각실)
6703,4008,191,생 119(시청각실)
6704,4009,69,국경310
6705,4009,208,국경310
506,297,81,Software Creative Lab.
507,297,223,Software Creative Lab.
508,298,115,Software Creative Lab.
509,298,154,Software Creative Lab.
510,299,100,Software Creative Lab.
511,299,138,Software Creative Lab.
512,300,109,Software Creative Lab.
513,300,146,Software Creative Lab.
514,301,125,전136
515,301,166,전136
516,302,121,전136
517,302,160,전136
518,303,61,Software Creative Lab.
519,303,198,Software Creative Lab.
520,304,70,Software Creative Lab.
521,304,209,Software Creative Lab.
522,305,74,전103
523,305,214,전103
524,306,22,전136
525,307,6,전136
526,308,54,전136
527,308,191,전136
528,309,63,전103
529,309,201,전103
530,310,69,전136
531,310,208,전136
532,311,63,전211-1
533,311,201,전211-1
534,312,73,전136
535,312,213,전136
536,313,125,SW융합실습실
537,313,166,SW융합실습실
538,314,61,전136
539,314,198,전136
540,315,115,전136
541,315,154,전136
542,316,121,Software Creative Lab.
543,316,160,Software Creative Lab.
544,317,121,전103
545,317,160,전103
546,318,11,전226
547,319,80,전205
548,319,222,전205
549,320,109,SW실습실
550,320,146,SW실습실
551,321,109,SW융합실습실
552,321,146,SW융합실습실
553,322,73,SW Open Lab.
554,322,213,SW Open Lab.
555,323,51,SW융합실습실
556,324,6,SW융합실습실
557,326,134,Software Creative Lab.
558,326,177,Software Creative Lab.
559,327,134,전136
560,327,177,전136
561,328,69,SW Open Lab.
562,328,208,SW Open Lab.
563,329,63,SW실습실
564,329,201,SW실습실
565,330,6,SW실습실
566,331,163,SW실습실
567,332,104,SW Open Lab.
568,333,118,SW융합실습실
569,333,157,SW융합실습실
570,335,83,SW Open Lab.
571,336,141,예706
572,337,204,예706
573,338,187,예706
574,339,27,예705
6706,4010,333,멀402
6707,4011,343,멀402
6708,4012,316,멀603
6709,4013,285,멀603
6710,4014,307,멀603
6711,4015,258,멀402
6712,4016,56,멀402
6713,4017,158,멀402
6714,4024,307,멀402
6715,4025,119,멀402
6716,4026,247,멀402
6717,4027,253,멀402
6718,4028,235,멀402
6719,4029,13,멀402
6720,4032,65,멀402
6721,4033,273,멀402
575,340,109,전220
576,340,146,전220
577,341,118,전220
578,341,157,전220
579,342,118,전226
580,342,157,전226
581,343,112,전220
582,343,149,전220
583,344,112,전226
584,344,149,전226
585,345,121,전445
586,345,160,전445
587,346,109,전445
588,346,146,전445
589,347,69,전539
590,347,208,전539
591,348,69,전226
592,348,208,전226
593,349,54,전226
594,349,191,전226
595,350,54,전445
596,350,191,전445
597,351,125,전539
598,351,166,전539
599,352,57,전226
600,352,194,전226
601,353,109,전539
602,353,146,전539
6722,4034,235,멀305
6723,4034,193,멀311
6724,4035,13,멀305
6725,4035,193,멀311
6726,4036,57,우정원B101
6727,4036,194,우정원B101
6728,4037,63,우정원B101
6729,4037,201,우정원B101
6730,4038,100,멀702
6731,4038,138,멀702
6732,4039,54,멀301
6733,4039,191,멀301
6734,4040,63,우정원B105
6735,4040,201,우정원B105
6736,4041,69,우정원B105
6737,4041,208,우정원B105
6738,4042,73,우정원B105
6739,4042,213,우정원B105
6740,4043,100,우정원B101
6741,4043,138,우정원B101
6742,4044,109,우정원B101
6743,4044,146,우정원B101
6744,4045,121,우정원B101
6745,4045,160,우정원B101
6746,4046,125,우정원B101
6747,4046,166,우정원B101
6748,4047,121,멀301
6749,4047,160,멀301
6750,4048,125,멀301
6751,4048,166,멀301
6752,4049,15,멀301
6753,4050,46,우정원B111
6754,4050,184,우정원B111
6755,4051,57,우정원B105
6756,4051,194,우정원B105
6757,4052,118,우정원B105
6758,4052,157,우정원B105
6759,4053,57,멀702
6760,4053,194,멀702
6761,4054,46,멀702
6762,4054,184,멀702
6763,4055,112,멀702
6764,4055,149,멀702
6765,4056,121,멀702
6766,4056,160,멀702
6767,4057,323,멀609
6768,4058,349,멀609
6769,4059,54,멀608
6770,4059,191,멀608
6771,4060,109,멀402
6772,4060,146,멀402
6773,4061,109,멀608
6774,4061,146,멀608
6775,4062,112,멀402
6776,4062,149,멀402
6777,4063,118,멀608
6778,4063,157,멀608
6779,4064,121,멀608
6780,4064,160,멀608
6781,4065,3,멀608
6782,4066,15,멀608
6783,4067,15,멀609
6784,4068,32,멀608
6785,4070,63,멀608
6786,4070,201,멀608
6787,4071,57,멀204
6788,4071,194,멀204
6789,4072,73,멀204
6790,4072,213,멀204
6791,4073,118,멀204
6792,4073,157,멀204
6793,4074,234,멀101
6794,4074,238,멀101
6795,4075,234,멀108
6796,4075,238,멀108
6797,4076,15,멀101
6798,4077,15,멀109
6799,4078,241,멀108
6800,4078,23,멀108
6801,4079,32,멀101
6802,4080,46,멀108
6803,4080,184,멀108
6804,4081,54,멀109
6805,4081,191,멀109
6806,4082,54,멀101
6807,4082,191,멀101
6808,4083,54,멀108
6809,4083,191,멀108
6810,4084,54,멀201
6811,4084,191,멀201
6812,4085,57,멀109
6813,4085,194,멀109
6814,4086,57,멀101
6815,4086,194,멀101
6816,4087,57,멀108
6817,4087,194,멀108
6818,4088,57,멀201
6819,4088,194,멀201
6820,4089,57,멀301
6821,4089,194,멀301
6822,4090,63,멀204
6823,4090,201,멀204
6824,4091,63,멀109
6825,4091,201,멀109
6826,4092,63,멀201
6827,4092,201,멀201
6828,4093,63,멀301
6829,4093,201,멀301
6830,4094,69,멀109
6831,4094,208,멀109
6832,4095,69,멀101
6833,4095,208,멀101
6834,4096,69,멀205
6835,4096,208,멀205
6836,4097,69,멀301
6837,4097,208,멀301
6838,4098,69,멀108
6839,4098,208,멀108
6840,4099,69,멀201
6841,4099,208,멀201
6842,4100,73,멀109
6843,4100,213,멀109
6844,4101,73,멀201
6845,4101,213,멀201
6846,4102,100,멀101
6847,4102,138,멀101
6848,4103,100,멀109
6849,4103,138,멀109
6850,4104,109,멀101
6851,4104,146,멀101
6852,4105,109,멀109
6853,4105,146,멀109
6854,4106,109,멀201
6855,4106,146,멀201
6856,4107,109,멀205
6857,4107,146,멀205
6858,4108,112,멀108
6859,4108,149,멀108
6860,4109,112,멀109
6861,4109,149,멀109
6862,4110,118,멀101
6863,4110,157,멀101
6864,4111,118,멀108
6865,4111,157,멀108
6866,4112,118,멀201
6867,4112,157,멀201
6868,4113,118,멀205
6869,4113,157,멀205
6870,4114,118,멀109
6871,4114,157,멀109
6872,4115,121,멀108
6873,4115,160,멀108
6874,4116,121,멀109
6875,4116,160,멀109
6876,4117,121,멀205
6877,4117,160,멀205
6878,4118,121,멀101
6879,4118,160,멀101
6880,4119,125,멀108
6881,4119,166,멀108
6882,4120,125,멀109
6883,4120,166,멀109
6884,4121,125,멀205
6885,4121,166,멀205
6886,4122,47,멀610
6887,4123,47,멀611
6888,4124,263,멀610
6889,4125,263,멀611
6890,4126,263,멀609
6891,4127,271,멀611
6892,4128,271,멀609
6893,4129,271,멀610
6894,4130,139,멀610
6895,4131,139,멀609
6896,4132,139,멀611
6897,4133,323,멀610
6898,4134,323,멀603
6899,4135,323,멀611
6900,4136,163,멀610
6901,4137,163,멀611
6902,4138,163,멀609
6903,4139,185,멀610
6904,4140,185,멀611
6905,4141,349,멀611
6906,4142,349,멀705
6907,4143,349,멀603
6908,4144,349,멀610
6909,4145,210,멀610
6910,4146,210,멀611
6911,4147,101,멀610
6912,4148,101,멀611
6913,4149,292,멀610
6914,4150,292,멀609
6915,4151,292,멀611
6916,4152,292,멀603
6917,4153,305,멀609
6918,4154,305,멀611
6919,4155,305,멀610
6920,4156,3,멀610
6921,4157,3,멀611
6922,4158,15,멀611
6923,4159,15,멀610
6924,4160,32,멀611
6925,4161,32,멀610
6926,4162,46,멀411
6927,4162,184,멀411
6928,4163,46,우정원B107
6929,4163,184,우정원B107
6930,4164,46,우정원B101
6931,4164,184,우정원B101
6932,4165,46,우정원B105
6933,4165,184,우정원B105
6934,4166,54,우정원B101
6935,4166,191,우정원B101
6936,4167,54,우정원B107
6937,4167,191,우정원B107
6938,4168,54,멀410
6939,4168,191,멀410
6940,4169,54,우정원B105
6941,4169,191,우정원B105
6942,4170,57,우정원B107
6943,4170,194,우정원B107
6944,4171,57,우정원B112
6945,4171,194,우정원B112
6946,4172,57,우정원B111
6947,4172,194,우정원B111
6948,4173,63,우정원B107
6949,4173,201,우정원B107
6950,4174,63,우정원B112
6951,4174,201,우정원B112
6952,4175,69,우정원B101
6953,4175,208,우정원B101
6954,4176,69,우정원B107
6955,4176,208,우정원B107
6956,4177,69,멀312
6957,4177,208,멀312
6958,4178,73,우정원B101
6959,4178,213,우정원B101
6960,4179,73,우정원B107
6961,4179,213,우정원B107
6962,4180,100,우정원B107
6963,4180,138,우정원B107
6964,4181,100,멀207
6965,4181,138,멀207
6966,4182,109,우정원B111
6967,4182,146,우정원B111
6968,4183,109,우정원B112
6969,4183,146,우정원B112
6970,4184,109,우정원B107
6971,4184,146,우정원B107
6972,4185,109,멀208
6973,4185,146,멀208
6974,4186,112,우정원B105
6975,4186,149,우정원B105
6976,4187,112,우정원B107
6977,4187,149,우정원B107
6978,4188,112,우정원B101
6979,4188,149,우정원B101
6980,4189,112,우정원B112
6981,4189,149,우정원B112
6982,4190,118,우정원B111
6983,4190,157,우정원B111
6984,4191,118,우정원B107
6985,4191,157,우정원B107
6986,4192,118,우정원B101
6987,4192,157,우정원B101
6988,4193,118,우정원B112
6989,4193,157,우정원B112
6990,4194,121,우정원B105
6991,4194,160,우정원B105
6992,4195,69,우정원B111
6993,4195,208,우정원B111
6994,4196,121,우정원B112
6995,4196,160,우정원B112
6996,4197,121,우정원B107
6997,4197,160,우정원B107
6998,4198,73,우정원B111
6999,4198,213,우정원B111
7000,4199,125,멀207
7001,4199,166,멀207
7002,4200,234,우정원B107
7003,4200,238,우정원B107
7004,4201,3,우정원B101
7005,4202,3,우정원B111
7006,4203,15,우정원B101
7007,4204,15,우정원B107
7008,4205,15,우정원B105
7009,4206,15,우정원B111
7010,4207,32,우정원B107
7011,4208,32,우정원B105
7012,4209,46,멀705
7013,4209,184,멀705
7014,4210,46,멀705-1
7015,4210,184,멀705-1
7016,4211,46,멀604
7017,4211,184,멀604
7018,4212,46,멀703
7019,4212,184,멀703
7020,4213,54,멀703
7021,4213,191,멀703
7022,4214,54,멀705
7023,4214,191,멀705
7024,4215,54,멀702
7025,4215,191,멀702
7026,4216,54,멀604
7027,4216,191,멀604
7028,4217,57,멀604
7029,4217,194,멀604
7030,4218,57,멀703
7031,4218,194,멀703
7032,4219,63,멀702
7033,4219,201,멀702
7034,4220,69,멀702
7035,4220,208,멀702
7036,4221,69,멀705
7037,4221,208,멀705
7038,4222,100,멀705
7039,4222,138,멀705
7040,4223,109,멀705-1
7041,4223,146,멀705-1
7042,4224,109,멀702
7043,4224,146,멀702
7044,4225,109,멀604
7045,4225,146,멀604
7046,4226,112,멀705-1
7047,4226,149,멀705-1
7048,4227,112,멀604
7049,4227,149,멀604
7050,4228,112,멀705
7051,4228,149,멀705
7052,4229,118,멀702
7053,4229,157,멀702
7054,4230,118,멀703
7055,4230,157,멀703
7056,4231,118,멀705
7057,4231,157,멀705
7058,4232,118,멀705-1
7059,4232,157,멀705-1
7060,4233,121,멀703
7061,4233,160,멀703
7062,4234,121,멀705-1
7063,4234,160,멀705-1
7064,4235,121,멀604
7065,4235,160,멀604
7066,4236,121,멀705
7067,4236,160,멀705
7068,4237,125,멀702
7069,4237,166,멀702
7070,4238,3,멀702
7071,4239,15,멀702
7072,4240,277,체308호
7073,4241,364,체308호
7074,4242,54,우정원B110
7075,4242,191,우정원B110
7076,4243,57,우정원B109
7077,4243,194,우정원B109
7078,4244,57,우정원B110
7079,4244,194,우정원B110
7080,4245,63,우정원B109
7081,4245,201,우정원B109
7082,4246,63,우정원B110
7083,4246,201,우정원B110
7084,4247,69,우정원B109
7085,4247,208,우정원B109
7086,4248,73,우정원B109
7087,4248,213,우정원B109
7088,4249,100,우정원B109
7089,4249,138,우정원B109
7090,4250,100,우정원B110
7091,4250,138,우정원B110
7092,4251,109,우정원B109
7093,4251,146,우정원B109
7094,4252,109,우정원B110
7095,4252,146,우정원B110
7096,4253,112,우정원B110
7097,4253,149,우정원B110
7098,4254,112,우정원B113
7099,4254,149,우정원B113
7100,4255,118,우정원B110
7101,4255,157,우정원B110
7102,4256,3,우정원B113
7103,4257,3,우정원B109
7104,4258,15,우정원B113
7105,4259,15,우정원B112
7106,4260,241,우정원B109
7107,4260,23,우정원B109
7108,4261,32,우정원B112
7109,4262,32,우정원B109
7110,4263,15,멀312
7111,4264,54,멀210
7112,4264,191,멀210
7113,4265,125,멀210
7114,4265,166,멀210
7115,4266,118,멀612
7116,4266,157,멀612
7117,4267,3,멀302
7118,4268,121,멀302
7119,4268,160,멀302
7120,4270,342,멀411
7121,4271,109,멀512
7122,4271,146,멀512
7123,4272,118,멀302
7124,4272,157,멀302
7125,4273,54,멀512
7126,4273,191,멀512
7127,4274,121,멀312
7128,4274,160,멀312
7129,4275,15,멀302
7130,4276,121,멀612
7131,4276,160,멀612
7132,4277,57,멀312
7133,4277,194,멀312
7134,4278,54,멀411
7135,4278,191,멀411
7136,4279,63,멀411
7137,4279,201,멀411
7138,4280,73,멀411
7139,4280,213,멀411
7140,4281,54,멀513
7141,4281,191,멀513
7142,4282,69,멀302
7143,4282,208,멀302
7144,4283,15,멀512
7145,4284,54,멀203
7146,4284,191,멀203
7147,4285,118,멀312
7148,4285,157,멀312
7149,4287,69,멀112
7150,4287,208,멀112
7151,4289,57,멀302
7152,4289,194,멀302
7153,4290,112,멀512
7154,4290,149,멀512
7155,4291,347,멀B114
7156,4292,353,멀B114
7157,4293,15,멀210
7158,4294,15,멀B114
7159,4295,32,멀302
7160,4296,54,멀826
7161,4296,191,멀826
7162,4297,63,멀210
7163,4297,201,멀210
7164,4298,32,멀602
7165,4299,112,멀411
7166,4299,149,멀411
7167,4300,118,멀411
7168,4300,157,멀411
7169,4301,118,멀602
7170,4301,157,멀602
7171,4302,15,멀826
7172,4303,63,멀513
7173,4303,201,멀513
7174,4304,54,멀312
7175,4304,191,멀312
7176,4305,118,멀512
7177,4305,157,멀512
7178,4306,121,멀512
7179,4306,160,멀512
7180,4307,63,멀612
7181,4307,201,멀612
7182,4308,15,멀513
7183,4309,32,멀612
7184,4310,15,멀602
7185,4311,15,멀411
7186,4312,121,멀411
7187,4312,160,멀411
7188,4313,364,멀210
7189,4314,3,멀612
7190,4315,118,멀513
7191,4315,157,멀513
7192,4316,109,멀206
7193,4316,146,멀206
7194,4317,63,멀312
7195,4317,201,멀312
7196,4318,15,멀304
7197,4319,46,멀302
7198,4319,184,멀302
7199,4321,63,멀602
7200,4321,201,멀602
7201,4322,69,멀602
7202,4322,208,멀602
7203,4323,109,멀704
7204,4323,146,멀704
7205,4324,112,멀312
7206,4324,149,멀312
7207,4325,121,멀826
7208,4325,160,멀826
7209,4326,109,멀602
7210,4326,146,멀602
7211,4327,54,멀112
7212,4327,191,멀112
7213,4328,121,멀206
7214,4328,160,멀206
7215,4329,46,멀112
7216,4329,184,멀112
7217,4330,109,멀210
7218,4330,146,멀210
7219,4331,340,멀112
7220,4332,210,멀612
7221,4334,32,멀826
7222,4335,121,멀602
7223,4335,160,멀602
7224,4336,73,멀302
7225,4336,213,멀302
7226,4337,73,멀210
7227,4337,213,멀210
7228,4338,3,멀112
7229,4340,63,글507
7230,4340,201,글507
7231,4341,125,글507
7232,4341,166,글507
7233,4342,54,
7234,4342,191,
7235,4343,292,멀202
7236,4344,268,멀202
7237,4345,305,멀203
7238,4346,263,멀112
7239,4347,15,
7240,4348,349,멀202
7241,4349,63,멀302
7242,4349,201,멀302
7243,4350,3,멀210
7244,4351,46,멀312
7245,4351,184,멀312
7246,4352,112,멀210
7247,4352,149,멀210
7248,4353,15,멀612
7249,4354,112,멀513
7250,4354,149,멀513
7251,4355,109,멀411
7252,4355,146,멀411
7253,4357,54,멀302
7254,4357,191,멀302
7255,4358,109,멀612
7256,4358,146,멀612
7257,4359,54,외321(공자아카데미)
7258,4359,191,외321(공자아카데미)
7259,4360,101,멀826
7260,4361,184,멀612
7261,4361,191,멀612
7262,4362,57,멀203
7263,4362,194,멀203
7264,4363,112,멀203
7265,4363,149,멀203
7266,4364,320,멀B114
7267,4365,326,멀B114
7268,4366,101,멀513
7269,4367,32,멀B114
7270,4368,57,멀103
7271,4368,194,멀103
7272,4369,69,멀103
7273,4369,208,멀103
7274,4370,118,멀103
7275,4370,157,멀103
7276,4371,69,멀207
7277,4371,208,멀207
7278,4372,69,멀206
7279,4372,208,멀206
7280,4373,73,멀206
7281,4373,213,멀206
7282,4374,118,멀207
7283,4374,157,멀207
7284,4375,121,멀207
7285,4375,160,멀207
7286,4376,73,외204
7287,4376,213,외204
7288,4377,121,외321(공자아카데미)
7289,4377,160,외321(공자아카데미)
7290,4378,100,외321(공자아카데미)
7291,4378,138,외321(공자아카데미)
7292,4379,15,외321(공자아카데미)
7293,4380,63,멀604
7294,4380,201,멀604
7295,4381,15,멀112
7296,4382,112,멀302
7297,4382,149,멀302
7298,4384,121,멀210
7299,4384,160,멀210
7300,4385,32,멀112
7301,4386,3,멀602
7302,4387,121,멀513
7303,4387,160,멀513
7304,4388,109,멀302
7305,4388,146,멀302
7306,4389,46,멀210
7307,4389,184,멀210
7308,4392,340,멀210
7309,4393,340,멀312
7310,4394,32,멀312
7311,4396,54,멀704
7312,4396,191,멀704
7313,4397,57,멀704
7314,4397,194,멀704
7315,4399,81,멀101
7316,4400,338,예B139
7317,4401,338,예B122
7318,4402,338,예713
7319,4403,338,외308
7320,4404,262,멀410
7321,4405,190,멀603
7322,4408,112,글507
7323,4408,149,글507
7324,4409,3,멀513
7325,4410,3,멀704
7326,4411,3,멀411
7327,4412,32,멀513
7328,4413,32,멀411
7329,4414,61,체201호
7330,4415,209,체307호
7331,4416,192,체215-3호
7332,4417,122,글403
7333,4418,235,글403
7334,4421,147,선승관웨이트장
7335,4422,110,선승관웨이트장
7336,4423,55,선승관웨이트장
7337,4426,19,체B103호
7338,4427,30,체B103호
7339,4428,239,체106호
7340,4429,122,체106호
7341,4430,81,1호관테니스장
7342,4431,223,1호관테니스장
7343,4432,147,글403
7344,4433,154,글403
7345,4434,297,체105호
7346,4435,174,멀302
7347,4436,70,체B118호
7348,4437,285,체B118호
7349,4438,122,체B118호
7350,4439,316,1호관운동장
7351,4440,343,1호관운동장
7352,4441,58,체B120호
7353,4442,248,수원 킹핀볼링장
7354,4443,32,멀210
7355,4444,121,멀B114
7356,4445,173,공176호
7357,4446,220,공148호
7358,4447,274,공206호
7359,4448,78,공B102호
7360,4449,173,공263호
7361,4450,243,공150호
7362,4451,262,공149호
7363,4452,78,공369호
7364,4453,280,시청각실(강당)
7365,4454,274,전205
7366,4455,220,전211-1
7367,4456,173,전205
7368,4457,22,전211-1
7369,4458,173,전101
7370,4459,78,전219
7371,4460,78,공146호
7372,4461,220,전217
7373,4462,78,국경305
7374,4463,78,국경301
7375,4464,78,생423
7376,4465,78,생424
7377,4466,78,생422
7378,4467,220,멀112
7379,4468,173,외201
7380,4469,173,외412
7381,4470,173,외401
7382,4471,173,외204
7383,4472,173,외321(공자아카데미)
7384,4473,173,외404
7385,4474,173,외305
7386,4475,131,예315
7387,4476,173,예415
7388,4477,131,예502
7389,4478,173,예615
7390,4479,78,예102
7391,4480,78,예118
7392,4481,131,예B139
7393,4482,308,예116
7394,4483,220,체105호
7395,4484,173,체206호
7396,4485,173,체308호
7397,4486,78,체105호
7398,4487,173,체105호
7399,4489,121,멀704
7400,4489,160,멀704
7401,4491,314,멀210
7402,4492,46,멀204
7403,4492,184,멀204
7404,4493,109,멀207
7405,4493,146,멀207
7406,4494,54,멀204
7407,4494,191,멀204
7408,4495,112,멀207
7409,4495,149,멀207
7410,4496,63,멀705-1
7411,4496,201,멀705-1
7412,4497,121,멀204
7413,4497,160,멀204
7414,4498,69,멀705-1
7415,4498,208,멀705-1
7416,4499,125,멀204
7417,4499,166,멀204
603,354,125,공148호
604,354,166,공148호
605,355,63,공148호
606,355,201,공148호
607,356,69,공148호
608,356,208,공148호
609,357,63,공367호
610,357,201,공367호
611,358,54,공367호
612,358,191,공367호
7418,4501,32,멀512
7419,4502,3,멀512
7420,4503,3,멀312
7421,4504,292,멀826
613,359,73,공165호
614,359,213,공165호
615,360,121,공165호
616,360,160,공165호
617,361,73,공B104호
618,361,213,공B104호
619,362,121,공B104호
620,362,160,공B104호
621,363,121,공365호
622,363,160,공365호
623,364,125,공365호
624,364,166,공365호
625,365,100,공371호
626,365,138,공371호
627,366,54,공142-1
628,366,191,공142-1
629,367,118,공B103호
630,367,157,공B103호
631,368,7,Software Creative Lab.
632,369,204,예402
633,370,110,SW융합실습실
634,370,147,SW융합실습실
635,371,49,전539
636,372,187,SW융합실습실
637,373,61,전205
638,373,198,전205
639,374,115,전205
640,374,154,전205
641,375,70,SW실습실
642,375,209,SW실습실
643,376,156,SW융합실습실
644,377,52,Software Creative Lab.
645,377,189,Software Creative Lab.
646,378,173,전539
647,379,125,전445
648,379,166,전445
649,380,109,전136
650,380,146,전136
651,381,27,SW융합실습실
652,382,9,전205
653,383,70,SW융합실습실
654,383,209,SW융합실습실
655,384,8,SW융합실습실
656,385,40,SW융합실습실
657,386,109,공148호
658,386,146,공148호
659,387,54,전103
660,387,191,전103
661,388,18,Software Creative Lab.
662,389,175,SW실습실
663,390,172,SW융합실습실
664,391,33,B01
665,392,1,SW융합실습실
666,393,115,SW Open Lab.
667,393,154,SW Open Lab.
668,394,182,전539
669,395,26,전539
7422,4505,21,전101
7423,4505,62,전101
7424,4505,116,전101
7425,4505,155,전101
7426,4505,199,전101
7427,4506,21,전102
7428,4506,62,전102
7429,4506,116,전102
7430,4506,155,전102
7431,4506,199,전102
7432,4507,21,전221
7433,4507,62,전221
7434,4507,116,전221
7435,4507,155,전221
7436,4507,199,전221
7437,4508,21,전223
7438,4508,62,전223
7439,4508,116,전223
7440,4508,155,전223
7441,4508,199,전223
7442,4509,3,전101
7443,4509,47,전101
7444,4509,101,전101
7445,4509,139,전101
7446,4509,185,전101
7447,4510,3,전102
7448,4510,47,전102
7449,4510,101,전102
7450,4510,139,전102
7451,4510,185,전102
7452,4511,3,전221
7453,4511,47,전221
7454,4511,101,전221
7455,4511,139,전221
7456,4511,185,전221
7457,4512,3,전223
7458,4512,47,전223
7459,4512,101,전223
7460,4512,139,전223
7461,4512,185,전223
7462,4513,21,멀407
7463,4513,62,멀407
7464,4513,116,멀407
7465,4513,155,멀407
7466,4513,199,멀407
7467,4514,235,멀408
7468,4514,13,멀403
7469,4514,258,멀408
7470,4514,56,멀403
7471,4514,285,멀408
7472,4514,289,멀403
7473,4514,316,멀408
7474,4514,321,멀403
7475,4514,343,멀408
7476,4514,193,멀403
7477,4515,235,멀408
7478,4515,13,멀404
7479,4515,258,멀408
7480,4515,56,멀404
7481,4515,285,멀408
7482,4515,289,멀404
7483,4515,316,멀408
7484,4515,321,멀404
7485,4515,343,멀408
7486,4515,193,멀404
7487,4516,19,멀408
7488,4516,30,멀403
7489,4516,266,멀408
7490,4516,70,멀403
7491,4516,115,멀408
7492,4516,122,멀403
7493,4516,154,멀408
7494,4516,161,멀403
7495,4516,198,멀408
7496,4516,209,멀403
7497,4517,19,멀408
7498,4517,30,멀404
7499,4517,61,멀408
7500,4517,70,멀404
7501,4517,115,멀408
7502,4517,122,멀404
7503,4517,154,멀408
7504,4517,161,멀404
7505,4517,198,멀408
7506,4517,209,멀404
7507,4518,235,멀407
7508,4518,13,멀405
7509,4518,258,멀407
7510,4518,56,멀405
7511,4518,285,멀407
7512,4518,289,멀405
7513,4518,316,멀407
7514,4518,321,멀405
7515,4518,343,멀407
7516,4518,193,멀405
7517,4519,235,멀407
7518,4519,13,멀406
7519,4519,258,멀407
7520,4519,56,멀406
7521,4519,285,멀407
7522,4519,289,멀406
7523,4519,316,멀407
7524,4519,321,멀406
7525,4519,343,멀407
7526,4519,193,멀406
7527,4520,21,생424
7528,4520,62,생424
7529,4520,116,생424
7530,4520,155,생424
7531,4520,199,생424
7532,4521,3,생424
7533,4521,47,생424
7534,4521,101,생424
7535,4521,139,생424
7536,4521,185,생424
670,396,21,
671,396,62,
672,396,116,
673,396,155,
674,396,199,
7537,4522,9,멀402
7538,4522,52,멀402
7539,4522,107,멀402
7540,4522,144,멀402
7541,4522,189,멀402
7542,4523,3,우정원B101
7543,4523,47,우정원B101
7544,4523,101,우정원B101
7545,4523,139,우정원B101
7546,4523,185,우정원B101
7547,4524,3,우정원B105
7548,4524,47,우정원B105
7549,4524,101,우정원B105
7550,4524,139,우정원B105
7551,4524,185,우정원B105
7552,4525,21,우정원B101
7553,4525,62,우정원B101
7554,4525,116,우정원B101
7555,4525,155,우정원B101
7556,4525,199,우정원B101
7557,4526,3,우정원B107
7558,4526,47,우정원B107
7559,4526,101,우정원B107
7560,4526,139,우정원B107
7561,4526,185,우정원B107
7562,4527,21,우정원B105
7563,4527,62,우정원B105
7564,4527,116,우정원B105
7565,4527,155,우정원B105
7566,4527,199,우정원B105
7567,4528,3,우정원B111
7568,4528,47,우정원B111
7569,4528,101,우정원B111
7570,4528,139,우정원B111
7571,4528,185,우정원B111
7572,4529,21,우정원B107
7573,4529,62,우정원B107
7574,4529,116,우정원B107
7575,4529,155,우정원B107
7576,4529,199,우정원B107
7577,4530,3,우정원B112
7578,4530,47,우정원B112
7579,4530,101,우정원B112
7580,4530,139,우정원B112
7581,4530,185,우정원B112
7582,4531,21,우정원B111
7583,4531,62,우정원B111
7584,4531,116,우정원B111
7585,4531,155,우정원B111
7586,4531,199,우정원B111
7587,4532,3,멀301
7588,4532,47,멀301
7589,4532,101,멀301
7590,4532,139,멀301
7591,4532,185,멀301
7592,4533,21,멀301
7593,4533,62,멀301
7594,4533,116,멀301
7595,4533,155,멀301
7596,4533,199,멀301
7597,4534,21,멀205
7598,4534,62,멀205
7599,4534,116,멀205
7600,4534,155,멀205
7601,4534,199,멀205
7602,4535,3,멀B114
7603,4535,47,멀B114
7604,4535,101,멀B114
7605,4535,139,멀B114
7606,4535,185,멀B114
7607,4536,21,멀513
7608,4536,62,멀513
7609,4536,116,멀513
7610,4536,155,멀513
7611,4536,199,멀513
7612,4537,3,멀207
7613,4537,47,멀207
7614,4537,101,멀207
7615,4537,139,멀207
7616,4537,185,멀207
7617,4538,21,멀207
7618,4538,62,멀207
7619,4538,116,멀207
7620,4538,155,멀207
7621,4538,199,멀207
7622,4539,3,멀208
7623,4539,47,멀208
7624,4539,101,멀208
7625,4539,139,멀208
7626,4539,185,멀208
7627,4540,21,멀208
7628,4540,62,멀208
7629,4540,116,멀208
7630,4540,155,멀208
7631,4540,199,멀208
7632,4541,21,멀205
7633,4541,62,멀205
7634,4541,116,멀205
7635,4541,155,멀205
7636,4541,199,멀205
7637,4542,3,멀206
7638,4542,47,멀206
7639,4542,101,멀206
7640,4542,139,멀206
7641,4542,185,멀206
7642,4543,3,멀610
7643,4543,47,멀610
7644,4543,101,멀610
7645,4543,139,멀610
7646,4543,185,멀610
7647,4544,21,멀610
7648,4544,62,멀610
7649,4544,116,멀610
7650,4544,155,멀610
7651,4544,199,멀610
7652,4545,3,멀409
7653,4545,47,멀409
7654,4545,101,멀409
7655,4545,139,멀409
7656,4545,185,멀409
7657,4546,21,멀409
7658,4546,62,멀409
7659,4546,116,멀409
7660,4546,155,멀409
7661,4546,199,멀409
7662,4547,3,멀611
7663,4547,47,멀611
7664,4547,101,멀611
7665,4547,139,멀611
7666,4547,185,멀611
7667,4548,21,멀611
7668,4548,62,멀611
7669,4548,116,멀611
7670,4548,155,멀611
7671,4548,199,멀611
7672,4549,3,멀602
7673,4549,47,멀602
7674,4549,101,멀602
7675,4549,139,멀602
7676,4549,185,멀602
7677,4550,21,멀411
7678,4550,62,멀411
7679,4550,116,멀411
7680,4550,155,멀411
7681,4550,199,멀411
7682,4551,3,멀302
7683,4551,47,멀302
7684,4551,101,멀302
7685,4551,139,멀302
7686,4551,185,멀302
7687,4552,21,멀602
7688,4552,62,멀602
7689,4552,116,멀602
7690,4552,155,멀602
7691,4552,199,멀602
7692,4553,21,멀302
7693,4553,62,멀302
7694,4553,116,멀302
7695,4553,155,멀302
7696,4553,199,멀302
7697,4554,21,멀210
7698,4554,62,멀210
7699,4554,116,멀210
7700,4554,155,멀210
7701,4554,199,멀210
7702,4555,3,멀312
7703,4555,47,멀312
7704,4555,101,멀312
7705,4555,139,멀312
7706,4555,185,멀312
7707,4556,3,멀210
7708,4556,47,멀210
7709,4556,101,멀210
7710,4556,139,멀210
7711,4556,185,멀210
7712,4558,21,멀203
7713,4558,62,멀203
7714,4558,116,멀203
7715,4558,155,멀203
7716,4558,199,멀203
7717,4559,21,멀312
7718,4559,62,멀312
7719,4559,116,멀312
7720,4559,155,멀312
7721,4559,199,멀312
7722,4560,3,멀704
7723,4560,47,멀704
7724,4560,101,멀704
7725,4560,139,멀704
7726,4560,185,멀704
7727,4561,3,멀612
7728,4561,47,멀612
7729,4561,101,멀612
7730,4561,139,멀612
7731,4561,185,멀612
7732,4562,3,멀203
7733,4562,47,멀203
7734,4562,101,멀203
7735,4562,139,멀203
7736,4562,185,멀203
7737,4564,21,멀B114
7738,4564,62,멀B114
7739,4564,116,멀B114
7740,4564,155,멀B114
7741,4564,199,멀B114
7742,4566,21,멀826
7743,4566,62,멀826
7744,4566,116,멀826
7745,4566,155,멀826
7746,4566,199,멀826
7747,4567,21,
7748,4567,62,
7749,4567,116,
7750,4567,155,
7751,4567,199,
675,397,3,
676,397,47,
677,397,101,
678,397,139,
679,397,185,
7752,4569,21,전101
7753,4569,62,전101
7754,4569,116,전101
7755,4569,155,전101
7756,4569,199,전101
7757,4570,21,전102
7758,4570,62,전102
7759,4570,116,전102
7760,4570,155,전102
7761,4570,199,전102
7762,4571,21,전103
7763,4571,62,전103
7764,4571,116,전103
7765,4571,155,전103
7766,4571,199,전103
7767,4572,3,전101
7768,4572,47,전101
7769,4572,101,전101
7770,4572,139,전101
7771,4572,185,전101
7772,4573,3,전102
7773,4573,47,전102
7774,4573,101,전102
7775,4573,139,전102
7776,4573,185,전102
7777,4574,3,전103
7778,4574,47,전103
7779,4574,101,전103
7780,4574,139,전103
7781,4574,185,전103
7782,4575,21,멀408
7783,4575,62,멀408
7784,4575,116,멀408
7785,4575,155,멀408
7786,4575,199,멀408
7787,4576,235,멀407
7788,4576,13,멀403
7789,4576,258,멀407
7790,4576,56,멀403
7791,4576,285,멀407
7792,4576,289,멀403
7793,4576,316,멀407
7794,4576,321,멀403
7795,4576,343,멀407
7796,4576,193,멀403
7797,4577,19,멀407
7798,4577,30,멀404
7799,4577,61,멀407
7800,4577,70,멀404
7801,4577,115,멀407
7802,4577,122,멀404
7803,4577,154,멀407
7804,4577,161,멀404
7805,4577,198,멀407
7806,4577,209,멀404
7807,4578,21,생424
7808,4578,62,생424
7809,4578,116,생424
7810,4578,155,생424
7811,4578,199,생424
7812,4579,3,생422
7813,4579,47,생422
7814,4579,101,생422
7815,4579,139,생422
7816,4579,185,생422
7817,4580,3,생424
7818,4580,47,생424
7819,4580,101,생424
7820,4580,139,생424
7821,4580,185,생424
680,398,21,B07
681,398,62,B07
682,398,116,B07
683,398,155,B07
684,398,199,B07
7822,4581,21,
7823,4581,62,
7824,4581,116,
7825,4581,155,
7826,4581,199,
7827,4582,3,
7828,4582,47,
7829,4582,101,
7830,4582,139,
7831,4582,185,
7832,4583,3,
7833,4583,47,
7834,4583,101,
7835,4583,139,
7836,4583,185,
7837,4584,21,
7838,4584,62,
7839,4584,116,
7840,4584,155,
7841,4584,199,
7842,4585,3,
7843,4585,47,
7844,4585,101,
7845,4585,139,
7846,4585,185,
7847,4586,21,
7848,4586,62,
7849,4586,116,
7850,4586,155,
7851,4586,199,
7852,4587,21,
7853,4587,62,
7854,4587,116,
7855,4587,155,
7856,4587,199,
7857,4588,21,
7858,4588,62,
7859,4588,116,
7860,4588,155,
7861,4588,199,
7862,4589,3,
7863,4589,47,
7864,4589,101,
7865,4589,139,
7866,4589,185,
7867,4590,21,
7868,4590,62,
7869,4590,116,
7870,4590,155,
7871,4590,199,
7872,4591,3,
7873,4591,47,
7874,4591,101,
7875,4591,139,
7876,4591,185,
7877,4593,3,
7878,4593,47,
7879,4593,101,
7880,4593,139,
7881,4593,185,
7882,4594,21,
7883,4594,62,
7884,4594,116,
7885,4594,155,
7886,4594,199,
7887,4595,3,멀210
7888,4595,47,멀210
7889,4595,101,멀210
7890,4595,139,멀210
7891,4595,185,멀210
7892,4596,21,멀210
7893,4596,62,멀210
7894,4596,116,멀210
7895,4596,155,멀210
7896,4596,199,멀210
7897,4597,21,멀612
7898,4597,62,멀612
7899,4597,116,멀612
7900,4597,155,멀612
7901,4597,199,멀612
7902,4598,3,멀612
7903,4598,47,멀612
7904,4598,101,멀612
7905,4598,139,멀612
7906,4598,185,멀612
7907,4599,3,
7908,4599,47,
7909,4599,101,
7910,4599,139,
7911,4599,185,
7912,4600,21,
7913,4600,62,
7914,4600,116,
7915,4600,155,
7916,4600,199,
7917,4601,3,
7918,4601,47,
7919,4601,101,
7920,4601,139,
7921,4601,185,
7922,4602,21,
7923,4602,62,
7924,4602,116,
7925,4602,155,
7926,4602,199,
7927,4605,21,
7928,4605,62,
7929,4605,116,
7930,4605,155,
7931,4605,199,
7932,4606,246,
7933,4606,250,
7934,4606,265,
7935,4606,269,
7936,4606,295,
7937,4606,301,
7938,4606,324,
7939,4606,329,
7940,4606,351,
7941,4606,354,
7942,4607,21,
7943,4607,62,
7944,4607,116,
7945,4607,155,
7946,4607,199,
7947,4608,3,
7948,4608,47,
7949,4608,101,
7950,4608,139,
7951,4608,185,
7952,4610,21,
7953,4610,62,
7954,4610,116,
7955,4610,155,
7956,4610,199,
7957,4611,21,
7958,4611,62,
7959,4611,116,
7960,4611,155,
7961,4611,199,
7962,4612,3,
7963,4612,47,
7964,4612,101,
7965,4612,139,
7966,4612,185,
7967,4615,21,
7968,4615,62,
7969,4615,116,
7970,4615,155,
7971,4615,199,
7972,4616,21,
7973,4616,62,
7974,4616,116,
7975,4616,155,
7976,4616,199,
7977,4617,21,
7978,4617,62,
7979,4617,116,
7980,4617,155,
7981,4617,199,
685,399,21,B09
686,399,62,B09
687,399,116,B09
688,399,155,B09
689,399,199,B09
690,400,100,B06
691,400,138,B06
7982,4621,69,전101
7983,4621,208,전101
7984,4622,121,전102
7985,4622,160,전102
7986,4623,46,멀304
7987,4623,184,멀304
7988,4624,57,전223
7989,4624,194,전223
7990,4625,63,전223
7991,4625,201,전223
7992,4626,69,전223
7993,4626,208,전223
7994,4627,73,전223
7995,4627,213,전223
7996,4628,100,전223
7997,4628,138,전223
7998,4629,109,전223
7999,4629,146,전223
8000,4630,121,전221
8001,4630,160,전221
8002,4631,125,전221
8003,4631,166,전221
8004,4632,63,멀304
8005,4632,201,멀304
8006,4633,69,멀304
8007,4633,208,멀304
8008,4634,112,전221
8009,4634,149,전221
8010,4635,118,전221
8011,4635,157,전221
8012,4636,100,멀107
8013,4636,138,멀107
8014,4637,109,멀107
8015,4637,146,멀107
8016,4638,54,전223
8017,4638,191,전223
8018,4639,109,전101
8019,4639,146,전101
8020,4640,100,멀304
8021,4640,138,멀304
8022,4641,112,멀304
8023,4641,149,멀304
8024,4642,118,멀107
8025,4642,157,멀107
8026,4643,121,멀107
8027,4643,160,멀107
8028,4644,112,전223
8029,4644,149,전223
8030,4645,118,전223
8031,4645,157,전223
8032,4646,46,전221
8033,4646,184,전221
8034,4647,54,전221
8035,4647,191,전221
8036,4648,69,전221
8037,4648,208,전221
8038,4649,73,전221
8039,4649,213,전221
8040,4650,100,전221
8041,4650,138,전221
8042,4651,109,전221
8043,4651,146,전221
8044,4652,121,전223
8045,4652,160,전223
8046,4653,125,전223
8047,4653,166,전223
8048,4654,2,공365호
8049,4654,63,공176호
8050,4654,201,공176호
8051,4655,11,공365호
8052,4655,63,공176호
8053,4655,201,공176호
8054,4656,22,공365호
8055,4656,63,공176호
8056,4656,201,공176호
8057,4657,251,공365호
8058,4657,60,공176호
8059,4657,197,공176호
8060,4658,2,공367호
8061,4658,100,공176호
8062,4658,138,공176호
8063,4659,11,공367호
8064,4659,100,공176호
8065,4659,138,공176호
8066,4660,22,공367호
8067,4660,100,공176호
8068,4660,138,공176호
8069,4661,251,공367호
8070,4661,100,공176호
8071,4661,138,공176호
8072,4662,240,공369호
8073,4662,118,공176호
8074,4662,157,공176호
8075,4663,243,공369호
8076,4663,118,공176호
8077,4663,157,공176호
8078,4664,254,공369호
8079,4664,118,공176호
8080,4664,157,공176호
8081,4665,256,공369호
8082,4665,118,공176호
8083,4665,157,공176호
8084,4666,2,공371호
8085,4666,46,공176호
8086,4666,184,공176호
8087,4667,11,공371호
8088,4667,46,공176호
8089,4667,184,공176호
8090,4668,22,공371호
8091,4668,46,공176호
8092,4668,184,공176호
8093,4669,251,공371호
8094,4669,46,공176호
8095,4669,184,공176호
8096,4670,2,전101
8097,4670,69,전205
8098,4670,208,전205
8099,4671,11,전101
8100,4671,69,전205
8101,4671,208,전205
8102,4672,22,전101
8103,4672,69,전205
8104,4672,208,전205
8105,4673,251,전101
8106,4673,69,전205
8107,4673,208,전205
8108,4674,2,전102
8109,4674,46,전205
8110,4674,184,전205
8111,4675,11,전102
8112,4675,46,전205
8113,4675,184,전205
8114,4676,55,멀311
8115,4676,192,멀309
8116,4677,55,멀311
8117,4677,192,멀310
8118,4678,110,멀311
8119,4678,147,멀309
8120,4679,61,멀311
8121,4679,198,멀309
8122,4680,61,멀311
8123,4680,198,멀310
8124,4681,115,멀311
8125,4681,154,멀309
8126,4682,115,멀311
8127,4682,154,멀309
8128,4683,273,멀311
8129,4683,358,멀309
8130,4684,307,멀311
8131,4684,333,멀309
8132,4685,307,멀311
8133,4685,333,멀310
8134,4686,109,국경311
8135,4686,146,국경311
8136,4687,112,국경311
8137,4687,149,국경311
8138,4688,57,국경311
8139,4688,194,국경311
8140,4689,63,국경311
8141,4689,201,국경311
8142,4690,121,공148호
8143,4690,160,공148호
8144,4691,46,공142-1호
8145,4691,184,공142-1호
8146,4692,46,국경311
8147,4692,184,국경311
8148,4693,238,멀311
8149,4693,191,멀311
8150,4694,69,국경301
8151,4694,208,국경301
8152,4695,73,국경301
8153,4695,213,국경301
8154,4696,100,공B103호
8155,4696,138,공B103호
8156,4697,109,멀304
8157,4697,146,멀304
8158,4698,57,전221
8159,4698,194,전221
8160,4699,73,전218
8161,4699,213,전218
8162,4700,46,전101
8163,4700,184,전101
8164,4701,46,멀408
8165,4701,184,멀408
8166,4702,69,멀408
8167,4702,208,멀408
8168,4703,73,멀408
8169,4703,213,멀408
8170,4704,118,멀408
8171,4704,157,멀408
8172,4705,121,멀408
8173,4705,160,멀408
8174,4706,125,멀408
8175,4706,166,멀408
8176,4707,112,멀107
8177,4707,149,멀107
8178,4708,54,공363호
8179,4708,191,공363호
8180,4709,258,멀403
8181,4709,343,멀407
8182,4710,258,멀404
8183,4710,343,멀407
8184,4711,67,멀407
8185,4711,205,멀403
8186,4712,67,멀407
8187,4712,205,멀404
8188,4713,67,멀405
8189,4713,205,멀407
8190,4714,67,멀406
8191,4714,205,멀407
8192,4715,56,멀405
8193,4715,193,멀304
8194,4716,56,멀406
8195,4716,193,멀304
8196,4717,56,멀407
8197,4717,193,멀403
8198,4718,56,멀407
8199,4718,193,멀404
8200,4719,289,멀407
8201,4719,321,멀405
8202,4720,289,멀407
8203,4720,321,멀406
8204,4721,285,멀408
8205,4721,316,멀405
8206,4722,285,멀408
8207,4722,316,멀406
8208,4723,289,멀408
8209,4723,321,멀403
8210,4724,289,멀408
8211,4724,321,멀404
8212,4725,299,멀407
8213,4725,327,멀405
8214,4726,299,멀407
8215,4726,327,멀406
8216,4727,285,멀405
8217,4727,316,멀407
8218,4728,285,멀406
8219,4728,316,멀407
8220,4729,289,멀405
8221,4729,321,멀407
8222,4730,289,멀406
8223,4730,321,멀407
8224,4731,54,멀408
8225,4731,191,멀408
8226,4732,57,멀408
8227,4732,194,멀408
8228,4733,63,멀408
8229,4733,201,멀408
8230,4734,100,국경311
8231,4734,138,국경311
8232,4735,46,국경305
8233,4735,184,국경305
8234,4736,100,국경301
8235,4736,138,국경301
8236,4737,118,생422
8237,4737,157,생422
8238,4738,54,국경305
8239,4738,191,국경305
8240,4739,54,국경301
8241,4739,191,국경301
8242,4740,100,국경305
8243,4740,138,국경305
8244,4741,109,국경305
8245,4741,146,국경305
8246,4742,73,국경310
8247,4742,213,국경310
692,403,55,전205
693,403,192,전205
694,404,115,B09
695,404,154,B09
696,405,109,전103
697,405,146,전103
698,406,46,전103
699,406,184,전103
700,407,121,전136
701,407,160,전136
702,408,125,전136
703,408,166,전136
704,409,100,전103
705,409,138,전103
706,410,115,전103
707,410,154,전103
708,411,122,전103
709,411,161,전103
710,412,115,B01
711,412,154,B01
712,413,6,전136
713,414,31,B05
714,415,63,전136
715,415,201,전136
716,416,63,B09
717,416,201,B09
718,417,125,글405
719,417,166,글405
720,418,125,B09
721,418,166,B09
722,419,69,전103
723,419,208,전103
724,420,73,전103
725,420,213,전103
726,421,60,전103
727,421,197,전103
728,422,114,전136
729,422,153,전136
730,423,121,B09
731,423,160,B09
732,424,121,전211-1
733,424,160,전211-1
734,425,14,전226
735,426,69,B05
736,426,208,B05
737,427,73,B09
738,427,213,B09
739,428,51,B01
740,429,109,전136
741,429,146,전136
742,430,104,B07
743,431,6,B07
744,433,38,전226
745,434,134,B09
746,434,177,B09
747,435,69,B01
748,435,208,B01
749,436,125,B07
750,436,166,B07
751,437,121,B07
752,437,160,B07
753,438,162,B06
754,439,6,B05
755,440,9,전445
756,441,73,B05
757,441,213,B05
758,442,87,B01
759,443,87,B09
760,445,120,예706
761,446,187,예706
762,447,49,예704
763,448,66,예704
764,449,5,예705
765,450,204,예705
766,451,27,예705
767,452,187,예705
8248,4743,333,멀402
8249,4744,343,멀402
8250,4745,285,멀409
8251,4746,289,멀409
8252,4747,307,멀409
8253,4748,65,멀208
8254,4749,56,멀402
8255,4750,158,멀402
8256,4751,203,멀208
8257,4758,358,멀402
8258,4759,119,멀402
8259,4760,307,멀402
8260,4761,247,멀409
8261,4762,253,멀409
8262,4763,235,멀409
8263,4764,13,멀409
8264,4767,343,멀409
8265,4768,193,멀409
8266,4769,65,멀402
8267,4770,273,멀402
768,453,118,전226
769,453,157,전226
770,454,118,전445
771,454,157,전445
772,455,118,전539
773,455,157,전539
774,456,125,전220
775,456,166,전220
776,457,125,전226
777,457,166,전226
778,458,125,
779,458,166,
780,459,57,전220
781,459,194,전220
782,460,57,전226
783,460,194,전226
784,461,121,전539
785,461,160,전539
786,462,112,전226
787,462,149,전226
788,463,69,전220
789,463,208,전220
790,464,69,전226
791,464,208,전226
792,465,69,전445
793,465,208,전445
794,466,109,전220
795,466,146,전220
796,467,109,전226
797,467,146,전226
798,468,109,전445
799,468,146,전445
800,469,125,전102
801,469,166,전102
802,470,125,전539
803,470,166,전539
804,471,125,전211-1
805,471,166,전211-1
806,472,109,전539
807,472,146,전539
808,473,109,B06
809,473,146,B06
8268,4771,110,멀305
8269,4771,167,멀311
8270,4772,293,멀305
8271,4772,167,멀311
8272,4773,302,멀305
8273,4773,167,멀311
8274,4774,112,멀206
8275,4774,149,멀206
8276,4775,15,멀205
8277,4776,46,우정원B101
8278,4776,184,우정원B101
8279,4777,54,멀602
8280,4777,191,멀602
8281,4778,54,우정원B101
8282,4778,191,우정원B101
8283,4779,57,멀208
8284,4779,194,멀208
8285,4780,63,멀409
8286,4780,201,멀409
8287,4781,69,멀409
8288,4781,208,멀409
8289,4782,100,우정원B101
8290,4782,138,우정원B101
8291,4783,109,우정원B101
8292,4783,146,우정원B101
8293,4784,118,우정원B105
8294,4784,157,우정원B105
8295,4785,121,우정원B105
8296,4785,160,우정원B105
8297,4786,125,우정원B105
8298,4786,166,우정원B105
8299,4787,32,우정원B101
8300,4788,100,멀602
8301,4788,138,멀602
8302,4789,109,멀702
8303,4789,146,멀702
8304,4790,125,멀703
8305,4790,166,멀703
8306,4791,323,멀609
8307,4792,349,멀609
8308,4793,69,멀608
8309,4793,208,멀608
8310,4794,73,멀608
8311,4794,213,멀608
8312,4795,109,멀608
8313,4795,146,멀608
8314,4796,109,멀402
8315,4796,146,멀402
8316,4797,112,멀608
8317,4797,149,멀608
8318,4798,118,멀608
8319,4798,157,멀608
8320,4799,121,멀608
8321,4799,160,멀608
8322,4800,241,멀608
8323,4800,23,멀608
8324,4801,15,멀206
8325,4802,15,멀207
8326,4803,15,멀402
8327,4804,32,멀608
8328,4807,54,멀204
8329,4807,191,멀204
8330,4808,57,멀204
8331,4808,194,멀204
8332,4809,118,멀204
8333,4809,157,멀204
8334,4810,3,멀101
8335,4811,15,멀108
8336,4812,15,멀109
8337,4813,15,멀101
8338,4814,32,멀108
8339,4815,46,멀101
8340,4815,184,멀101
8341,4816,54,멀101
8342,4816,191,멀101
8343,4817,54,멀108
8344,4817,191,멀108
8345,4818,57,멀201
8346,4818,194,멀201
8347,4819,57,멀101
8348,4819,194,멀101
8349,4820,57,멀108
8350,4820,194,멀108
8351,4821,57,멀109
8352,4821,194,멀109
8353,4822,63,멀204
8354,4822,201,멀204
8355,4823,63,멀205
8356,4823,201,멀205
8357,4824,63,멀201
8358,4824,201,멀201
8359,4825,63,멀604
8360,4825,201,멀604
8361,4826,63,멀301
8362,4826,201,멀301
8363,4827,69,멀204
8364,4827,208,멀204
8365,4828,69,멀109
8366,4828,208,멀109
8367,4829,69,멀205
8368,4829,208,멀205
8369,4830,69,멀604
8370,4830,208,멀604
8371,4831,69,멀301
8372,4831,208,멀301
8373,4832,69,멀101
8374,4832,208,멀101
8375,4833,69,멀108
8376,4833,208,멀108
8377,4834,73,멀109
8378,4834,213,멀109
8379,4835,73,멀108
8380,4835,213,멀108
8381,4836,100,멀101
8382,4836,138,멀101
8383,4837,100,멀108
8384,4837,138,멀108
8385,4838,100,멀109
8386,4838,138,멀109
8387,4839,100,멀201
8388,4839,138,멀201
8389,4840,109,멀101
8390,4840,146,멀101
8391,4841,109,멀108
8392,4841,146,멀108
8393,4842,109,멀109
8394,4842,146,멀109
8395,4843,109,멀204
8396,4843,146,멀204
8397,4844,109,멀201
8398,4844,146,멀201
8399,4845,109,멀301
8400,4845,146,멀301
8401,4846,112,멀108
8402,4846,149,멀108
8403,4847,112,멀109
8404,4847,149,멀109
8405,4848,118,멀101
8406,4848,157,멀101
8407,4849,118,멀108
8408,4849,157,멀108
8409,4850,118,멀703
8410,4850,157,멀703
8411,4851,118,멀301
8412,4851,157,멀301
8413,4852,118,멀109
8414,4852,157,멀109
8415,4853,121,멀101
8416,4853,160,멀101
8417,4854,121,멀108
8418,4854,160,멀108
8419,4855,121,멀201
8420,4855,160,멀201
8421,4856,121,멀301
8422,4856,160,멀301
8423,4857,125,멀101
8424,4857,166,멀101
8425,4858,125,멀108
8426,4858,166,멀108
8427,4859,125,멀301
8428,4859,166,멀301
8429,4860,112,멀604
8430,4860,149,멀604
8431,4861,54,멀109
8432,4861,191,멀109
8433,4862,47,멀610
8434,4863,47,멀611
8435,4864,263,멀609
8436,4865,263,멀610
8437,4866,263,멀611
8438,4867,271,멀609
8439,4868,271,멀611
8440,4869,271,멀610
8441,4870,139,멀610
8442,4871,139,멀609
8443,4872,139,멀611
8444,4873,323,멀610
8445,4874,323,멀603
8446,4875,323,멀611
8447,4876,163,멀610
8448,4877,163,멀611
8449,4878,163,멀609
8450,4879,185,멀611
8451,4880,185,멀609
8452,4881,185,멀610
8453,4882,349,멀611
8454,4883,349,멀608
8455,4884,349,멀610
8456,4885,349,멀603
8457,4886,210,멀609
8458,4887,210,멀611
8459,4888,210,멀610
8460,4889,101,멀610
8461,4890,101,멀609
8462,4891,101,멀611
8463,4892,292,멀611
8464,4893,292,멀610
8465,4894,292,멀609
8466,4895,305,멀611
8467,4896,305,멀610
8468,4897,305,멀609
8469,4898,3,멀610
8470,4899,3,멀611
8471,4900,3,멀609
8472,4901,15,멀611
8473,4902,15,멀609
8474,4903,15,멀610
8475,4904,32,멀611
8476,4905,32,멀610
8477,4906,46,우정원B105
8478,4906,184,우정원B105
8479,4907,46,우정원B112
8480,4907,184,우정원B112
8481,4908,46,우정원B107
8482,4908,184,우정원B107
8483,4909,46,우정원B111
8484,4909,184,우정원B111
8485,4910,46,멀702
8486,4910,184,멀702
8487,4911,54,우정원B105
8488,4911,191,우정원B105
8489,4912,54,우정원B111
8490,4912,191,우정원B111
8491,4913,54,멀702
8492,4913,191,멀702
8493,4914,54,우정원B107
8494,4914,191,우정원B107
8495,4915,54,멀103
8496,4915,191,멀103
8497,4916,54,우정원B112
8498,4916,191,우정원B112
8499,4917,57,우정원B101
8500,4917,194,우정원B101
8501,4918,57,우정원B105
8502,4918,194,우정원B105
8503,4919,57,우정원B107
8504,4919,194,우정원B107
8505,4920,57,우정원B111
8506,4920,194,우정원B111
8507,4921,57,우정원B112
8508,4921,194,우정원B112
8509,4922,63,우정원B111
8510,4922,201,우정원B111
8511,4923,63,우정원B101
8512,4923,201,우정원B101
8513,4924,63,우정원B105
8514,4924,201,우정원B105
8515,4925,63,우정원B107
8516,4925,201,우정원B107
8517,4926,69,우정원B101
8518,4926,208,우정원B101
8519,4927,69,우정원B105
8520,4927,208,우정원B105
8521,4928,69,우정원B107
8522,4928,208,우정원B107
8523,4929,73,우정원B101
8524,4929,213,우정원B101
8525,4930,73,우정원B105
8526,4930,213,우정원B105
8527,4931,73,우정원B107
8528,4931,213,우정원B107
8529,4932,100,우정원B105
8530,4932,138,우정원B105
8531,4933,100,우정원B107
8532,4933,138,우정원B107
8533,4934,100,멀612
8534,4934,138,멀612
8535,4935,109,멀208
8536,4935,146,멀208
8537,4936,109,멀410
8538,4936,146,멀410
8539,4937,109,우정원B105
8540,4937,146,우정원B105
8541,4938,109,우정원B111
8542,4938,146,우정원B111
8543,4939,109,우정원B107
8544,4939,146,우정원B107
8545,4940,109,멀603
8546,4940,146,멀603
8547,4941,112,우정원B101
8548,4941,149,우정원B101
8549,4942,112,우정원B112
8550,4942,149,우정원B112
8551,4943,112,우정원B107
8552,4943,149,우정원B107
8553,4944,118,우정원B111
8554,4944,157,우정원B111
8555,4945,118,우정원B112
8556,4945,157,우정원B112
8557,4946,121,우정원B101
8558,4946,160,우정원B101
8559,4947,121,우정원B112
8560,4947,160,우정원B112
8561,4948,121,우정원B111
8562,4948,160,우정원B111
8563,4949,125,우정원B111
8564,4949,166,우정원B111
8565,4950,125,멀112
8566,4950,166,멀112
8567,4951,125,우정원B101
8568,4951,166,우정원B101
8569,4952,3,우정원B113
8570,4953,3,우정원B101
8571,4954,3,멀208
8572,4955,3,우정원B105
8573,4956,15,우정원B101
8574,4957,15,우정원B107
8575,4958,15,우정원B111
8576,4959,15,우정원B105
8577,4960,32,우정원B107
8578,4961,32,우정원B111
8579,4962,46,멀705-1
8580,4962,184,멀705-1
8581,4963,46,멀705
8582,4963,184,멀705
8583,4964,54,멀705-1
8584,4964,191,멀705-1
8585,4965,54,멀705
8586,4965,191,멀705
8587,4966,54,멀604
8588,4966,191,멀604
8589,4967,57,멀705
8590,4967,194,멀705
8591,4968,57,멀702
8592,4968,194,멀702
8593,4969,63,멀705-1
8594,4969,201,멀705-1
8595,4970,63,멀702
8596,4970,201,멀702
8597,4971,63,멀705
8598,4971,201,멀705
8599,4972,69,멀705-1
8600,4972,208,멀705-1
8601,4973,69,멀702
8602,4973,208,멀702
8603,4974,69,멀705
8604,4974,208,멀705
8605,4975,73,멀702
8606,4975,213,멀702
8607,4976,100,멀312
8608,4976,138,멀312
8609,4977,109,멀705-1
8610,4977,146,멀705-1
8611,4978,109,멀604
8612,4978,146,멀604
8613,4979,112,멀705-1
8614,4979,149,멀705-1
8615,4980,112,멀702
8616,4980,149,멀702
8617,4981,118,멀705
8618,4981,157,멀705
8619,4982,118,멀604
8620,4982,157,멀604
8621,4983,118,멀702
8622,4983,157,멀702
8623,4984,121,멀705-1
8624,4984,160,멀705-1
8625,4985,121,멀705
8626,4985,160,멀705
8627,4986,121,멀703
8628,4986,160,멀703
8629,4987,121,멀702
8630,4987,160,멀702
8631,4988,125,멀702
8632,4988,166,멀702
8633,4989,3,멀702
8634,4990,15,멀702
8635,4991,3,멀705-1
8636,4992,277,체308호
8637,4993,364,체307호
8638,4994,46,우정원B109
8639,4994,184,우정원B109
8640,4995,54,우정원B109
8641,4995,191,우정원B109
8642,4996,57,우정원B109
8643,4996,194,우정원B109
8644,4997,57,우정원B110
8645,4997,194,우정원B110
8646,4998,57,우정원B113
8647,4998,194,우정원B113
8648,4999,63,우정원B109
8649,4999,201,우정원B109
8650,5000,63,우정원B110
8651,5000,201,우정원B110
8652,5001,63,우정원B113
8653,5001,201,우정원B113
8654,5002,69,우정원B111
8655,5002,208,우정원B111
8656,5003,73,우정원B111
8657,5003,213,우정원B111
8658,5004,100,우정원B109
8659,5004,138,우정원B109
8660,5005,100,우정원B110
8661,5005,138,우정원B110
8662,5006,109,우정원B109
8663,5006,146,우정원B109
8664,5007,109,우정원B113
8665,5007,146,우정원B113
8666,5008,109,우정원B110
8667,5008,146,우정원B110
8668,5009,109,멀705
8669,5009,146,멀705
8670,5010,112,멀208
8671,5010,149,멀208
8672,5011,112,멀410
8673,5011,149,멀410
8674,5012,112,우정원B113
8675,5012,149,우정원B113
8676,5013,118,멀208
8677,5013,157,멀208
8678,5014,118,멀112
8679,5014,157,멀112
8680,5015,121,우정원B109
8681,5015,160,우정원B109
8682,5016,121,멀204
8683,5016,160,멀204
8684,5017,121,우정원B110
8685,5017,160,우정원B110
8686,5018,125,우정원B109
8687,5018,166,우정원B109
8688,5019,125,우정원B110
8689,5019,166,우정원B110
8690,5020,3,우정원B112
8691,5021,15,멀208
8692,5022,15,우정원B112
8693,5023,15,우정원B109
8694,5024,15,우정원B113
8695,5025,15,우정원B110
8696,5026,32,우정원B109
8697,5027,32,우정원B110
8698,5028,3,멀B114
8699,5029,32,멀704
8700,5030,46,멀602
8701,5030,184,멀602
8702,5031,63,멀513
8703,5031,201,멀513
8704,5032,54,멀210
8705,5032,191,멀210
8706,5033,112,멀704
8707,5033,149,멀704
8708,5034,125,멀210
8709,5034,166,멀210
8710,5035,121,멀302
8711,5035,160,멀302
8712,5036,3,멀302
8713,5038,109,멀112
8714,5038,146,멀112
8715,5039,342,멀411
8716,5040,121,멀112
8717,5040,160,멀112
8718,5041,125,멀302
8719,5041,166,멀302
8720,5042,54,멀512
8721,5042,191,멀512
8722,5043,118,멀302
8723,5043,157,멀302
8724,5044,109,멀B114
8725,5044,146,멀B114
8726,5045,100,멀112
8727,5045,138,멀112
8728,5046,15,멀302
8729,5047,121,멀312
8730,5047,160,멀312
8731,5048,46,멀112
8732,5048,184,멀112
8733,5049,57,멀312
8734,5049,194,멀312
8735,5050,54,멀411
8736,5050,191,멀411
8737,5051,118,멀411
8738,5051,157,멀411
8739,5052,73,멀411
8740,5052,213,멀411
8741,5053,118,멀612
8742,5053,157,멀612
8743,5054,54,멀513
8744,5054,191,멀513
8745,5055,69,멀512
8746,5055,208,멀512
8747,5056,15,멀512
8748,5058,118,멀312
8749,5058,157,멀312
8750,5060,69,멀112
8751,5060,208,멀112
8752,5062,57,멀302
8753,5062,194,멀302
8754,5063,112,멀602
8755,5063,149,멀602
8756,5064,15,멀210
8757,5065,15,멀B114
8758,5066,32,멀302
8759,5067,57,멀602
8760,5067,194,멀602
8761,5068,15,멀602
8762,5069,112,멀411
8763,5069,149,멀411
8764,5070,15,멀826
8765,5071,118,멀704
8766,5071,157,멀704
8767,5072,63,멀512
8768,5072,201,멀512
8769,5073,73,멀512
8770,5073,213,멀512
8771,5074,54,멀312
8772,5074,191,멀312
8773,5075,121,멀512
8774,5075,160,멀512
8775,5076,15,멀513
8776,5077,32,멀612
8777,5078,121,멀411
8778,5078,160,멀411
8779,5079,364,멀210
8780,5080,3,멀612
8781,5081,118,멀513
8782,5081,157,멀513
8783,5082,69,멀210
8784,5082,208,멀210
8785,5083,63,멀210
8786,5083,201,멀210
8787,5084,15,멀704
8788,5085,46,멀302
8789,5085,184,멀302
8790,5086,185,멀826
8791,5088,100,멀512
8792,5088,138,멀512
8793,5089,109,멀512
8794,5089,146,멀512
8795,5090,118,글507
8796,5090,157,글507
8797,5091,69,멀602
8798,5091,208,멀602
8799,5092,109,멀704
8800,5092,146,멀704
8801,5093,112,멀312
8802,5093,149,멀312
8803,5094,121,멀513
8804,5094,160,멀513
8805,5095,109,멀602
8806,5095,146,멀602
8807,5096,63,멀826
8808,5096,201,멀826
8809,5097,121,멀208
8810,5097,160,멀208
8811,5099,109,멀210
8812,5099,146,멀210
8813,5100,340,멀112
8814,5101,210,멀612
8815,5102,32,멀826
8816,5103,121,멀602
8817,5103,160,멀602
8818,5104,73,멀302
8819,5104,213,멀302
8820,5105,112,멀612
8821,5105,149,멀612
8822,5106,109,멀302
8823,5106,146,멀302
8824,5109,109,글507
8825,5109,146,글507
8826,5110,54,체307호
8827,5110,191,체307호
8828,5111,163,멀202
8829,5112,62,멀202
8830,5113,47,멀202
8831,5114,305,멀203
8832,5115,263,멀112
8833,5116,15,멀203
8834,5117,349,멀202
8835,5118,15,멀411
8836,5119,63,멀302
8837,5119,201,멀302
8838,5120,3,멀210
8839,5121,15,멀312
8840,5122,121,멀704
8841,5122,160,멀704
8842,5123,46,멀312
8843,5123,184,멀312
8844,5124,112,멀210
8845,5124,149,멀210
8846,5125,15,멀612
8847,5126,109,멀312
8848,5126,146,멀312
8849,5128,54,멀302
8850,5128,191,멀302
8851,5129,109,멀612
8852,5129,146,멀612
8853,5130,69,멀207
8854,5130,208,멀207
8855,5131,101,멀826
8856,5132,184,멀612
8857,5132,191,멀612
8858,5133,54,멀203
8859,5133,191,멀203
8860,5134,57,멀203
8861,5134,194,멀203
8862,5135,292,멀B114
8863,5136,101,멀513
8864,5137,32,멀B114
8865,5138,54,멀206
8866,5138,191,멀206
8867,5139,57,멀206
8868,5139,194,멀206
8869,5140,54,멀208
8870,5140,191,멀208
8871,5141,109,멀206
8872,5141,146,멀206
8873,5142,69,멀206
8874,5142,208,멀206
8875,5143,73,멀206
8876,5143,213,멀206
8877,5144,118,멀206
8878,5144,157,멀206
8879,5145,121,멀206
8880,5145,160,멀206
8881,5146,73,외401
8882,5146,213,외401
8883,5147,121,외401
8884,5147,160,외401
8885,5148,109,멀207
8886,5148,146,멀207
8887,5149,54,멀207
8888,5149,191,멀207
8889,5150,63,멀206
8890,5150,201,멀206
8891,5151,15,멀112
8892,5152,121,멀210
8893,5152,160,멀210
8894,5153,3,멀112
8895,5154,121,멀826
8896,5154,160,멀826
8897,5155,121,멀612
8898,5155,160,멀612
8899,5157,57,멀210
8900,5157,194,멀210
8901,5161,174,멀210
8902,5164,54,멀B114
8903,5164,191,멀B114
8904,5165,57,멀B114
8905,5165,194,멀B114
8906,5166,81,멀101
8907,5167,338,예B139
8908,5168,338,예B122
8909,5169,312,예405
8910,5170,338,외204
8911,5171,262,멀703
8912,5172,296,멀602
8913,5173,272,멀208
8914,5174,190,멀603
8915,5175,283,멀206
8916,5176,303,멀603
8917,5177,291,멀301
8918,5178,270,멀201
8919,5179,357,멀208
8920,5182,3,멀411
8921,5183,3,멀513
8922,5184,3,멀602
8923,5185,32,멀411
8924,5186,32,멀513
8925,5187,32,멀602
8926,5188,61,체201호
8927,5189,209,체310호
8928,5190,147,체215-3호
8929,5192,122,글403
8930,5193,235,글403
8931,5196,147,선승관웨이트장
8932,5197,110,선승관웨이트장
8933,5200,19,체B103호
8934,5201,30,체B103호
8935,5202,239,체106호
8936,5203,122,체106호
8937,5204,81,1호관테니스장
8938,5205,223,1호관테니스장
8939,5206,147,글403
8940,5207,154,글403
8941,5208,192,글403
8942,5209,297,체105호
8943,5210,174,멀302
8944,5211,70,체B118호
8945,5212,122,체B118호
8946,5213,147,1호관운동장
8947,5214,192,1호관운동장
8948,5215,239,체215-1호
8949,5216,258,체B120호
8950,5217,56,체B120호
8951,5218,3,멀704
8952,5219,118,멀201
8953,5224,73,멀603
8954,5224,213,멀603
8955,5225,69,멀603
8956,5225,208,멀603
8957,5226,73,멀703
8958,5226,213,멀703
8959,5227,121,멀410
8960,5227,160,멀410
8961,5228,63,멀101
8962,5228,201,멀101
8963,5229,125,멀608
8964,5229,166,멀608
8965,5230,73,멀409
8966,5230,213,멀409
8967,5231,46,멀410
8968,5231,184,멀410
8969,5232,109,멀205
8970,5232,146,멀205
8971,5233,54,멀410
8972,5233,191,멀410
8973,5234,112,멀205
8974,5234,149,멀205
8975,5235,63,멀410
8976,5235,201,멀410
8977,5236,69,멀312
8978,5236,208,멀312
8979,5237,69,멀410
8980,5237,208,멀410
8981,5238,73,멀312
8982,5238,213,멀312
8983,5240,122,멀B114
810,474,109,공367호
811,474,146,공367호
812,475,112,공367호
813,475,149,공367호
814,476,54,공148호
815,476,191,공148호
816,477,57,공148호
817,477,194,공148호
818,478,109,공148호
819,478,146,공148호
8984,5241,32,멀512
8985,5242,3,멀512
8986,5243,3,멀312
8987,5244,292,멀826
8988,5245,310,멀826
820,479,46,공165호
821,479,184,공165호
822,480,125,공142-2호
823,480,166,공142-2호
824,481,125,공371호
825,481,166,공371호
826,482,100,공142-2호
827,482,138,공142-2호
828,483,187,B01
829,484,119,전205
830,484,158,전205
831,485,61,전205
832,485,198,전205
833,486,8,B09
834,487,52,B09
835,487,189,B09
836,488,226,B05
837,489,118,B05
838,489,157,B05
839,490,73,B06
840,490,213,B06
841,491,63,B05
842,491,201,B05
843,492,152,글405
844,493,70,B07
845,493,209,B07
846,494,117,B06
847,495,18,B06
848,496,16,B01
849,497,18,B07
850,498,229,B05
851,499,133,B01
852,500,133,B06
853,501,69,B06
854,501,208,B06
855,502,172,B05
856,503,140,B07
857,504,34,B01
858,505,42,B01
859,506,183,전103
860,507,231,B05
861,508,74,전136
862,508,214,전136
863,509,112,B05
864,509,149,B05
865,510,121,B06
866,510,160,B06
867,511,142,B07
8989,5246,63,전101
8990,5246,201,전101
8991,5247,46,국경311
8992,5247,184,국경311
8993,5248,54,국경311
8994,5248,191,국경311
8995,5249,46,전221
8996,5249,184,전221
8997,5250,54,전221
8998,5250,191,전221
8999,5251,69,전221
9000,5251,208,전221
9001,5252,73,전221
9002,5252,213,전221
9003,5253,69,멀107
9004,5253,208,멀107
9005,5254,73,멀107
9006,5254,213,멀107
9007,5255,100,전223
9008,5255,138,전223
9009,5256,109,전223
9010,5256,146,전223
9011,5257,112,멀107
9012,5257,149,멀107
9013,5258,118,멀107
9014,5258,157,멀107
9015,5259,118,멀304
9016,5259,157,멀304
9017,5260,121,멀304
9018,5260,160,멀304
9019,5261,57,전101
9020,5261,194,전101
9021,5262,69,전101
9022,5262,208,전101
9023,5263,109,전102
9024,5263,146,전102
9025,5264,46,전223
9026,5264,184,전223
9027,5265,54,전223
9028,5265,191,전223
9029,5266,46,멀304
9030,5266,184,멀304
9031,5267,54,멀304
9032,5267,191,멀304
9033,5268,69,멀304
9034,5268,208,멀304
9035,5269,73,멀304
9036,5269,213,멀304
9037,5270,100,멀107
9038,5270,138,멀107
9039,5271,109,멀107
9040,5271,146,멀107
9041,5272,112,전102
9042,5272,149,전102
9043,5273,118,전102
9044,5273,157,전102
9045,5274,121,멀107
9046,5274,160,멀107
9047,5275,125,멀107
9048,5275,166,멀107
9049,5276,55,멀311
9050,5276,192,멀309
9051,5277,55,멀311
9052,5277,192,멀310
9053,5278,110,멀309
9054,5278,147,멀311
9055,5279,110,멀310
9056,5279,147,멀311
9057,5280,115,멀309
9058,5280,154,멀311
9059,5281,109,멀408
9060,5281,146,멀408
9061,5282,118,국경301
9062,5282,157,국경301
9063,5283,3,멀311
9064,5284,109,멀304
9065,5284,146,멀304
9066,5285,12,공B102호
9067,5286,54,공263호
9068,5286,191,공263호
9069,5287,25,멀311
9070,5288,100,공B104호
9071,5288,138,공B104호
9072,5289,109,공369호
9073,5289,146,공369호
9074,5290,69,멀311
9075,5290,208,멀311
9076,5291,73,멀311
9077,5291,213,멀311
9078,5292,54,전218
9079,5292,191,전218
9080,5293,63,멀408
9081,5293,201,멀408
9082,5294,73,전218
9083,5294,213,전218
9084,5295,57,공B105호
9085,5295,194,공B105호
9086,5296,63,전227
9087,5296,201,전227
9088,5297,112,멀408
9089,5297,149,멀408
9090,5298,118,멀408
9091,5298,157,멀408
9092,5299,121,멀408
9093,5299,160,멀408
9094,5300,125,멀408
9095,5300,166,멀408
9096,5301,258,멀403
9097,5301,343,멀407
9098,5302,258,멀404
9099,5302,343,멀407
9100,5303,67,멀407
9101,5303,205,멀403
9102,5304,67,멀407
9103,5304,205,멀404
9104,5305,56,멀407
9105,5305,193,멀403
9106,5306,56,멀407
9107,5306,193,멀404
9108,5307,299,멀407
9109,5307,327,멀405
9110,5308,299,멀407
9111,5308,327,멀406
9112,5309,46,멀408
9113,5309,184,멀408
9114,5310,54,멀408
9115,5310,191,멀408
9116,5311,57,멀408
9117,5311,194,멀408
9118,5312,69,멀408
9119,5312,208,멀408
9120,5313,73,멀408
9121,5313,213,멀408
9122,5314,109,생 119(시청각실)
9123,5314,146,생 119(시청각실)
9124,5315,100,생424
9125,5315,138,생424
9126,5316,46,국경305
9127,5316,184,국경305
9128,5317,63,국경305
9129,5317,201,국경305
9130,5318,69,국경310
9131,5318,208,국경310
9132,5319,109,국경310
9133,5319,146,국경310
9134,5320,69,국경305
9135,5320,208,국경305
868,512,72,전205
869,512,212,전205
870,513,115,B09
871,513,154,B09
872,514,109,B09
873,514,146,B09
874,515,121,전205
875,515,160,전205
876,516,125,전205
877,516,166,전205
878,517,115,전211-1
879,517,154,전211-1
880,518,122,전211-1
881,518,161,전211-1
882,519,53,B09
883,520,24,B09
884,521,63,B09
885,521,201,B09
886,522,125,전103
887,522,166,전103
888,523,69,전211-1
889,523,208,전211-1
890,524,73,전103
891,524,213,전103
892,525,125,B09
893,525,166,B09
894,526,112,전101
895,526,149,전101
896,527,60,전136
897,527,197,전136
898,528,114,전103
899,528,153,전103
900,529,121,B09
901,529,160,B09
902,530,121,전103
903,530,160,전103
904,531,190,B09
905,532,69,B09
906,532,208,B09
907,533,109,전103
908,533,146,전103
909,534,109,B05
910,534,146,B05
911,535,73,B09
912,535,213,B09
913,536,51,B06
914,538,38,B09
915,539,40,B09
916,540,40,B09
917,541,40,B09
918,542,40,B09
919,543,134,B09
920,543,177,B09
921,544,134,B09
922,544,177,B09
923,545,69,전136
924,545,208,전136
925,546,6,B06
926,547,163,B05
927,548,104,B07
928,549,54,B01
929,549,191,B01
930,550,35,B06
931,551,83,B06
932,552,141,예706
933,553,204,예706
934,554,27,예705
9136,5321,343,멀402
9137,5322,193,멀402
9138,5323,285,멀402
9139,5324,289,멀402
9140,5325,65,멀208
9141,5326,289,멀409
9142,5327,56,멀402
9143,5328,203,멀208
9144,5335,358,멀402
9145,5336,307,멀402
9146,5337,247,멀402
9147,5338,253,멀402
9148,5339,235,멀402
9149,5340,13,멀402
9150,5343,65,멀402
935,555,100,전220
936,555,138,전220
937,556,109,전220
938,556,146,전220
939,557,23,전220
940,557,201,전220
941,558,54,전445
942,558,191,전445
943,559,54,전539
944,559,191,전539
945,560,121,전539
946,560,160,전539
947,561,109,전226
948,561,146,전226
949,562,69,전220
950,562,208,전220
951,563,69,전226
952,563,208,전226
953,564,121,전220
954,564,160,전220
955,565,121,전226
956,565,160,전226
957,566,57,전226
958,566,194,전226
959,567,57,전227
960,567,194,전227
961,568,118,전445
962,568,157,전445
963,569,118,전226
964,569,157,전226
965,570,118,B01
966,570,157,B01
9151,5344,235,멀305
9152,5344,193,멀311
9153,5345,13,멀305
9154,5345,193,멀311
9155,5346,57,멀203
9156,5346,194,멀203
9157,5347,57,멀208
9158,5347,194,멀208
9159,5348,118,우정원B105
9160,5348,157,우정원B105
9161,5349,121,우정원B105
9162,5349,160,우정원B105
9163,5350,125,우정원B105
9164,5350,166,우정원B105
9165,5351,54,우정원B111
9166,5351,191,우정원B111
9167,5352,57,우정원B111
9168,5352,194,우정원B111
9169,5353,100,우정원B101
9170,5353,138,우정원B101
9171,5354,109,우정원B112
9172,5354,146,우정원B112
9173,5355,125,멀702
9174,5355,166,멀702
9175,5356,46,멀705-1
9176,5356,184,멀705-1
9177,5357,323,멀609
9178,5358,349,멀609
9179,5359,63,멀612
9180,5359,201,멀612
9181,5360,109,멀513
9182,5360,146,멀513
9183,5361,112,멀608
9184,5361,149,멀608
9185,5362,118,멀608
9186,5362,157,멀608
9187,5363,118,멀207
9188,5363,157,멀207
9189,5364,121,멀608
9190,5364,160,멀608
9191,5365,241,멀608
9192,5365,23,멀608
9193,5366,15,멀206
9194,5367,32,멀608
9195,5370,54,멀205
9196,5370,191,멀205
9197,5371,57,멀204
9198,5371,194,멀204
9199,5372,3,멀101
9200,5373,15,멀108
9201,5374,15,멀207
9202,5375,15,멀101
9203,5376,32,멀108
9204,5377,46,멀101
9205,5377,184,멀101
9206,5378,54,멀204
9207,5378,191,멀204
9208,5379,54,멀101
9209,5379,191,멀101
9210,5380,54,멀108
9211,5380,191,멀108
9212,5381,57,멀301
9213,5381,194,멀301
9214,5382,57,멀201
9215,5382,194,멀201
9216,5383,57,멀101
9217,5383,194,멀101
9218,5384,57,멀108
9219,5384,194,멀108
9220,5385,57,멀109
9221,5385,194,멀109
9222,5386,63,멀301
9223,5386,201,멀301
9224,5387,63,멀204
9225,5387,201,멀204
9226,5388,63,멀109
9227,5388,201,멀109
9228,5389,63,멀201
9229,5389,201,멀201
9230,5390,63,멀604
9231,5390,201,멀604
9232,5391,69,멀204
9233,5391,208,멀204
9234,5392,69,멀705-1
9235,5392,208,멀705-1
9236,5393,69,멀205
9237,5393,208,멀205
9238,5394,69,멀604
9239,5394,208,멀604
9240,5395,69,멀101
9241,5395,208,멀101
9242,5396,69,멀108
9243,5396,208,멀108
9244,5397,73,멀705-1
9245,5397,213,멀705-1
9246,5398,73,멀108
9247,5398,213,멀108
9248,5399,100,멀101
9249,5399,138,멀101
9250,5400,100,멀108
9251,5400,138,멀108
9252,5401,100,멀103
9253,5401,138,멀103
9254,5402,100,멀201
9255,5402,138,멀201
9256,5403,109,멀101
9257,5403,146,멀101
9258,5404,109,멀108
9259,5404,146,멀108
9260,5405,109,멀103
9261,5405,146,멀103
9262,5406,109,멀201
9263,5406,146,멀201
9264,5407,109,멀301
9265,5407,146,멀301
9266,5408,112,멀108
9267,5408,149,멀108
9268,5409,112,멀301
9269,5409,149,멀301
9270,5410,112,멀109
9271,5410,149,멀109
9272,5411,118,멀108
9273,5411,157,멀108
9274,5412,118,멀204
9275,5412,157,멀204
9276,5413,118,멀109
9277,5413,157,멀109
9278,5414,121,멀108
9279,5414,160,멀108
9280,5415,121,멀201
9281,5415,160,멀201
9282,5416,121,멀301
9283,5416,160,멀301
9284,5417,125,멀108
9285,5417,166,멀108
9286,5418,125,멀201
9287,5418,166,멀201
9288,5419,125,멀301
9289,5419,166,멀301
9290,5420,112,멀602
9291,5420,149,멀602
9292,5421,47,멀610
9293,5422,47,멀611
9294,5423,263,멀609
9295,5424,263,멀610
9296,5425,263,멀611
9297,5426,271,멀603
9298,5427,271,멀611
9299,5428,271,멀610
9300,5429,271,멀609
9301,5430,139,멀610
9302,5431,139,멀609
9303,5432,139,멀611
9304,5433,139,멀603
9305,5434,323,멀610
9306,5435,323,멀603
9307,5436,323,멀611
9308,5437,163,멀610
9309,5438,163,멀611
9310,5439,163,멀609
9311,5440,185,멀611
9312,5441,185,멀609
9313,5442,185,멀610
9314,5443,185,멀603
9315,5444,349,멀611
9316,5445,349,멀603
9317,5446,349,멀610
9318,5447,210,멀603
9319,5448,210,멀611
9320,5449,210,멀610
9321,5450,210,멀609
9322,5451,101,멀610
9323,5452,101,멀609
9324,5453,101,멀611
9325,5454,101,멀603
9326,5455,292,멀611
9327,5456,292,멀610
9328,5457,292,멀609
9329,5458,292,멀603
9330,5459,305,멀611
9331,5460,305,멀603
9332,5461,305,멀609
9333,5462,3,멀602
9334,5463,3,멀611
9335,5464,15,멀602
9336,5465,15,멀610
9337,5466,32,멀611
9338,5467,46,우정원B112
9339,5467,184,우정원B112
9340,5468,46,우정원B105
9341,5468,184,우정원B105
9342,5469,46,우정원B107
9343,5469,184,우정원B107
9344,5470,100,멀602
9345,5470,138,멀602
9346,5471,54,우정원B112
9347,5471,191,우정원B112
9348,5472,54,우정원B107
9349,5472,191,우정원B107
9350,5473,54,멀409
9351,5473,191,멀409
9352,5474,54,멀201
9353,5474,191,멀201
9354,5475,57,우정원B110
9355,5475,194,우정원B110
9356,5476,57,우정원B107
9357,5476,194,우정원B107
9358,5477,57,우정원B112
9359,5477,194,우정원B112
9360,5478,63,우정원B110
9361,5478,201,우정원B110
9362,5479,63,우정원B107
9363,5479,201,우정원B107
9364,5480,63,멀409
9365,5480,201,멀409
9366,5481,63,우정원B112
9367,5481,201,우정원B112
9368,5482,69,우정원B110
9369,5482,208,우정원B110
9370,5483,69,멀409
9371,5483,208,멀409
9372,5484,69,우정원B112
9373,5484,208,우정원B112
9374,5485,69,우정원B107
9375,5485,208,우정원B107
9376,5486,73,우정원B107
9377,5486,213,우정원B107
9378,5487,100,멀612
9379,5487,138,멀612
9380,5488,100,우정원B107
9381,5488,138,우정원B107
9382,5489,109,우정원B107
9383,5489,146,우정원B107
9384,5490,109,우정원B101
9385,5490,146,우정원B101
9386,5491,109,멀205
9387,5491,146,멀205
9388,5492,112,우정원B112
9389,5492,149,우정원B112
9390,5493,118,우정원B112
9391,5493,157,우정원B112
9392,5494,125,우정원B107
9393,5494,166,우정원B107
9394,5495,109,우정원B111
9395,5495,146,우정원B111
9396,5496,112,우정원B111
9397,5496,149,우정원B111
9398,5497,112,우정원B107
9399,5497,149,우정원B107
9400,5498,118,우정원B107
9401,5498,157,우정원B107
9402,5499,121,멀409
9403,5499,160,멀409
9404,5500,121,우정원B101
9405,5500,160,우정원B101
9406,5501,125,멀409
9407,5501,166,멀409
9408,5502,125,우정원B101
9409,5502,166,우정원B101
9410,5503,15,우정원B107
9411,5504,32,우정원B107
9412,5505,112,우정원B109
9413,5505,149,우정원B109
9414,5506,118,우정원B113
9415,5506,157,우정원B113
9416,5507,118,우정원B109
9417,5507,157,우정원B109
9418,5508,121,우정원B113
9419,5508,160,우정원B113
9420,5509,3,우정원B105
9421,5510,125,우정원B113
9422,5510,166,우정원B113
9423,5511,46,멀705
9424,5511,184,멀705
9425,5512,54,멀703
9426,5512,191,멀703
9427,5513,54,멀702
9428,5513,191,멀702
9429,5514,54,멀705
9430,5514,191,멀705
9431,5515,57,멀705-1
9432,5515,194,멀705-1
9433,5516,57,멀705
9434,5516,194,멀705
9435,5517,63,멀703
9436,5517,201,멀703
9437,5518,69,멀312
9438,5518,208,멀312
9439,5519,69,멀702
9440,5519,208,멀702
9441,5520,73,멀703
9442,5520,213,멀703
9443,5521,73,멀702
9444,5521,213,멀702
9445,5522,100,멀703
9446,5522,138,멀703
9447,5523,109,멀208
9448,5523,146,멀208
9449,5524,109,멀702
9450,5524,146,멀702
9451,5525,112,멀208
9452,5525,149,멀208
9453,5526,112,멀702
9454,5526,149,멀702
9455,5527,118,멀705
9456,5527,157,멀705
9457,5528,121,멀703
9458,5528,160,멀703
9459,5529,121,멀705
9460,5529,160,멀705
9461,5530,125,멀703
9462,5530,166,멀703
9463,5531,125,멀204
9464,5531,166,멀204
9465,5532,125,멀705
9466,5532,166,멀705
9467,5533,3,멀705
9468,5534,277,멀702
9469,5535,364,멀208
9470,5536,63,멀705-1
9471,5536,201,멀705-1
9472,5537,109,멀705
9473,5537,146,멀705
9474,5538,112,멀705
9475,5538,149,멀705
9476,5539,46,우정원B109
9477,5539,184,우정원B109
9478,5540,46,우정원B101
9479,5540,184,우정원B101
9480,5541,54,우정원B105
9481,5541,191,우정원B105
9482,5542,54,우정원B109
9483,5542,191,우정원B109
9484,5543,54,우정원B101
9485,5543,191,우정원B101
9486,5544,69,우정원B105
9487,5544,208,우정원B105
9488,5545,69,우정원B101
9489,5545,208,우정원B101
9490,5546,73,우정원B105
9491,5546,213,우정원B105
9492,5547,73,우정원B101
9493,5547,213,우정원B101
9494,5548,109,멀612
9495,5548,146,멀612
9496,5549,109,우정원B113
9497,5549,146,우정원B113
9498,5550,109,우정원B110
9499,5550,146,우정원B110
9500,5551,112,우정원B113
9501,5551,149,우정원B113
9502,5552,112,우정원B101
9503,5552,149,우정원B101
9504,5553,112,우정원B110
9505,5553,149,우정원B110
9506,5554,118,우정원B101
9507,5554,157,우정원B101
9508,5555,121,우정원B107
9509,5555,160,우정원B107
9510,5556,3,우정원B112
9511,5557,15,우정원B112
9512,5558,57,우정원B101
9513,5558,194,우정원B101
9514,5559,63,우정원B101
9515,5559,201,우정원B101
9516,5560,100,우정원B105
9517,5560,138,우정원B105
9518,5561,109,우정원B105
9519,5561,146,우정원B105
9520,5562,121,우정원B110
9521,5562,160,우정원B110
9522,5563,125,우정원B110
9523,5563,166,우정원B110
9524,5564,57,우정원B109
9525,5564,194,우정원B109
9526,5565,63,우정원B109
9527,5565,201,우정원B109
9528,5566,100,우정원B109
9529,5566,138,우정원B109
9530,5567,112,우정원B105
9531,5567,149,우정원B105
9532,5568,118,우정원B111
9533,5568,157,우정원B111
9534,5569,125,우정원B112
9535,5569,166,우정원B112
9536,5570,69,멀602
9537,5570,208,멀602
9538,5571,57,멀704
9539,5571,194,멀704
9540,5572,15,멀609
9541,5573,32,멀612
9542,5574,118,멀602
9543,5574,157,멀602
9544,5575,46,멀826
9545,5575,184,멀826
9546,5576,54,멀513
9547,5576,191,멀513
9548,5577,15,멀312
9549,5578,54,멀704
9550,5578,191,멀704
9551,5579,112,멀704
9552,5579,149,멀704
9553,5580,118,멀411
9554,5580,157,멀411
9555,5581,118,멀312
9556,5581,157,멀312
9557,5582,121,멀302
9558,5582,160,멀302
9559,5583,109,멀312
9560,5583,146,멀312
9561,5585,342,멀411
9562,5586,109,멀302
9563,5586,146,멀302
9564,5587,54,멀826
9565,5587,191,멀826
9566,5588,118,멀302
9567,5588,157,멀302
9568,5589,3,멀B114
9569,5590,100,멀203
9570,5590,138,멀203
9571,5591,109,멀203
9572,5591,146,멀203
9573,5592,121,멀312
9574,5592,160,멀312
9575,5593,15,멀302
9576,5594,46,멀205
9577,5594,184,멀205
9578,5595,54,멀112
9579,5595,191,멀112
9580,5596,54,멀411
9581,5596,191,멀411
9582,5597,63,멀411
9583,5597,201,멀411
9584,5598,73,멀411
9585,5598,213,멀411
9586,5599,69,멀512
9587,5599,208,멀512
9588,5601,63,멀312
9589,5601,201,멀312
9590,5602,3,멀513
9591,5603,69,멀112
9592,5603,208,멀112
9593,5605,118,멀210
9594,5605,157,멀210
9595,5606,57,멀302
9596,5606,194,멀302
9597,5607,15,멀704
9598,5608,32,멀512
9599,5609,57,멀312
9600,5609,194,멀312
9601,5610,32,멀312
9602,5611,109,멀411
9603,5611,146,멀411
9604,5612,118,멀704
9605,5612,157,멀704
9606,5613,15,멀210
9607,5614,63,멀512
9608,5614,201,멀512
9609,5615,54,멀210
9610,5615,191,멀210
9611,5616,118,멀112
9612,5616,157,멀112
9613,5617,63,멀602
9614,5617,201,멀602
9615,5618,15,멀513
9616,5619,32,멀513
9617,5620,112,멀411
9618,5620,149,멀411
9619,5621,364,멀210
9620,5622,3,멀612
9621,5623,63,멀210
9622,5623,201,멀210
9623,5624,46,멀302
9624,5624,184,멀302
9625,5625,118,멀203
9626,5625,157,멀203
9627,5627,109,멀704
9628,5627,146,멀704
9629,5628,112,멀312
9630,5628,149,멀312
9631,5629,118,멀512
9632,5629,157,멀512
9633,5630,210,멀210
9634,5631,109,멀602
9635,5631,146,멀602
9636,5632,63,멀826
9637,5632,201,멀826
9638,5635,109,멀210
9639,5635,146,멀210
9640,5636,340,멀112
9641,5637,210,멀612
9642,5638,3,멀704
9643,5639,32,멀210
9644,5640,121,멀602
9645,5640,160,멀602
9646,5641,73,멀302
9647,5641,213,멀302
9648,5642,63,멀513
9649,5642,201,멀513
9650,5643,112,멀612
9651,5643,149,멀612
9652,5645,54,글507
9653,5645,191,글507
9654,5646,125,멀411
9655,5646,166,멀411
9656,5647,54,체204호
9657,5647,191,체204호
9658,5648,305,멀202
9659,5649,47,멀202
9660,5650,62,멀202
9661,5651,305,멀203
9662,5652,263,멀B114
9663,5653,15,멀203
9664,5654,349,멀202
9665,5655,15,멀208
9666,5656,63,멀302
9667,5656,201,멀302
9668,5657,3,멀210
9669,5658,46,멀210
9670,5658,184,멀210
9671,5659,112,멀210
9672,5659,149,멀210
9673,5660,15,멀612
9674,5661,121,멀204
9675,5661,160,멀204
9676,5662,54,멀312
9677,5662,191,멀312
9678,5664,54,멀206
9679,5664,191,멀206
9680,5665,101,멀826
9681,5666,184,멀612
9682,5666,191,멀612
9683,5667,54,멀203
9684,5667,191,멀203
9685,5668,292,멀B114
9686,5669,305,멀612
9687,5670,32,멀B114
9688,5671,54,멀207
9689,5671,191,멀207
9690,5672,57,멀207
9691,5672,194,멀207
9692,5673,3,멀207
9693,5674,69,멀206
9694,5674,208,멀206
9695,5675,109,멀206
9696,5675,146,멀206
9697,5676,118,멀206
9698,5676,157,멀206
9699,5677,100,외403
9700,5677,138,외403
9701,5678,118,멀208
9702,5678,157,멀208
9703,5679,54,멀208
9704,5679,191,멀208
9705,5680,63,멀207
9706,5680,201,멀207
9707,5681,121,외412
9708,5681,160,외412
9709,5682,100,외402
9710,5682,138,외402
9711,5683,54,멀608
9712,5683,191,멀608
9713,5684,63,멀608
9714,5684,201,멀608
9715,5685,3,멀411
9716,5687,3,멀112
9717,5688,69,멀513
9718,5688,208,멀513
9719,5690,340,멀210
9720,5693,32,멀602
9721,5695,57,멀702
9722,5695,194,멀702
9723,5696,63,멀702
9724,5696,201,멀702
9725,5697,81,공367호
9726,5698,338,예B139
9727,5699,312,예B122
9728,5700,312,예102
9729,5701,338,외401
9730,5702,262,우정원B105
9731,5703,296,멀201
9732,5704,272,멀208
9733,5705,190,멀705-1
9734,5706,309,멀705-1
9735,5707,344,멀410
9736,5708,350,멀410
9737,5709,355,멀410
9738,5710,303,멀610
9739,5711,319,멀204
9740,5712,270,멀201
9741,5713,355,멀202
9742,5714,357,멀208
9743,5715,53,멀609
9744,5717,118,글507
9745,5717,157,글507
9746,5720,3,멀512
9747,5722,198,체B101호
9748,5723,209,체B101호
9749,5724,147,체215-3호
9750,5725,289,글403
9751,5726,122,글403
9752,5727,235,글403
9753,5730,316,선승관 웨이트장
9754,5731,321,선승관 웨이트장
9755,5735,19,체B103호
9756,5736,30,체B103호
9757,5737,56,체B120호
9758,5738,258,1호관테니스장
9759,5739,56,1호관테니스장
9760,5740,147,글403
9761,5741,154,글403
9762,5742,192,글403
9763,5743,198,글403
9764,5744,15,멀826
9765,5745,32,멀826
9766,5746,70,체B120호
9767,5747,77,체B120호
9768,5748,122,체B120호
9769,5749,239,체215-1호
9770,5750,19,체215-1호
9771,5751,258,체B120호
9772,5752,3,멀826
9773,5753,118,멀205
9774,5754,173,공176호
9775,5755,359,공148호
9776,5756,274,공148호
9777,5757,78,공B102호
9778,5758,173,공B104호
9779,5759,243,공150호
9780,5760,262,공149호
9781,5761,78,공150호
9782,5762,280,공371호
9783,5763,78,전205
9784,5764,220,전227
9785,5765,173,B09
9786,5766,78,B09
9787,5767,173,전101
9788,5768,78,전219
9789,5769,78,공146호
9790,5770,131,전217
9791,5771,78,국경305
9792,5772,78,국경301
9793,5773,78,생424
9794,5774,78,생423
9795,5775,78,생422
9796,5776,220,멀112
9797,5777,173,외202
9798,5778,173,외308
9799,5779,173,외211
9800,5780,173,외404
9801,5781,173,외201
9802,5782,173,외402
9803,5783,173,외204
9804,5784,131,예306
9805,5785,173,예415
9806,5786,362,예502
9807,5787,78,예615
9808,5788,173,예704
9809,5789,78,예117
9810,5790,131,예B139
9811,5791,308,예116
9812,5792,220,체105호
9813,5793,173,체206호
9814,5794,220,체308호
9815,5795,78,체105호
9816,5796,173,체105호
9817,5797,121,멀210
9818,5797,160,멀210
9819,5799,314,멀210
9820,5801,74,멀204
9821,5802,167,멀302
9822,5803,74,멀101
9823,5804,74,멀202
9824,5805,74,멀410
9825,5806,167,멀205
9826,5807,46,멀103
9827,5807,184,멀103
9828,5808,109,멀207
9829,5808,146,멀207
9830,5809,54,멀103
9831,5809,191,멀103
9832,5810,112,멀207
9833,5810,149,멀207
9834,5811,63,멀704
9835,5811,201,멀704
9836,5812,69,멀608
9837,5812,208,멀608
9838,5813,69,멀704
9839,5813,208,멀704
9840,5814,73,멀608
9841,5814,213,멀608
9842,5816,30,멀112
967,571,118,공148호
968,571,157,공148호
969,572,54,공148호
970,572,191,공148호
971,573,57,공148호
972,573,194,공148호
973,574,54,공367호
974,574,191,공367호
9843,5818,349,멀103
9844,5819,292,멀826
975,575,69,공371호
976,575,208,공371호
977,576,69,공165호
978,576,208,공165호
979,577,121,공165호
980,577,160,공165호
981,578,121,공B104호
982,578,160,공B104호
983,579,125,공B104호
984,579,166,공B104호
985,580,54,공B104호
986,580,191,공B104호
987,581,54,공142-2호
988,581,191,공142-2호
989,582,4,전220
990,583,123,B05
991,584,103,전211-1
992,585,141,전211-1
993,586,187,B06
994,587,61,전205
995,587,198,전205
996,588,115,전205
997,588,154,전205
998,589,118,B07
999,589,157,B07
1000,590,67,B01
1001,590,205,B01
1002,591,115,B05
1003,591,154,B05
1004,592,50,전211-1
1005,592,188,전211-1
1006,593,109,B01
1007,593,146,B01
1008,594,121,글405
1009,594,160,글405
1010,595,187,우정원B140호
1011,596,9,전205
1012,597,70,B06
1013,597,209,B06
1014,598,16,B07
1015,599,16,B06
1016,600,109,공148호
1017,600,146,공148호
1018,601,63,B05
1019,601,201,B05
1020,602,16,B05
1021,603,227,B01
1022,604,133,B06
1023,605,133,B07
1024,606,175,B05
1025,607,16,B01
1026,608,33,전136
1027,609,33,전136
1028,610,1,전136
1029,611,69,공367호
1030,611,208,공367호
1031,612,122,B07
1032,612,161,B07
1033,613,230,B01
1034,614,109,B06
1035,614,146,B06
9845,5820,21,멀103
9846,5820,62,멀103
9847,5820,116,멀103
9848,5820,155,멀103
9849,5820,199,멀103
9850,5821,21,전101
9851,5821,62,전101
9852,5821,116,전101
9853,5821,155,전101
9854,5821,199,전101
9855,5822,21,멀107
9856,5822,62,멀107
9857,5822,116,멀107
9858,5822,155,멀107
9859,5822,199,멀107
9860,5823,3,전101
9861,5823,47,전101
9862,5823,101,전101
9863,5823,139,전101
9864,5823,185,전101
9865,5824,3,전102
9866,5824,47,전102
9867,5824,101,전102
9868,5824,139,전102
9869,5824,185,전102
9870,5825,3,멀208
9871,5825,47,멀208
9872,5825,101,멀208
9873,5825,139,멀208
9874,5825,185,멀208
9875,5826,3,멀312
9876,5826,47,멀312
9877,5826,101,멀312
9878,5826,139,멀312
9879,5826,185,멀312
9880,5827,21,멀602
9881,5827,62,멀602
9882,5827,116,멀602
9883,5827,155,멀602
9884,5827,199,멀602
9885,5828,3,멀603
9886,5828,13,멀403
9887,5828,47,멀603
9888,5828,56,멀403
9889,5828,101,멀603
9890,5828,289,멀403
9891,5828,139,멀603
9892,5828,321,멀403
9893,5828,185,멀603
9894,5828,193,멀403
9895,5829,19,멀603
9896,5829,30,멀404
9897,5829,61,멀603
9898,5829,70,멀404
9899,5829,115,멀603
9900,5829,122,멀404
9901,5829,154,멀603
9902,5829,161,멀404
9903,5829,198,멀603
9904,5829,209,멀404
9905,5830,3,국경310
9906,5830,47,국경310
9907,5830,101,국경310
9908,5830,139,국경310
9909,5830,185,국경310
1036,615,21,B01
1037,615,62,B01
1038,615,116,B01
1039,615,155,B01
1040,615,199,B01
9910,5831,21,멀204
9911,5831,62,멀204
9912,5831,116,멀204
9913,5831,155,멀204
9914,5831,199,멀204
9915,5832,21,멀205
9916,5832,62,멀205
9917,5832,116,멀205
9918,5832,155,멀205
9919,5832,199,멀205
9920,5833,3,멀204
9921,5833,47,멀204
9922,5833,101,멀204
9923,5833,139,멀204
9924,5833,185,멀204
9925,5834,3,멀205
9926,5834,47,멀205
9927,5834,101,멀205
9928,5834,139,멀205
9929,5834,185,멀205
9930,5835,3,멀206
9931,5835,47,멀206
9932,5835,101,멀206
9933,5835,139,멀206
9934,5835,185,멀206
9935,5836,3,멀207
9936,5836,47,멀207
9937,5836,101,멀207
9938,5836,139,멀207
9939,5836,185,멀207
9940,5837,3,멀302
9941,5837,47,멀302
9942,5837,101,멀302
9943,5837,139,멀302
9944,5837,185,멀302
9945,5838,21,멀304
9946,5838,62,멀304
9947,5838,116,멀304
9948,5838,155,멀304
9949,5838,199,멀304
9950,5839,21,멀407
9951,5839,62,멀407
9952,5839,116,멀407
9953,5839,155,멀407
9954,5839,199,멀407
9955,5841,3,멀407
9956,5841,47,멀407
9957,5841,101,멀407
9958,5841,139,멀407
9959,5841,185,멀407
9960,5842,3,멀408
9961,5842,47,멀408
9962,5842,101,멀408
9963,5842,139,멀408
9964,5842,185,멀408
9965,5843,21,멀409
9966,5843,62,멀409
9967,5843,116,멀409
9968,5843,155,멀409
9969,5843,199,멀409
9970,5844,3,멀512
9971,5844,47,멀512
9972,5844,101,멀512
9973,5844,139,멀512
9974,5844,185,멀512
9975,5845,21,멀408
9976,5845,62,멀408
9977,5845,116,멀408
9978,5845,155,멀408
9979,5845,199,멀408
9980,5846,3,멀608
9981,5846,47,멀608
9982,5846,101,멀608
9983,5846,139,멀608
9984,5846,185,멀608
9985,5847,3,멀304
9986,5847,47,멀304
9987,5847,101,멀304
9988,5847,139,멀304
9989,5847,185,멀304
9990,5848,21,멀302
9991,5848,62,멀302
9992,5848,116,멀302
9993,5848,155,멀302
9994,5848,199,멀302
9995,5849,3,멀103
9996,5849,47,멀103
9997,5849,101,멀103
9998,5849,139,멀103
9999,5849,185,멀103
10000,5850,3,멀107
10001,5850,47,멀107
10002,5850,101,멀107
10003,5850,139,멀107
10004,5850,185,멀107
10005,5851,21,멀206
10006,5851,62,멀206
10007,5851,116,멀206
10008,5851,155,멀206
10009,5851,199,멀206
10010,5852,21,멀207
10011,5852,62,멀207
10012,5852,116,멀207
10013,5852,155,멀207
10014,5852,199,멀207
10015,5856,3,멀612
10016,5856,47,멀612
10017,5856,101,멀612
10018,5856,139,멀612
10019,5856,185,멀612
10020,5857,21,멀612
10021,5857,62,멀612
10022,5857,116,멀612
10023,5857,155,멀612
10024,5857,199,멀612
10025,5859,21,멀203
10026,5859,62,멀203
10027,5859,116,멀203
10028,5859,155,멀203
10029,5859,199,멀203
10030,5860,21,멀109
10031,5860,62,멀109
10032,5860,116,멀109
10033,5860,155,멀109
10034,5860,199,멀109
10035,5861,3,멀B114
10036,5861,47,멀B114
10037,5861,101,멀B114
10038,5861,139,멀B114
10039,5861,185,멀B114
10040,5865,21,멀312
10041,5865,62,멀312
10042,5865,116,멀312
10043,5865,155,멀312
10044,5865,199,멀312
1041,616,21,B06
1042,616,62,B06
1043,616,116,B06
1044,616,155,B06
1045,616,199,B06
10045,5870,3,전101
10046,5870,47,전101
10047,5870,101,전101
10048,5870,139,전101
10049,5870,185,전101
10050,5871,3,전102
10051,5871,47,전102
10052,5871,101,전102
10053,5871,139,전102
10054,5871,185,전102
10055,5872,3,멀304
10056,5872,47,멀304
10057,5872,101,멀304
10058,5872,139,멀304
10059,5872,185,멀304
10060,5873,21,전101
10061,5873,62,전101
10062,5873,116,전101
10063,5873,155,전101
10064,5873,199,전101
10065,5874,21,멀107
10066,5874,62,멀107
10067,5874,116,멀107
10068,5874,155,멀107
10069,5874,199,멀107
10070,5875,21,멀304
10071,5875,62,멀304
10072,5875,116,멀304
10073,5875,155,멀304
10074,5875,199,멀304
10075,5876,21,멀407
10076,5876,62,멀407
10077,5876,116,멀407
10078,5876,155,멀407
10079,5876,199,멀407
10080,5877,235,멀407
10081,5877,13,멀404
10082,5877,258,멀407
10083,5877,56,멀404
10084,5877,285,멀407
10085,5877,289,멀404
10086,5877,316,멀407
10087,5877,321,멀404
10088,5877,343,멀407
10089,5877,193,멀404
10090,5878,3,국경310
10091,5878,47,국경310
10092,5878,101,국경310
10093,5878,139,국경310
10094,5878,185,국경310
10095,5879,21,국경310
10096,5879,62,국경310
10097,5879,116,국경310
10098,5879,155,국경310
10099,5879,199,국경310
1046,617,21,B05
1047,617,62,B05
1048,617,116,B05
1049,617,155,B05
1050,617,199,B05
10100,5880,3,멀410
10101,5880,47,멀410
10102,5880,101,멀410
10103,5880,139,멀410
10104,5880,185,멀410
10105,5881,3,멀205
10106,5881,47,멀205
10107,5881,101,멀205
10108,5881,139,멀205
10109,5881,185,멀205
10110,5882,3,멀206
10111,5882,47,멀206
10112,5882,101,멀206
10113,5882,139,멀206
10114,5882,185,멀206
10115,5883,3,멀208
10116,5883,47,멀208
10117,5883,101,멀208
10118,5883,139,멀208
10119,5883,185,멀208
10120,5884,21,멀207
10121,5884,62,멀207
10122,5884,116,멀207
10123,5884,155,멀207
10124,5884,199,멀207
10125,5885,21,멀703
10126,5885,62,멀703
10127,5885,116,멀703
10128,5885,155,멀703
10129,5885,199,멀703
10130,5886,3,멀703
10131,5886,47,멀703
10132,5886,101,멀703
10133,5886,139,멀703
10134,5886,185,멀703
10135,5887,21,멀608
10136,5887,62,멀608
10137,5887,116,멀608
10138,5887,155,멀608
10139,5887,199,멀608
10140,5889,3,멀608
10141,5889,47,멀608
10142,5889,101,멀608
10143,5889,139,멀608
10144,5889,185,멀608
10145,5890,3,멀604
10146,5890,47,멀604
10147,5890,101,멀604
10148,5890,139,멀604
10149,5890,185,멀604
10150,5891,21,멀204
10151,5891,62,멀204
10152,5891,116,멀204
10153,5891,155,멀204
10154,5891,199,멀204
10155,5892,3,멀609
10156,5892,47,멀609
10157,5892,101,멀609
10158,5892,139,멀609
10159,5892,185,멀609
10160,5893,21,멀609
10161,5893,62,멀609
10162,5893,116,멀609
10163,5893,155,멀609
10164,5893,199,멀609
10165,5894,21,멀410
10166,5894,62,멀410
10167,5894,116,멀410
10168,5894,155,멀410
10169,5894,199,멀410
10170,5895,21,멀705-1
10171,5895,62,멀705-1
10172,5895,116,멀705-1
10173,5895,155,멀705-1
10174,5895,199,멀705-1
10175,5896,3,멀103
10176,5896,47,멀103
10177,5896,101,멀103
10178,5896,139,멀103
10179,5896,185,멀103
10180,5897,3,멀602
10181,5897,47,멀602
10182,5897,101,멀602
10183,5897,139,멀602
10184,5897,185,멀602
10185,5898,3,멀402
10186,5898,47,멀402
10187,5898,101,멀402
10188,5898,139,멀402
10189,5898,185,멀402
10190,5899,21,멀206
10191,5899,62,멀206
10192,5899,116,멀206
10193,5899,155,멀206
10194,5899,199,멀206
10195,5900,21,멀208
10196,5900,62,멀208
10197,5900,116,멀208
10198,5900,155,멀208
10199,5900,199,멀208
10200,5903,21,멀409
10201,5903,62,멀409
10202,5903,116,멀409
10203,5903,155,멀409
10204,5903,199,멀409
1051,618,3,B06
1052,618,47,B06
1053,618,101,B06
1054,618,139,B06
1055,618,185,B06
1056,619,21,B06
1057,619,62,B06
1058,619,116,B06
1059,619,155,B06
1060,619,199,B06
1061,620,100,B01
1062,620,138,B01
1063,621,57,전102
1064,621,194,전102
1065,622,46,멀304
1066,622,184,멀304
10205,5913,57,전101
10206,5913,194,전101
10207,5914,63,전101
10208,5914,201,전101
10209,5915,100,멀304
10210,5915,138,멀304
10211,5916,109,멀304
10212,5916,146,멀304
10213,5917,109,전102
10214,5917,146,전102
10215,5918,112,멀107
10216,5918,149,멀107
10217,5919,112,전223
10218,5919,149,전223
10219,5920,118,전223
10220,5920,157,전223
10221,5921,118,멀107
10222,5921,157,멀107
10223,5922,121,멀107
10224,5922,160,멀107
10225,5923,57,멀107
10226,5923,194,멀107
10227,5924,63,멀107
10228,5924,201,멀107
1067,623,69,전218
1068,623,208,전218
1069,624,46,멀107
1070,624,184,멀107
10229,5925,54,멀107
10230,5925,191,멀107
10231,5926,46,국경311
10232,5926,184,국경311
10233,5927,54,전221
10234,5927,191,전221
10235,5928,46,전101
10236,5928,184,전101
10237,5929,54,전101
10238,5929,191,전101
10239,5930,46,전223
10240,5930,184,전223
10241,5931,54,전223
10242,5931,191,전223
10243,5932,69,멀304
10244,5932,208,멀304
10245,5933,73,멀304
10246,5933,213,멀304
10247,5934,69,전102
10248,5934,208,전102
10249,5935,73,전102
10250,5935,213,전102
10251,5936,69,멀107
10252,5936,208,멀107
10253,5937,69,전101
10254,5937,208,전101
10255,5938,73,전101
10256,5938,213,전101
10257,5939,100,멀107
10258,5939,138,멀107
10259,5940,109,전223
10260,5940,146,전223
10261,5941,109,멀107
10262,5941,146,멀107
10263,5942,109,전218
10264,5942,146,전218
10265,5943,109,전101
10266,5943,146,전101
10267,5944,118,전101
10268,5944,157,전101
10269,5945,121,전221
10270,5945,160,전221
10271,5946,125,전221
10272,5946,166,전221
10273,5947,3,전102
10274,5948,25,전102
10275,5949,3,전101
10276,5950,118,전221
10277,5950,157,전221
10278,5951,57,전223
10279,5951,194,전223
10280,5952,121,전223
10281,5952,160,전223
10282,5953,57,전539
10283,5953,194,전539
10284,5954,63,전539
10285,5954,201,전539
10286,5955,234,멀311
10287,5955,184,멀311
10288,5956,238,멀311
10289,5956,191,멀311
10290,5957,55,멀311
10291,5957,192,멀309
10292,5958,55,멀311
10293,5958,192,멀310
10294,5959,110,멀311
10295,5959,147,멀309
10296,5960,110,멀311
10297,5960,147,멀310
10298,5961,61,멀311
10299,5961,198,멀309
10300,5962,61,멀311
10301,5962,198,멀310
10302,5963,115,멀311
10303,5963,154,멀309
10304,5964,307,멀311
10305,5964,333,멀309
10306,5965,307,멀311
10307,5965,333,멀310
10308,5966,115,멀311
10309,5966,154,멀310
10310,5967,261,멀304
10311,5968,112,국경311
10312,5968,149,국경311
10313,5969,3,국경311
10314,5970,25,국경311
10315,5971,100,국경311
10316,5971,138,국경311
10317,5972,121,국경311
10318,5972,160,국경311
10319,5973,46,공142-1호
10320,5973,184,공142-1호
10321,5974,100,멀311
10322,5974,138,멀311
10323,5975,69,멀311
10324,5975,208,멀311
10325,5976,73,멀311
10326,5976,213,멀311
10327,5977,100,공149호
10328,5977,138,공149호
10329,5978,109,공B102호
10330,5978,146,공B102호
10331,5979,118,멀304
10332,5979,157,멀304
10333,5980,57,전221
10334,5980,194,전221
10335,5981,73,전218
10336,5981,213,전218
10337,5982,46,전103
10338,5982,184,전103
10339,5983,46,멀408
10340,5983,184,멀408
10341,5984,69,멀408
10342,5984,208,멀408
10343,5985,73,멀408
10344,5985,213,멀408
10345,5986,118,멀408
10346,5986,157,멀408
10347,5987,121,멀408
10348,5987,160,멀408
10349,5988,125,멀408
10350,5988,166,멀408
10351,5989,112,멀408
10352,5989,149,멀408
10353,5990,54,공142-1호
10354,5990,191,공142-1호
10355,5991,258,멀403
10356,5991,343,멀407
10357,5992,258,멀404
10358,5992,343,멀407
10359,5993,67,멀407
10360,5993,205,멀403
10361,5994,67,멀407
10362,5994,205,멀404
10363,5995,67,멀405
10364,5995,205,멀407
10365,5996,67,멀406
10366,5996,205,멀407
10367,5997,56,멀405
10368,5997,193,멀304
10369,5998,56,멀406
10370,5998,193,멀304
10371,5999,56,멀407
10372,5999,193,멀403
10373,6000,56,멀407
10374,6000,193,멀404
10375,6001,56,멀403
10376,6001,193,멀407
10377,6002,56,멀404
10378,6002,193,멀407
10379,6003,289,멀407
10380,6003,321,멀403
10381,6004,289,멀407
10382,6004,321,멀404
10383,6005,299,멀407
10384,6005,327,멀405
10385,6006,299,멀407
10386,6006,327,멀406
10387,6007,285,멀405
10388,6007,316,멀407
10389,6008,285,멀406
10390,6008,316,멀407
10391,6009,289,멀405
10392,6009,321,멀407
10393,6010,289,멀406
10394,6010,321,멀407
10395,6011,299,멀403
10396,6011,327,멀407
10397,6012,299,멀404
10398,6012,327,멀407
10399,6013,54,멀408
10400,6013,191,멀408
10401,6014,57,멀408
10402,6014,194,멀408
10403,6015,63,멀408
10404,6015,201,멀408
10405,6016,118,생422
10406,6016,157,생422
10407,6017,46,국경305
10408,6017,184,국경305
10409,6018,100,국경301
10410,6018,138,국경301
10411,6019,118,시청각실(생대)
10412,6019,157,시청각실(생대)
10413,6020,109,국경301
10414,6020,146,국경301
10415,6021,54,국경301
10416,6021,191,국경301
10417,6022,100,국경108
10418,6022,138,국경108
10419,6023,109,국경108
10420,6023,146,국경108
10421,6024,73,국경301
10422,6024,213,국경301
1071,627,72,전205
1072,627,212,전205
1073,628,115,B09
1074,628,154,B09
1075,630,3,
1076,631,111,B09
1077,631,148,B09
1078,632,46,전136
1079,632,184,전136
1080,633,112,전227
1081,633,149,전227
1082,634,125,B09
1083,634,166,B09
1084,635,121,전103
1085,635,160,전103
1086,636,30,전211-1
1087,636,209,전211-1
1088,637,13,전211-1
1089,637,193,전211-1
1090,638,115,전136
1091,638,154,전136
1092,639,25,전103
1093,640,63,B09
1094,640,201,B09
1095,641,118,전103
1096,641,157,전103
1097,642,125,전102
1098,642,166,전102
1099,643,73,전103
1100,643,213,전103
1101,644,3,전136
1102,645,73,전136
1103,645,213,전136
1104,646,61,전211-1
1105,646,198,전211-1
1106,647,115,전211-1
1107,647,154,전211-1
1108,648,121,전211-1
1109,648,160,전211-1
1110,649,121,전102
1111,649,160,전102
1112,650,109,B05
1113,650,146,B05
1114,651,69,B06
1115,651,208,B06
1116,652,69,전103
1117,652,208,전103
1118,653,47,B01
1119,654,109,전211-1
1120,654,146,전211-1
1121,655,105,글405
1122,656,3,전220
1123,657,45,
1124,658,39,전226
1125,659,134,B09
1126,659,177,B09
1127,660,134,
1128,660,177,
1129,661,134,
1130,661,177,
1131,662,134,
1132,662,177,
1133,663,134,
1134,663,177,
1135,664,134,
1136,664,177,
1137,665,134,
1138,665,177,
1139,666,134,
1140,666,177,
1141,667,134,
1142,667,177,
1143,668,134,
1144,668,177,
1145,669,134,
1146,669,177,
1147,670,134,
1148,670,177,
1149,671,134,
1150,671,177,
1151,672,134,
1152,672,177,
1153,673,134,
1154,673,177,
1155,674,134,
1156,674,177,
1157,675,134,
1158,675,177,
1159,676,134,
1160,676,177,
1161,677,134,
1162,677,177,
1163,678,134,
1164,678,177,
1165,679,134,
1166,679,177,
1167,680,134,
1168,680,177,
1169,681,134,
1170,681,177,
1171,682,134,
1172,682,177,
1173,683,134,
1174,683,177,
1175,684,134,
1176,684,177,
1177,685,134,
1178,685,177,
1179,686,69,B07
1180,686,208,B07
1181,687,63,B01
1182,687,201,B01
1183,688,109,B01
1184,688,146,B01
1185,689,9,전205
1186,690,73,B06
1187,690,213,B06
1188,691,25,B06
1189,692,163,B06
1190,693,76,
1191,693,216,
1192,694,40,
1193,695,40,
1194,696,225,B09
10423,6025,158,멀402
10424,6026,333,멀402
10425,6027,203,멀402
10426,6028,289,멀402
10427,6029,273,멀402
10428,6030,56,멀402
10429,6031,65,멀402
10430,6038,119,멀402
10431,6039,307,멀402
10432,6040,321,멀402
10433,6041,247,멀201
10434,6042,253,멀201
10435,6043,235,멀402
10436,6044,13,멀402
10437,6047,343,멀402
10438,6048,193,멀402
10439,6049,65,멀201
10440,6050,273,멀201
1195,697,54,B06
1196,697,191,B06
1197,698,100,전226
1198,698,138,전226
1199,699,109,전226
1200,699,146,전226
1201,700,125,
1202,700,166,
1203,701,54,전220
1204,701,191,전220
1205,702,54,전445
1206,702,191,전445
1207,703,109,전445
1208,703,146,전445
1209,704,109,전539
1210,704,146,전539
1211,705,69,전220
1212,705,208,전220
1213,706,69,전445
1214,706,208,전445
1215,707,69,전227
1216,707,208,전227
1217,708,121,전220
1218,708,160,전220
1219,709,121,전226
1220,709,160,전226
1221,710,121,전445
1222,710,160,전445
1223,711,12,외307(전산실)
10441,6051,110,멀305
10442,6051,167,멀311
10443,6052,293,멀305
10444,6052,167,멀311
10445,6053,69,멀207
10446,6053,208,멀207
10447,6054,69,멀302
10448,6054,208,멀302
10449,6055,100,멀302
10450,6055,138,멀302
10451,6056,109,멀302
10452,6056,146,멀302
10453,6057,109,멀513
10454,6057,146,멀513
10455,6058,112,멀513
10456,6058,149,멀513
10457,6059,125,멀302
10458,6059,166,멀302
10459,6060,125,멀207
10460,6060,166,멀207
10461,6061,15,멀602
10462,6062,15,멀302
10463,6063,32,멀302
10464,6066,3,멀301
10465,6067,15,멀409
10466,6068,15,멀407
10467,6069,15,멀301
10468,6070,15,멀609
10469,6071,32,멀409
10470,6072,46,멀301
10471,6072,184,멀301
10472,6073,46,멀409
10473,6073,184,멀409
10474,6074,46,멀410
10475,6074,184,멀410
10476,6075,46,멀609
10477,6075,184,멀609
10478,6076,54,멀301
10479,6076,191,멀301
10480,6077,54,멀410
10481,6077,191,멀410
10482,6078,54,멀609
10483,6078,191,멀609
10484,6079,54,멀409
10485,6079,191,멀409
10486,6080,54,멀611
10487,6080,191,멀611
10488,6081,57,멀410
10489,6081,194,멀410
10490,6082,57,멀301
10491,6082,194,멀301
10492,6083,57,멀609
10493,6083,194,멀609
10494,6084,57,멀409
10495,6084,194,멀409
10496,6085,63,멀410
10497,6085,201,멀410
10498,6086,63,멀301
10499,6086,201,멀301
10500,6087,63,멀409
10501,6087,201,멀409
10502,6088,63,멀609
10503,6088,201,멀609
10504,6089,69,멀301
10505,6089,208,멀301
10506,6090,69,멀409
10507,6090,208,멀409
10508,6091,69,멀410
10509,6091,208,멀410
10510,6092,69,멀609
10511,6092,208,멀609
10512,6093,73,멀301
10513,6093,213,멀301
10514,6094,73,멀410
10515,6094,213,멀410
10516,6095,73,멀409
10517,6095,213,멀409
10518,6096,100,멀301
10519,6096,138,멀301
10520,6097,100,멀409
10521,6097,138,멀409
10522,6098,100,멀410
10523,6098,138,멀410
10524,6099,100,멀609
10525,6099,138,멀609
10526,6100,109,멀301
10527,6100,146,멀301
10528,6101,109,멀409
10529,6101,146,멀409
10530,6102,109,멀410
10531,6102,146,멀410
10532,6103,109,멀609
10533,6103,146,멀609
10534,6104,112,멀301
10535,6104,149,멀301
10536,6105,112,멀409
10537,6105,149,멀409
10538,6106,112,멀410
10539,6106,149,멀410
10540,6107,112,멀609
10541,6107,149,멀609
10542,6108,118,멀409
10543,6108,157,멀409
10544,6109,118,멀410
10545,6109,157,멀410
10546,6110,118,멀301
10547,6110,157,멀301
10548,6111,118,멀609
10549,6111,157,멀609
10550,6112,121,멀301
10551,6112,160,멀301
10552,6113,121,멀409
10553,6113,160,멀409
10554,6114,121,멀609
10555,6114,160,멀609
10556,6115,125,멀301
10557,6115,166,멀301
10558,6116,125,멀409
10559,6116,166,멀409
10560,6117,73,멀803
10561,6117,213,멀803
10562,6118,3,멀609
10563,6119,47,멀701
10564,6120,47,멀604
10565,6121,47,멀610
10566,6122,263,멀603
10567,6123,263,멀604
10568,6124,263,멀611
10569,6125,263,멀610
10570,6126,271,멀611
10571,6127,271,멀604
10572,6128,271,멀610
10573,6129,271,멀603
10574,6130,139,멀603
10575,6131,139,멀604
10576,6132,139,멀610
10577,6133,139,멀611
10578,6134,323,멀603
10579,6135,323,멀604
10580,6136,323,멀610
10581,6137,323,멀611
10582,6138,163,멀603
10583,6139,163,멀610
10584,6140,163,멀604
10585,6141,163,멀611
10586,6142,185,멀603
10587,6143,185,멀604
10588,6144,185,멀610
10589,6145,349,멀603
10590,6146,349,멀604
10591,6147,349,멀610
10592,6148,349,멀611
10593,6149,210,멀610
10594,6150,210,멀603
10595,6151,210,멀604
10596,6152,210,멀611
10597,6153,101,멀603
10598,6154,101,멀604
10599,6155,101,멀610
10600,6156,101,멀611
10601,6157,292,멀610
10602,6158,292,멀603
10603,6159,292,멀604
10604,6160,292,멀611
10605,6161,305,멀610
10606,6162,305,멀611
10607,6163,305,멀604
10608,6164,3,멀603
10609,6165,3,멀604
10610,6166,15,멀610
10611,6167,32,멀610
10612,6168,46,멀205
10613,6168,184,멀205
10614,6169,46,멀206
10615,6169,184,멀206
10616,6170,54,멀205
10617,6170,191,멀205
10618,6171,54,멀206
10619,6171,191,멀206
10620,6172,54,멀208
10621,6172,191,멀208
10622,6173,57,멀208
10623,6173,194,멀208
10624,6174,57,멀206
10625,6174,194,멀206
10626,6175,63,멀208
10627,6175,201,멀208
10628,6176,63,멀204
10629,6176,201,멀204
10630,6177,69,멀204
10631,6177,208,멀204
10632,6178,100,멀206
10633,6178,138,멀206
10634,6179,109,멀204
10635,6179,146,멀204
10636,6180,109,멀205
10637,6180,146,멀205
10638,6181,109,멀103
10639,6181,146,멀103
10640,6182,109,멀206
10641,6182,146,멀206
10642,6183,112,멀208
10643,6183,149,멀208
10644,6184,112,멀205
10645,6184,149,멀205
10646,6185,112,멀204
10647,6185,149,멀204
10648,6186,112,멀206
10649,6186,149,멀206
10650,6187,118,멀208
10651,6187,157,멀208
10652,6188,118,멀204
10653,6188,157,멀204
10654,6189,118,멀206
10655,6189,157,멀206
10656,6190,121,멀208
10657,6190,160,멀208
10658,6191,121,멀204
10659,6191,160,멀204
10660,6192,121,멀410
10661,6192,160,멀410
10662,6193,121,멀206
10663,6193,160,멀206
10664,6194,125,멀204
10665,6194,166,멀204
10666,6195,125,멀410
10667,6195,166,멀410
10668,6196,125,멀206
10669,6196,166,멀206
10670,6197,3,멀204
10671,6198,3,멀205
10672,6199,15,멀206
10673,6200,15,멀204
10674,6201,15,멀205
10675,6202,32,멀206
10676,6203,118,멀205
10677,6203,157,멀205
10678,6204,69,멀803
10679,6204,208,멀803
10680,6205,100,멀204
10681,6205,138,멀204
10682,6206,46,멀208
10683,6206,184,멀208
10684,6207,100,멀101
10685,6207,138,멀101
10686,6208,46,멀204
10687,6208,184,멀204
10688,6209,57,멀205
10689,6209,194,멀205
10690,6210,63,멀205
10691,6210,201,멀205
10692,6211,63,멀206
10693,6211,201,멀206
10694,6212,69,멀206
10695,6212,208,멀206
10696,6213,73,멀206
10697,6213,213,멀206
10698,6214,3,멀206
10699,6215,32,멀205
10700,6216,69,멀815
10701,6216,208,멀815
10702,6217,121,멀803
10703,6217,160,멀803
10704,6218,32,멀204
10705,6219,57,멀702
10706,6219,194,멀702
10707,6220,46,멀705-1
10708,6220,184,멀705-1
10709,6221,54,멀702
10710,6221,191,멀702
10711,6222,54,멀705-1
10712,6222,191,멀705-1
10713,6223,57,멀607
10714,6223,194,멀607
10715,6224,57,멀705-1
10716,6224,194,멀705-1
10717,6225,63,멀705-1
10718,6225,201,멀705-1
10719,6226,63,멀607
10720,6226,201,멀607
10721,6227,69,멀607
10722,6227,208,멀607
10723,6228,69,멀705-1
10724,6228,208,멀705-1
10725,6229,73,멀607
10726,6229,213,멀607
10727,6230,73,멀705-1
10728,6230,213,멀705-1
10729,6231,100,멀705-1
10730,6231,138,멀705-1
10731,6232,100,멀607
10732,6232,138,멀607
10733,6233,109,멀607
10734,6233,146,멀607
10735,6234,109,멀705-1
10736,6234,146,멀705-1
10737,6235,112,멀607
10738,6235,149,멀607
10739,6236,112,멀705-1
10740,6236,149,멀705-1
10741,6237,118,멀607
10742,6237,157,멀607
10743,6238,118,멀705-1
10744,6238,157,멀705-1
10745,6239,121,멀607
10746,6239,160,멀607
10747,6240,121,멀705-1
10748,6240,160,멀705-1
10749,6241,125,멀705-1
10750,6241,166,멀705-1
10751,6242,125,멀607
10752,6242,166,멀607
10753,6243,3,멀705-1
10754,6244,15,멀705-1
10755,6245,277,멀705-1
10756,6246,314,멀607
10757,6247,46,우정원B112
10758,6247,184,우정원B112
10759,6248,54,우정원B112
10760,6248,191,우정원B112
10761,6249,54,멀101
10762,6249,191,멀101
10763,6250,57,우정원B112
10764,6250,194,우정원B112
10765,6251,57,멀101
10766,6251,194,멀101
10767,6252,57,우정원B113
10768,6252,194,우정원B113
10769,6253,63,우정원B112
10770,6253,201,우정원B112
10771,6254,63,우정원B113
10772,6254,201,우정원B113
10773,6255,100,우정원B109
10774,6255,138,우정원B109
10775,6256,100,우정원B112
10776,6256,138,우정원B112
10777,6257,100,멀201
10778,6257,138,멀201
10779,6258,109,우정원B109
10780,6258,146,우정원B109
10781,6259,109,우정원B113
10782,6259,146,우정원B113
10783,6260,109,우정원B112
10784,6260,146,우정원B112
10785,6261,112,멀101
10786,6261,149,멀101
10787,6262,112,우정원B113
10788,6262,149,우정원B113
10789,6263,112,우정원B112
10790,6263,149,우정원B112
10791,6264,118,멀101
10792,6264,157,멀101
10793,6265,118,우정원B112
10794,6265,157,우정원B112
10795,6266,118,멀201
10796,6266,157,멀201
10797,6267,121,멀109
10798,6267,160,멀109
10799,6268,121,우정원B112
10800,6268,160,우정원B112
10801,6269,125,우정원B113
10802,6269,166,우정원B113
10803,6270,3,멀109
10804,6271,15,멀101
10805,6272,15,멀109
10806,6273,32,멀101
10807,6274,121,멀101
10808,6274,160,멀101
10809,6275,54,우정원B113
10810,6275,191,우정원B113
10811,6276,112,멀109
10812,6276,149,멀109
10813,6277,109,멀101
10814,6277,146,멀101
10815,6278,63,멀109
10816,6278,201,멀109
10817,6279,69,멀109
10818,6279,208,멀109
10819,6280,100,우정원B113
10820,6280,138,우정원B113
10821,6281,15,우정원B112
10822,6282,46,우정원B109
10823,6282,184,우정원B109
10824,6283,54,우정원B109
10825,6283,191,우정원B109
10826,6284,54,멀204
10827,6284,191,멀204
10828,6285,118,멀109
10829,6285,157,멀109
10830,6286,109,멀201
10831,6286,146,멀201
10832,6287,109,멀411
10833,6287,146,멀411
10834,6288,32,멀612
10835,6289,63,멀513
10836,6289,201,멀513
10837,6290,109,멀704
10838,6290,146,멀704
10839,6291,121,멀207
10840,6291,160,멀207
10841,6292,54,멀513
10842,6292,191,멀513
10843,6293,139,멀208
10844,6294,32,멀208
10845,6295,54,멀704
10846,6295,191,멀704
10847,6296,109,멀608
10848,6296,146,멀608
10849,6297,69,멀208
10850,6297,208,멀208
10851,6298,3,멀608
10852,6299,297,멀612
10853,6300,109,멀826
10854,6300,146,멀826
10855,6301,54,멀612
10856,6301,191,멀612
10857,6302,112,멀612
10858,6302,149,멀612
10859,6303,63,멀612
10860,6303,201,멀612
10861,6304,118,멀112
10862,6304,157,멀112
10863,6305,109,멀312
10864,6305,146,멀312
10865,6307,121,멀302
10866,6307,160,멀302
10867,6308,54,멀210
10868,6308,191,멀210
10869,6309,118,멀608
10870,6309,157,멀608
10871,6310,3,멀312
10872,6311,100,멀411
10873,6311,138,멀411
10874,6312,100,멀203
10875,6312,138,멀203
10876,6313,109,멀203
10877,6313,146,멀203
10878,6314,121,멀B114
10879,6314,160,멀B114
10880,6315,15,멀513
10881,6316,54,멀112
10882,6316,191,멀112
10883,6317,54,멀411
10884,6317,191,멀411
10885,6318,63,멀411
10886,6318,201,멀411
10887,6319,69,멀612
10888,6319,208,멀612
10889,6320,118,멀411
10890,6320,157,멀411
10891,6321,69,멀312
10892,6321,208,멀312
10893,6322,73,멀210
10894,6322,213,멀210
10895,6325,69,멀210
10896,6325,208,멀210
10897,6327,118,멀826
10898,6327,157,멀826
10899,6328,57,멀704
10900,6328,194,멀704
10901,6329,112,멀210
10902,6329,149,멀210
10903,6330,15,멀411
10904,6331,15,멀B114
10905,6332,32,멀411
10906,6333,3,멀513
10907,6334,54,멀512
10908,6334,191,멀512
10909,6335,323,멀602
10910,6336,109,멀B114
10911,6336,146,멀B114
10912,6337,118,멀513
10913,6337,157,멀513
10914,6338,15,멀210
10915,6339,63,멀312
10916,6339,201,멀312
10917,6340,54,멀826
10918,6340,191,멀826
10919,6341,118,멀210
10920,6341,157,멀210
10921,6342,15,멀312
10922,6343,112,멀826
10923,6343,149,멀826
10924,6344,271,멀112
10925,6345,210,멀112
10926,6346,3,멀512
10927,6348,69,멀513
10928,6348,208,멀513
10929,6349,63,멀210
10930,6349,201,멀210
10931,6350,15,멀826
10932,6351,46,멀612
10933,6351,184,멀612
10934,6352,349,멀B114
10935,6353,118,멀203
10936,6353,157,멀203
10937,6355,121,멀411
10938,6355,160,멀411
10939,6356,109,멀612
10940,6356,146,멀612
10941,6357,112,멀512
10942,6357,149,멀512
10943,6358,32,멀312
10944,6359,109,멀112
10945,6359,146,멀112
10946,6360,112,멀112
10947,6360,149,멀112
10948,6361,15,멀112
10949,6364,109,멀210
10950,6364,146,멀210
10951,6365,340,멀826
10952,6366,210,멀411
10953,6367,210,글401
10954,6368,32,멀210
10955,6369,121,멀512
10956,6369,160,멀512
10957,6370,73,멀312
10958,6370,213,멀312
10959,6371,63,멀826
10960,6371,201,멀826
10961,6372,3,멀411
10962,6374,63,글507
10963,6374,201,글507
10964,6375,3,멀B114
10965,6376,292,멀202
10966,6377,62,멀202
10967,6378,305,멀203
10968,6379,263,멀512
10969,6380,15,멀203
10970,6381,349,멀202
10971,6382,57,멀312
10972,6382,194,멀312
10973,6383,63,멀302
10974,6383,201,멀302
10975,6384,3,멀210
10976,6385,121,멀312
10977,6385,160,멀312
10978,6386,46,멀826
10979,6386,184,멀826
10980,6387,112,멀411
10981,6387,149,멀411
10982,6388,15,멀612
10983,6389,46,멀608
10984,6389,184,멀608
10985,6391,54,멀607
10986,6391,191,멀607
10987,6392,109,멀512
10988,6392,146,멀512
10989,6393,54,멀302
10990,6393,191,멀302
10991,6394,3,멀207
10992,6395,323,멀302
10993,6396,184,멀B114
10994,6396,191,멀B114
10995,6397,54,멀203
10996,6397,191,멀203
10997,6398,57,멀203
10998,6398,194,멀203
10999,6399,292,멀312
11000,6400,305,멀826
11001,6401,323,멀B114
11002,6402,100,멀207
11003,6402,138,멀207
11004,6403,57,멀207
11005,6403,194,멀207
11006,6404,69,멀608
11007,6404,208,멀608
11008,6405,57,멀302
11009,6405,194,멀302
11010,6406,109,멀208
11011,6406,146,멀311
11012,6407,118,멀207
11013,6407,157,멀207
11014,6408,54,멀608
11015,6408,191,멀608
11016,6409,57,멀608
11017,6409,194,멀608
11018,6410,100,외401
11019,6410,138,외401
11020,6411,118,외402
11021,6411,157,외402
11022,6412,69,멀512
11023,6412,208,멀512
11024,6413,121,외412
11025,6413,160,외412
11026,6414,121,멀608
11027,6414,160,멀608
11028,6415,54,멀207
11029,6415,191,멀207
11030,6416,63,멀207
11031,6416,201,멀207
11032,6417,57,멀612
11033,6417,194,멀612
11034,6418,15,멀704
11035,6419,121,멀513
11036,6419,160,멀513
11037,6420,57,멀210
11038,6420,194,멀210
11039,6422,3,멀602
11040,6423,69,멀826
11041,6423,208,멀826
11042,6424,100,멀612
11043,6424,138,멀612
11044,6425,69,멀B114
11045,6425,208,멀B114
11046,6427,121,멀602
11047,6427,160,멀602
11048,6429,323,멀312
11049,6431,32,멀112
11050,6433,57,멀602
11051,6433,194,멀602
11052,6434,63,멀602
11053,6434,201,멀602
11054,6435,279,멀703
11055,6436,338,예B139
11056,6437,312,예B122
11057,6438,312,예B102
11058,6439,338,외401
11059,6440,303,멀703
11060,6441,355,멀703
11061,6442,296,멀703
11062,6443,190,멀703
11063,6444,322,멀703
11064,6445,270,멀703
11065,6446,190,멀705
11066,6447,309,멀703
11067,6448,331,멀705
11068,6450,112,멀704
11069,6450,149,멀704
11070,6451,118,멀704
11071,6451,157,멀704
11072,6452,121,멀704
11073,6452,160,멀704
11074,6453,349,멀103
11075,6454,3,글507
11076,6455,198,체B101호
11077,6456,147,체215-3호
11078,6457,110,체215-3호
11079,6458,100,멀602
11080,6458,138,멀602
11081,6459,289,글403
11082,6460,122,글403
11083,6464,316,선승관 웨이트장
11084,6465,321,선승관 웨이트장
11085,6470,242,체B103호
11086,6471,248,체B103호
11087,6472,343,체B120호
11088,6473,258,1호관테니스장
11089,6474,56,1호관테니스장
11090,6475,61,1호관테니스장
11091,6476,316,글403
11092,6477,321,글403
11093,6478,192,글403
11094,6479,198,글403
11095,6480,163,멀411
11096,6481,32,멀513
11097,6485,239,체215-1호
11098,6486,258,체B120호
11099,6487,3,멀826
11100,6489,121,멀112
11101,6489,160,멀112
11102,6491,314,멀210
11103,6492,214,멀208
11104,6493,74,멀204
11105,6494,74,멀703
11106,6495,214,멀201
11107,6496,167,멀705
11108,6497,46,멀103
11109,6497,184,멀103
11110,6498,109,멀207
11111,6498,146,멀207
11112,6499,54,멀103
11113,6499,191,멀103
11114,6500,112,멀207
11115,6500,149,멀207
11116,6501,63,멀704
11117,6501,201,멀704
11118,6502,69,멀602
11119,6502,208,멀602
11120,6503,69,멀704
11121,6503,208,멀704
11122,6504,73,멀602
11123,6504,213,멀602
11124,6505,30,멀704
11125,6506,3,멀112
11126,6507,54,멀815
11127,6507,191,멀815
11128,6508,3,멀704
11129,6509,57,멀411
11130,6509,194,멀411
11131,6510,292,글507
11132,6511,32,글507
1224,712,109,공367호
1225,712,146,공367호
1226,713,112,공367호
1227,713,149,공367호
1228,714,54,공148호
1229,714,191,공148호
1230,715,69,공176호
1231,715,208,공176호
1232,716,109,공148호
1233,716,146,공148호
11133,6513,32,멀402
11134,6514,349,멀512
1234,717,46,공165호
1235,717,184,공165호
1236,718,125,공371호
1237,718,166,공371호
1238,719,125,공142-2호
1239,719,166,공142-2호
1240,720,100,공142-2호
1241,720,138,공142-2호
1242,721,187,B07
1243,722,5,전226
1244,723,61,전205
1245,723,198,전205
1246,724,115,전205
1247,724,154,전205
1248,726,100,전205
1249,726,138,전205
1250,727,52,B09
1251,727,189,B09
1252,728,226,B07
1253,729,118,B06
1254,729,157,B06
1255,730,121,B09
1256,730,160,B09
1257,731,125,전211-1
1258,731,166,전211-1
1259,732,63,B05
1260,732,201,B05
1261,733,151,B01
1262,734,70,B05
1263,734,209,B05
1264,735,117,B01
1265,736,16,전219
1266,737,16,전223
1267,738,83,B05
1268,739,83,B05
1269,740,15,전221
1270,741,229,B07
1271,742,133,B05
1272,743,69,전217
1273,743,208,전217
1274,744,172,B01
1275,745,16,전211-3
1276,746,16,전211-3
1277,747,172,B01
1278,748,172,B01
1279,749,172,B01
1280,750,33,전409
1281,751,33,B01
1282,752,33,B07
1283,753,33,전219
1284,754,33,전221
1285,755,33,전223
1286,756,33,전211-3
1287,757,33,B01
1288,758,33,B01
1289,759,33,B01
1290,760,33,B07
1291,761,33,B07
1292,762,33,B07
1293,763,33,B07
1294,764,33,전219
1295,765,33,전219
1296,766,33,전221
1297,767,33,전221
1298,768,33,전223
1299,769,33,전223
1300,770,33,전223
1301,771,33,전211-3
1302,772,33,전211-3
1303,773,1,전103
1304,774,231,B07
1305,775,52,전205
1306,775,189,전205
1307,776,112,B07
1308,776,149,B07
1309,777,63,전103
1310,777,201,전103
1311,778,113,B06
1312,778,150,B06
1313,779,109,전136
1314,779,146,전136
11135,6515,46,국경311
11136,6515,184,국경311
11137,6516,54,전217
11138,6516,191,전217
11139,6517,46,멀107
11140,6517,184,멀107
11141,6518,54,멀107
11142,6518,191,멀107
11143,6519,69,전102
11144,6519,208,전102
11145,6520,73,전102
11146,6520,213,전102
11147,6521,100,전102
11148,6521,138,전102
1315,780,109,전102
1316,780,146,전102
1317,781,112,전102
1318,781,149,전102
1319,782,118,전102
1320,782,157,전102
1321,783,118,전223
1322,783,157,전223
1323,784,121,전223
1324,784,160,전223
1325,785,3,전102
11149,6522,25,전102
11150,6523,3,전221
11151,6524,15,전221
11152,6525,46,멀408
11153,6525,184,멀408
11154,6526,54,멀607
11155,6526,191,멀607
11156,6527,46,전223
11157,6527,184,전223
11158,6528,54,전223
11159,6528,191,전223
11160,6529,54,전221
11161,6529,191,전221
11162,6530,63,전221
11163,6530,201,전221
11164,6531,100,멀107
11165,6531,138,멀107
11166,6532,109,멀107
11167,6532,146,멀107
11168,6533,109,전221
11169,6533,146,전221
11170,6534,109,전223
11171,6534,146,전223
11172,6535,112,전223
11173,6535,149,전223
11174,6536,121,전102
11175,6536,160,전102
11176,6537,125,전102
11177,6537,166,전102
11178,6538,3,전101
11179,6539,25,전101
11180,6540,63,멀107
11181,6540,201,멀107
11182,6541,69,멀107
11183,6541,208,멀107
11184,6542,110,멀311
11185,6542,147,멀309
11186,6543,110,멀311
11187,6543,147,멀310
11188,6544,61,멀311
11189,6544,198,멀309
11190,6545,61,멀311
11191,6545,198,멀310
11192,6546,115,멀311
11193,6546,154,멀309
11194,6547,115,멀311
11195,6547,154,멀310
11196,6548,54,공263호
11197,6548,191,공263호
11198,6549,109,멀312
11199,6549,146,멀312
11200,6550,112,멀411
11201,6550,149,멀411
11202,6551,3,국경305
11203,6552,25,국경311
11204,6553,3,멀304
11205,6554,121,멀107
11206,6554,160,멀107
11207,6555,125,멀107
11208,6555,166,멀107
11209,6556,69,멀311
11210,6556,208,멀311
11211,6557,73,멀311
11212,6557,213,멀311
11213,6558,3,멀311
11214,6559,244,멀311
11215,6560,54,전218
11216,6560,191,전218
11217,6561,63,멀304
11218,6561,201,멀304
11219,6562,63,공B105호
11220,6562,201,공B105호
11221,6563,46,전227
11222,6563,184,전227
11223,6564,275,전218
11224,6564,360,전218
11225,6565,112,멀304
11226,6565,149,멀304
11227,6566,118,멀304
11228,6566,157,멀304
11229,6567,121,멀304
11230,6567,160,멀304
11231,6568,125,멀304
11232,6568,166,멀304
11233,6569,109,멀407
11234,6569,146,멀407
11235,6570,258,멀403
11236,6570,343,멀407
11237,6571,258,멀404
11238,6571,343,멀407
11239,6572,67,멀407
11240,6572,205,멀403
11241,6573,67,멀407
11242,6573,205,멀404
11243,6574,56,멀407
11244,6574,193,멀403
11245,6575,299,멀407
11246,6575,327,멀405
11247,6576,299,멀407
11248,6576,327,멀406
11249,6577,56,멀405
11250,6577,193,멀407
11251,6578,56,멀406
11252,6578,193,멀407
11253,6579,46,멀304
11254,6579,184,멀304
11255,6580,54,멀304
11256,6580,191,멀304
11257,6581,69,멀304
11258,6581,208,멀304
11259,6582,73,멀304
11260,6582,213,멀304
11261,6583,112,멀407
11262,6583,149,멀407
11263,6584,57,생424
11264,6584,194,생424
11265,6585,100,국경103
11266,6585,138,국경103
11267,6586,46,국경305
11268,6586,184,국경305
11269,6587,63,국경305
11270,6587,201,국경305
11271,6588,54,국경305
11272,6588,191,국경305
11273,6589,100,국경108
11274,6589,138,국경108
11275,6590,109,국경108
11276,6590,146,국경108
1326,786,72,전205
1327,786,212,전205
1328,787,115,B09
1329,787,154,B09
1330,790,54,전136
1331,790,191,전136
1332,791,121,전205
1333,791,160,전205
1334,792,125,B09
1335,792,166,B09
1336,793,118,전227
1337,793,157,전227
1338,794,13,전227
1339,794,193,B09
1340,795,30,전227
1341,795,209,전227
1342,796,61,글405
1343,796,198,글405
1344,797,63,전136
1345,797,201,전136
1346,798,125,전136
1347,798,166,전136
1348,799,73,전136
1349,799,213,전136
1350,800,32,전211-1
1351,801,3,전136
1352,802,112,전445
1353,802,149,전445
1354,803,61,전211-1
1355,803,198,전211-1
1356,804,114,전211-1
1357,804,153,전211-1
1358,805,121,전211-1
1359,805,160,전211-1
1360,806,121,B09
1361,806,160,B09
1362,807,125,전205
1363,807,166,전205
1364,808,118,전136
1365,808,157,전136
1366,809,3,B01
1367,810,74,B09
1368,810,214,B09
1369,811,48,B01
1370,813,47,글405
1371,814,32,전205
1372,815,179,B09
1373,816,179,
1374,817,179,
1375,818,179,
1376,819,179,
1377,820,179,
1378,821,179,
1379,822,179,
1380,823,179,
1381,824,179,
1382,825,179,
1383,826,179,
1384,827,179,
1385,828,179,
1386,829,179,
1387,830,179,
1388,831,179,
1389,832,69,B06
1390,832,208,B06
1391,833,102,B01
1392,834,109,전211-1
1393,834,146,전211-1
1394,835,163,B05
1395,836,73,B06
1396,836,213,B06
1397,837,223,B07
1398,838,210,
1399,839,32,
1400,840,32,
11277,6591,158,멀402
11278,6592,333,멀402
11279,6593,285,멀402
11280,6594,289,멀402
11281,6595,273,멀705
11282,6596,56,멀402
11283,6597,65,멀705
11284,6604,321,멀402
11285,6605,119,멀402
11286,6606,247,멀402
11287,6607,13,멀402
11288,6610,65,멀402
11289,6611,273,멀402
1401,841,100,전220
1402,841,138,전220
1403,842,109,전220
1404,842,146,전220
1405,843,73,전101
1406,843,213,전101
1407,844,54,전445
1408,844,191,전445
1409,845,54,전539
1410,845,191,전539
1411,846,121,전539
1412,846,160,전539
1413,847,109,전226
1414,847,146,전226
1415,848,69,전220
1416,848,208,전220
1417,849,69,전226
1418,849,208,전226
1419,850,121,전220
1420,850,160,전220
1421,851,121,전226
1422,851,160,전226
1423,852,109,B05
1424,852,146,B05
11290,6612,235,멀305
11291,6612,193,멀311
11292,6613,13,멀305
11293,6613,193,멀311
11294,6614,46,멀302
11295,6614,184,멀302
11296,6615,54,멀302
11297,6615,191,멀302
11298,6616,57,멀302
11299,6616,194,멀302
11300,6617,63,멀207
11301,6617,201,멀207
11302,6618,69,멀302
11303,6618,208,멀302
11304,6619,73,멀302
11305,6619,213,멀302
11306,6620,109,멀302
11307,6620,146,멀302
11308,6621,109,멀207
11309,6621,146,멀207
11310,6622,112,멀302
11311,6622,149,멀302
11312,6623,121,멀302
11313,6623,160,멀302
11314,6624,15,멀207
11315,6625,32,멀207
11316,6628,3,멀301
11317,6629,15,멀409
11318,6630,15,멀407
11319,6631,15,멀301
11320,6632,15,멀609
11321,6633,32,멀409
11322,6634,32,멀407
11323,6635,46,멀301
11324,6635,184,멀301
11325,6636,46,멀409
11326,6636,184,멀409
11327,6637,46,멀410
11328,6637,184,멀410
11329,6638,54,멀301
11330,6638,191,멀301
11331,6639,54,멀410
11332,6639,191,멀410
11333,6640,54,멀609
11334,6640,191,멀609
11335,6641,54,멀611
11336,6641,191,멀611
11337,6642,57,멀410
11338,6642,194,멀410
11339,6643,57,멀301
11340,6643,194,멀301
11341,6644,57,멀609
11342,6644,194,멀609
11343,6645,57,멀409
11344,6645,194,멀409
11345,6646,63,멀410
11346,6646,201,멀410
11347,6647,63,멀301
11348,6647,201,멀301
11349,6648,63,멀409
11350,6648,201,멀409
11351,6649,63,멀609
11352,6649,201,멀609
11353,6650,69,멀301
11354,6650,208,멀301
11355,6651,69,멀409
11356,6651,208,멀409
11357,6652,69,멀410
11358,6652,208,멀410
11359,6653,69,멀609
11360,6653,208,멀609
11361,6654,73,멀301
11362,6654,213,멀301
11363,6655,73,멀410
11364,6655,213,멀410
11365,6656,100,멀301
11366,6656,138,멀301
11367,6657,100,멀409
11368,6657,138,멀409
11369,6658,100,멀410
11370,6658,138,멀410
11371,6659,100,멀609
11372,6659,138,멀609
11373,6660,109,멀301
11374,6660,146,멀301
11375,6661,109,멀409
11376,6661,146,멀409
11377,6662,109,멀410
11378,6662,146,멀410
11379,6663,112,멀301
11380,6663,149,멀301
11381,6664,112,멀409
11382,6664,149,멀409
11383,6665,112,멀609
11384,6665,149,멀609
11385,6666,118,멀409
11386,6666,157,멀409
11387,6667,118,멀301
11388,6667,157,멀301
11389,6668,118,멀609
11390,6668,157,멀609
11391,6669,121,멀301
11392,6669,160,멀301
11393,6670,121,멀409
11394,6670,160,멀409
11395,6671,121,멀609
11396,6671,160,멀609
11397,6672,125,멀301
11398,6672,166,멀301
11399,6673,47,멀610
11400,6674,47,멀604
11401,6675,263,멀603
11402,6676,263,멀604
11403,6677,263,멀611
11404,6678,271,멀611
11405,6679,271,멀604
11406,6680,271,멀610
11407,6681,271,멀603
11408,6682,139,멀603
11409,6683,139,멀604
11410,6684,139,멀610
11411,6685,139,멀611
11412,6686,323,멀603
11413,6687,323,멀604
11414,6688,323,멀610
11415,6689,323,멀611
11416,6690,163,멀603
11417,6691,163,멀604
11418,6692,163,멀611
11419,6693,185,멀603
11420,6694,185,멀604
11421,6695,185,멀610
11422,6696,349,멀603
11423,6697,349,멀604
11424,6698,349,멀610
11425,6699,349,멀611
11426,6700,210,멀610
11427,6701,210,멀603
11428,6702,210,멀604
11429,6703,210,멀611
11430,6704,101,멀603
11431,6705,101,멀604
11432,6706,101,멀610
11433,6707,292,멀610
11434,6708,292,멀603
11435,6709,292,멀611
11436,6710,305,멀610
11437,6711,305,멀611
11438,6712,305,멀604
11439,6713,3,멀603
11440,6714,3,멀610
11441,6715,15,멀610
11442,6716,15,멀611
11443,6717,46,멀205
11444,6717,184,멀205
11445,6718,46,멀206
11446,6718,184,멀206
11447,6719,46,멀208
11448,6719,184,멀208
11449,6720,54,멀205
11450,6720,191,멀205
11451,6721,54,멀206
11452,6721,191,멀206
11453,6722,54,멀108
11454,6722,191,멀108
11455,6723,54,멀208
11456,6723,191,멀208
11457,6724,57,멀205
11458,6724,194,멀205
11459,6725,57,멀206
11460,6725,194,멀206
11461,6726,57,멀208
11462,6726,194,멀208
11463,6727,63,멀108
11464,6727,201,멀108
11465,6728,63,멀109
11466,6728,201,멀109
11467,6729,63,멀205
11468,6729,201,멀205
11469,6730,63,멀206
11470,6730,201,멀206
11471,6731,63,멀208
11472,6731,201,멀208
11473,6732,69,멀108
11474,6732,208,멀108
11475,6733,69,멀109
11476,6733,208,멀109
11477,6734,100,멀705
11478,6734,138,멀705
11479,6735,100,멀206
11480,6735,138,멀206
11481,6736,109,멀205
11482,6736,146,멀205
11483,6737,109,멀705
11484,6737,146,멀705
11485,6738,109,멀702
11486,6738,146,멀702
11487,6739,109,멀206
11488,6739,146,멀206
11489,6740,112,멀109
11490,6740,149,멀109
11491,6741,112,멀206
11492,6741,149,멀206
11493,6742,118,멀109
11494,6742,157,멀109
11495,6743,118,멀208
11496,6743,157,멀208
11497,6744,121,멀109
11498,6744,160,멀109
11499,6745,121,멀208
11500,6745,160,멀208
11501,6746,121,멀410
11502,6746,160,멀410
11503,6747,125,멀109
11504,6747,166,멀109
11505,6748,125,멀410
11506,6748,166,멀410
11507,6749,3,멀206
11508,6750,15,멀108
11509,6751,15,멀208
11510,6752,32,멀108
11511,6753,100,멀607
11512,6753,138,멀607
11513,6754,109,멀607
11514,6754,146,멀607
11515,6755,3,멀607
11516,6756,54,멀608
11517,6756,191,멀608
11518,6757,109,멀608
11519,6757,146,멀608
11520,6758,112,멀608
11521,6758,149,멀608
11522,6759,15,멀607
11523,6760,63,멀608
11524,6760,201,멀608
11525,6761,118,멀607
11526,6761,157,멀607
11527,6762,69,멀608
11528,6762,208,멀608
11529,6763,121,멀608
11530,6763,160,멀608
11531,6764,73,멀607
11532,6764,213,멀607
11533,6765,125,멀608
11534,6765,166,멀608
11535,6766,46,멀607
11536,6766,184,멀607
11537,6767,100,멀705-1
11538,6767,138,멀705-1
11539,6768,3,멀608
11540,6769,54,멀705-1
11541,6769,191,멀705-1
11542,6770,109,멀705-1
11543,6770,146,멀705-1
11544,6771,57,멀607
11545,6771,194,멀607
11546,6772,112,멀705-1
11547,6772,149,멀705-1
11548,6773,15,멀608
11549,6774,63,멀607
11550,6774,201,멀607
11551,6775,118,멀608
11552,6775,157,멀608
11553,6776,69,멀607
11554,6776,208,멀607
11555,6777,121,멀607
11556,6777,160,멀607
11557,6778,73,멀705-1
11558,6778,213,멀705-1
11559,6779,125,멀607
11560,6779,166,멀607
11561,6780,57,멀705-1
11562,6780,194,멀705-1
11563,6781,118,멀705-1
11564,6781,157,멀705-1
11565,6782,277,멀608
11566,6783,277,멀705-1
11567,6784,100,멀608
11568,6784,138,멀608
11569,6785,46,멀101
11570,6785,184,멀101
11571,6786,46,우정원B113
11572,6786,184,우정원B113
11573,6787,54,멀201
11574,6787,191,멀201
11575,6788,54,멀101
11576,6788,191,멀101
11577,6789,54,우정원B113
11578,6789,191,우정원B113
11579,6790,54,멀109
11580,6790,191,멀109
11581,6791,57,우정원B112
11582,6791,194,우정원B112
11583,6792,57,멀201
11584,6792,194,멀201
11585,6793,63,우정원B112
11586,6793,201,우정원B112
11587,6794,63,멀101
11588,6794,201,멀101
11589,6795,69,우정원B113
11590,6795,208,우정원B113
11591,6796,69,멀101
11592,6796,208,멀101
11593,6797,69,우정원B112
11594,6797,208,우정원B112
11595,6798,73,우정원B112
11596,6798,213,우정원B112
11597,6799,100,멀101
11598,6799,138,멀101
11599,6800,100,멀109
11600,6800,138,멀109
11601,6801,100,멀201
11602,6801,138,멀201
11603,6802,100,멀205
11604,6802,138,멀205
11605,6803,109,멀101
11606,6803,146,멀101
11607,6804,109,멀109
11608,6804,146,멀109
11609,6805,109,멀108
11610,6805,146,멀108
11611,6806,109,우정원B113
11612,6806,146,우정원B113
11613,6807,109,멀201
11614,6807,146,멀201
11615,6808,112,멀101
11616,6808,149,멀101
11617,6809,112,멀108
11618,6809,149,멀108
11619,6810,112,우정원B112
11620,6810,149,우정원B112
11621,6811,112,우정원B113
11622,6811,149,우정원B113
11623,6812,118,우정원B112
11624,6812,157,우정원B112
11625,6813,118,우정원B113
11626,6813,157,우정원B113
11627,6814,118,멀101
11628,6814,157,멀101
11629,6815,118,멀205
11630,6815,157,멀205
11631,6816,121,우정원B112
11632,6816,160,우정원B112
11633,6817,121,멀108
11634,6817,160,멀108
11635,6818,121,멀205
11636,6818,160,멀205
11637,6819,125,우정원B112
11638,6819,166,우정원B112
11639,6820,125,멀108
11640,6820,166,멀108
11641,6821,3,멀109
11642,6822,3,멀201
11643,6823,15,우정원B113
11644,6824,15,우정원B112
11645,6825,15,멀109
11646,6826,15,멀201
11647,6827,15,멀101
11648,6828,32,우정원B113
11649,6829,32,우정원B112
11650,6830,112,멀201
11651,6830,149,멀201
11652,6831,15,멀603
11653,6832,15,멀826
11654,6833,54,멀411
11655,6833,191,멀411
11656,6834,109,멀411
11657,6834,146,멀411
11658,6835,112,멀204
11659,6835,149,멀204
11660,6836,125,멀602
11661,6836,166,멀602
11662,6837,139,멀826
11663,6838,57,멀608
11664,6838,194,멀608
11665,6839,69,멀210
11666,6839,208,멀210
11667,6840,3,멀302
11668,6841,69,멀208
11669,6841,208,멀208
11670,6842,46,멀411
11671,6842,184,멀411
11672,6843,15,멀204
11673,6844,54,멀612
11674,6844,191,멀612
11675,6845,121,멀204
11676,6845,160,멀204
11677,6846,121,멀513
11678,6846,160,멀513
11679,6847,109,멀210
11680,6847,146,멀210
11681,6849,100,멀302
11682,6849,138,멀302
11683,6850,54,멀210
11684,6850,191,멀210
11685,6851,118,멀312
11686,6851,157,멀312
11687,6852,100,멀203
11688,6852,138,멀203
11689,6853,109,멀203
11690,6853,146,멀203
11691,6854,121,멀826
11692,6854,160,멀826
11693,6855,125,멀826
11694,6855,166,멀826
11695,6856,118,멀302
11696,6856,157,멀302
11697,6857,54,멀207
11698,6857,191,멀207
11699,6858,54,멀204
11700,6858,191,멀204
11701,6859,63,멀204
11702,6859,201,멀204
11703,6860,69,멀411
11704,6860,208,멀411
11705,6861,54,멀513
11706,6861,191,멀513
11707,6862,69,멀513
11708,6862,208,멀513
11709,6864,63,멀411
11710,6864,201,멀411
11711,6865,69,멀207
11712,6865,208,멀207
11713,6867,118,멀210
11714,6867,157,멀210
11715,6868,57,멀204
11716,6868,194,멀204
11717,6869,15,멀210
11718,6870,353,멀B114
11719,6871,32,멀411
11720,6872,69,멀204
11721,6872,208,멀204
11722,6873,323,멀826
11723,6874,121,멀612
11724,6874,160,멀612
11725,6875,15,멀312
11726,6876,63,멀513
11727,6876,201,멀513
11728,6877,54,멀826
11729,6877,191,멀826
11730,6878,118,멀411
11731,6878,157,멀411
11732,6879,15,멀704
11733,6880,112,멀312
11734,6880,149,멀312
11735,6881,305,멀312
11736,6882,356,멀206
11737,6883,3,멀512
11738,6884,63,멀210
11739,6884,201,멀210
11740,6885,25,멀512
11741,6886,118,멀513
11742,6886,157,멀513
11743,6888,69,멀704
11744,6888,208,멀704
11745,6889,109,멀612
11746,6889,146,멀612
11747,6890,112,멀208
11748,6890,149,멀208
11749,6891,32,멀826
11750,6892,210,멀312
11751,6893,3,멀312
11752,6896,109,멀513
11753,6896,146,멀513
11754,6897,340,멀204
11755,6898,210,멀612
11756,6899,210,글401
11757,6900,32,멀312
11758,6901,109,멀208
11759,6901,146,멀208
11760,6902,73,멀411
11761,6902,213,멀411
11762,6903,3,멀513
11763,6904,3,멀411
11764,6906,63,멀612
11765,6906,201,멀612
11766,6907,82,멀513
11767,6908,3,멀205
11768,6909,292,멀202
11769,6910,62,멀202
11770,6911,305,멀203
11771,6912,263,멀512
11772,6913,15,멀203
11773,6914,349,멀202
11774,6915,63,멀602
11775,6915,201,멀602
11776,6916,3,멀407
11777,6917,46,멀826
11778,6917,184,멀826
11779,6918,112,멀210
11780,6918,149,멀210
11781,6919,112,멀704
11782,6919,149,멀704
11783,6921,54,멀602
11784,6921,191,멀602
11785,6922,323,멀612
11786,6923,184,멀312
11787,6923,191,멀312
11788,6924,54,멀203
11789,6924,191,멀203
11790,6925,15,멀411
11791,6926,305,멀411
11792,6927,323,멀B114
11793,6928,57,멀207
11794,6928,194,멀207
11795,6929,57,멀602
11796,6929,194,멀602
11797,6930,109,멀408
11798,6930,146,멀408
11799,6931,118,멀408
11800,6931,157,멀408
11801,6932,100,멀704
11802,6932,138,멀704
11803,6933,118,멀204
11804,6933,157,멀204
11805,6934,54,멀704
11806,6934,191,멀704
11807,6935,57,멀704
11808,6935,194,멀704
11809,6936,121,외305호
11810,6936,160,외305호
11811,6937,100,외305호
11812,6937,138,외305호
11813,6938,54,멀408
11814,6938,191,멀408
11815,6939,63,멀408
11816,6939,201,멀408
11817,6940,15,멀602
11818,6941,69,멀512
11819,6941,208,멀512
11820,6943,3,멀602
11821,6944,69,멀826
11822,6944,208,멀826
11823,6945,323,멀512
11824,6947,32,멀204
11825,6948,57,멀703
11826,6948,194,멀703
11827,6949,312,멀202
11828,6950,338,예117
11829,6951,312,예B122
11830,6952,312,예102
11831,6953,338,외401
11832,6954,270,멀703
11833,6955,270,멀705-1
11834,6956,331,멀705
11835,6957,331,멀703
11836,6958,355,멀705
11837,6959,190,멀705
11838,6960,296,멀705
11839,6961,2,멀705
11840,6962,298,멀108
11841,6964,112,글507
11842,6964,149,글507
11843,6965,118,멀704
11844,6965,157,멀704
11845,6966,121,멀704
11846,6966,160,멀704
11847,6967,109,글507
11848,6967,146,글507
11849,6968,198,체B101호
11850,6969,147,체215-3호
11851,6970,110,체215-3호
11852,6971,289,글403
11853,6972,122,글403
11854,6974,316,웨이트장
11855,6975,321,웨이트장
11856,6976,285,웨이트장
11857,6977,289,웨이트장
11858,6982,242,체B103호
11859,6983,248,체B103호
11860,6984,343,체B120호
11861,6985,258,1호관테니스장
11862,6986,56,1호관테니스장
11863,6987,61,1호관테니스장
11864,6988,316,글403
11865,6989,321,글403
11866,6990,192,글403
11867,6991,198,글403
11868,6992,163,멀411
11869,6993,32,멀513
11870,6997,239,체215-1호
11871,6998,258,체B120호
11872,6999,3,멀826
11873,7000,322,공176호
11874,7001,274,공148호
11875,7002,274,공365호
11876,7003,334,공B102호
11877,7004,334,공B103호
11878,7005,245,공150호
11879,7006,348,공149호
11880,7007,78,공B105호
11881,7008,220,공142-1호
11882,7009,78,전205
11883,7010,220,전227
11884,7011,173,전205
11885,7012,173,전205
11886,7013,173,B09
11887,7014,173,전101
11888,7015,78,전219
11889,7016,173,공146호
11890,7017,220,전218
11891,7018,78,국경305
11892,7019,78,국경301
11893,7020,78,생424
11894,7021,78,생423
11895,7022,78,생422
11896,7023,131,멀B114
11897,7024,173,외202
11898,7025,173,외308
11899,7026,173,외201
11900,7027,173,외305
11901,7028,173,외211
11902,7029,173,외301
11903,7030,173,외204
11904,7031,131,예306
11905,7032,173,예415
11906,7033,362,예502
11907,7034,220,예615
11908,7035,173,예704
11909,7036,78,예117
11910,7037,131,예B139
11911,7038,308,예118
11912,7039,220,체105호
11913,7040,173,체305호
11914,7041,220,체308호
11915,7042,78,체105호
11916,7043,173,체105호
11917,7044,121,멀602
11918,7044,160,멀602
11919,7045,314,멀210
11920,7047,167,멀205
11921,7048,214,멀205
11922,7049,126,멀205
11923,7050,167,멀208
11924,7051,46,멀702
11925,7051,184,멀702
11926,7052,109,멀703
11927,7052,146,멀703
11928,7053,54,멀702
11929,7053,191,멀702
11930,7054,112,멀703
11931,7054,149,멀703
11932,7055,63,멀702
11933,7055,201,멀702
11934,7056,69,멀408
11935,7056,208,멀408
11936,7057,69,멀702
11937,7057,208,멀702
11938,7058,73,멀408
11939,7058,213,멀408
11940,7060,30,멀704
11941,7061,3,멀609
11942,7062,54,멀805
11943,7062,191,멀805
11944,7063,3,멀204
11945,7064,112,멀203
11946,7064,149,멀203
1425,853,25,공176호
1426,854,54,공148호
1427,854,191,공148호
1428,855,57,공148호
1429,855,194,공148호
1430,856,57,공176호
1431,856,194,공176호
11947,7065,349,멀512
1432,857,69,공142-2호
1433,857,208,공142-2호
1434,858,69,공B104호
1435,858,208,공B104호
1436,859,121,공371호
1437,859,160,공371호
1438,860,54,공142-2호
1439,860,191,공142-2호
1440,861,3,글405
1441,862,200,B01
1442,863,187,B07
1443,864,5,B09
1444,865,141,B09
1445,866,103,전218
1446,867,61,전205
1447,867,198,전205
1448,868,115,전205
1449,868,154,전205
1450,870,100,전205
1451,870,138,전205
1452,871,61,전220
1453,871,198,전220
1454,872,156,B01
1455,873,122,B06
1456,873,161,B06
1457,874,220,전211-2
1458,875,109,전103
1459,875,146,전103
1460,876,121,전103
1461,876,160,전103
1462,877,125,전211-1
1463,877,166,전211-1
1464,878,9,전205
1465,879,17,전136
1466,880,15,전211-3
1467,881,15,글404
1468,882,15,B01
1469,883,132,전211-3
1470,884,15,B01
1471,885,41,글404
1472,886,15,글404
1473,887,15,글404
1474,888,15,글404
1475,889,15,글404
1476,890,15,전211-3
1477,891,109,공148호
1478,891,146,공148호
1479,892,63,B07
1480,892,201,B07
1481,893,15,전211-2
1482,894,15,전211-2
1483,895,15,전211-2
1484,896,15,전211-2
1485,897,173,전211-2
1486,898,224,전211-3
1487,899,171,B07
1488,900,15,글405
1489,901,15,글405
1490,902,15,글405
1491,903,15,글405
1492,904,171,B07
1493,905,171,B07
1494,906,171,B07
1495,907,52,B06
1496,907,189,B06
1497,908,32,전211-3
1498,909,32,B07
1499,910,32,B01
1500,911,32,B06
1501,912,43,전211-2
1502,913,32,글404
1503,914,32,글405
1504,915,39,전211-3
1505,916,39,B06
1506,917,32,전211-3
1507,918,32,글405
1508,919,1,B09
1509,920,69,공367호
1510,920,208,공367호
1511,921,115,B05
1512,921,154,B05
1513,922,78,전211-2
1514,923,112,전103
1515,923,149,전103
11948,7066,21,멀103
11949,7066,62,멀103
11950,7066,116,멀103
11951,7066,155,멀103
11952,7066,199,멀103
11953,7067,21,멀107
11954,7067,62,멀107
11955,7067,116,멀107
11956,7067,155,멀107
11957,7067,199,멀107
11958,7068,21,멀407
11959,7068,62,멀407
11960,7068,116,멀407
11961,7068,155,멀407
11962,7068,199,멀407
11963,7069,3,멀103
11964,7069,47,멀103
11965,7069,101,멀103
11966,7069,139,멀103
11967,7069,185,멀103
11968,7070,3,멀407
11969,7070,47,멀407
11970,7070,101,멀407
11971,7070,139,멀407
11972,7070,185,멀407
11973,7071,21,멀311
11974,7071,62,멀311
11975,7071,116,멀311
11976,7071,155,멀311
11977,7071,199,멀311
11978,7072,3,멀311
11979,7072,47,멀311
11980,7072,101,멀311
11981,7072,139,멀311
11982,7072,185,멀311
11983,7073,3,멀408
11984,7073,47,멀408
11985,7073,101,멀408
11986,7073,139,멀408
11987,7073,185,멀408
11988,7074,3,멀402
11989,7074,13,멀403
11990,7074,47,멀402
11991,7074,56,멀403
11992,7074,101,멀402
11993,7074,289,멀403
11994,7074,139,멀402
11995,7074,321,멀403
11996,7074,185,멀402
11997,7074,193,멀403
11998,7075,25,국경310
11999,7075,268,국경310
12000,7075,297,국경310
12001,7075,326,국경310
12002,7075,353,국경310
1516,924,21,B05
1517,924,62,B05
1518,924,116,B05
1519,924,155,B05
1520,924,199,B05
12003,7076,3,멀302
12004,7076,47,멀302
12005,7076,101,멀302
12006,7076,139,멀302
12007,7076,185,멀302
12008,7077,21,멀302
12009,7077,62,멀302
12010,7077,116,멀302
12011,7077,155,멀302
12012,7077,199,멀302
12013,7078,3,멀603
12014,7078,47,멀603
12015,7078,101,멀603
12016,7078,139,멀603
12017,7078,185,멀603
12018,7079,21,멀603
12019,7079,62,멀603
12020,7079,116,멀603
12021,7079,155,멀603
12022,7079,199,멀603
12023,7080,3,멀604
12024,7080,47,멀604
12025,7080,101,멀604
12026,7080,139,멀604
12027,7080,185,멀604
12028,7081,21,멀604
12029,7081,62,멀604
12030,7081,116,멀604
12031,7081,155,멀604
12032,7081,199,멀604
12033,7082,3,멀204
12034,7082,47,멀204
12035,7082,101,멀204
12036,7082,139,멀204
12037,7082,185,멀204
12038,7083,21,멀204
12039,7083,62,멀204
12040,7083,116,멀204
12041,7083,155,멀204
12042,7083,199,멀204
12043,7084,3,멀608
12044,7084,47,멀608
12045,7084,101,멀608
12046,7084,139,멀608
12047,7084,185,멀608
12048,7085,21,멀608
12049,7085,62,멀608
12050,7085,116,멀608
12051,7085,155,멀608
12052,7085,199,멀608
12053,7086,3,멀109
12054,7086,47,멀109
12055,7086,101,멀109
12056,7086,139,멀109
12057,7086,185,멀109
12058,7087,3,멀108
12059,7087,47,멀108
12060,7087,101,멀108
12061,7087,139,멀108
12062,7087,185,멀108
12063,7088,21,멀109
12064,7088,62,멀109
12065,7088,116,멀109
12066,7088,155,멀109
12067,7088,199,멀109
12068,7089,3,멀101
12069,7089,47,멀101
12070,7089,101,멀101
12071,7089,139,멀101
12072,7089,185,멀101
12073,7090,21,멀101
12074,7090,62,멀101
12075,7090,116,멀101
12076,7090,155,멀101
12077,7090,199,멀101
12078,7091,3,멀513
12079,7091,47,멀513
12080,7091,101,멀513
12081,7091,139,멀513
12082,7091,185,멀513
12083,7092,3,멀205
12084,7092,47,멀205
12085,7092,101,멀205
12086,7092,139,멀205
12087,7092,185,멀205
12088,7093,3,멀203
12089,7093,47,멀203
12090,7093,101,멀203
12091,7093,139,멀203
12092,7093,185,멀203
12093,7094,3,멀705
12094,7094,47,멀705
12095,7094,101,멀705
12096,7094,139,멀705
12097,7094,185,멀705
12098,7095,21,멀207
12099,7095,62,멀207
12100,7095,116,멀207
12101,7095,155,멀207
12102,7095,199,멀207
12103,7096,21,멀208
12104,7096,62,멀208
12105,7096,116,멀208
12106,7096,155,멀208
12107,7096,199,멀208
12108,7097,21,멀513
12109,7097,62,멀513
12110,7097,116,멀513
12111,7097,155,멀513
12112,7097,199,멀513
12113,7098,21,멀705
12114,7098,62,멀705
12115,7098,116,멀705
12116,7098,155,멀705
12117,7098,199,멀705
12118,7099,3,멀208
12119,7099,47,멀208
12120,7099,101,멀208
12121,7099,139,멀208
12122,7099,185,멀208
12123,7100,21,멀203
12124,7100,62,멀203
12125,7100,116,멀203
12126,7100,155,멀203
12127,7100,199,멀203
12128,7101,3,멀206
12129,7101,47,멀206
12130,7101,101,멀206
12131,7101,139,멀206
12132,7101,185,멀206
12133,7102,21,멀609
12134,7102,62,멀609
12135,7102,116,멀609
12136,7102,155,멀609
12137,7102,199,멀609
12138,7103,21,멀704
12139,7103,62,멀704
12140,7103,116,멀704
12141,7103,155,멀704
12142,7103,199,멀704
12143,7104,3,멀704
12144,7104,47,멀704
12145,7104,101,멀704
12146,7104,139,멀704
12147,7104,185,멀704
12148,7106,236,1호관테니스장
12149,7106,259,1호관테니스장
12150,7106,287,1호관테니스장
12151,7106,317,1호관테니스장
12152,7106,345,1호관테니스장
12153,7107,21,멀602
12154,7107,62,멀602
12155,7107,116,멀602
12156,7107,155,멀602
12157,7107,199,멀602
12158,7108,3,멀512
12159,7108,47,멀512
12160,7108,101,멀512
12161,7108,139,멀512
12162,7108,185,멀512
1521,926,3,B06
1522,926,47,B06
1523,926,101,B06
1524,926,139,B06
1525,926,185,B06
12163,7109,21,전101
12164,7109,62,전101
12165,7109,116,전101
12166,7109,155,전101
12167,7109,199,전101
12168,7110,21,전102
12169,7110,62,전102
12170,7110,116,전102
12171,7110,155,전102
12172,7110,199,전102
12173,7111,21,전221
12174,7111,62,전221
12175,7111,116,전221
12176,7111,155,전221
12177,7111,199,전221
12178,7112,3,전101
12179,7112,47,전101
12180,7112,101,전101
12181,7112,139,전101
12182,7112,185,전101
12183,7113,3,전102
12184,7113,47,전102
12185,7113,101,전102
12186,7113,139,전102
12187,7113,185,전102
12188,7114,3,전221
12189,7114,47,전221
12190,7114,101,전221
12191,7114,139,전221
12192,7114,185,전221
12193,7115,3,전219
12194,7115,47,전219
12195,7115,101,전219
12196,7115,139,전219
12197,7115,185,전219
12198,7116,21,전219
12199,7116,62,전219
12200,7116,116,전219
12201,7116,155,전219
12202,7116,199,전219
12203,7117,235,전218
12204,7117,13,전218
12205,7117,258,전218
12206,7117,56,전218
12207,7117,285,전218
12208,7117,289,전218
12209,7117,316,전218
12210,7117,321,전218
12211,7117,343,전218
12212,7117,193,전218
12213,7118,3,국경311
12214,7118,47,국경311
12215,7118,101,국경311
12216,7118,139,국경311
12217,7118,185,국경311
12218,7119,21,국경311
12219,7119,62,국경311
12220,7119,116,국경311
12221,7119,155,국경311
12222,7119,199,국경311
1526,928,21,B05
1527,928,62,B05
1528,928,116,B05
1529,928,155,B05
1530,928,199,B05
12223,7120,21,외308
12224,7120,62,외308
12225,7120,116,외308
12226,7120,155,외308
12227,7120,199,외308
12228,7121,3,외406
12229,7121,47,외406
12230,7121,101,외406
12231,7121,139,외406
12232,7121,185,외406
12233,7122,21,외406
12234,7122,62,외406
12235,7122,116,외406
12236,7122,155,외406
12237,7122,199,외406
12238,7123,3,외407
12239,7123,47,외407
12240,7123,101,외407
12241,7123,139,외407
12242,7123,185,외407
12243,7124,21,외407
12244,7124,62,외407
12245,7124,116,외407
12246,7124,155,외407
12247,7124,199,외407
12248,7125,3,외302
12249,7125,47,외302
12250,7125,101,외302
12251,7125,139,외302
12252,7125,185,외302
12253,7126,21,외302
12254,7126,62,외302
12255,7126,116,외302
12256,7126,155,외302
12257,7126,199,외302
12258,7127,3,외301
12259,7127,47,외301
12260,7127,101,외301
12261,7127,139,외301
12262,7127,185,외301
12263,7128,21,외301
12264,7128,62,외301
12265,7128,116,외301
12266,7128,155,외301
12267,7128,199,외301
12268,7129,3,외303
12269,7129,47,외303
12270,7129,101,외303
12271,7129,139,외303
12272,7129,185,외303
12273,7130,21,외303
12274,7130,62,외303
12275,7130,116,외303
12276,7130,155,외303
12277,7130,199,외303
12278,7131,3,외304
12279,7131,47,외304
12280,7131,101,외304
12281,7131,139,외304
12282,7131,185,외304
12283,7132,21,외304
12284,7132,62,외304
12285,7132,116,외304
12286,7132,155,외304
12287,7132,199,외304
12288,7133,3,외405
12289,7133,47,외405
12290,7133,101,외405
12291,7133,139,외405
12292,7133,185,외405
12293,7134,3,외403
12294,7134,47,외403
12295,7134,101,외403
12296,7134,139,외403
12297,7134,185,외403
12298,7135,21,외404
12299,7135,62,외404
12300,7135,116,외404
12301,7135,155,외404
12302,7135,199,외404
12303,7136,21,외402
12304,7136,62,외402
12305,7136,116,외402
12306,7136,155,외402
12307,7136,199,외402
12308,7137,3,외305
12309,7137,47,외305
12310,7137,101,외305
12311,7137,139,외305
12312,7137,185,외305
12313,7138,21,외305
12314,7138,62,외305
12315,7138,116,외305
12316,7138,155,외305
12317,7138,199,외305
12318,7139,21,외403
12319,7139,62,외403
12320,7139,116,외403
12321,7139,155,외403
12322,7139,199,외403
12323,7140,3,글507
12324,7140,47,글507
12325,7140,101,글507
12326,7140,139,글507
12327,7140,185,글507
12328,7141,3,외404
12329,7141,47,외404
12330,7141,101,외404
12331,7141,139,외404
12332,7141,185,외404
12333,7142,3,외402
12334,7142,47,외402
12335,7142,101,외402
12336,7142,139,외402
12337,7142,185,외402
12338,7143,21,외306
12339,7143,62,외306
12340,7143,116,외306
12341,7143,155,외306
12342,7143,199,외306
12343,7144,3,외306
12344,7144,47,외306
12345,7144,101,외306
12346,7144,139,외306
12347,7144,185,외306
12348,7147,21,외412
12349,7147,62,외412
12350,7147,116,외412
12351,7147,155,외412
12352,7147,199,외412
12353,7148,3,외412
12354,7148,47,외412
12355,7148,101,외412
12356,7148,139,외412
12357,7148,185,외412
1531,930,3,B06
1532,930,47,B06
1533,930,101,B06
1534,930,139,B06
1535,930,185,B06
1536,932,100,전103
1537,932,138,전103
1538,933,109,B01
1539,933,146,B01
1540,934,121,전101
1541,934,160,전101
12358,7149,57,전101
12359,7149,194,전101
12360,7150,69,전102
12361,7150,208,전102
12362,7151,73,전102
12363,7151,213,전102
12364,7152,46,멀107
12365,7152,184,멀107
12366,7153,54,멀107
12367,7153,191,멀107
12368,7154,112,전102
12369,7154,149,전102
12370,7155,118,전102
12371,7155,157,전102
12372,7156,109,멀107
12373,7156,146,멀107
12374,7157,118,멀107
12375,7157,157,멀107
12376,7158,121,멀107
12377,7158,160,멀107
12378,7159,100,국B101호 Stair-like Lecture Room (계단강의실)
12379,7159,138,국B101호 Stair-like Lecture Room (계단강의실)
12380,7160,109,국B101호 Stair-like Lecture Room (계단강의실)
12381,7160,146,국B101호 Stair-like Lecture Room (계단강의실)
12382,7161,63,멀107
12383,7161,201,멀107
12384,7162,69,멀107
12385,7162,208,멀107
12386,7163,54,전223
12387,7163,191,전223
12388,7164,63,전101
12389,7164,201,전101
12390,7165,69,전101
12391,7165,208,전101
12392,7166,73,전101
12393,7166,213,전101
12394,7167,46,국경311
12395,7167,184,국경311
12396,7168,54,전102
12397,7168,191,전102
12398,7169,69,전223
12399,7169,208,전223
12400,7170,54,멀112
12401,7170,191,멀112
12402,7171,57,멀112
12403,7171,194,멀112
12404,7172,100,전101
12405,7172,138,전101
12406,7173,109,전101
12407,7173,146,전101
12408,7174,112,전101
12409,7174,149,전101
12410,7175,118,전101
12411,7175,157,전101
12412,7176,100,전102
12413,7176,138,전102
12414,7177,109,전102
12415,7177,146,전102
12416,7178,121,전102
12417,7178,160,전102
12418,7179,125,전102
12419,7179,166,전102
12420,7180,109,전221
12421,7180,146,전221
12422,7181,112,국B101호 Stair-like Lecture Room (계단강의실)
12423,7181,149,국B101호 Stair-like Lecture Room (계단강의실)
12424,7182,118,국B101호 Stair-like Lecture Room (계단강의실)
12425,7182,157,국B101호 Stair-like Lecture Room (계단강의실)
12426,7183,121,전217
12427,7183,160,전217
12428,7184,125,국B101호 Stair-like Lecture Room (계단강의실)
12429,7184,166,국B101호 Stair-like Lecture Room (계단강의실)
12430,7185,3,전101
12431,7186,25,전101
12432,7187,3,전102
12433,7188,25,전102
12434,7189,3,전221
12435,7190,15,전221
12436,7191,3,멀107
12437,7192,15,멀107
12438,7193,46,멀404
12439,7193,184,멀404
12440,7194,54,멀406
12441,7194,191,멀406
12442,7195,55,멀404
12443,7195,192,멀308
12444,7196,55,멀404
12445,7196,192,멀309
12446,7197,110,멀308
12447,7197,147,멀404
12448,7198,110,멀309
12449,7198,147,멀404
12450,7199,61,멀404
12451,7199,198,멀308
12452,7200,61,멀404
12453,7200,198,멀309
12454,7201,115,멀308
12455,7201,154,멀404
12456,7202,115,멀309
12457,7202,154,멀404
12458,7203,122,멀403
12459,7203,161,멀309
12460,7204,112,공148호
12461,7204,149,공148호
12462,7205,12,공146호
12463,7206,3,국경301
12464,7207,21,멀210
12465,7208,3,국경311
12466,7209,21,국경311
12467,7210,54,공149호
12468,7210,191,공149호
12469,7211,121,멀204
12470,7211,160,멀204
12471,7212,125,멀204
12472,7212,166,멀204
12473,7213,69,멀404
12474,7213,208,멀404
12475,7214,73,멀404
12476,7214,213,멀404
12477,7215,3,멀403
12478,7216,15,멀403
12479,7217,46,멀403
12480,7217,184,멀403
12481,7218,57,전102
12482,7218,194,전102
12483,7219,69,멀403
12484,7219,208,멀403
12485,7220,73,멀403
12486,7220,213,멀403
12487,7221,100,멀405
12488,7221,138,멀405
12489,7222,109,멀405
12490,7222,146,멀405
12491,7223,112,멀405
12492,7223,149,멀405
12493,7224,118,멀405
12494,7224,157,멀405
12495,7225,73,전223
12496,7225,213,전223
12497,7226,121,전227
12498,7226,160,전227
12499,7227,109,공B105호
12500,7227,146,공B105호
12501,7228,56,멀405
12502,7228,193,멀302
12503,7229,56,멀405
12504,7229,193,멀304
12505,7230,67,멀405
12506,7230,205,멀302
12507,7231,67,멀405
12508,7231,205,멀304
12509,7232,56,멀302
12510,7232,193,멀405
12511,7233,56,멀304
12512,7233,193,멀405
12513,7234,61,멀302
12514,7234,198,멀405
12515,7235,61,멀304
12516,7235,198,멀405
12517,7236,285,멀305
12518,7236,316,멀403
12519,7237,285,멀306
12520,7237,316,멀403
12521,7238,289,멀305
12522,7238,321,멀403
12523,7239,289,멀306
12524,7239,321,멀403
12525,7240,299,멀302
12526,7240,327,멀403
12527,7241,299,멀304
12528,7241,327,멀403
12529,7242,289,멀403
12530,7242,321,멀302
12531,7243,289,멀403
12532,7243,321,멀304
12533,7244,258,멀405
12534,7244,343,멀302
12535,7245,258,멀405
12536,7245,343,멀304
12537,7246,54,멀704
12538,7246,191,멀704
12539,7247,57,멀411
12540,7247,194,멀411
12541,7248,63,멀403
12542,7248,201,멀403
12543,7249,57,공150호
12544,7249,194,공150호
12545,7250,100,국경108
12546,7250,138,국경108
12547,7251,69,국경305
12548,7251,208,국경305
12549,7252,54,국경103
12550,7252,191,국경103
12551,7253,100,국경301
12552,7253,138,국경301
12553,7254,46,국경305
12554,7254,184,국경305
12555,7255,118,국경305
12556,7255,157,국경305
12557,7256,284,생424
12558,7256,315,생424
12559,7257,109,생424
12560,7257,146,생424
12561,7258,73,국경305
12562,7258,213,국경305
1542,937,74,전205
1543,937,214,전205
1544,939,115,전211-1
1545,939,154,전211-1
1546,940,94,ONLINE
1547,941,109,전205
1548,941,146,전205
1549,942,54,B09
1550,942,191,B09
1551,943,112,B09
1552,943,149,B09
1553,944,125,전103
1554,944,166,전103
1555,945,121,글405
1556,945,160,글405
1557,946,56,전136
1558,946,193,전136
1559,947,70,전137
1560,947,209,전137
1561,948,61,글405
1562,948,198,글405
1563,949,25,전220
1564,950,118,B01
1565,950,157,B01
1566,951,63,전226
1567,951,201,전226
1568,952,125,B01
1569,952,166,B01
1570,953,69,전205
1571,953,208,전205
1572,954,3,전137
1573,955,63,전137
1574,955,201,전137
1575,956,54,전205
1576,956,191,전205
1577,957,115,B05
1578,957,154,B05
1579,958,61,B09
1580,958,198,B09
1581,959,121,전205
1582,959,160,전205
1583,960,121,B06
1584,960,160,B06
1585,961,109,B06
1586,961,146,B06
1587,962,69,B06
1588,962,208,B06
1589,963,125,B09
1590,963,166,B09
1591,964,47,글405
1592,965,3,전220
1593,966,101,글405
1594,967,176,전205
1595,968,32,B09
1596,969,136,B09
1597,969,181,B09
1598,970,136,B09
1599,970,181,B09
1600,971,136,B09
1601,971,181,B09
1602,972,39,B09
1603,973,136,B09
1604,973,181,B09
1605,974,136,B09
1606,974,181,B09
1607,975,136,B09
1608,975,181,B09
1609,976,136,B09
1610,976,181,B09
1611,977,136,B09
1612,977,181,B09
1613,978,136,B09
1614,978,181,B09
1615,979,136,B09
1616,979,181,B09
1617,980,136,B09
1618,980,181,B09
1619,981,136,B09
1620,981,181,B09
1621,982,136,B09
1622,982,181,B09
1623,983,136,B09
1624,983,181,B09
1625,984,136,B09
1626,984,181,B09
1627,985,136,B09
1628,985,181,B09
1629,986,136,B09
1630,986,181,B09
1631,987,136,B09
1632,987,181,B09
1633,988,136,B09
1634,988,181,B09
1635,989,136,B09
1636,989,181,B09
1637,990,136,B09
1638,990,181,B09
1639,991,39,B09
1640,992,39,B09
1641,993,136,B09
1642,993,181,B09
1643,994,136,B09
1644,994,181,B09
1645,995,136,B09
1646,995,181,B09
1647,996,136,B09
1648,996,181,B09
1649,997,136,B09
1650,997,181,B09
1651,998,69,전539
1652,998,208,전539
1653,999,118,전227
1654,999,157,전227
1655,1000,109,전211-2
1656,1000,146,전211-2
1657,1001,3,B01
1658,1002,9,전205
1659,1003,73,B06
1660,1003,213,B06
1661,1004,73,전211-1
1662,1004,213,전211-1
1663,1005,21,전137
1664,1006,163,B07
1665,1007,224,전226
1666,1008,39,전226
1667,1009,82,전509
1668,1010,81,B07
1669,1011,37,B09
1670,1012,37,B09
1671,1013,37,B07
1672,1014,37,B07
1673,1015,37,B07
1674,1016,49,예704
1675,1017,187,예702
12563,7259,158,멀402
12564,7260,333,멀402
12565,7261,119,멀604
12566,7262,289,멀402
12567,7263,273,멀402
12568,7264,56,멀402
12569,7265,65,멀402
12570,7272,119,멀402
12571,7273,307,멀402
12572,7274,321,멀402
12573,7275,247,멀604
12574,7276,253,멀604
12575,7277,247,멀402
12576,7278,13,멀402
12577,7281,343,멀402
12578,7282,193,멀402
12579,7283,65,멀604
12580,7284,273,멀604
1676,1018,125,B05
1677,1018,166,B05
1678,1019,100,전226
1679,1019,138,전226
1680,1020,109,전226
1681,1020,146,전226
1682,1021,57,전226
1683,1021,194,전226
1684,1022,54,전220
1685,1022,191,전220
1686,1023,109,전445
1687,1023,146,전445
1688,1024,54,전445
1689,1024,191,전445
1690,1025,109,전539
1691,1025,146,전539
1692,1026,69,전226
1693,1026,208,전226
1694,1027,69,전445
1695,1027,208,전445
1696,1028,121,전220
1697,1028,160,전220
1698,1029,69,전220
1699,1029,208,전220
1700,1030,121,전226
1701,1030,160,전226
1702,1031,121,전539
1703,1031,160,전539
1704,1032,57,우정원B140호
1705,1032,194,외307(전산실)
12581,7285,19,멀302
12582,7285,198,멀512
12583,7286,30,멀302
12584,7286,198,멀512
12585,7287,109,멀406
12586,7287,146,멀406
12587,7288,112,멀406
12588,7288,149,멀406
12589,7289,63,멀208
12590,7289,201,멀208
12591,7290,46,멀407
12592,7290,184,멀407
12593,7291,57,멀406
12594,7291,194,멀406
12595,7292,118,멀407
12596,7292,157,멀407
12597,7293,69,멀407
12598,7293,208,멀407
12599,7294,109,멀407
12600,7294,146,멀407
12601,7295,112,멀407
12602,7295,149,멀407
12603,7296,121,멀406
12604,7296,160,멀406
12605,7297,15,멀407
12606,7298,15,멀406
12607,7299,32,멀406
12608,7302,57,멀408
12609,7302,194,멀408
12610,7303,63,멀408
12611,7303,201,멀408
12612,7304,100,멀401
12613,7304,138,멀401
12614,7305,109,멀401
12615,7305,146,멀401
12616,7306,118,멀401
12617,7306,157,멀401
12618,7307,63,멀401
12619,7307,201,멀401
12620,7308,69,멀401
12621,7308,208,멀401
12622,7309,121,멀409
12623,7309,160,멀409
12624,7310,125,멀409
12625,7310,166,멀409
12626,7311,100,멀409
12627,7311,138,멀409
12628,7312,109,멀409
12629,7312,146,멀409
12630,7313,63,멀410
12631,7313,201,멀410
12632,7314,54,멀408
12633,7314,191,멀408
12634,7315,73,멀408
12635,7315,213,멀408
12636,7316,57,멀401
12637,7316,194,멀401
12638,7317,69,멀410
12639,7317,208,멀410
12640,7318,73,멀410
12641,7318,213,멀410
12642,7319,112,멀409
12643,7319,149,멀409
12644,7320,118,멀409
12645,7320,157,멀409
12646,7321,121,멀408
12647,7321,160,멀408
12648,7322,125,멀408
12649,7322,166,멀408
12650,7323,46,멀410
12651,7323,184,멀410
12652,7324,54,멀410
12653,7324,191,멀410
12654,7325,100,멀410
12655,7325,138,멀410
12656,7326,118,멀410
12657,7326,157,멀410
12658,7327,125,멀410
12659,7327,166,멀410
12660,7328,54,멀409
12661,7328,191,멀409
12662,7329,63,멀409
12663,7329,201,멀409
12664,7330,69,멀409
12665,7330,208,멀409
12666,7331,57,멀409
12667,7331,194,멀409
12668,7332,69,멀408
12669,7332,208,멀408
12670,7333,54,멀407
12671,7333,191,멀407
12672,7334,57,멀407
12673,7334,194,멀407
12674,7335,73,멀407
12675,7335,213,멀407
12676,7336,109,멀408
12677,7336,146,멀408
12678,7337,112,멀408
12679,7337,149,멀408
12680,7338,46,멀803
12681,7338,184,멀803
12682,7339,100,멀803
12683,7339,138,멀803
12684,7340,109,멀803
12685,7340,146,멀803
12686,7341,112,멀803
12687,7341,149,멀803
12688,7342,121,멀803
12689,7342,160,멀803
12690,7343,112,멀207
12691,7343,149,멀207
12692,7344,118,멀207
12693,7344,157,멀207
12694,7345,121,멀207
12695,7345,160,멀207
12696,7346,54,멀401
12697,7346,191,멀401
12698,7347,32,멀401
12699,7348,15,멀410
12700,7349,3,멀401
12701,7350,15,멀401
12702,7351,15,멀409
12703,7352,32,멀409
12704,7353,15,멀408
12705,7354,46,멀409
12706,7354,184,멀409
12707,7355,46,멀401
12708,7355,184,멀401
12709,7356,47,멀610
12710,7357,47,멀607
12711,7358,263,멀607
12712,7359,263,멀611
12713,7360,271,멀611
12714,7361,271,멀607
12715,7362,271,멀610
12716,7363,271,멀603
12717,7364,139,멀607
12718,7365,139,멀610
12719,7366,139,멀611
12720,7367,323,멀603
12721,7368,323,멀607
12722,7369,323,멀610
12723,7370,323,멀611
12724,7371,163,멀603
12725,7372,163,멀607
12726,7373,163,멀610
12727,7374,163,멀611
12728,7375,185,멀603
12729,7376,185,멀607
12730,7377,185,멀610
12731,7378,349,멀603
12732,7379,349,멀607
12733,7380,349,멀610
12734,7381,349,멀611
12735,7382,210,멀610
12736,7383,210,멀603
12737,7384,210,멀607
12738,7385,210,멀611
12739,7386,101,멀603
12740,7387,101,멀607
12741,7388,101,멀610
12742,7389,101,멀611
12743,7390,292,멀610
12744,7391,292,멀603
12745,7392,292,멀607
12746,7393,292,멀611
12747,7394,305,멀610
12748,7395,305,멀611
12749,7396,305,멀607
12750,7397,3,멀603
12751,7398,3,멀607
12752,7399,3,멀609
12753,7400,15,멀609
12754,7401,15,멀611
12755,7402,32,멀611
12756,7403,46,멀108
12757,7403,184,멀108
12758,7404,46,멀109
12759,7404,184,멀109
12760,7405,46,멀205
12761,7405,184,멀205
12762,7406,46,멀206
12763,7406,184,멀206
12764,7407,54,멀108
12765,7407,191,멀108
12766,7408,54,멀109
12767,7408,191,멀109
12768,7409,54,멀208
12769,7409,191,멀208
12770,7410,54,멀604
12771,7410,191,멀604
12772,7411,54,멀205
12773,7411,191,멀205
12774,7412,54,멀206
12775,7412,191,멀206
12776,7413,54,멀103
12777,7413,191,멀103
12778,7414,57,멀205
12779,7414,194,멀205
12780,7415,57,멀109
12781,7415,194,멀109
12782,7416,57,멀608
12783,7416,194,멀608
12784,7417,63,멀206
12785,7417,201,멀206
12786,7418,63,멀205
12787,7418,201,멀205
12788,7419,63,멀109
12789,7419,201,멀109
12790,7420,63,멀609
12791,7420,201,멀609
12792,7421,69,멀108
12793,7421,208,멀108
12794,7422,69,멀205
12795,7422,208,멀205
12796,7423,73,멀108
12797,7423,213,멀108
12798,7424,73,멀815
12799,7424,213,멀815
12800,7425,100,멀108
12801,7425,138,멀108
12802,7426,100,멀815
12803,7426,138,멀815
12804,7427,109,멀109
12805,7427,146,멀109
12806,7428,109,멀208
12807,7428,146,멀208
12808,7429,109,멀108
12809,7429,146,멀108
12810,7430,109,멀815
12811,7430,146,멀815
12812,7431,112,멀108
12813,7431,149,멀108
12814,7432,112,멀109
12815,7432,149,멀109
12816,7433,112,멀205
12817,7433,149,멀205
12818,7434,112,멀815
12819,7434,149,멀815
12820,7435,118,멀108
12821,7435,157,멀108
12822,7436,118,멀109
12823,7436,157,멀109
12824,7437,118,멀815
12825,7437,157,멀815
12826,7438,121,멀109
12827,7438,160,멀109
12828,7439,121,멀407
12829,7439,160,멀407
12830,7440,121,멀205
12831,7440,160,멀205
12832,7441,125,멀109
12833,7441,166,멀109
12834,7442,125,멀407
12835,7442,166,멀407
12836,7443,125,멀205
12837,7443,166,멀205
12838,7444,3,멀108
12839,7445,3,멀206
12840,7446,15,멀208
12841,7447,15,멀108
12842,7448,15,멀206
12843,7449,15,멀109
12844,7450,32,멀208
12845,7451,32,멀109
12846,7452,46,멀208
12847,7452,184,멀208
12848,7453,109,멀705-1
12849,7453,146,멀705-1
12850,7454,57,멀705
12851,7454,194,멀705
12852,7455,46,멀705-1
12853,7455,184,멀705-1
12854,7456,100,멀702
12855,7456,138,멀702
12856,7457,3,멀702
12857,7458,54,멀705-1
12858,7458,191,멀705-1
12859,7459,109,멀705
12860,7459,146,멀705
12861,7460,109,멀702
12862,7460,146,멀702
12863,7461,57,멀702
12864,7461,194,멀702
12865,7462,112,멀705-1
12866,7462,149,멀705-1
12867,7463,15,멀705
12868,7464,63,멀705-1
12869,7464,201,멀705-1
12870,7465,118,멀705-1
12871,7465,157,멀705-1
12872,7466,69,멀705-1
12873,7466,208,멀705-1
12874,7467,121,멀705-1
12875,7467,160,멀705-1
12876,7468,125,멀702
12877,7468,166,멀702
12878,7469,46,멀705
12879,7469,184,멀705
12880,7470,100,멀703
12881,7470,138,멀703
12882,7471,3,멀705-1
12883,7472,109,멀703
12884,7472,146,멀703
12885,7473,57,멀703
12886,7473,194,멀703
12887,7474,112,멀702
12888,7474,149,멀702
12889,7475,15,멀705-1
12890,7476,63,멀705
12891,7476,201,멀705
12892,7477,118,멀703
12893,7477,157,멀703
12894,7478,69,멀705
12895,7478,208,멀705
12896,7479,121,멀702
12897,7479,160,멀702
12898,7480,121,멀705
12899,7480,160,멀705
12900,7481,32,멀705
12901,7482,73,멀703
12902,7482,213,멀703
12903,7483,125,멀705
12904,7483,166,멀705
12905,7484,69,멀703
12906,7484,208,멀703
12907,7485,121,멀703
12908,7485,160,멀703
12909,7486,277,멀703
12910,7487,277,멀705-1
12911,7488,46,우정원B112
12912,7488,184,우정원B112
12913,7489,54,우정원B112
12914,7489,191,우정원B112
12915,7490,57,멀101
12916,7490,194,멀101
12917,7491,57,멀108
12918,7491,194,멀108
12919,7492,57,멀201
12920,7492,194,멀201
12921,7493,63,멀101
12922,7493,201,멀101
12923,7494,63,멀201
12924,7494,201,멀201
12925,7495,69,멀101
12926,7495,208,멀101
12927,7496,69,멀109
12928,7496,208,멀109
12929,7497,73,멀101
12930,7497,213,멀101
12931,7498,100,멀109
12932,7498,138,멀109
12933,7499,100,우정원B113
12934,7499,138,우정원B113
12935,7500,100,멀103
12936,7500,138,멀103
12937,7501,100,멀604
12938,7501,138,멀604
12939,7502,100,멀205
12940,7502,138,멀205
12941,7503,109,멀604
12942,7503,146,멀604
12943,7504,109,멀101
12944,7504,146,멀101
12945,7505,109,우정원B113
12946,7505,146,우정원B113
12947,7506,109,멀103
12948,7506,146,멀103
12949,7507,109,멀205
12950,7507,146,멀205
12951,7508,112,멀101
12952,7508,149,멀101
12953,7509,112,멀103
12954,7509,149,멀103
12955,7510,112,우정원B112
12956,7510,149,우정원B112
12957,7511,112,멀201
12958,7511,149,멀201
12959,7512,118,멀205
12960,7512,157,멀205
12961,7513,118,멀201
12962,7513,157,멀201
12963,7514,118,우정원B112
12964,7514,157,우정원B112
12965,7515,121,우정원B112
12966,7515,160,우정원B112
12967,7516,121,멀201
12968,7516,160,멀201
12969,7517,121,멀101
12970,7517,160,멀101
12971,7518,121,멀108
12972,7518,160,멀108
12973,7519,121,우정원B113
12974,7519,160,우정원B113
12975,7520,125,우정원B112
12976,7520,166,우정원B112
12977,7521,125,우정원B113
12978,7521,166,우정원B113
12979,7522,3,멀101
12980,7523,3,멀201
12981,7524,15,멀101
12982,7525,15,멀201
12983,7526,15,우정원B112
12984,7527,32,우정원B112
12985,7529,54,멀513
12986,7529,191,멀513
12987,7530,69,멀512
12988,7530,208,멀512
12989,7531,109,멀609
12990,7531,146,멀609
12991,7532,185,멀207
12992,7533,69,글507
12993,7533,208,글507
12994,7534,109,멀312
12995,7534,146,멀312
12996,7535,69,멀207
12997,7535,208,멀207
12998,7536,3,멀512
12999,7537,109,멀704
13000,7537,146,멀704
13001,7538,54,멀210
13002,7538,191,멀210
13003,7539,121,멀B114
13004,7539,160,멀B114
13005,7540,73,멀602
13006,7540,213,멀602
13007,7541,118,멀210
13008,7541,157,멀210
13009,7543,100,멀704
13010,7543,138,멀704
13011,7544,3,멀612
13012,7545,100,멀612
13013,7545,138,멀612
13014,7546,100,멀203
13015,7546,138,멀203
13016,7547,109,멀203
13017,7547,146,멀203
13018,7548,121,멀612
13019,7548,160,멀612
13020,7549,54,멀411
13021,7549,191,멀411
13022,7550,54,멀612
13023,7550,191,멀612
13024,7551,63,멀612
13025,7551,201,멀612
13026,7552,69,멀612
13027,7552,208,멀612
13028,7553,118,멀612
13029,7553,157,멀612
13030,7554,69,멀312
13031,7554,208,멀312
13032,7555,69,멀602
13033,7555,208,멀602
13034,7556,69,멀411
13035,7556,208,멀411
13036,7557,63,멀602
13037,7557,201,멀602
13038,7558,121,멀210
13039,7558,160,멀210
13040,7560,118,멀312
13041,7560,157,멀312
13042,7561,57,멀403
13043,7561,194,멀403
13044,7562,112,멀312
13045,7562,149,멀312
13046,7563,353,멀B114
13047,7564,32,멀312
13048,7565,57,멀513
13049,7565,194,멀513
13050,7566,15,멀411
13051,7567,63,멀411
13052,7567,201,멀411
13053,7568,54,멀826
13054,7568,191,멀826
13055,7569,15,멀312
13056,7570,210,멀608
13057,7571,112,멀411
13058,7571,149,멀411
13059,7572,271,멀B114
13060,7573,210,멀609
13061,7574,63,멀312
13062,7574,201,멀312
13063,7575,25,멀612
13064,7576,46,멀704
13065,7576,184,멀704
13066,7577,118,멀203
13067,7577,157,멀203
13068,7578,109,멀513
13069,7578,146,멀513
13070,7579,109,멀612
13071,7579,146,멀612
13072,7580,112,멀602
13073,7580,149,멀602
13074,7581,69,멀513
13075,7581,208,멀513
13076,7583,109,멀210
13077,7583,146,멀210
13078,7584,340,멀204
13079,7585,210,멀112
13080,7586,32,멀411
13081,7587,73,멀406
13082,7587,213,멀406
13083,7588,125,멀312
13084,7588,166,멀312
13085,7589,63,멀826
13086,7589,201,멀826
13087,7590,63,멀203
13088,7590,201,멀203
13089,7591,3,멀312
13090,7592,263,멀512
13091,7593,63,멀210
13092,7593,201,멀210
13093,7594,3,멀210
13094,7595,46,멀826
13095,7595,184,멀826
13096,7596,112,멀210
13097,7596,149,멀210
13098,7597,15,멀512
13099,7598,63,멀406
13100,7598,201,멀406
13101,7600,54,멀602
13102,7600,191,멀602
13103,7601,54,멀403
13104,7601,191,멀403
13105,7602,184,멀312
13106,7602,191,멀312
13107,7603,305,멀826
13108,7604,69,멀210
13109,7604,208,멀210
13110,7605,69,멀826
13111,7605,208,멀826
13112,7606,100,멀513
13113,7606,138,멀513
13114,7607,69,멀704
13115,7607,208,멀704
13116,7609,69,멀406
13117,7609,208,멀406
13118,7610,323,멀512
13119,7611,57,멀208
13120,7611,194,멀208
13121,7612,69,멀208
13122,7612,208,멀208
13123,7613,100,멀208
13124,7613,138,멀208
13125,7614,109,멀206
13126,7614,146,멀206
13127,7615,118,멀206
13128,7615,157,멀206
13129,7616,57,멀609
13130,7616,194,멀609
13131,7617,118,멀408
13132,7617,157,멀408
13133,7618,100,멀206
13134,7618,138,멀206
13135,7619,54,멀512
13136,7619,191,멀512
13137,7620,57,멀602
13138,7620,194,멀602
13139,7621,63,멀207
13140,7621,201,멀207
13141,7622,121,멀206
13142,7622,160,멀206
13143,7623,125,멀411
13144,7623,166,멀411
13145,7624,100,멀207
13146,7624,138,멀207
13147,7625,54,멀608
13148,7625,191,멀608
13149,7626,63,멀608
13150,7626,201,멀608
13151,7627,323,멀608
13152,7628,3,멀704
13153,7629,15,멀826
13154,7630,54,멀203
13155,7630,191,멀203
13156,7631,292,멀B114
13157,7632,323,멀B114
13158,7633,54,멀609
13159,7633,191,멀609
13160,7634,3,멀208
13161,7635,109,멀204
13162,7635,146,멀204
13163,7636,109,멀411
13164,7636,146,멀411
13165,7637,210,글401
13166,7639,100,멀826
13167,7639,138,멀826
13168,7640,81,멀202
13169,7641,338,예B167
13170,7642,312,예B122
13171,7643,312,예102
13172,7644,338,외402
13173,7645,190,멀702
13174,7646,355,멀702
13175,7647,296,멀702
13176,7648,264,멀603
13177,7649,270,멀702
13178,7650,270,멀201
13179,7651,296,멀103
13180,7652,296,멀101
13181,7654,112,멀203
13182,7654,149,멀203
13183,7656,63,멀513
13184,7656,201,멀513
13185,7657,109,글507
13186,7657,146,글507
13187,7658,112,글507
13188,7658,149,글507
13189,7659,198,체B101호
13190,7660,147,체215-3호
13191,7661,110,체215-3호
13192,7666,289,글403
13193,7667,122,글403
13194,7671,56,웨이트장
13195,7672,258,웨이트장
13196,7673,343,웨이트장
13197,7678,242,체B103호
13198,7679,248,체B103호
13199,7680,343,체B120호
13200,7681,56,1호관테니스장
13201,7682,61,1호관테니스장
13202,7683,150,글403
13203,7684,32,멀826
13204,7685,210,멀204
13205,7689,239,체215-1호
13206,7690,258,체B120호
13207,7691,3,멀826
13208,7692,278,전205
13209,7693,220,전227
13210,7694,173,B09
13211,7695,173,전211-1
13212,7696,173,전101
13213,7697,78,전219
13214,7698,173,공146호
13215,7699,220,전217
13216,7700,220,국경305
13217,7701,220,국경301
13218,7702,220,생424
13219,7703,220,생423
13220,7704,220,생422
13221,7705,131,멀B114
13222,7706,173,외202
13223,7707,173,외308
13224,7708,173,외201
13225,7709,173,외412
13226,7710,173,외306
13227,7711,173,외301
13228,7712,173,외204
13229,7713,131,예306
13230,7714,173,예415
13231,7715,336,예502
13232,7716,78,예615
13233,7717,336,예702
13234,7718,78,예115
13235,7719,131,예B139
13236,7720,308,예118
13237,7721,131,체105호
13238,7722,173,체304호
13239,7723,78,체304호
13240,7724,78,체105호
13241,7725,173,체105호
13242,7728,118,멀513
13243,7728,157,멀513
13244,7729,167,멀803
13245,7730,167,멀805
13246,7731,214,멀803
13247,7732,46,멀805
13248,7732,184,멀805
13249,7733,100,멀805
13250,7733,138,멀805
13251,7734,54,멀805
13252,7734,191,멀805
13253,7735,109,멀805
13254,7735,146,멀805
13255,7736,69,멀805
13256,7736,208,멀805
13257,7737,63,멀803
13258,7737,201,멀803
13259,7738,73,멀805
13260,7738,213,멀805
13261,7739,69,멀803
13262,7739,208,멀803
13263,7742,109,멀602
13264,7742,146,멀602
13265,7743,3,멀513
13266,7744,109,멀826
13267,7744,146,멀826
13268,7746,69,멀203
13269,7746,208,멀203
13270,7748,292,멀202
13271,7749,62,멀202
13272,7750,305,멀203
13273,7751,263,멀204
13274,7752,349,멀202
13275,7753,3,멀411
1706,1033,5,예305
1707,1034,54,공367호
1708,1034,191,공367호
1709,1035,57,공367호
1710,1035,194,공367호
1711,1036,112,공367호
1712,1036,149,공367호
1713,1037,118,공367호
1714,1037,157,공367호
1715,1038,109,공148호
1716,1038,146,공148호
1717,1039,125,공B101호
1718,1039,166,공B101호
13276,7754,347,멀B114
13277,7755,118,멀411
13278,7755,157,멀411
13279,7756,237,멀602
1719,1040,46,공165호
1720,1040,184,공165호
1721,1041,73,공371호
1722,1041,213,공371호
1723,1042,73,공B104호
1724,1042,213,공B104호
1725,1043,118,공371호
1726,1043,157,공371호
1727,1044,118,공B104호
1728,1044,157,공B104호
1729,1045,5,전211-1
1730,1046,5,전226
1731,1047,61,전205
1732,1047,198,전205
1733,1048,115,전205
1734,1048,154,전205
1735,1049,95,ONLINE
1736,1050,128,전205
1737,1050,169,전205
1738,1051,77,B09
1739,1051,217,B09
1740,1052,229,전309
1741,1053,109,B09
1742,1053,146,B09
1743,1054,121,B09
1744,1054,160,B09
1745,1055,125,전211-1
1746,1055,166,전211-1
1747,1056,63,전539
1748,1056,201,전539
1749,1057,156,전136
1750,1058,69,B01
1751,1058,208,B01
1752,1059,133,전309
1753,1060,16,전409
1754,1061,84,전409
1755,1062,16,전409
1756,1063,83,전309
1757,1064,133,전309
1758,1065,16,전509
1759,1066,16,전509
1760,1067,226,전309
1761,1068,224,전137
1762,1069,39,전137
1763,1070,57,B01
1764,1070,194,B01
1765,1071,172,전409
1766,1072,219,전509
1767,1073,172,전409
1768,1074,172,전409
1769,1075,219,전509
1770,1076,219,전509
1771,1077,115,B07
1772,1077,154,B07
1773,1078,69,전103
1774,1078,208,전103
1775,1079,33,전409
1776,1080,33,전409
1777,1081,33,전309
1778,1082,33,전409
1779,1083,33,전409
1780,1084,33,전409
1781,1085,16,전309
1782,1086,33,전409
1783,1087,33,전409
1784,1088,33,우정원B140호
1785,1089,33,전409
1786,1090,33,전309
1787,1091,33,전309
1788,1092,33,우정원B140호
1789,1093,33,우정원B140호
1790,1094,33,우정원B140호
1791,1095,33,전409
1792,1096,33,전409
1793,1097,33,전409
1794,1098,33,전409
1795,1099,33,전409
1796,1100,16,전309
1797,1101,16,전309
1798,1102,16,전309
1799,1103,33,전409
1800,1104,33,전409
1801,1105,1,B09
1802,1106,231,전309
1803,1107,100,B09
1804,1107,138,B09
1805,1108,121,전211-1
1806,1108,160,전211-1
1807,1109,125,B06
1808,1109,166,B06
1809,1110,57,전137
1810,1110,194,전137
1811,1111,63,전211-1
1812,1111,201,전211-1
1813,1112,107,B01
1814,1112,144,B01
1815,1113,112,B06
1816,1113,149,B06
1817,1114,109,전309
1818,1114,146,전309
1819,1115,125,B05
1820,1115,166,B05
1821,1116,43,B07
13280,7757,46,국경311
13281,7757,184,국경311
13282,7758,54,전102
13283,7758,191,전102
13284,7759,3,전102
13285,7760,25,전102
13286,7761,57,전102
13287,7761,194,전102
13288,7762,63,전221
13289,7762,201,전221
13290,7763,112,전221
13291,7763,149,전221
13292,7764,118,전221
13293,7764,157,전221
13294,7765,121,전102
13295,7765,160,전102
13296,7766,125,전102
13297,7766,166,전102
13298,7767,3,전221
13299,7768,25,전221
13300,7769,100,멀107
13301,7769,138,멀107
13302,7770,109,멀107
13303,7770,146,멀107
13304,7771,3,멀404
13305,7772,15,멀404
13306,7773,118,멀107
13307,7773,157,멀107
13308,7774,121,멀107
13309,7774,160,멀107
13310,7775,69,전101
13311,7775,208,전101
13312,7776,73,전101
13313,7776,213,전101
13314,7777,109,전102
13315,7777,146,전102
13316,7778,46,전102
13317,7778,184,전102
13318,7779,54,전223
13319,7779,191,전223
13320,7780,63,전102
13321,7780,201,전102
13322,7781,112,전101
13323,7781,149,전101
13324,7782,118,전101
13325,7782,157,전101
13326,7783,100,전101
13327,7783,138,전101
13328,7784,109,전221
13329,7784,146,전221
13330,7785,121,전101
13331,7785,160,전101
13332,7786,125,전101
13333,7786,166,전101
13334,7787,46,전217
13335,7787,184,전217
13336,7788,54,전217
13337,7788,191,전217
13338,7789,3,전101
13339,7790,25,전101
13340,7791,46,멀107
13341,7791,184,멀107
13342,7792,54,멀107
13343,7792,191,멀107
13344,7793,63,멀107
13345,7793,201,멀107
13346,7794,69,멀107
13347,7794,208,멀107
13348,7795,55,멀404
13349,7795,192,멀308
13350,7796,55,멀404
13351,7796,192,멀309
13352,7797,110,멀404
13353,7797,147,멀308
13354,7798,110,멀404
13355,7798,147,멀309
13356,7799,115,멀404
13357,7799,154,멀308
13358,7800,115,멀404
13359,7800,154,멀309
13360,7801,54,공263호
13361,7801,191,공263호
13362,7802,112,멀204
13363,7802,149,멀204
13364,7803,15,멀403
13365,7804,3,공146호
13366,7805,25,공146호
13367,7806,3,멀403
13368,7807,69,공365호
13369,7807,208,공365호
13370,7808,63,멀404
13371,7808,201,멀404
13372,7809,121,멀404
13373,7809,160,멀404
13374,7810,125,멀404
13375,7810,166,멀404
13376,7811,3,멀B114
13377,7812,15,멀B114
13378,7813,112,전102
13379,7813,149,전102
13380,7814,100,멀405
13381,7814,138,멀405
13382,7815,109,멀405
13383,7815,146,멀405
13384,7816,3,멀107
13385,7817,21,멀107
13386,7818,63,공367호
13387,7818,201,공367호
13388,7819,73,전218
13389,7819,213,전218
13390,7820,63,전226
13391,7820,201,전226
13392,7821,56,멀403
13393,7821,193,멀305
13394,7822,56,멀403
13395,7822,193,멀306
13396,7823,165,멀305
13397,7823,212,멀403
13398,7824,165,멀306
13399,7824,212,멀403
13400,7825,58,멀302
13401,7825,195,멀403
13402,7826,58,멀304
13403,7826,195,멀403
13404,7827,67,멀302
13405,7827,205,멀403
13406,7828,67,멀304
13407,7828,205,멀403
13408,7829,54,멀405
13409,7829,191,멀405
13410,7830,69,멀405
13411,7830,208,멀405
13412,7831,73,멀405
13413,7831,213,멀405
13414,7832,109,멀704
13415,7832,146,멀704
13416,7833,46,멀405
13417,7833,184,멀405
13418,7834,118,생424
13419,7834,157,생424
13420,7835,46,국경305
13421,7835,184,국경305
13422,7836,63,국경305
13423,7836,201,국경305
13424,7837,54,국경301
13425,7837,191,국경301
13426,7838,46,국경301
13427,7838,184,국경301
13428,7839,100,생424
13429,7839,138,생424
13430,7840,109,생424
13431,7840,146,생424
1822,1117,70,전205
1823,1117,209,전205
1824,1118,115,B09
1825,1118,154,B09
1826,1121,63,전136
1827,1121,201,전136
1828,1122,109,전103
1829,1122,146,전103
1830,1123,125,전136
1831,1123,166,전136
1832,1124,121,B07
1833,1124,160,B07
1834,1125,118,전103
1835,1125,157,전103
1836,1126,61,B01
1837,1126,198,B01
1838,1127,70,B07
1839,1127,209,B07
1840,1128,52,B09
1841,1128,189,B09
1842,1129,63,전103
1843,1129,201,전103
1844,1130,54,B07
1845,1130,191,B07
1846,1131,73,전103
1847,1131,213,전103
1848,1132,63,전137
1849,1132,201,전137
1850,1133,69,전103
1851,1133,208,전103
1852,1134,3,전136
1853,1135,54,전103
1854,1135,191,전103
1855,1136,112,전103
1856,1136,149,전103
1857,1137,61,B09
1858,1137,198,B09
1859,1138,115,전136
1860,1138,154,전136
1861,1139,121,전103
1862,1139,160,전103
1863,1140,109,B09
1864,1140,146,B09
1865,1141,69,B09
1866,1141,208,B09
1867,1142,125,전103
1868,1142,166,전103
1869,1143,69,B01
1870,1143,208,B01
1871,1144,109,B07
1872,1144,146,B07
1873,1145,3,전137
1874,1146,74,B09
1875,1146,214,B09
1876,1147,47,B01
1877,1148,3,B06
1878,1150,32,B09
1879,1151,15,B01
1880,1152,3,B01
1881,1153,43,B09
1882,1154,43,B09
1883,1155,43,B09
1884,1156,43,B09
1885,1157,43,B09
1886,1158,43,B09
1887,1159,43,B09
1888,1160,43,B09
1889,1161,43,B09
1890,1162,43,B09
1891,1163,43,B09
1892,1164,43,B09
1893,1165,43,B09
1894,1166,43,B09
1895,1167,43,B09
1896,1168,43,B09
1897,1169,43,B09
1898,1170,69,전137
1899,1170,208,전137
1900,1171,101,전137
1901,1172,109,B05
1902,1172,146,B05
1903,1173,32,전136
1904,1174,163,B01
1905,1175,73,전136
1906,1175,213,전136
1907,1176,92,
1908,1177,97,
1909,1178,97,
1910,1179,92,
1911,1180,92,
1912,1181,92,
1913,1182,92,
1914,1183,97,
1915,1184,97,
1916,1185,93,
1917,1186,93,
1918,1187,93,
1919,1188,93,
1920,1189,93,
1921,1190,93,
1922,1191,93,
13432,7841,158,멀402
13433,7842,333,멀402
13434,7843,119,멀604
13435,7844,289,멀402
13436,7845,273,멀402
13437,7846,316,멀402
13438,7847,65,멀402
13439,7854,119,멀402
13440,7855,307,멀402
13441,7856,321,멀402
13442,7857,56,멀512
13443,7858,203,멀402
13444,7859,358,멀402
13445,7860,247,멀402
13446,7861,13,멀402
13447,7864,65,멀604
13448,7865,273,멀604
1923,1192,54,전205
1924,1192,191,전205
1925,1193,100,전226
1926,1193,138,전226
1927,1194,109,전226
1928,1194,146,전226
1929,1195,54,전220
1930,1195,191,전220
1931,1196,54,전226
1932,1196,191,전226
1933,1197,112,전445
1934,1197,149,전445
1935,1198,112,전227
1936,1198,149,전227
1937,1199,69,전220
1938,1199,208,전220
1939,1200,69,전226
1940,1200,208,전226
1941,1201,121,전220
1942,1201,160,전220
1943,1202,121,전226
1944,1202,160,전226
1945,1203,109,전409
1946,1203,146,전409
1947,1204,54,외401
1948,1204,191,외401
13449,7866,13,멀405
13450,7866,19,멀302
13451,7867,13,멀405
13452,7867,30,멀302
13453,7868,46,멀407
13454,7868,184,멀407
13455,7869,54,멀407
13456,7869,191,멀407
13457,7870,57,멀407
13458,7870,194,멀407
13459,7871,63,멀204
13460,7871,201,멀204
13461,7872,69,멀407
13462,7872,208,멀407
13463,7873,73,멀407
13464,7873,213,멀407
13465,7874,109,멀407
13466,7874,146,멀407
13467,7875,112,멀407
13468,7875,149,멀407
13469,7876,121,멀407
13470,7876,160,멀407
13471,7878,3,멀401
13472,7879,15,멀409
13473,7880,15,멀407
13474,7881,15,멀401
13475,7882,15,멀410
13476,7883,32,멀409
13477,7884,32,멀407
13478,7885,46,멀410
13479,7885,184,멀410
13480,7886,54,멀410
13481,7886,191,멀410
13482,7887,54,멀408
13483,7887,191,멀408
13484,7888,46,멀409
13485,7888,184,멀409
13486,7889,54,멀401
13487,7889,191,멀401
13488,7890,54,멀409
13489,7890,191,멀409
13490,7891,57,멀408
13491,7891,194,멀408
13492,7892,57,멀410
13493,7892,194,멀410
13494,7893,57,멀805
13495,7893,194,멀805
13496,7894,57,멀401
13497,7894,194,멀401
13498,7895,63,멀410
13499,7895,201,멀410
13500,7896,63,멀401
13501,7896,201,멀401
13502,7897,63,멀408
13503,7897,201,멀408
13504,7898,63,멀409
13505,7898,201,멀409
13506,7899,69,멀401
13507,7899,208,멀401
13508,7900,69,멀409
13509,7900,208,멀409
13510,7901,69,멀410
13511,7901,208,멀410
13512,7902,73,멀408
13513,7902,213,멀408
13514,7903,73,멀410
13515,7903,213,멀410
13516,7904,73,멀401
13517,7904,213,멀401
13518,7905,100,멀409
13519,7905,138,멀409
13520,7906,100,멀410
13521,7906,138,멀410
13522,7907,100,멀408
13523,7907,138,멀408
13524,7908,109,멀401
13525,7908,146,멀401
13526,7909,109,멀409
13527,7909,146,멀409
13528,7910,109,멀803
13529,7910,146,멀803
13530,7911,109,멀410
13531,7911,146,멀410
13532,7912,112,멀401
13533,7912,149,멀401
13534,7913,112,멀409
13535,7913,149,멀409
13536,7914,112,멀803
13537,7914,149,멀803
13538,7915,112,멀805
13539,7915,149,멀805
13540,7916,118,멀409
13541,7916,157,멀409
13542,7917,118,멀401
13543,7917,157,멀401
13544,7918,118,멀408
13545,7918,157,멀408
13546,7919,118,멀805
13547,7919,157,멀805
13548,7920,121,멀409
13549,7920,160,멀409
13550,7921,121,멀803
13551,7921,160,멀803
13552,7922,121,멀401
13553,7922,160,멀401
13554,7923,121,멀805
13555,7923,160,멀805
13556,7924,125,멀409
13557,7924,166,멀409
13558,7925,125,멀408
13559,7925,166,멀408
13560,7926,125,멀401
13561,7926,166,멀401
13562,7927,125,멀803
13563,7927,166,멀803
13564,7928,47,멀610
13565,7929,47,멀611
13566,7930,47,멀603
13567,7931,263,멀610
13568,7932,263,멀611
13569,7933,263,멀607
13570,7934,263,멀603
13571,7935,271,멀611
13572,7936,271,멀603
13573,7937,271,멀610
13574,7938,271,멀207
13575,7939,139,멀607
13576,7940,139,멀610
13577,7941,323,멀603
13578,7942,323,멀607
13579,7943,323,멀610
13580,7944,323,멀611
13581,7945,163,멀603
13582,7946,163,멀607
13583,7947,163,멀610
13584,7948,163,멀611
13585,7949,185,멀603
13586,7950,185,멀604
13587,7951,185,멀610
13588,7952,349,멀603
13589,7953,349,멀607
13590,7954,349,멀611
13591,7955,349,멀610
13592,7956,210,멀610
13593,7957,210,멀603
13594,7958,210,멀604
13595,7959,210,멀611
13596,7960,101,멀603
13597,7961,101,멀611
13598,7962,101,멀610
13599,7963,101,멀607
13600,7964,292,멀610
13601,7965,292,멀603
13602,7966,292,멀607
13603,7967,292,멀611
13604,7968,305,멀610
13605,7969,305,멀611
13606,7970,305,멀603
13607,7971,305,멀607
13608,7972,3,멀603
13609,7973,3,멀611
13610,7974,3,멀610
13611,7975,15,멀610
13612,7976,15,멀611
13613,7977,32,멀611
13614,7978,46,멀207
13615,7978,184,멀207
13616,7979,46,멀206
13617,7979,184,멀206
13618,7980,46,멀103
13619,7980,184,멀103
13620,7981,46,멀205
13621,7981,184,멀205
13622,7982,54,멀207
13623,7982,191,멀207
13624,7983,54,멀208
13625,7983,191,멀208
13626,7984,54,멀206
13627,7984,191,멀206
13628,7985,57,멀208
13629,7985,194,멀208
13630,7986,57,멀206
13631,7986,194,멀206
13632,7987,57,멀205
13633,7987,194,멀205
13634,7988,63,멀208
13635,7988,201,멀208
13636,7989,63,멀206
13637,7989,201,멀206
13638,7990,63,멀205
13639,7990,201,멀205
13640,7991,69,멀206
13641,7991,208,멀206
13642,7992,69,멀208
13643,7992,208,멀208
13644,7993,73,멀206
13645,7993,213,멀206
13646,7994,73,멀208
13647,7994,213,멀208
13648,7995,73,멀205
13649,7995,213,멀205
13650,7996,100,멀103
13651,7996,138,멀103
13652,7997,100,멀205
13653,7997,138,멀205
13654,7998,100,멀206
13655,7998,138,멀206
13656,7999,109,멀208
13657,7999,146,멀208
13658,8000,109,멀205
13659,8000,146,멀205
13660,8001,109,멀206
13661,8001,146,멀206
13662,8002,112,멀205
13663,8002,149,멀205
13664,8003,112,멀208
13665,8003,149,멀208
13666,8004,112,멀206
13667,8004,149,멀206
13668,8005,118,멀205
13669,8005,157,멀205
13670,8006,118,멀208
13671,8006,157,멀208
13672,8007,121,멀207
13673,8007,160,멀207
13674,8008,121,멀205
13675,8008,160,멀205
13676,8009,125,멀207
13677,8009,166,멀207
13678,8010,125,멀205
13679,8010,166,멀205
13680,8011,3,멀408
13681,8012,3,멀206
13682,8013,3,멀208
13683,8014,15,멀408
13684,8015,15,멀206
13685,8016,15,멀208
13686,8017,32,멀208
13687,8018,46,멀208
13688,8018,184,멀208
13689,8019,54,멀705
13690,8019,191,멀705
13691,8020,125,멀702
13692,8020,166,멀702
13693,8021,3,멀705
13694,8022,54,멀705-1
13695,8022,191,멀705-1
13696,8023,57,멀702
13697,8023,194,멀702
13698,8024,63,멀705-1
13699,8024,201,멀705-1
13700,8025,69,멀705-1
13701,8025,208,멀705-1
13702,8026,109,멀705-1
13703,8026,146,멀705-1
13704,8027,112,멀705-1
13705,8027,149,멀705-1
13706,8028,118,멀705-1
13707,8028,157,멀705-1
13708,8029,121,멀705-1
13709,8029,160,멀705-1
13710,8030,3,멀702
13711,8031,15,멀702
13712,8032,54,멀702
13713,8032,191,멀702
13714,8033,63,멀702
13715,8033,201,멀702
13716,8034,109,멀705
13717,8034,146,멀705
13718,8035,112,멀702
13719,8035,149,멀702
13720,8036,118,멀702
13721,8036,157,멀702
13722,8037,125,멀703
13723,8037,166,멀703
13724,8038,3,멀705-1
13725,8039,15,멀705-1
13726,8040,121,멀705
13727,8040,160,멀705
13728,8041,121,멀703
13729,8041,160,멀703
13730,8042,277,멀705
13731,8043,277,멀705-1
13732,8044,46,멀101
13733,8044,184,멀101
13734,8045,46,멀109
13735,8045,184,멀109
13736,8046,46,멀201
13737,8046,184,멀201
13738,8047,54,멀103
13739,8047,191,멀103
13740,8048,54,멀101
13741,8048,191,멀101
13742,8049,54,멀109
13743,8049,191,멀109
13744,8050,54,멀205
13745,8050,191,멀205
13746,8051,63,멀103
13747,8051,201,멀103
13748,8052,57,멀103
13749,8052,194,멀103
13750,8053,57,멀207
13751,8053,194,멀207
13752,8054,57,멀108
13753,8054,194,멀108
13754,8055,57,멀109
13755,8055,194,멀109
13756,8056,54,멀201
13757,8056,191,멀201
13758,8057,63,멀108
13759,8057,201,멀108
13760,8058,63,멀101
13761,8058,201,멀101
13762,8059,63,멀109
13763,8059,201,멀109
13764,8060,69,멀101
13765,8060,208,멀101
13766,8061,69,멀205
13767,8061,208,멀205
13768,8062,69,멀108
13769,8062,208,멀108
13770,8063,69,멀201
13771,8063,208,멀201
13772,8064,73,멀108
13773,8064,213,멀108
13774,8065,73,멀201
13775,8065,213,멀201
13776,8066,100,멀207
13777,8066,138,멀207
13778,8067,100,멀109
13779,8067,138,멀109
13780,8068,109,멀207
13781,8068,146,멀207
13782,8069,109,멀109
13783,8069,146,멀109
13784,8070,109,멀201
13785,8070,146,멀201
13786,8071,109,멀108
13787,8071,146,멀108
13788,8072,109,멀103
13789,8072,146,멀103
13790,8073,112,멀108
13791,8073,149,멀108
13792,8074,112,멀201
13793,8074,149,멀201
13794,8075,112,멀101
13795,8075,149,멀101
13796,8076,112,멀103
13797,8076,149,멀103
13798,8077,118,멀108
13799,8077,157,멀108
13800,8078,118,멀109
13801,8078,157,멀109
13802,8079,118,멀206
13803,8079,157,멀206
13804,8080,118,멀101
13805,8080,157,멀101
13806,8081,118,멀103
13807,8081,157,멀103
13808,8082,121,멀108
13809,8082,160,멀108
13810,8083,121,멀109
13811,8083,160,멀109
13812,8084,121,멀101
13813,8084,160,멀101
13814,8085,121,멀201
13815,8085,160,멀201
13816,8086,121,멀103
13817,8086,160,멀103
13818,8087,125,멀108
13819,8087,166,멀108
13820,8088,125,멀103
13821,8088,166,멀103
13822,8089,3,멀108
13823,8090,3,멀109
13824,8091,15,멀108
13825,8092,15,멀109
13826,8093,15,멀201
13827,8094,15,멀101
13828,8095,32,멀201
13829,8096,69,멀103
13830,8096,208,멀103
13831,8097,15,멀704
13832,8099,121,멀411
13833,8099,160,멀411
13834,8100,185,멀210
13835,8101,118,멀704
13836,8101,157,멀704
13837,8102,109,멀411
13838,8102,146,멀411
13839,8103,185,멀B114
13840,8105,69,멀210
13841,8105,208,멀210
13842,8106,3,멀312
13843,8107,25,멀312
13844,8108,297,멀602
13845,8109,15,멀411
13846,8110,118,멀411
13847,8110,157,멀411
13848,8111,210,멀512
13849,8112,57,멀612
13850,8112,194,멀612
13851,8113,112,멀612
13852,8113,149,멀612
13853,8114,121,멀B114
13854,8114,160,멀B114
13855,8115,118,멀826
13856,8115,157,멀826
13857,8117,3,멀612
13858,8118,57,멀210
13859,8118,194,멀210
13860,8119,100,멀203
13861,8119,138,멀203
13862,8120,109,멀203
13863,8120,146,멀203
13864,8121,121,멀612
13865,8121,160,멀612
13866,8122,118,멀210
13867,8122,157,멀210
13868,8123,54,멀312
13869,8123,191,멀312
13870,8124,54,멀612
13871,8124,191,멀612
13872,8125,63,멀612
13873,8125,201,멀612
13874,8126,69,멀312
13875,8126,208,멀312
13876,8127,15,멀204
13877,8131,57,멀204
13878,8131,194,멀204
13879,8132,112,멀210
13880,8132,149,멀210
13881,8133,349,멀B114
13882,8134,63,멀407
13883,8134,201,멀407
13884,8135,15,멀612
13885,8136,112,멀411
13886,8136,149,멀411
13887,8137,63,멀312
13888,8137,201,멀312
13889,8138,54,멀826
13890,8138,191,멀826
13891,8139,15,멀513
13892,8140,210,멀602
13893,8141,112,멀513
13894,8141,149,멀513
13895,8142,305,멀312
13896,8143,210,멀704
13897,8144,121,멀210
13898,8144,160,멀210
13899,8145,63,멀210
13900,8145,201,멀210
13901,8146,46,멀204
13902,8146,184,멀204
13903,8147,46,멀203
13904,8147,184,멀203
13905,8148,63,멀513
13906,8148,201,멀513
13907,8149,100,멀403
13908,8149,138,멀403
13909,8150,109,멀403
13910,8150,146,멀403
13911,8151,69,멀204
13912,8151,208,멀204
13913,8152,112,멀312
13914,8152,149,멀312
13915,8154,109,멀612
13916,8154,146,멀612
13917,8155,340,멀204
13918,8156,32,멀612
13919,8157,125,멀512
13920,8157,166,멀512
13921,8158,125,멀210
13922,8158,166,멀210
13923,8159,63,멀826
13924,8159,201,멀826
13925,8160,46,멀513
13926,8160,184,멀513
13927,8161,3,멀210
13928,8162,63,멀203
13929,8162,201,멀203
13930,8163,3,멀207
13931,8164,271,멀513
13932,8165,63,멀512
13933,8165,201,멀512
13934,8166,3,멀411
13935,8167,121,멀204
13936,8167,160,멀204
13937,8168,46,멀826
13938,8168,184,멀826
13939,8169,112,멀826
13940,8169,149,멀826
13941,8170,46,멀608
13942,8170,184,멀608
13943,8172,54,멀204
13944,8172,191,멀204
13945,8173,185,멀411
13946,8174,305,멀826
13947,8175,69,멀411
13948,8175,208,멀411
13949,8177,57,멀411
13950,8177,194,멀411
13951,8178,69,멀826
13952,8178,208,멀826
13953,8179,69,멀612
13954,8179,208,멀612
13955,8180,121,멀512
13956,8180,160,멀512
13957,8181,323,멀512
13958,8182,57,멀609
13959,8182,194,멀609
13960,8183,109,멀204
13961,8183,146,멀204
13962,8184,118,멀204
13963,8184,157,멀204
13964,8185,46,멀406
13965,8185,184,멀406
13966,8186,54,멀406
13967,8186,191,멀406
13968,8187,118,멀312
13969,8187,157,멀312
13970,8188,100,멀608
13971,8188,138,멀608
13972,8189,54,멀608
13973,8189,191,멀608
13974,8190,57,멀608
13975,8190,194,멀608
13976,8191,121,멀405
13977,8191,160,멀405
13978,8192,109,멀608
13979,8192,146,멀608
13980,8193,54,멀609
13981,8193,191,멀609
13982,8194,63,멀609
13983,8194,201,멀609
13984,8195,139,멀512
13985,8196,3,멀202
13986,8197,15,멀406
13987,8198,292,멀B114
13988,8199,323,멀B114
13989,8200,109,멀513
13990,8200,146,멀513
13991,8201,210,글401
13992,8202,25,멀826
13993,8204,109,멀408
13994,8204,146,멀408
13995,8205,112,멀408
13996,8205,149,멀408
13997,8206,81,멀202
13998,8207,338,예B167
13999,8208,312,예B122
14000,8209,312,예102
14001,8210,338,외402
14002,8211,264,멀402
14003,8212,270,멀815
14004,8213,355,멀703
14005,8214,53,멀703
14006,8215,319,멀703
14007,8216,296,멀705
14008,8217,296,멀410
14009,8219,112,멀203
14010,8219,149,멀203
14011,8220,3,멀513
14012,8222,109,글507
14013,8222,146,글507
14014,8223,112,글507
14015,8223,149,글507
14016,8230,198,체B101호
14017,8231,147,체215-3호
14018,8232,110,체215-3
14019,8236,122,글403
14020,8237,289,글403
14021,8240,258,웨이트장
14022,8241,56,웨이트장
14023,8244,242,체B103호
14024,8245,248,체B103호
14025,8246,343,체B119호
14026,8247,61,1호관테니스장
14027,8248,189,글403
14028,8249,195,글403
14029,8250,32,멀204
14030,8251,163,멀704
14031,8254,239,체215-1호
14032,8255,258,체B120호
14033,8256,3,멀826
14034,8257,63,멀411
14035,8257,201,멀411
14036,8259,118,멀612
14037,8259,157,멀612
14038,8260,167,멀109
14039,8261,74,멀409
14040,8262,74,멀406
14041,8263,100,멀604
14042,8263,138,멀604
14043,8264,63,멀805
14044,8264,201,멀805
14045,8265,109,멀604
14046,8265,146,멀604
14047,8266,69,멀805
14048,8266,208,멀805
14049,8267,121,멀410
14050,8267,160,멀410
14051,8268,54,멀607
14052,8268,191,멀607
14053,8269,125,멀410
14054,8269,166,멀410
14055,8270,57,멀604
14056,8270,194,멀604
14057,8272,3,멀204
14058,8273,54,멀203
14059,8273,191,멀203
14060,8276,54,멀513
14061,8276,191,멀513
14062,8277,292,멀202
14063,8278,263,멀202
14064,8279,305,멀203
14065,8280,263,멀B114
14066,8281,349,멀202
1949,1205,54,공367호
1950,1205,191,공367호
1951,1206,69,공367호
1952,1206,208,공367호
1953,1207,118,공148호
1954,1207,157,공148호
14067,8282,163,멀312
14068,8283,118,멀513
14069,8283,157,멀513
14070,8284,12,멀602
14071,8285,276,멀602
1955,1208,118,공371호
1956,1208,157,공371호
1957,1209,118,공165호
1958,1209,157,공165호
1959,1210,63,공371호
1960,1210,201,공371호
1961,1211,46,공371호
1962,1211,184,공371호
1963,1212,15,B09
1964,1213,159,전211-1
1965,1214,187,B05
1966,1215,5,전211-1
1967,1216,120,B01
1968,1217,61,전205
1969,1217,198,전205
1970,1218,115,전205
1971,1218,154,전205
1972,1220,128,B09
1973,1220,169,B09
1974,1221,100,B06
1975,1221,138,B06
1976,1222,115,B07
1977,1222,154,B07
1978,1223,58,전211-1
1979,1223,195,전211-1
1980,1224,77,B07
1981,1224,217,B07
1982,1225,220,전325-2 (디지털회로실험실)
1983,1226,109,전136
1984,1226,146,전136
1985,1227,121,B09
1986,1227,160,B09
1987,1228,125,전137
1988,1228,166,전137
1989,1229,9,전205
1990,1230,25,B07
1991,1231,122,B06
1992,1231,161,B06
1993,1232,132,전409
1994,1233,15,전325-2 (디지털회로실험실)
1995,1234,132,전325-2 (디지털회로실험실)
1996,1235,174,전325-2 (디지털회로실험실)
1997,1236,132,전409
1998,1237,132,전409
1999,1238,15,전325-2 (디지털회로실험실)
2000,1239,15,전325-2 (디지털회로실험실)
2001,1240,15,전325-2 (디지털회로실험실)
2002,1241,132,전325-2 (디지털회로실험실)
2003,1242,132,전325-2 (디지털회로실험실)
2004,1243,174,전325-2 (디지털회로실험실)
2005,1244,174,전325-2 (디지털회로실험실)
2006,1245,174,전325-2 (디지털회로실험실)
2007,1246,63,B07
2008,1246,201,B07
2009,1247,15,전333 (전파공학실험실)
2010,1248,132,전333 (전파공학실험실)
2011,1249,15,전333 (전파공학실험실)
2012,1250,132,전333 (전파공학실험실)
2013,1251,220,전333 (전파공학실험실)
2014,1252,132,전208
2015,1253,82,전208
2016,1254,99,
2017,1255,99,
2018,1256,224,전309
2019,1257,174,전309
2020,1258,224,전309
2021,1259,174,전309
2022,1260,174,전309
2023,1261,174,전309
2024,1262,174,전309
2025,1263,174,전309
2026,1264,115,B05
2027,1264,154,B05
2028,1265,32,전325-2 (디지털회로실험실)
2029,1266,32,전325-2 (디지털회로실험실)
2030,1267,32,전325-2 (디지털회로실험실)
2031,1268,32,전309
2032,1269,32,전325-2 (디지털회로실험실)
2033,1270,32,전325-2 (디지털회로실험실)
2034,1271,32,우정원B140호
2035,1272,39,전309
2036,1273,32,전325-2 (디지털회로실험실)
2037,1274,32,전325-2 (디지털회로실험실)
2038,1275,32,전325-2 (디지털회로실험실)
2039,1276,32,우정원B140호
2040,1277,32,전325-2 (디지털회로실험실)
2041,1278,32,전325-2 (디지털회로실험실)
2042,1279,39,전309
2043,1280,39,전309
2044,1282,115,전137
2045,1282,154,전137
2046,1283,131,전309
2047,1284,121,전136
2048,1284,160,전136
14072,8286,3,전102
14073,8286,47,전102
14074,8286,101,전102
14075,8286,139,전102
14076,8286,185,전102
14077,8287,21,전101
14078,8287,62,전101
14079,8287,116,전101
14080,8287,155,전101
14081,8287,199,전101
14082,8288,21,전102
14083,8288,62,전102
14084,8288,116,전102
14085,8288,155,전102
14086,8288,199,전102
14087,8289,21,전221
14088,8289,62,전221
14089,8289,116,전221
14090,8289,155,전221
14091,8289,199,전221
14092,8290,3,전101
14093,8290,47,전101
14094,8290,101,전101
14095,8290,139,전101
14096,8290,185,전101
14097,8291,3,전221
14098,8291,47,전221
14099,8291,101,전221
14100,8291,139,전221
14101,8291,185,전221
14102,8292,3,전223
14103,8292,47,전223
14104,8292,101,전223
14105,8292,139,전223
14106,8292,185,전223
14107,8293,21,공146호
14108,8293,62,공146호
14109,8293,116,공146호
14110,8293,155,공146호
14111,8293,199,공146호
14112,8294,3,공146호
14113,8294,47,공146호
14114,8294,101,공146호
14115,8294,139,공146호
14116,8294,185,공146호
14117,8295,237,전219
14118,8295,260,전219
14119,8295,288,전219
14120,8295,318,전219
14121,8295,346,전219
14122,8296,21,전217
14123,8296,62,전217
14124,8296,116,전217
14125,8296,155,전217
14126,8296,199,전217
14127,8297,237,전218
14128,8297,260,전218
14129,8297,288,전218
14130,8297,318,전218
14131,8297,346,전218
14132,8298,3,국경310
14133,8298,47,국경310
14134,8298,101,국경310
14135,8298,139,국경310
14136,8298,185,국경310
14137,8299,21,국경310
14138,8299,62,국경310
14139,8299,116,국경310
14140,8299,155,국경310
14141,8299,199,국경310
2049,1285,21,전136
2050,1285,62,전136
2051,1285,116,전136
2052,1285,155,전136
2053,1285,199,전136
14142,8300,21,멀512
14143,8300,62,멀512
14144,8300,116,멀512
14145,8300,155,멀512
14146,8300,199,멀512
14147,8301,3,멀610
14148,8301,47,멀610
14149,8301,101,멀610
14150,8301,139,멀610
14151,8301,185,멀610
14152,8302,21,멀610
14153,8302,62,멀610
14154,8302,116,멀610
14155,8302,155,멀610
14156,8302,199,멀610
14157,8303,3,멀611
14158,8303,47,멀611
14159,8303,101,멀611
14160,8303,139,멀611
14161,8303,185,멀611
14162,8304,21,멀611
14163,8304,62,멀611
14164,8304,116,멀611
14165,8304,155,멀611
14166,8304,199,멀611
14167,8305,3,멀609
14168,8305,47,멀609
14169,8305,101,멀609
14170,8305,139,멀609
14171,8305,185,멀609
14172,8306,21,멀609
14173,8306,62,멀609
14174,8306,116,멀609
14175,8306,155,멀609
14176,8306,199,멀609
14177,8307,3,멀705
14178,8307,47,멀705
14179,8307,101,멀705
14180,8307,139,멀705
14181,8307,185,멀705
14182,8308,21,멀705
14183,8308,62,멀705
14184,8308,116,멀705
14185,8308,155,멀705
14186,8308,199,멀705
14187,8309,3,멀705-1
14188,8309,47,멀705-1
14189,8309,101,멀705-1
14190,8309,139,멀705-1
14191,8309,185,멀705-1
14192,8310,21,멀705-1
14193,8310,62,멀705-1
14194,8310,116,멀705-1
14195,8310,155,멀705-1
14196,8310,199,멀705-1
14197,8311,3,외308
14198,8311,47,외308
14199,8311,101,외308
14200,8311,139,외308
14201,8311,185,외308
14202,8312,21,멀702
14203,8312,62,멀702
14204,8312,116,멀702
14205,8312,155,멀702
14206,8312,199,멀702
14207,8313,3,멀702
14208,8313,47,멀702
14209,8313,101,멀702
14210,8313,139,멀702
14211,8313,185,멀702
14212,8314,21,멀803
14213,8314,62,멀803
14214,8314,116,멀803
14215,8314,155,멀803
14216,8314,199,멀803
14217,8315,3,멀803
14218,8315,47,멀803
14219,8315,101,멀803
14220,8315,139,멀803
14221,8315,185,멀803
14222,8316,21,멀805
14223,8316,62,멀805
14224,8316,116,멀805
14225,8316,155,멀805
14226,8316,199,멀805
14227,8317,3,멀805
14228,8317,47,멀805
14229,8317,101,멀805
14230,8317,139,멀805
14231,8317,185,멀805
14232,8318,21,멀815
14233,8318,62,멀815
14234,8318,116,멀815
14235,8318,155,멀815
14236,8318,199,멀815
14237,8319,3,멀815
14238,8319,47,멀815
14239,8319,101,멀815
14240,8319,139,멀815
14241,8319,185,멀815
14242,8320,3,외302
14243,8320,47,외302
14244,8320,101,외302
14245,8320,139,외302
14246,8320,185,외302
14247,8321,3,멀604
14248,8321,47,멀604
14249,8321,101,멀604
14250,8321,139,멀604
14251,8321,185,멀604
14252,8322,21,외302
14253,8322,62,외302
14254,8322,116,외302
14255,8322,155,외302
14256,8322,199,외302
14257,8323,21,외303
14258,8323,62,외303
14259,8323,116,외303
14260,8323,155,외303
14261,8323,199,외303
14262,8324,3,멀612
14263,8324,47,멀612
14264,8324,101,멀612
14265,8324,139,멀612
14266,8324,185,멀612
14267,8325,21,멀513
14268,8325,62,멀513
14269,8325,116,멀513
14270,8325,155,멀513
14271,8325,199,멀513
14272,8326,21,멀826
14273,8326,62,멀826
14274,8326,116,멀826
14275,8326,155,멀826
14276,8326,199,멀826
14277,8327,21,멀612
14278,8327,62,멀612
14279,8327,116,멀612
14280,8327,155,멀612
14281,8327,199,멀612
14282,8328,3,멀826
14283,8328,47,멀826
14284,8328,101,멀826
14285,8328,139,멀826
14286,8328,185,멀826
14287,8329,3,멀513
14288,8329,47,멀513
14289,8329,101,멀513
14290,8329,139,멀513
14291,8329,185,멀513
14292,8330,3,멀203
14293,8330,47,멀203
14294,8330,101,멀203
14295,8330,139,멀203
14296,8330,185,멀203
14297,8331,3,전227
14298,8331,47,전227
14299,8331,101,전227
14300,8331,139,전227
14301,8331,185,전227
14302,8332,21,전226
14303,8332,62,전226
14304,8332,116,전226
14305,8332,155,전226
14306,8332,199,전226
14307,8333,3,전226
14308,8333,47,전226
14309,8333,101,전226
14310,8333,139,전226
14311,8333,185,전226
2054,1287,3,전137
2055,1287,47,전137
2056,1287,101,전137
2057,1287,139,전137
2058,1287,185,전137
2059,1289,21,전137
2060,1289,62,전137
2061,1289,116,전137
2062,1289,155,전137
2063,1289,199,전137
14312,8334,21,전220
14313,8334,62,전220
14314,8334,116,전220
14315,8334,155,전220
14316,8334,199,전220
14317,8335,21,전102
14318,8335,62,전102
14319,8335,116,전102
14320,8335,155,전102
14321,8335,199,전102
14322,8336,21,전227
14323,8336,62,전227
14324,8336,116,전227
14325,8336,155,전227
14326,8336,199,전227
14327,8337,21,멀403
14328,8337,62,멀403
14329,8337,116,멀403
14330,8337,155,멀403
14331,8337,199,멀403
14332,8338,3,전220
14333,8338,47,전220
14334,8338,101,전220
14335,8338,139,전220
14336,8338,185,전220
14337,8339,3,전102
14338,8339,47,전102
14339,8339,101,전102
14340,8339,139,전102
14341,8339,185,전102
14342,8340,3,전227
14343,8340,47,전227
14344,8340,101,전227
14345,8340,139,전227
14346,8340,185,전227
14347,8341,21,전226
14348,8341,62,전226
14349,8341,116,전226
14350,8341,155,전226
14351,8341,199,전226
14352,8342,237,전539
14353,8342,260,전539
14354,8342,288,전539
14355,8342,318,전539
14356,8342,346,전539
14357,8343,21,전539
14358,8343,62,전539
14359,8343,116,전539
14360,8343,155,전539
14361,8343,199,전539
14362,8344,3,국경301
14363,8344,47,국경301
14364,8344,101,국경301
14365,8344,139,국경301
14366,8344,185,국경301
14367,8345,3,국경305
14368,8345,47,국경305
14369,8345,101,국경305
14370,8345,139,국경305
14371,8345,185,국경305
2064,1290,21,전136
2065,1290,62,전136
2066,1290,116,전136
2067,1290,155,전136
2068,1290,199,전136
14372,8346,21,멀406
14373,8346,62,멀406
14374,8346,116,멀406
14375,8346,155,멀406
14376,8346,199,멀406
14377,8347,3,멀408
14378,8347,47,멀408
14379,8347,101,멀408
14380,8347,139,멀408
14381,8347,185,멀408
14382,8348,21,멀408
14383,8348,62,멀408
14384,8348,116,멀408
14385,8348,155,멀408
14386,8348,199,멀408
14387,8349,3,멀409
14388,8349,47,멀409
14389,8349,101,멀409
14390,8349,139,멀409
14391,8349,185,멀409
14392,8350,21,멀409
14393,8350,62,멀409
14394,8350,116,멀409
14395,8350,155,멀409
14396,8350,199,멀409
14397,8351,3,멀407
14398,8351,47,멀407
14399,8351,101,멀407
14400,8351,139,멀407
14401,8351,185,멀407
14402,8352,21,멀410
14403,8352,62,멀410
14404,8352,116,멀410
14405,8352,155,멀410
14406,8352,199,멀410
14407,8353,3,멀205
14408,8353,47,멀205
14409,8353,101,멀205
14410,8353,139,멀205
14411,8353,185,멀205
14412,8354,21,멀205
14413,8354,62,멀205
14414,8354,116,멀205
14415,8354,155,멀205
14416,8354,199,멀205
14417,8355,3,멀702
14418,8355,47,멀702
14419,8355,101,멀702
14420,8355,139,멀702
14421,8355,185,멀702
14422,8356,21,멀702
14423,8356,62,멀702
14424,8356,116,멀702
14425,8356,155,멀702
14426,8356,199,멀702
14427,8357,21,멀705
14428,8357,62,멀705
14429,8357,116,멀705
14430,8357,155,멀705
14431,8357,199,멀705
14432,8358,3,멀206
14433,8358,47,멀206
14434,8358,101,멀206
14435,8358,139,멀206
14436,8358,185,멀206
14437,8359,21,멀206
14438,8359,62,멀206
14439,8359,116,멀206
14440,8359,155,멀206
14441,8359,199,멀206
14442,8360,3,멀207
14443,8360,47,멀207
14444,8360,101,멀207
14445,8360,139,멀207
14446,8360,185,멀207
14447,8361,21,멀207
14448,8361,62,멀207
14449,8361,116,멀207
14450,8361,155,멀207
14451,8361,199,멀207
14452,8362,3,멀208
14453,8362,47,멀208
14454,8362,101,멀208
14455,8362,139,멀208
14456,8362,185,멀208
14457,8363,21,멀208
14458,8363,62,멀208
14459,8363,116,멀208
14460,8363,155,멀208
14461,8363,199,멀208
14462,8364,3,멀402
14463,8364,47,멀402
14464,8364,101,멀402
14465,8364,139,멀402
14466,8364,185,멀402
14467,8365,21,멀402
14468,8365,62,멀402
14469,8365,116,멀402
14470,8365,155,멀402
14471,8365,199,멀402
14472,8366,3,멀401
14473,8366,47,멀401
14474,8366,101,멀401
14475,8366,139,멀401
14476,8366,185,멀401
14477,8367,21,멀401
14478,8367,62,멀401
14479,8367,116,멀401
14480,8367,155,멀401
14481,8367,199,멀401
14482,8368,21,멀210
14483,8368,62,멀210
14484,8368,116,멀210
14485,8368,155,멀210
14486,8368,199,멀210
14487,8369,3,멀210
14488,8369,47,멀210
14489,8369,101,멀210
14490,8369,139,멀210
14491,8369,185,멀210
14492,8370,3,멀203
14493,8370,47,멀203
14494,8370,101,멀203
14495,8370,139,멀203
14496,8370,185,멀203
14497,8371,21,멀411
14498,8371,62,멀411
14499,8371,116,멀411
14500,8371,155,멀411
14501,8371,199,멀411
14502,8372,3,멀513
14503,8372,47,멀513
14504,8372,101,멀513
14505,8372,139,멀513
14506,8372,185,멀513
14507,8373,21,멀513
14508,8373,62,멀513
14509,8373,116,멀513
14510,8373,155,멀513
14511,8373,199,멀513
14512,8374,3,멀411
14513,8374,47,멀411
14514,8374,101,멀411
14515,8374,139,멀411
14516,8374,185,멀411
14517,8375,3,멀704
14518,8375,47,멀704
14519,8375,101,멀704
14520,8375,139,멀704
14521,8375,185,멀704
14522,8378,3,멀312
14523,8378,47,멀312
14524,8378,101,멀312
14525,8378,139,멀312
14526,8378,185,멀312
2069,1292,3,전137
2070,1292,47,전137
2071,1292,101,전137
2072,1292,139,전137
2073,1292,185,전137
2074,1294,21,전137
2075,1294,62,전137
2076,1294,116,전137
2077,1294,155,전137
2078,1294,199,전137
2079,1295,100,전103
2080,1295,138,전103
2081,1296,109,전103
2082,1296,146,전103
2083,1297,121,전103
2084,1297,160,전103
2085,1298,63,전103
2086,1298,201,전103
2087,1299,39,전103
14527,8379,57,전101
14528,8379,194,전101
14529,8380,57,전102
14530,8380,194,전102
14531,8381,63,전102
14532,8381,201,전102
14533,8382,112,전102
14534,8382,149,전102
14535,8383,118,전223
14536,8383,157,전223
14537,8384,63,멀408
14538,8384,201,멀408
14539,8385,3,전102
14540,8386,25,전102
14541,8387,100,멀404
14542,8387,138,멀404
14543,8388,118,멀107
14544,8388,157,멀107
14545,8389,121,멀107
14546,8389,160,멀107
14547,8390,46,전102
14548,8390,184,전102
14549,8391,15,멀107
14550,8392,32,멀107
14551,8393,63,전221
14552,8393,201,전221
14553,8394,69,전221
14554,8394,208,전221
14555,8395,63,전101
14556,8395,201,전101
14557,8396,109,전223
14558,8396,146,전223
14559,8397,118,전101
14560,8397,157,전101
14561,8398,3,전223
14562,8399,25,전223
14563,8400,112,멀107
14564,8400,149,멀107
14565,8401,118,멀404
14566,8401,157,멀404
14567,8402,109,전221
14568,8402,146,전221
14569,8403,100,멀107
14570,8403,138,멀107
14571,8404,109,멀107
14572,8404,146,멀107
14573,8405,57,전221
14574,8405,194,전221
14575,8406,63,전223
14576,8406,201,전223
14577,8407,121,전101
14578,8407,160,전101
14579,8408,125,전101
14580,8408,166,전101
14581,8409,46,멀704
14582,8409,184,멀704
14583,8410,54,멀408
14584,8410,191,멀408
14585,8411,3,멀404
14586,8412,15,멀404
14587,8413,12,전221
14588,8414,25,전221
14589,8415,3,전101
14590,8416,25,전101
14591,8417,69,전101
14592,8417,208,전101
14593,8418,73,전101
14594,8418,213,전101
14595,8419,46,멀107
14596,8419,184,멀107
14597,8420,54,멀107
14598,8420,191,멀107
14599,8421,100,전205
14600,8421,138,전205
14601,8422,73,전102
14602,8422,213,전102
14603,8423,121,전223
14604,8423,160,전223
14605,8424,57,멀408
14606,8424,194,멀408
14607,8425,46,멀404
14608,8425,184,멀404
14609,8426,32,멀405
14610,8427,55,멀404
14611,8427,192,멀308
14612,8428,55,멀404
14613,8428,192,멀309
14614,8429,110,멀308
14615,8429,147,멀404
14616,8430,110,멀309
14617,8430,147,멀404
14618,8431,61,멀404
14619,8431,198,멀308
14620,8432,61,멀404
14621,8432,198,멀309
14622,8433,122,멀308
14623,8433,161,멀404
14624,8434,122,멀309
14625,8434,161,멀404
14626,8435,112,공149호
14627,8435,149,공149호
14628,8436,12,공142-1호
14629,8437,3,공146호
14630,8438,25,공146호
14631,8439,3,국경108
14632,8440,21,공176호
14633,8441,109,공176호
14634,8441,146,공176호
14635,8442,46,멀204
14636,8442,184,멀204
14637,8443,185,멀403
14638,8444,121,멀405
14639,8444,160,멀405
14640,8445,125,멀405
14641,8445,166,멀405
14642,8446,3,멀204
14643,8447,15,멀204
14644,8448,57,전218
14645,8448,194,전218
14646,8449,69,전102
14647,8449,208,전102
14648,8450,46,멀405
14649,8450,184,멀405
14650,8451,69,멀405
14651,8451,208,멀405
14652,8452,73,멀405
14653,8452,213,멀405
14654,8453,100,멀405
14655,8453,138,멀405
14656,8454,109,멀405
14657,8454,146,멀405
14658,8455,3,멀403
14659,8456,21,멀403
14660,8457,121,전227
14661,8457,160,전227
14662,8458,54,공176호
14663,8458,191,공176호
14664,8459,258,멀403
14665,8459,343,멀302
14666,8460,258,멀403
14667,8460,343,멀304
14668,8461,56,멀403
14669,8461,193,멀302
14670,8462,56,멀403
14671,8462,193,멀304
14672,8463,67,멀403
14673,8463,205,멀302
14674,8464,67,멀403
14675,8464,205,멀304
14676,8465,70,멀305
14677,8465,209,멀403
14678,8466,70,멀306
14679,8466,209,멀403
14680,8467,61,멀302
14681,8467,198,멀403
14682,8468,61,멀304
14683,8468,198,멀403
14684,8469,70,멀302
14685,8469,161,멀403
14686,8470,70,멀304
14687,8470,161,멀403
14688,8471,124,멀403
14689,8471,165,멀305
14690,8472,124,멀403
14691,8472,165,멀306
14692,8473,289,멀305
14693,8473,321,멀403
14694,8474,289,멀306
14695,8474,321,멀403
14696,8475,54,멀405
14697,8475,191,멀405
14698,8476,57,멀405
14699,8476,194,멀405
14700,8477,63,멀405
14701,8477,201,멀405
14702,8478,46,공367호
14703,8478,184,공367호
14704,8479,46,국경108
14705,8479,184,국경108
14706,8480,118,생424
14707,8480,157,생424
14708,8481,46,국경310
14709,8481,184,국경310
14710,8482,118,국경301
14711,8482,157,국경301
14712,8483,109,국경301
14713,8483,146,국경301
14714,8484,100,생422
14715,8484,138,생422
14716,8485,109,생422
14717,8485,146,생422
14718,8486,73,국경305
14719,8486,213,국경305
14720,8487,54,국경103
14721,8487,191,국경103
2088,1302,74,전205
2089,1302,214,전205
2090,1304,122,전205
2091,1304,161,전205
2092,1306,109,B07
2093,1306,146,B07
2094,1307,54,B07
2095,1307,191,B07
2096,1308,112,B09
2097,1308,149,B09
2098,1309,3,글405
2099,1310,58,전136
2100,1310,195,전136
2101,1311,52,전205
2102,1311,189,전205
2103,1312,25,B07
2104,1313,118,B09
2105,1313,157,B09
2106,1314,54,B09
2107,1314,191,B09
2108,1315,69,전136
2109,1315,208,전136
2110,1316,3,전137
2111,1317,63,전137
2112,1317,201,전137
2113,1318,61,B01
2114,1318,198,B01
2115,1319,122,B01
2116,1319,161,B01
2117,1320,115,B06
2118,1320,154,B06
2119,1321,69,B07
2120,1321,208,B07
2121,1322,109,B01
2122,1322,146,B01
2123,1323,109,B06
2124,1323,146,B06
2125,1324,125,B09
2126,1324,166,B09
2127,1325,210,글405
2128,1326,109,전136
2129,1326,146,전136
2130,1327,101,글405
2131,1329,43,B09
2132,1330,86,B09
2133,1331,86,B09
2134,1332,86,B09
2135,1333,86,B09
2136,1334,86,B09
2137,1335,86,B09
2138,1336,86,B09
2139,1337,86,B09
2140,1338,86,B09
2141,1339,86,B09
2142,1340,86,B09
2143,1341,86,B09
2144,1342,86,B09
2145,1343,32,B06
2146,1344,69,B01
2147,1344,208,B01
2148,1345,118,전103
2149,1345,157,전103
2150,1346,109,전309
2151,1346,146,전309
2152,1347,9,전205
2153,1348,121,B06
2154,1348,160,B06
2155,1349,25,137
2156,1350,163,B05
2157,1351,93,
2158,1352,98,
2159,1353,93,
2160,1354,93,
2161,1355,93,
2162,1356,98,
2163,1357,98,
2164,1358,93,
2165,1359,93,
2166,1360,92,
2167,1361,97,
2168,1362,92,
2169,1363,92,
2170,1364,92,
2171,1365,92,
2172,1366,92,
2173,1367,92,
14722,8488,333,멀604
14723,8489,289,멀402
14724,8490,119,멀402
14725,8491,273,멀402
14726,8492,316,멀402
14727,8493,65,멀402
14728,8500,289,멀604
14729,8501,119,멀604
14730,8502,321,멀402
14731,8503,56,멀604
14732,8504,321,멀604
14733,8505,158,멀604
14734,8506,358,멀402
14735,8507,253,멀402
14736,8510,193,멀402
14737,8511,203,멀402
14738,8512,65,멀604
14739,8513,273,멀604
2174,1368,100,전220
2175,1368,138,전220
2176,1369,73,전220
2177,1369,213,전220
2178,1370,73,전226
2179,1370,213,전226
2180,1371,100,전136
2181,1371,138,전136
2182,1372,57,전220
2183,1372,194,전220
2184,1373,57,전227
2185,1373,194,전227
2186,1374,73,전227
2187,1374,213,전227
2188,1375,69,전220
2189,1375,208,전220
2190,1376,121,전226
2191,1376,160,전226
2192,1377,69,전226
2193,1377,208,전226
2194,1378,69,전227
2195,1378,208,전227
2196,1379,121,전211-1
2197,1379,160,전211-1
2198,1380,121,전220
2199,1380,160,전220
2200,1381,57,외307(전산실)
2201,1381,194,외307(전산실)
14740,8514,235,멀405
14741,8514,13,멀302
14742,8515,13,멀405
14743,8515,19,멀302
14744,8516,46,멀407
14745,8516,184,멀407
14746,8517,46,멀406
14747,8517,184,멀406
14748,8518,57,멀407
14749,8518,194,멀407
14750,8519,69,멀407
14751,8519,208,멀407
14752,8520,73,멀407
14753,8520,213,멀407
14754,8521,109,멀406
14755,8521,146,멀406
14756,8522,109,멀612
14757,8522,146,멀612
14758,8523,112,멀407
14759,8523,149,멀407
14760,8524,109,멀407
14761,8524,146,멀407
14762,8525,121,멀407
14763,8525,160,멀407
14764,8526,15,멀407
14765,8528,3,멀408
14766,8529,15,멀408
14767,8530,46,멀401
14768,8530,184,멀401
14769,8531,46,멀705-1
14770,8531,184,멀705-1
14771,8532,46,멀409
14772,8532,184,멀409
14773,8533,54,멀407
14774,8533,191,멀407
14775,8534,54,멀705-1
14776,8534,191,멀705-1
14777,8535,54,멀410
14778,8535,191,멀410
14779,8536,54,멀401
14780,8536,191,멀401
14781,8537,54,멀409
14782,8537,191,멀409
14783,8538,57,멀401
14784,8538,194,멀401
14785,8539,57,멀705-1
14786,8539,194,멀705-1
14787,8540,57,멀410
14788,8540,194,멀410
14789,8541,63,멀409
14790,8541,201,멀409
14791,8542,63,멀705-1
14792,8542,201,멀705-1
14793,8543,63,멀407
14794,8543,201,멀407
14795,8544,63,멀410
14796,8544,201,멀410
14797,8545,63,멀401
14798,8545,201,멀401
14799,8546,69,멀409
14800,8546,208,멀409
14801,8547,69,멀410
14802,8547,208,멀410
14803,8548,69,멀401
14804,8548,208,멀401
14805,8549,73,멀705-1
14806,8549,213,멀705-1
14807,8550,73,멀401
14808,8550,213,멀401
14809,8551,73,멀410
14810,8551,213,멀410
14811,8552,73,멀409
14812,8552,213,멀409
14813,8553,100,멀401
14814,8553,138,멀401
14815,8554,100,멀409
14816,8554,138,멀409
14817,8555,100,멀410
14818,8555,138,멀410
14819,8556,109,멀401
14820,8556,146,멀401
14821,8557,109,멀410
14822,8557,146,멀410
14823,8558,109,멀409
14824,8558,146,멀409
14825,8559,109,멀608
14826,8559,146,멀608
14827,8560,320,멀109
14828,8561,112,멀410
14829,8561,149,멀410
14830,8562,112,멀408
14831,8562,149,멀408
14832,8563,112,멀401
14833,8563,149,멀401
14834,8564,118,멀401
14835,8564,157,멀401
14836,8565,118,멀405
14837,8565,157,멀405
14838,8566,118,멀408
14839,8566,157,멀408
14840,8567,118,멀410
14841,8567,157,멀410
14842,8568,121,멀705-1
14843,8568,160,멀705-1
14844,8569,121,멀410
14845,8569,160,멀410
14846,8570,121,멀204
14847,8570,160,멀204
14848,8571,121,멀401
14849,8571,160,멀401
14850,8572,125,멀705-1
14851,8572,166,멀705-1
14852,8573,125,멀401
14853,8573,166,멀401
14854,8574,3,멀401
14855,8575,15,멀705-1
14856,8576,15,멀207
14857,8577,15,멀401
14858,8578,15,멀410
14859,8579,32,멀705-1
14860,8580,46,멀410
14861,8580,184,멀410
14862,8581,47,멀603
14863,8582,47,멀607
14864,8583,47,멀610
14865,8584,47,멀611
14866,8585,263,멀607
14867,8586,263,멀611
14868,8587,263,멀603
14869,8588,263,멀610
14870,8589,271,멀607
14871,8590,271,멀610
14872,8591,271,멀603
14873,8592,271,멀611
14874,8593,139,멀611
14875,8594,139,멀610
14876,8595,139,멀607
14877,8596,323,멀610
14878,8597,323,멀611
14879,8598,323,멀607
14880,8599,323,멀603
14881,8600,163,멀610
14882,8601,163,멀607
14883,8602,163,멀611
14884,8603,163,멀603
14885,8604,185,멀603
14886,8605,185,멀610
14887,8606,349,멀610
14888,8607,349,멀611
14889,8608,349,멀603
14890,8609,349,멀607
14891,8610,210,멀611
14892,8611,210,멀610
14893,8612,210,멀603
14894,8613,210,멀607
14895,8614,101,멀607
14896,8615,101,멀603
14897,8616,101,멀610
14898,8617,101,멀611
14899,8618,292,멀610
14900,8619,292,멀607
14901,8620,292,멀603
14902,8621,292,멀611
14903,8622,305,멀610
14904,8623,305,멀607
14905,8624,305,멀603
14906,8625,305,멀611
14907,8626,3,멀512
14908,8627,3,멀609
14909,8628,15,멀512
14910,8629,15,멀610
14911,8630,15,멀607
14912,8631,32,멀610
14913,8632,139,멀603
14914,8633,46,멀205
14915,8633,184,멀205
14916,8634,46,멀206
14917,8634,184,멀206
14918,8635,46,멀207
14919,8635,184,멀207
14920,8636,46,멀109
14921,8636,184,멀109
14922,8637,46,멀103
14923,8637,184,멀103
14924,8638,54,멀205
14925,8638,191,멀205
14926,8639,54,멀109
14927,8639,191,멀109
14928,8640,54,멀206
14929,8640,191,멀206
14930,8641,54,멀103
14931,8641,191,멀103
14932,8642,54,멀207
14933,8642,191,멀207
14934,8643,57,멀109
14935,8643,194,멀109
14936,8644,57,멀207
14937,8644,194,멀207
14938,8645,57,멀206
14939,8645,194,멀206
14940,8646,57,멀108
14941,8646,194,멀108
14942,8647,57,멀205
14943,8647,194,멀205
14944,8648,63,멀206
14945,8648,201,멀206
14946,8649,63,멀109
14947,8649,201,멀109
14948,8650,63,멀207
14949,8650,201,멀207
14950,8651,63,멀108
14951,8651,201,멀108
14952,8652,63,멀205
14953,8652,201,멀205
14954,8653,69,멀207
14955,8653,208,멀207
14956,8654,69,멀206
14957,8654,208,멀206
14958,8655,73,멀207
14959,8655,213,멀207
14960,8656,73,멀206
14961,8656,213,멀206
14962,8657,73,멀108
14963,8657,213,멀108
14964,8658,46,멀108
14965,8658,184,멀108
14966,8659,100,멀207
14967,8659,138,멀207
14968,8660,109,멀205
14969,8660,146,멀205
14970,8661,54,멀108
14971,8661,191,멀108
14972,8662,109,멀207
14973,8662,146,멀207
14974,8663,112,멀205
14975,8663,149,멀205
14976,8664,112,멀206
14977,8664,149,멀206
14978,8665,112,멀207
14979,8665,149,멀207
14980,8666,112,멀103
14981,8666,149,멀103
14982,8667,118,멀206
14983,8667,157,멀206
14984,8668,118,멀207
14985,8668,157,멀207
14986,8669,118,멀205
14987,8669,157,멀205
14988,8670,121,멀205
14989,8670,160,멀205
14990,8671,121,멀206
14991,8671,160,멀206
14992,8672,121,멀207
14993,8672,160,멀207
14994,8673,125,멀205
14995,8673,166,멀205
14996,8674,125,멀206
14997,8674,166,멀206
14998,8675,125,멀207
14999,8675,166,멀207
15000,8676,3,멀205
15001,8677,3,멀206
15002,8678,3,멀402
15003,8679,15,멀205
15004,8680,15,멀206
15005,8681,15,멀402
15006,8682,32,멀205
15007,8683,112,멀705
15008,8683,149,멀705
15009,8684,54,멀705
15010,8684,191,멀705
15011,8685,109,멀705
15012,8685,146,멀705
15013,8686,46,멀702
15014,8686,184,멀702
15015,8687,63,멀705
15016,8687,201,멀705
15017,8688,69,멀705
15018,8688,208,멀705
15019,8689,100,멀702
15020,8689,138,멀702
15021,8690,112,멀702
15022,8690,149,멀702
15023,8691,118,멀702
15024,8691,157,멀702
15025,8692,121,멀705
15026,8692,160,멀705
15027,8693,125,멀703
15028,8693,166,멀703
15029,8694,3,멀703
15030,8695,15,멀703
15031,8696,69,멀702
15032,8696,208,멀702
15033,8697,125,멀702
15034,8697,166,멀702
15035,8698,54,멀702
15036,8698,191,멀702
15037,8699,57,멀702
15038,8699,194,멀702
15039,8700,63,멀702
15040,8700,201,멀702
15041,8701,73,멀703
15042,8701,213,멀703
15043,8702,100,멀703
15044,8702,138,멀703
15045,8703,109,멀702
15046,8703,146,멀702
15047,8704,118,멀703
15048,8704,157,멀703
15049,8705,121,멀702
15050,8705,160,멀702
15051,8706,3,멀702
15052,8707,15,멀702
15053,8708,57,멀703
15054,8708,194,멀703
15055,8709,32,멀703
15056,8710,63,멀703
15057,8710,201,멀703
15058,8711,364,멀703
15059,8712,364,멀607
15060,8713,46,우정원B113
15061,8713,184,우정원B113
15062,8714,54,멀101
15063,8714,191,멀101
15064,8715,54,멀201
15065,8715,191,멀201
15066,8716,54,우정원B113
15067,8716,191,우정원B113
15068,8717,57,멀101
15069,8717,194,멀101
15070,8718,57,멀201
15071,8718,194,멀201
15072,8719,57,우정원B113
15073,8719,194,우정원B113
15074,8720,57,멀409
15075,8720,194,멀409
15076,8721,63,우정원B113
15077,8721,201,우정원B113
15078,8722,63,멀101
15079,8722,201,멀101
15080,8723,63,멀701
15081,8723,201,멀701
15082,8724,69,멀101
15083,8724,208,멀101
15084,8725,69,멀108
15085,8725,208,멀108
15086,8726,100,멀101
15087,8726,138,멀101
15088,8727,100,멀108
15089,8727,138,멀108
15090,8728,100,멀201
15091,8728,138,멀201
15092,8729,109,멀101
15093,8729,146,멀101
15094,8730,109,멀108
15095,8730,146,멀108
15096,8731,109,우정원B113
15097,8731,146,우정원B113
15098,8732,109,멀201
15099,8732,146,멀201
15100,8733,112,우정원B112
15101,8733,149,우정원B112
15102,8734,112,우정원B113
15103,8734,149,우정원B113
15104,8735,112,멀108
15105,8735,149,멀108
15106,8736,118,우정원B112
15107,8736,157,우정원B112
15108,8737,118,멀108
15109,8737,157,멀108
15110,8738,118,멀201
15111,8738,157,멀201
15112,8739,121,우정원B112
15113,8739,160,우정원B112
15114,8740,121,멀108
15115,8740,160,멀108
15116,8741,121,우정원B113
15117,8741,160,우정원B113
15118,8742,121,멀201
15119,8742,160,멀201
15120,8743,121,멀101
15121,8743,160,멀101
15122,8744,125,우정원B112
15123,8744,166,우정원B112
15124,8745,125,멀108
15125,8745,166,멀108
15126,8746,125,멀101
15127,8746,166,멀101
15128,8747,3,멀101
15129,8748,3,멀108
15130,8749,15,멀109
15131,8750,15,멀201
15132,8751,15,멀101
15133,8752,15,멀108
15134,8753,32,멀201
15135,8754,3,멀411
15136,8755,15,멀513
15137,8756,121,멀411
15138,8756,160,멀411
15139,8757,63,멀204
15140,8757,201,멀204
15141,8758,100,멀612
15142,8758,138,멀612
15143,8759,121,멀703
15144,8759,160,멀703
15145,8760,63,멀704
15146,8760,201,멀704
15147,8761,185,멀B114
15148,8763,347,멀204
15149,8764,69,멀513
15150,8764,208,멀513
15151,8765,69,멀826
15152,8765,208,멀826
15153,8766,3,멀612
15154,8767,25,멀612
15155,8768,46,멀210
15156,8768,184,멀210
15157,8769,349,멀512
15158,8770,326,멀609
15159,8771,15,멀210
15160,8772,112,멀612
15161,8772,149,멀612
15162,8773,57,멀411
15163,8773,194,멀411
15164,8774,63,멀411
15165,8774,201,멀411
15166,8775,118,멀704
15167,8775,157,멀704
15168,8776,15,멀602
15169,8778,121,멀704
15170,8778,160,멀704
15171,8779,54,멀312
15172,8779,191,멀312
15173,8780,118,멀312
15174,8780,157,멀312
15175,8781,3,멀312
15176,8782,57,멀210
15177,8782,194,멀210
15178,8783,100,멀203
15179,8783,138,멀203
15180,8784,109,멀203
15181,8784,146,멀203
15182,8785,121,멀312
15183,8785,160,멀312
15184,8786,54,멀512
15185,8786,191,멀512
15186,8787,54,멀612
15187,8787,191,멀612
15188,8788,63,멀612
15189,8788,201,멀612
15190,8789,118,멀513
15191,8789,157,멀513
15192,8790,69,멀312
15193,8790,208,멀312
15194,8791,63,멀513
15195,8791,201,멀513
15196,8794,57,멀704
15197,8794,194,멀704
15198,8795,118,멀826
15199,8795,157,멀826
15200,8796,349,멀B114
15201,8797,323,멀608
15202,8798,320,멀513
15203,8799,15,멀312
15204,8800,118,멀612
15205,8800,157,멀612
15206,8801,63,멀312
15207,8801,201,멀312
15208,8802,54,멀826
15209,8802,191,멀826
15210,8803,15,멀826
15211,8804,210,멀512
15212,8805,112,멀411
15213,8805,149,멀411
15214,8806,305,멀612
15215,8807,210,멀411
15216,8808,121,멀513
15217,8808,160,멀513
15218,8809,109,멀512
15219,8809,146,멀512
15220,8810,100,멀513
15221,8810,138,멀513
15222,8811,63,멀210
15223,8811,201,멀210
15224,8812,54,멀210
15225,8812,191,멀210
15226,8813,46,멀203
15227,8813,184,멀203
15228,8814,63,멀107
15229,8814,201,멀107
15230,8815,118,멀403
15231,8815,157,멀403
15232,8816,100,멀408
15233,8816,138,멀408
15234,8817,109,멀408
15235,8817,146,멀408
15236,8818,57,멀612
15237,8818,194,멀612
15238,8819,112,멀210
15239,8819,149,멀210
15240,8820,63,멀826
15241,8820,201,멀826
15242,8821,100,멀512
15243,8821,138,멀512
15244,8823,54,멀411
15245,8823,191,멀411
15246,8824,174,멀206
15247,8825,163,멀612
15248,8826,32,멀312
15249,8827,46,멀312
15250,8827,184,멀312
15251,8828,125,멀312
15252,8828,166,멀312
15253,8829,3,멀704
15254,8830,305,멀826
15255,8831,271,멀612
15256,8832,57,멀826
15257,8832,194,멀826
15258,8833,63,멀406
15259,8833,201,멀406
15260,8834,121,멀608
15261,8834,160,멀608
15262,8835,3,멀407
15263,8836,3,멀608
15264,8837,46,멀826
15265,8837,184,멀826
15266,8838,112,멀312
15267,8838,149,멀312
15268,8839,15,멀411
15269,8840,46,멀608
15270,8840,184,멀608
15271,8841,54,멀513
15272,8841,191,멀513
15273,8843,54,멀704
15274,8843,191,멀704
15275,8844,101,멀602
15276,8845,305,멀210
15277,8846,46,멀408
15278,8846,184,멀408
15279,8848,54,멀112
15280,8848,191,멀112
15281,8849,323,멀512
15282,8850,109,멀204
15283,8850,146,멀204
15284,8851,118,멀204
15285,8851,157,멀204
15286,8852,46,멀609
15287,8852,184,멀609
15288,8853,54,멀609
15289,8853,191,멀609
15290,8854,109,멀206
15291,8854,146,멀206
15292,8855,54,멀406
15293,8855,191,멀406
15294,8856,57,멀406
15295,8856,194,멀406
15296,8857,118,멀407
15297,8857,157,멀407
15298,8858,63,멀609
15299,8858,201,멀609
15300,8859,121,멀512
15301,8859,160,멀512
15302,8860,73,멀210
15303,8860,213,멀210
15304,8861,54,멀608
15305,8861,191,멀608
15306,8862,63,멀608
15307,8862,201,멀608
15308,8863,139,멀826
15309,8864,3,멀202
15310,8865,32,멀202
15311,8866,15,멀406
15312,8867,292,멀B114
15313,8868,323,멀B114
15314,8869,109,멀411
15315,8869,146,멀411
15316,8870,210,글401
15317,8872,3,멀513
15318,8873,36,멀210
15319,8875,100,멀210
15320,8875,138,멀210
15321,8876,109,멀609
15322,8876,146,멀609
15323,8877,112,멀609
15324,8877,149,멀609
15325,8878,81,멀202
15326,8879,223,예B167
15327,8880,312,예B122
15328,8881,312,예102
15329,8882,338,외402
15330,8883,338,멀202
15331,8884,274,멀705
15332,8885,264,멀402
15333,8886,270,멀703
15334,8887,270,멀803
15335,8888,319,멀703
15336,8890,112,멀203
15337,8890,149,멀203
15338,8891,3,멀210
15339,8893,109,글507
15340,8893,146,글507
15341,8894,112,글507
15342,8894,149,글507
15343,8895,198,체B101호
15344,8896,147,체215-3호
15345,8897,110,체215-3호
15346,8904,72,글403
15347,8905,122,글403
15348,8909,56,웨이트장
15349,8913,193,체B103호
15350,8914,198,체B103호
15351,8915,343,체B120호
15352,8916,61,1호관테니스장
15353,8917,189,글403
15354,8918,195,글403
15355,8919,289,글403
15356,8920,163,멀826
15357,8921,32,멀826
15358,8926,239,체215-1호
15359,8927,258,체B120호
15360,8928,3,멀826
15361,8929,278,전205
15362,8930,220,전227
15363,8931,131,B09
15364,8932,173,B09
15365,8933,173,전101
15366,8934,78,전219
15367,8935,334,공B103호
15368,8936,78,전217
15369,8937,220,국경301
15370,8938,220,국경108
15371,8939,220,생424
15372,8940,220,생422
15373,8941,131,멀B114
15374,8942,173,외412
15375,8943,173,외404
15376,8944,173,외401
15377,8945,173,외306
15378,8946,173,외305
15379,8947,173,외308
15380,8948,173,외204
15381,8949,131,예306
15382,8950,173,예401
15383,8951,336,예502
15384,8952,173,예615
15385,8953,173,예702
15386,8954,78,예115
15387,8955,173,예B167
15388,8956,361,예118
15389,8957,131,체105호
15390,8958,335,체308호
15391,8959,173,체304호
15392,8960,78,체105호
15393,8961,173,체105호
15394,8962,63,멀112
15395,8962,201,멀112
15396,8963,121,멀B114
15397,8963,160,멀B114
15398,8965,74,멀702
15399,8966,63,멀805
15400,8966,201,멀805
15401,8967,100,멀815
15402,8967,138,멀815
15403,8968,69,멀805
15404,8968,208,멀805
15405,8969,109,멀815
15406,8969,146,멀815
15407,8970,54,멀805
15408,8970,191,멀805
15409,8971,69,멀109
15410,8971,208,멀109
15411,8972,73,멀109
15412,8972,213,멀109
15413,8973,57,멀805
15414,8973,194,멀805
15415,8974,15,멀704
15416,8975,32,멀704
15417,8977,118,멀406
15418,8977,157,멀406
15419,8978,3,멀B114
15420,8979,109,멀210
15421,8979,146,멀210
15422,8980,54,멀203
15423,8980,191,멀203
15424,8984,292,멀202
15425,8985,263,멀202
15426,8986,305,멀203
15427,8987,263,멀B114
15428,8988,349,멀202
2202,1382,120,예305
2203,1383,57,공148호
2204,1383,194,공148호
2205,1384,32,공148호
15429,8989,210,멀612
15430,8990,118,멀411
15431,8990,157,멀411
2206,1385,46,공165호
2207,1385,184,공165호
2208,1386,54,실216호
2209,1386,191,실216호
2210,1387,54,공B104호
2211,1387,191,공B104호
2212,1388,121,실216호
2213,1388,160,실216호
2214,1389,109,공165호
2215,1389,146,공165호
2216,1390,109,공142-2호
2217,1390,146,공142-2호
2218,1391,5,전211-1
2219,1392,164,멀112
2220,1393,61,전205
2221,1393,198,전205
2222,1394,115,전205
2223,1394,154,전205
2224,1395,110,멀112
2225,1395,147,멀112
2226,1397,128,전205
2227,1397,169,전205
2228,1398,77,B09
2229,1398,217,B09
2230,1399,226,디지털회로실험실(전325-2호)
2231,1400,109,B09
2232,1400,146,B09
2233,1401,121,B09
2234,1401,160,B09
2235,1402,118,전136
2236,1402,157,전136
2237,1403,73,B01
2238,1403,213,B01
2239,1404,58,B06
2240,1404,195,B06
2241,1405,69,B05
2242,1405,208,B05
2243,1406,132,전309
2244,1407,132,글404
2245,1408,132,글404
2246,1409,132,글404
2247,1410,15,글404
2248,1411,226,전파공학실험실(전333호)
2249,1412,93,
2250,1413,57,전137
2251,1413,194,전137
2252,1414,15,B05
2253,1415,224,전309
2254,1416,115,B05
2255,1416,154,B05
2256,1417,69,전103
2257,1417,208,전103
2258,1418,32,글404
2259,1419,32,B05
2260,1420,32,글404
2261,1421,32,글404
2262,1422,32,글404
2263,1423,15,전309
2264,1424,15,글404
2265,1425,15,글404
2266,1427,232,전309
2267,1428,118,멀112
2268,1428,157,멀112
2269,1429,121,전136
2270,1429,160,전136
2271,1430,69,B06
2272,1430,208,B06
2273,1431,63,B05
2274,1431,201,B05
2275,1432,57,전103
2276,1432,194,전103
2277,1433,115,B06
2278,1433,154,B06
2279,1434,109,전136
2280,1434,146,전136
2281,1435,109,전309
2282,1435,146,전309
2283,1436,118,B05
2284,1436,157,B05
2285,1438,39,
15432,8991,46,국경311
15433,8991,184,국경311
15434,8992,3,전102
15435,8993,25,전102
15436,8994,112,전102
15437,8994,149,전102
15438,8995,118,전102
15439,8995,157,전102
15440,8996,100,멀107
15441,8996,138,멀107
15442,8997,109,멀107
15443,8997,146,멀107
15444,8998,3,전221
15445,8999,25,전221
15446,9000,100,멀403
15447,9000,138,멀403
15448,9001,3,멀404
15449,9002,15,멀404
15450,9003,15,전218
15451,9004,32,전218
15452,9005,118,멀107
15453,9005,157,멀107
15454,9006,121,멀107
15455,9006,160,멀107
15456,9007,69,전101
15457,9007,208,전101
15458,9008,73,전101
15459,9008,213,전101
15460,9009,100,전101
15461,9009,138,전101
15462,9010,109,전101
15463,9010,146,전101
15464,9011,46,전221
15465,9011,184,전221
15466,9012,54,전221
15467,9012,191,전221
15468,9013,63,전221
15469,9013,201,전221
15470,9014,112,전223
15471,9014,149,전223
15472,9015,118,전223
15473,9015,157,전223
15474,9016,100,전223
15475,9016,138,전223
15476,9017,109,전223
15477,9017,146,전223
15478,9018,121,전102
15479,9018,160,전102
15480,9019,125,전102
15481,9019,166,전102
15482,9020,46,전223
15483,9020,184,전223
15484,9021,54,전223
15485,9021,191,전223
15486,9022,3,전101
15487,9023,25,전101
15488,9024,46,멀107
15489,9024,184,멀107
15490,9025,54,멀107
15491,9025,191,멀107
15492,9026,15,멀107
15493,9027,32,멀107
15494,9028,55,멀404
15495,9028,192,멀308
15496,9029,55,멀404
15497,9029,192,멀309
15498,9030,110,멀308
15499,9030,147,멀404
15500,9031,110,멀309
15501,9031,147,멀404
15502,9032,115,멀308
15503,9032,154,멀404
15504,9033,115,멀309
15505,9033,154,멀404
15506,9034,54,공263호
15507,9034,191,공263호
15508,9035,3,공102-1호
15509,9036,25,공102-1호
15510,9037,73,멀403
15511,9037,213,멀403
15512,9038,3,공146호
15513,9039,25,공146호
15514,9040,54,공148호
15515,9040,191,공148호
15516,9041,63,공365호
15517,9041,201,공365호
15518,9042,121,공B104호
15519,9042,160,공B104호
15520,9043,125,공365호
15521,9043,166,공365호
15522,9044,3,멀204
15523,9045,15,멀204
15524,9046,63,전102
15525,9046,201,전102
15526,9047,328,멀403
15527,9048,300,멀403
15528,9049,3,멀403
15529,9050,21,멀403
15530,9051,121,전218
15531,9051,160,전218
15532,9052,63,전227
15533,9052,201,전227
15534,9053,56,멀403
15535,9053,193,멀305
15536,9054,56,멀403
15537,9054,193,멀306
15538,9055,113,멀305
15539,9055,150,멀403
15540,9056,113,멀306
15541,9056,150,멀403
15542,9057,289,멀403
15543,9057,321,멀302
15544,9058,289,멀403
15545,9058,321,멀304
15546,9059,58,멀302
15547,9059,195,멀403
15548,9060,58,멀304
15549,9060,195,멀403
15550,9061,67,멀403
15551,9061,205,멀302
15552,9062,67,멀403
15553,9062,205,멀304
15554,9063,109,멀405
15555,9063,146,멀405
15556,9064,46,멀405
15557,9064,184,멀405
15558,9065,54,멀405
15559,9065,191,멀405
15560,9066,57,멀405
15561,9066,194,멀405
15562,9067,63,멀405
15563,9067,201,멀405
15564,9068,118,국경108
15565,9068,157,국경108
15566,9069,46,국경305
15567,9069,184,국경305
15568,9070,63,국경305
15569,9070,201,국경305
15570,9071,54,국경301
15571,9071,191,국경301
15572,9072,46,국경301
15573,9072,184,국경301
15574,9073,69,국경310
15575,9073,208,국경310
2286,1439,74,전205
2287,1439,214,전205
2288,1440,122,전205
2289,1440,161,전205
2290,1442,69,B09
2291,1442,208,B09
2292,1443,54,전103
2293,1443,191,전103
2294,1444,125,B07
2295,1444,166,B07
2296,1445,109,전205
2297,1445,146,전205
2298,1446,70,B07
2299,1446,209,B07
2300,1447,52,전205
2301,1447,189,전205
2302,1448,17,전137
2303,1449,63,B01
2304,1449,201,B01
2305,1450,54,B07
2306,1450,191,B07
2307,1451,109,전103
2308,1451,146,전103
2309,1452,63,전137
2310,1452,201,전137
2311,1453,69,B01
2312,1453,208,B01
2313,1454,3,전136
2314,1455,74,B09
2315,1455,214,B09
2316,1456,115,B07
2317,1456,154,B07
2318,1457,69,전136
2319,1457,208,전136
2320,1458,109,B09
2321,1458,146,B09
2322,1460,121,B07
2323,1460,160,B07
2324,1461,118,전220
2325,1461,157,전220
2326,1462,109,B07
2327,1462,146,B07
2328,1463,121,B01
2329,1463,160,B01
2330,1464,210,글405
2331,1465,3,B06
2332,1467,44,
2333,1468,88,B09
2334,1469,88,B09
2335,1470,88,B09
2336,1471,88,B09
2337,1472,88,B09
2338,1473,88,B09
2339,1474,88,B09
2340,1475,88,B09
2341,1476,88,B09
2342,1477,88,B09
2343,1478,88,B09
2344,1479,88,B09
2345,1480,88,B09
2346,1481,69,전137
2347,1481,208,전137
2348,1482,101,전137
2349,1483,63,전103
2350,1483,201,전103
2351,1484,32,전136
2352,1485,163,전137
2353,1486,76,B07
2354,1486,216,B07
2355,1487,92,
2356,1488,92,
2357,1489,92,
2358,1490,92,
2359,1491,92,
2360,1492,92,
15576,9074,203,멀402
15577,9075,289,멀402
15578,9076,119,멀402
15579,9077,203,멀604
15580,9078,273,멀402
15581,9079,65,멀402
15582,9080,193,멀604
15583,9087,322,멀402
15584,9088,332,멀402
15585,9089,289,멀604
15586,9090,119,멀604
15587,9091,158,멀402
15588,9092,56,멀604
15589,9093,193,멀402
15590,9094,247,멀402
15591,9095,358,멀402
15592,9096,253,멀402
15593,9099,65,멀604
2361,1493,57,전220
2362,1493,194,전220
2363,1494,100,전220
2364,1494,138,전220
2365,1496,109,전220
2366,1496,146,전220
2367,1497,109,전226
2368,1497,146,전226
2369,1498,109,전227
2370,1498,146,전227
2371,1499,69,전220
2372,1499,208,전220
2373,1500,69,전226
2374,1500,208,전226
2375,1501,121,전220
2376,1501,160,전220
2377,1502,121,전226
2378,1502,160,전226
2379,1503,121,전211-1
2380,1503,160,전211-1
2381,1504,73,전445
2382,1504,213,전445
2383,1505,69,외305
2384,1505,208,외305
15594,9100,235,멀405
15595,9100,13,멀302
15596,9101,13,멀405
15597,9101,19,멀302
15598,9103,46,멀407
15599,9103,184,멀407
15600,9104,54,멀407
15601,9104,191,멀407
15602,9105,57,멀407
15603,9105,194,멀407
15604,9106,69,멀407
15605,9106,208,멀407
15606,9107,109,멀407
15607,9107,146,멀407
15608,9108,112,멀407
15609,9108,149,멀407
15610,9109,125,멀407
15611,9109,166,멀407
15612,9110,3,멀407
15613,9111,15,멀407
15614,9112,121,멀407
15615,9112,160,멀407
15616,9113,118,멀407
15617,9113,157,멀407
15618,9114,121,멀406
15619,9114,160,멀406
15620,9115,46,멀401
15621,9115,184,멀401
15622,9116,46,멀408
15623,9116,184,멀408
15624,9117,46,멀409
15625,9117,184,멀409
15626,9118,54,멀401
15627,9118,191,멀401
15628,9119,54,멀408
15629,9119,191,멀408
15630,9120,54,멀410
15631,9120,191,멀410
15632,9121,54,멀103
15633,9121,191,멀103
15634,9122,54,멀409
15635,9122,191,멀409
15636,9123,57,멀401
15637,9123,194,멀401
15638,9124,57,멀409
15639,9124,194,멀409
15640,9125,57,멀410
15641,9125,194,멀410
15642,9126,57,멀408
15643,9126,194,멀408
15644,9127,63,멀409
15645,9127,201,멀409
15646,9128,63,멀410
15647,9128,201,멀410
15648,9129,63,멀815
15649,9129,201,멀815
15650,9130,63,멀408
15651,9130,201,멀408
15652,9131,63,멀401
15653,9131,201,멀401
15654,9132,69,멀409
15655,9132,208,멀409
15656,9133,69,멀408
15657,9133,208,멀408
15658,9134,69,멀815
15659,9134,208,멀815
15660,9135,69,멀410
15661,9135,208,멀410
15662,9136,73,멀409
15663,9136,213,멀409
15664,9137,73,멀408
15665,9137,213,멀408
15666,9138,73,멀410
15667,9138,213,멀410
15668,9139,100,멀401
15669,9139,138,멀401
15670,9140,100,멀410
15671,9140,138,멀410
15672,9141,109,멀401
15673,9141,146,멀401
15674,9142,109,멀512
15675,9142,146,멀512
15676,9143,109,멀410
15677,9143,146,멀410
15678,9144,112,멀408
15679,9144,149,멀408
15680,9145,112,멀602
15681,9145,149,멀602
15682,9146,112,멀401
15683,9146,149,멀401
15684,9147,118,멀406
15685,9147,157,멀406
15686,9148,118,멀408
15687,9148,157,멀408
15688,9149,121,멀409
15689,9149,160,멀409
15690,9150,121,멀803
15691,9150,160,멀803
15692,9151,121,멀410
15693,9151,160,멀410
15694,9152,125,멀409
15695,9152,166,멀409
15696,9153,3,멀401
15697,9154,15,멀410
15698,9155,15,멀401
15699,9156,15,멀409
15700,9157,32,멀408
15701,9158,118,멀409
15702,9158,157,멀409
15703,9159,118,멀401
15704,9159,157,멀401
15705,9160,15,멀408
15706,9161,47,멀611
15707,9162,47,멀610
15708,9163,47,멀607
15709,9164,47,멀603
15710,9165,263,멀611
15711,9166,263,멀610
15712,9167,263,멀603
15713,9168,263,멀607
15714,9169,271,멀607
15715,9170,271,멀610
15716,9171,271,멀611
15717,9172,271,멀603
15718,9173,139,멀610
15719,9174,139,멀611
15720,9175,323,멀610
15721,9176,323,멀603
15722,9177,323,멀607
15723,9178,323,멀611
15724,9179,163,멀610
15725,9180,163,멀611
15726,9181,163,멀607
15727,9182,185,멀607
15728,9183,185,멀611
15729,9184,185,멀610
15730,9185,349,멀603
15731,9186,349,멀610
15732,9187,349,멀611
15733,9188,349,멀607
15734,9189,210,멀611
15735,9190,210,멀610
15736,9191,101,멀603
15737,9192,101,멀611
15738,9193,101,멀607
15739,9194,101,멀610
15740,9195,292,멀607
15741,9196,292,멀603
15742,9197,292,멀610
15743,9198,292,멀611
15744,9199,305,멀607
15745,9200,305,멀610
15746,9201,305,멀611
15747,9202,305,멀603
15748,9203,3,멀207
15749,9204,3,멀610
15750,9205,15,멀207
15751,9206,15,멀611
15752,9207,15,멀610
15753,9208,32,멀611
15754,9209,210,멀607
15755,9210,46,멀208
15756,9210,184,멀208
15757,9211,69,멀206
15758,9211,208,멀206
15759,9212,73,멀206
15760,9212,213,멀206
15761,9213,121,멀205
15762,9213,160,멀205
15763,9214,54,멀205
15764,9214,191,멀205
15765,9215,109,멀205
15766,9215,146,멀205
15767,9216,15,멀205
15768,9217,32,멀205
15769,9218,57,멀205
15770,9218,194,멀205
15771,9219,63,멀205
15772,9219,201,멀205
15773,9220,3,멀206
15774,9221,15,멀206
15775,9222,121,멀206
15776,9222,160,멀206
15777,9223,46,멀206
15778,9223,184,멀206
15779,9224,54,멀206
15780,9224,191,멀206
15781,9225,57,멀207
15782,9225,194,멀207
15783,9226,63,멀207
15784,9226,201,멀207
15785,9227,57,멀206
15786,9227,194,멀206
15787,9228,54,멀208
15788,9228,191,멀208
15789,9229,57,멀208
15790,9229,194,멀208
15791,9230,69,멀208
15792,9230,208,멀208
15793,9231,73,멀208
15794,9231,213,멀208
15795,9232,100,멀206
15796,9232,138,멀206
15797,9233,100,멀208
15798,9233,138,멀208
15799,9234,100,멀205
15800,9234,138,멀205
15801,9235,109,멀206
15802,9235,146,멀206
15803,9236,109,멀208
15804,9236,146,멀208
15805,9237,109,멀207
15806,9237,146,멀207
15807,9238,112,멀208
15808,9238,149,멀208
15809,9239,112,멀206
15810,9239,149,멀206
15811,9240,118,멀208
15812,9240,157,멀208
15813,9241,118,멀206
15814,9241,157,멀206
15815,9242,121,멀208
15816,9242,160,멀208
15817,9243,125,멀208
15818,9243,166,멀208
15819,9244,112,멀205
15820,9244,149,멀205
15821,9245,69,멀205
15822,9245,208,멀205
15823,9246,3,멀603
15824,9247,121,멀705
15825,9247,160,멀705
15826,9248,46,멀705
15827,9248,184,멀705
15828,9249,54,멀705
15829,9249,191,멀705
15830,9250,57,멀705-1
15831,9250,194,멀705-1
15832,9251,63,멀705-1
15833,9251,201,멀705-1
15834,9252,100,멀702
15835,9252,138,멀702
15836,9253,109,멀705
15837,9253,146,멀705
15838,9254,112,멀702
15839,9254,149,멀702
15840,9255,118,멀705
15841,9255,157,멀705
15842,9256,121,멀705-1
15843,9256,160,멀705-1
15844,9257,125,멀705-1
15845,9257,166,멀705-1
15846,9258,3,멀705-1
15847,9259,63,멀702
15848,9259,201,멀702
15849,9260,69,멀702
15850,9260,208,멀702
15851,9261,73,멀705
15852,9261,213,멀705
15853,9262,100,멀705
15854,9262,138,멀705
15855,9263,109,멀702
15856,9263,146,멀702
15857,9264,112,멀705
15858,9264,149,멀705
15859,9265,118,멀702
15860,9265,157,멀702
15861,9266,121,멀702
15862,9266,160,멀702
15863,9267,15,멀705
15864,9268,69,멀705
15865,9268,208,멀705
15866,9269,118,멀705-1
15867,9269,157,멀705-1
15868,9270,54,멀705-1
15869,9270,191,멀705-1
15870,9271,54,멀702
15871,9271,191,멀702
15872,9272,125,멀702
15873,9272,166,멀702
15874,9273,54,멀109
15875,9273,191,멀109
15876,9274,57,멀109
15877,9274,194,멀109
15878,9275,46,멀108
15879,9275,184,멀108
15880,9276,54,멀108
15881,9276,191,멀108
15882,9277,15,멀109
15883,9278,32,멀109
15884,9279,57,멀108
15885,9279,194,멀108
15886,9280,63,멀108
15887,9280,201,멀108
15888,9281,46,멀201
15889,9281,184,멀201
15890,9282,54,멀201
15891,9282,191,멀201
15892,9283,57,멀201
15893,9283,194,멀201
15894,9284,63,멀201
15895,9284,201,멀201
15896,9285,69,멀201
15897,9285,208,멀201
15898,9286,109,멀109
15899,9286,146,멀109
15900,9287,112,멀201
15901,9287,149,멀201
15902,9288,118,멀201
15903,9288,157,멀201
15904,9289,112,멀109
15905,9289,149,멀109
15906,9290,118,멀109
15907,9290,157,멀109
15908,9291,121,멀109
15909,9291,160,멀109
15910,9292,125,멀109
15911,9292,166,멀109
15912,9293,109,멀108
15913,9293,146,멀108
15914,9294,112,멀108
15915,9294,149,멀108
15916,9295,121,멀108
15917,9295,160,멀108
15918,9296,118,멀108
15919,9296,157,멀108
15920,9297,100,멀201
15921,9297,138,멀201
15922,9298,109,멀201
15923,9298,146,멀201
15924,9299,121,멀201
15925,9299,160,멀201
15926,9300,125,멀201
15927,9300,166,멀201
15928,9301,112,멀101
15929,9301,149,멀101
15930,9302,118,멀101
15931,9302,157,멀101
15932,9303,121,멀101
15933,9303,160,멀101
15934,9304,125,멀101
15935,9304,166,멀101
15936,9305,100,멀101
15937,9305,138,멀101
15938,9306,109,멀101
15939,9306,146,멀101
15940,9307,121,멀401
15941,9307,160,멀401
15942,9308,125,멀401
15943,9308,166,멀401
15944,9309,3,멀108
15945,9310,15,멀108
15946,9311,46,멀109
15947,9311,184,멀109
15948,9312,63,멀109
15949,9312,201,멀109
15950,9313,69,멀109
15951,9313,208,멀109
15952,9314,73,멀109
15953,9314,213,멀109
15954,9315,63,멀101
15955,9315,201,멀101
15956,9316,69,멀101
15957,9316,208,멀101
15958,9317,69,멀108
15959,9317,208,멀108
15960,9318,69,멀401
15961,9318,208,멀401
15962,9319,73,멀101
15963,9319,213,멀101
15964,9320,73,멀108
15965,9320,213,멀108
15966,9321,73,멀401
15967,9321,213,멀401
15968,9322,100,멀108
15969,9322,138,멀108
15970,9323,109,멀103
15971,9323,146,멀103
15972,9324,118,멀205
15973,9324,157,멀205
15974,9325,15,멀603
15975,9326,32,멀411
15976,9327,46,멀411
15977,9327,184,멀411
15978,9328,185,멀512
15979,9329,112,멀411
15980,9329,149,멀411
15981,9330,100,멀815
15982,9330,138,멀815
15983,9331,185,멀B114
15984,9333,121,멀513
15985,9333,160,멀513
15986,9334,3,멀612
15987,9335,25,멀612
15988,9336,3,멀409
15989,9337,69,멀210
15990,9337,208,멀210
15991,9338,297,멀612
15992,9339,46,멀210
15993,9339,184,멀210
15994,9340,15,멀411
15995,9341,210,멀704
15996,9342,121,멀312
15997,9342,160,멀312
15998,9343,112,멀312
15999,9343,149,멀312
16000,9344,69,멀406
16001,9344,208,멀406
16002,9345,57,멀411
16003,9345,194,멀411
16004,9346,349,멀312
16005,9347,109,멀411
16006,9347,146,멀411
16007,9348,69,멀411
16008,9348,208,멀411
16009,9349,15,멀513
16010,9351,54,멀513
16011,9351,191,멀513
16012,9352,118,멀513
16013,9352,157,멀513
16014,9353,163,멀602
16015,9354,3,멀826
16016,9355,57,멀210
16017,9355,194,멀210
16018,9356,100,멀203
16019,9356,138,멀203
16020,9357,109,멀203
16021,9357,146,멀203
16022,9358,121,멀411
16023,9358,160,멀411
16024,9359,118,멀210
16025,9359,157,멀210
16026,9360,54,멀312
16027,9360,191,멀312
16028,9361,54,멀210
16029,9361,191,멀210
16030,9362,63,멀210
16031,9362,201,멀210
16032,9363,69,멀312
16033,9363,208,멀312
16034,9364,15,멀512
16035,9367,25,멀405
16036,9368,57,멀704
16037,9368,194,멀704
16038,9369,118,멀826
16039,9369,157,멀826
16040,9370,323,멀612
16041,9371,63,멀411
16042,9371,201,멀411
16043,9372,320,멀513
16044,9373,100,멀411
16045,9373,138,멀411
16046,9374,15,멀210
16047,9375,73,멀312
16048,9375,213,멀312
16049,9376,54,멀826
16050,9376,191,멀826
16051,9377,15,멀826
16052,9378,112,멀210
16053,9378,149,멀210
16054,9379,210,멀826
16055,9380,121,멀210
16056,9380,160,멀210
16057,9381,69,멀612
16058,9381,208,멀612
16059,9382,63,멀826
16060,9382,201,멀826
16061,9384,69,멀107
16062,9384,208,멀107
16063,9385,57,멀826
16064,9385,194,멀826
16065,9386,112,멀204
16066,9386,149,멀204
16067,9387,118,멀602
16068,9387,157,멀602
16069,9388,73,멀612
16070,9388,213,멀612
16071,9390,268,멀512
16072,9391,54,멀411
16073,9391,191,멀411
16074,9392,174,멀204
16075,9393,163,멀612
16076,9394,32,멀210
16077,9395,54,멀612
16078,9395,191,멀612
16079,9396,125,멀210
16080,9396,166,멀210
16081,9397,69,멀513
16082,9397,208,멀513
16083,9398,54,멀203
16084,9398,191,멀203
16085,9399,3,멀512
16086,9400,305,멀204
16087,9401,271,멀826
16088,9402,109,멀815
16089,9402,146,멀815
16090,9403,63,멀406
16091,9403,201,멀406
16092,9404,3,멀406
16093,9405,54,멀406
16094,9405,191,멀406
16095,9406,46,멀826
16096,9406,184,멀826
16097,9407,112,멀826
16098,9407,149,멀826
16099,9408,15,멀312
16100,9409,57,멀406
16101,9409,194,멀406
16102,9410,46,멀612
16103,9410,184,멀612
16104,9412,54,멀704
16105,9412,191,멀704
16106,9413,101,멀204
16107,9414,305,멀B114
16108,9415,121,멀826
16109,9415,160,멀826
16110,9416,73,멀210
16111,9416,213,멀210
16112,9419,63,멀513
16113,9419,201,멀513
16114,9420,73,멀411
16115,9420,213,멀411
16116,9421,323,멀512
16117,9422,57,멀609
16118,9422,194,멀609
16119,9423,109,멀408
16120,9423,146,멀408
16121,9424,109,멀608
16122,9424,146,멀608
16123,9425,118,멀608
16124,9425,157,멀608
16125,9426,46,멀609
16126,9426,184,멀609
16127,9427,54,멀609
16128,9427,191,멀609
16129,9428,118,멀312
16130,9428,157,멀312
16131,9429,100,멀207
16132,9429,138,멀207
16133,9430,54,멀608
16134,9430,191,멀608
16135,9431,57,멀608
16136,9431,194,멀608
16137,9432,109,멀406
16138,9432,146,멀406
16139,9433,54,멀602
16140,9433,191,멀602
16141,9434,63,멀609
16142,9434,201,멀609
16143,9435,139,멀210
16144,9436,3,멀202
16145,9437,15,멀B114
16146,9438,15,멀406
16147,9439,63,멀203
16148,9439,201,멀203
16149,9440,292,멀B114
16150,9441,323,멀B114
16151,9442,109,멀312
16152,9442,146,멀312
16153,9443,210,글401
16154,9445,326,멀204
16155,9446,25,멀112
16156,9448,109,멀704
16157,9448,146,멀704
16158,9449,63,멀206
16159,9449,201,멀206
16160,9450,69,멀705-1
16161,9450,208,멀705-1
16162,9451,81,멀202
16163,9452,223,예B167
16164,9453,312,예B122
16165,9454,312,예102
16166,9455,338,외402
16167,9456,223,멀202
16168,9457,264,멀402
16169,9458,270,멀703
16170,9459,270,멀803
16171,9460,274,멀703
16172,9461,291,멀406
16173,9464,118,멀203
16174,9464,157,멀203
16175,9465,3,멀210
16176,9472,147,체215-3호
16177,9473,285,체215-3호
16178,9474,289,체215-3호
16179,9478,72,글403
16180,9483,56,웨이트장
16181,9486,285,
16182,9487,289,
16183,9488,343,체B120호
16184,9489,61,1호관테니스장
16185,9490,189,글403
16186,9491,122,글403
16187,9492,263,멀B114
16188,9493,210,멀512
16189,9497,258,체B120호
16190,9498,3,멀312
16191,9499,63,멀612
16192,9499,201,멀612
16193,9500,69,멀204
16194,9500,208,멀204
16195,9502,73,멀204
16196,9502,213,멀204
16197,9503,74,멀103
16198,9504,63,멀608
16199,9504,201,멀608
16200,9505,100,멀705-1
16201,9505,138,멀705-1
16202,9506,69,멀608
16203,9506,208,멀608
16204,9507,109,멀705-1
16205,9507,146,멀705-1
16206,9508,54,멀101
16207,9508,191,멀101
16208,9509,121,멀608
16209,9509,160,멀608
16210,9510,57,멀101
16211,9510,194,멀101
16212,9511,125,멀608
16213,9511,166,멀608
16214,9513,54,멀204
16215,9513,191,멀204
16216,9514,46,멀204
16217,9514,184,멀204
16218,9516,3,멀704
16219,9518,292,멀202
16220,9519,263,멀202
16221,9520,305,멀203
16222,9521,323,멀112
16223,9522,349,멀202
2385,1506,63,공367호
2386,1506,201,공367호
2387,1507,69,공367호
2388,1507,208,공367호
2389,1508,54,공367호
2390,1508,191,공367호
2391,1509,57,공148호
2392,1509,194,공148호
2393,1510,109,공367호
2394,1510,146,공367호
16224,9523,210,멀B114
16225,9524,118,멀411
16226,9524,157,멀411
2395,1511,63,공371호
2396,1511,201,공371호
2397,1512,63,공142-2호
2398,1512,201,공142-2호
2399,1513,63,공B104호
2400,1513,201,공B104호
2401,1514,109,공371호
2402,1514,146,공371호
2403,1515,57,B09
2404,1515,194,B09
2405,1516,204,전211-1
2406,1517,5,전211-1
2407,1518,61,전205
2408,1518,198,전205
2409,1519,115,전205
2410,1519,154,전205
2411,1521,128,전205
2412,1521,169,전205
2413,1522,112,전103
2414,1522,149,전103
2415,1523,115,B01
2416,1523,154,B01
2417,1524,67,B06
2418,1524,205,B06
2419,1525,77,B01
2420,1525,217,B01
2421,1526,173,
2422,1527,109,B01
2423,1527,146,B01
2424,1528,121,B09
2425,1528,160,B09
2426,1529,118,B09
2427,1529,157,B09
2428,1530,57,전103
2429,1530,194,전103
2430,1531,9,전205
2431,1532,15,전103
2432,1533,122,B06
2433,1533,161,B06
2434,1534,132,
2435,1535,132,
2436,1536,39,
2437,1537,63,B07
2438,1537,201,B07
2439,1538,15,
2440,1539,15,
2441,1540,2,
2442,1541,15,전227
2443,1542,174,전309
2444,1543,115,전137
2445,1543,154,전137
2446,1544,32,
2447,1545,32,
2448,1546,32,
2449,1547,32,
2450,1548,32,전309
2451,1549,32,
2452,1550,32,
2453,1551,43,
2454,1553,115,전136
2455,1553,154,전136
2456,1554,220,
2457,1555,121,전136
2458,1555,160,전136
16227,9525,21,전101
16228,9525,62,전101
16229,9525,116,전101
16230,9525,155,전101
16231,9525,199,전101
16232,9526,21,전218
16233,9526,62,전218
16234,9526,116,전218
16235,9526,155,전218
16236,9526,199,전218
16237,9527,21,전221
16238,9527,62,전221
16239,9527,116,전221
16240,9527,155,전221
16241,9527,199,전221
16242,9528,21,전102
16243,9528,62,전102
16244,9528,116,전102
16245,9528,155,전102
16246,9528,199,전102
16247,9529,3,전101
16248,9529,47,전101
16249,9529,101,전101
16250,9529,139,전101
16251,9529,185,전101
16252,9530,3,전218
16253,9530,47,전218
16254,9530,101,전218
16255,9530,139,전218
16256,9530,185,전218
16257,9531,3,전221
16258,9531,47,전221
16259,9531,101,전221
16260,9531,139,전221
16261,9531,185,전221
16262,9532,21,공146호
16263,9532,62,공146호
16264,9532,116,공146호
16265,9532,155,공146호
16266,9532,199,공146호
16267,9533,3,멀204
16268,9533,47,멀204
16269,9533,101,멀204
16270,9533,139,멀204
16271,9533,185,멀204
16272,9534,3,전219
16273,9534,47,전219
16274,9534,101,전219
16275,9534,139,전219
16276,9534,185,전219
16277,9535,21,전219
16278,9535,62,전219
16279,9535,116,전219
16280,9535,155,전219
16281,9535,199,전219
2459,1556,21,전136
2460,1556,62,전136
2461,1556,116,전136
2462,1556,155,전136
2463,1556,199,전136
16282,9536,3,멀612
16283,9536,47,멀612
16284,9536,101,멀612
16285,9536,139,멀612
16286,9536,185,멀612
16287,9537,3,멀409
16288,9537,47,멀409
16289,9537,101,멀409
16290,9537,139,멀409
16291,9537,185,멀409
16292,9538,21,멀406
16293,9538,62,멀406
16294,9538,116,멀406
16295,9538,155,멀406
16296,9538,199,멀406
16297,9539,3,멀604
16298,9539,47,멀604
16299,9539,101,멀604
16300,9539,139,멀604
16301,9539,185,멀604
16302,9540,21,멀604
16303,9540,62,멀604
16304,9540,116,멀604
16305,9540,155,멀604
16306,9540,199,멀604
16307,9541,21,멀603
16308,9541,62,멀603
16309,9541,116,멀603
16310,9541,155,멀603
16311,9541,199,멀603
16312,9542,3,멀402
16313,9542,47,멀402
16314,9542,101,멀402
16315,9542,139,멀402
16316,9542,185,멀402
16317,9543,21,멀402
16318,9543,62,멀402
16319,9543,116,멀402
16320,9543,155,멀402
16321,9543,199,멀402
16322,9544,3,멀705-1
16323,9544,47,멀705-1
16324,9544,101,멀705-1
16325,9544,139,멀705-1
16326,9544,185,멀705-1
16327,9545,21,멀705-1
16328,9545,62,멀705-1
16329,9545,116,멀705-1
16330,9545,155,멀705-1
16331,9545,199,멀705-1
16332,9546,3,멀702
16333,9546,47,멀702
16334,9546,101,멀702
16335,9546,139,멀702
16336,9546,185,멀702
16337,9547,3,멀205
16338,9547,47,멀205
16339,9547,101,멀205
16340,9547,139,멀205
16341,9547,185,멀205
16342,9548,21,멀205
16343,9548,62,멀205
16344,9548,116,멀205
16345,9548,155,멀205
16346,9548,199,멀205
16347,9549,3,멀206
16348,9549,47,멀206
16349,9549,101,멀206
16350,9549,139,멀206
16351,9549,185,멀206
16352,9550,21,멀206
16353,9550,62,멀206
16354,9550,116,멀206
16355,9550,155,멀206
16356,9550,199,멀206
16357,9551,3,멀207
16358,9551,47,멀207
16359,9551,101,멀207
16360,9551,139,멀207
16361,9551,185,멀207
16362,9552,21,멀207
16363,9552,62,멀207
16364,9552,116,멀207
16365,9552,155,멀207
16366,9552,199,멀207
16367,9553,3,멀208
16368,9553,47,멀208
16369,9553,101,멀208
16370,9553,139,멀208
16371,9553,185,멀208
16372,9554,21,멀208
16373,9554,62,멀208
16374,9554,116,멀208
16375,9554,155,멀208
16376,9554,199,멀208
16377,9555,3,멀201
16378,9555,47,멀201
16379,9555,101,멀201
16380,9555,139,멀201
16381,9555,185,멀201
16382,9556,21,멀201
16383,9556,62,멀201
16384,9556,116,멀201
16385,9556,155,멀201
16386,9556,199,멀201
16387,9557,21,멀704
16388,9557,62,멀704
16389,9557,116,멀704
16390,9557,155,멀704
16391,9557,199,멀704
16392,9558,3,멀406
16393,9558,47,멀406
16394,9558,101,멀406
16395,9558,139,멀406
16396,9558,185,멀406
16397,9559,3,멀203
16398,9559,47,멀203
16399,9559,101,멀203
16400,9559,139,멀203
16401,9559,185,멀203
16402,9560,21,멀411
16403,9560,62,멀411
16404,9560,116,멀411
16405,9560,155,멀411
16406,9560,199,멀411
16407,9561,21,멀405
16408,9561,62,멀405
16409,9561,116,멀405
16410,9561,155,멀405
16411,9561,199,멀405
16412,9562,3,멀513
16413,9562,47,멀513
16414,9562,101,멀513
16415,9562,139,멀513
16416,9562,185,멀513
16417,9563,21,멀403
16418,9563,62,멀403
16419,9563,116,멀403
16420,9563,155,멀403
16421,9563,199,멀403
16422,9564,21,멀513
16423,9564,62,멀513
16424,9564,116,멀513
16425,9564,155,멀513
16426,9564,199,멀513
16427,9565,3,멀411
16428,9565,47,멀411
16429,9565,101,멀411
16430,9565,139,멀411
16431,9565,185,멀411
16432,9566,3,멀704
16433,9566,47,멀704
16434,9566,101,멀704
16435,9566,139,멀704
16436,9566,185,멀704
16437,9568,21,멀612
16438,9568,62,멀612
16439,9568,116,멀612
16440,9568,155,멀612
16441,9568,199,멀612
16442,9569,3,멀408
16443,9569,47,멀408
16444,9569,101,멀408
16445,9569,139,멀408
16446,9569,185,멀408
2464,1558,3,전137
2465,1558,47,전137
2466,1558,101,전137
2467,1558,139,전137
2468,1558,185,전137
2469,1560,21,전137
2470,1560,62,전137
2471,1560,116,전137
2472,1560,155,전137
2473,1560,199,전137
16447,9570,21,전101
16448,9570,62,전101
16449,9570,116,전101
16450,9570,155,전101
16451,9570,199,전101
16452,9571,21,전102
16453,9571,62,전102
16454,9571,116,전102
16455,9571,155,전102
16456,9571,199,전102
16457,9572,21,"전221, 멀티미디어관 107호"
16458,9572,62,"전221, 멀티미디어관 107호"
16459,9572,116,"전221, 멀티미디어관 107호"
16460,9572,155,"전221, 멀티미디어관 107호"
16461,9572,199,"전221, 멀티미디어관 107호"
16462,9573,21,전223
16463,9573,62,전223
16464,9573,116,전223
16465,9573,155,전223
16466,9573,199,전223
16467,9574,3,전101
16468,9574,47,전101
16469,9574,101,전101
16470,9574,139,전101
16471,9574,185,전101
16472,9575,3,전102
16473,9575,47,전102
16474,9575,101,전102
16475,9575,139,전102
16476,9575,185,전102
16477,9576,3,전221
16478,9576,47,전221
16479,9576,101,전221
16480,9576,139,전221
16481,9576,185,전221
16482,9577,3,멀403
16483,9577,47,멀403
16484,9577,101,멀403
16485,9577,139,멀403
16486,9577,185,멀403
16487,9578,21,멀512
16488,9578,62,멀512
16489,9578,116,멀512
16490,9578,155,멀512
16491,9578,199,멀512
16492,9579,3,멀612
16493,9579,47,멀612
16494,9579,101,멀612
16495,9579,139,멀612
16496,9579,185,멀612
16497,9580,3,멀409
16498,9580,47,멀409
16499,9580,101,멀409
16500,9580,139,멀409
16501,9580,185,멀409
16502,9581,21,멀409
16503,9581,62,멀409
16504,9581,116,멀409
16505,9581,155,멀409
16506,9581,199,멀409
16507,9582,3,멀602
16508,9582,47,멀602
16509,9582,101,멀602
16510,9582,139,멀602
16511,9582,185,멀602
16512,9583,21,멀604
16513,9583,62,멀604
16514,9583,116,멀604
16515,9583,155,멀604
16516,9583,199,멀604
16517,9584,3,멀402
16518,9584,47,멀402
16519,9584,101,멀402
16520,9584,139,멀402
16521,9584,185,멀402
16522,9585,21,멀602
16523,9585,62,멀602
16524,9585,116,멀602
16525,9585,155,멀602
16526,9585,199,멀602
16527,9586,3,멀705-1
16528,9586,47,멀705-1
16529,9586,101,멀705-1
16530,9586,139,멀705-1
16531,9586,185,멀705-1
16532,9587,21,멀705-1
16533,9587,62,멀705-1
16534,9587,116,멀705-1
16535,9587,155,멀705-1
16536,9587,199,멀705-1
16537,9588,3,멀705
16538,9588,47,멀705
16539,9588,101,멀705
16540,9588,139,멀705
16541,9588,185,멀705
16542,9589,3,멀205
16543,9589,47,멀205
16544,9589,101,멀205
16545,9589,139,멀205
16546,9589,185,멀205
16547,9590,21,멀101
16548,9590,62,멀101
16549,9590,116,멀101
16550,9590,155,멀101
16551,9590,199,멀101
16552,9591,3,멀206
16553,9591,47,멀206
16554,9591,101,멀206
16555,9591,139,멀206
16556,9591,185,멀206
16557,9592,21,멀206
16558,9592,62,멀206
16559,9592,116,멀206
16560,9592,155,멀206
16561,9592,199,멀206
16562,9593,3,멀207
16563,9593,47,멀207
16564,9593,101,멀207
16565,9593,139,멀207
16566,9593,185,멀207
16567,9594,21,멀207
16568,9594,62,멀207
16569,9594,116,멀207
16570,9594,155,멀207
16571,9594,199,멀207
16572,9595,3,멀208
16573,9595,47,멀208
16574,9595,101,멀208
16575,9595,139,멀208
16576,9595,185,멀208
16577,9596,21,멀208
16578,9596,62,멀208
16579,9596,116,멀208
16580,9596,155,멀208
16581,9596,199,멀208
16582,9597,3,멀201
16583,9597,47,멀201
16584,9597,101,멀201
16585,9597,139,멀201
16586,9597,185,멀201
16587,9598,21,멀201
16588,9598,62,멀201
16589,9598,116,멀201
16590,9598,155,멀201
16591,9598,199,멀201
16592,9599,21,멀210
16593,9599,62,멀210
16594,9599,116,멀210
16595,9599,155,멀210
16596,9599,199,멀210
16597,9600,3,멀203
16598,9600,47,멀203
16599,9600,101,멀203
16600,9600,139,멀203
16601,9600,185,멀203
16602,9601,21,멀608
16603,9601,62,멀608
16604,9601,116,멀608
16605,9601,155,멀608
16606,9601,199,멀608
16607,9602,3,멀513
16608,9602,47,멀513
16609,9602,101,멀513
16610,9602,139,멀513
16611,9602,185,멀513
16612,9603,21,멀403
16613,9603,62,멀403
16614,9603,116,멀403
16615,9603,155,멀403
16616,9603,199,멀403
16617,9604,21,멀513
16618,9604,62,멀513
16619,9604,116,멀513
16620,9604,155,멀513
16621,9604,199,멀513
16622,9605,21,멀204
16623,9605,62,멀204
16624,9605,116,멀204
16625,9605,155,멀204
16626,9605,199,멀204
16627,9606,3,멀210
16628,9606,47,멀210
16629,9606,101,멀210
16630,9606,139,멀210
16631,9606,185,멀210
16632,9607,21,멀312
16633,9607,62,멀312
16634,9607,116,멀312
16635,9607,155,멀312
16636,9607,199,멀312
16637,9609,3,멀312
16638,9609,47,멀312
16639,9609,101,멀312
16640,9609,139,멀312
16641,9609,185,멀312
2474,1563,3,전137
2475,1563,47,전137
2476,1563,101,전137
2477,1563,139,전137
2478,1563,185,전137
2479,1565,100,전136
2480,1565,138,전136
2481,1566,115,B06
2482,1566,154,B06
2483,1567,121,전136
2484,1567,160,전136
2485,1568,109,전103
2486,1568,146,전103
2487,1569,112,전103
2488,1569,149,전103
2489,1570,63,전103
2490,1570,201,전103
2491,1572,93,전103
2492,1573,98,전103
16642,9610,57,전102
16643,9610,194,전102
16644,9611,54,전221
16645,9611,191,전221
16646,9612,57,전221
16647,9612,194,전221
16648,9613,100,멀107
16649,9613,138,멀107
16650,9614,109,멀107
16651,9614,146,멀107
16652,9615,112,전223
16653,9615,149,전223
16654,9616,118,전223
16655,9616,157,전223
16656,9617,109,멀704
16657,9617,146,멀704
16658,9618,118,전221
16659,9618,157,전221
16660,9619,121,전221
16661,9619,160,전221
16662,9620,3,전102
16663,9621,25,전102
16664,9622,3,전223
16665,9623,25,전223
16666,9624,63,멀108
16667,9624,201,멀108
16668,9625,15,멀107
16669,9626,32,멀107
16670,9627,63,전101
16671,9627,201,전101
16672,9628,54,전223
16673,9628,191,전223
16674,9629,63,전221
16675,9629,201,전221
16676,9630,109,전102
16677,9630,146,전102
16678,9631,112,전102
16679,9631,149,전102
16680,9632,109,전221
16681,9632,146,전221
16682,9633,118,전101
16683,9633,157,전101
16684,9634,121,전101
16685,9634,160,전101
16686,9635,57,멀107
16687,9635,194,멀107
16688,9636,63,멀107
16689,9636,201,멀107
16690,9637,121,전223
16691,9637,160,전223
16692,9638,125,전223
16693,9638,166,전223
16694,9639,46,멀406
16695,9639,184,멀406
16696,9640,54,멀406
16697,9640,191,멀406
16698,9641,57,멀112
16699,9641,194,멀112
16700,9642,3,전101
16701,9643,25,전101
16702,9644,118,멀210
16703,9644,157,멀210
16704,9645,69,전101
16705,9645,208,전101
16706,9646,73,전101
16707,9646,213,전101
16708,9647,46,멀107
16709,9647,184,멀107
16710,9648,54,멀107
16711,9648,191,멀107
16712,9649,100,전205
16713,9649,138,전205
16714,9650,46,국경311
16715,9650,184,국경311
16716,9651,100,멀405
16717,9651,138,멀405
16718,9652,109,멀204
16719,9652,146,멀204
16720,9653,3,전221
16721,9654,15,전221
16722,9655,3,전217
16723,9656,12,전218
16724,9657,32,전221
16725,9658,125,전101
16726,9658,166,전101
16727,9659,55,멀404
16728,9659,192,멀308
16729,9660,55,멀404
16730,9660,192,멀309
16731,9661,110,멀308
16732,9661,147,멀404
16733,9662,110,멀309
16734,9662,147,멀404
16735,9663,61,멀404
16736,9663,198,멀308
16737,9664,61,멀404
16738,9664,198,멀309
16739,9665,115,멀308
16740,9665,154,멀404
16741,9666,115,멀309
16742,9666,154,멀404
16743,9667,109,멀312
16744,9667,146,멀312
16745,9668,112,멀204
16746,9668,149,멀204
16747,9669,54,멀204
16748,9669,191,멀204
16749,9670,63,멀406
16750,9670,201,멀406
16751,9671,63,글405
16752,9671,201,글405
16753,9672,69,멀404
16754,9672,208,멀404
16755,9673,109,공176호
16756,9673,146,공176호
16757,9674,46,멀407
16758,9674,184,멀407
16759,9675,3,공B101호
16760,9676,121,멀107
16761,9676,160,멀107
16762,9677,112,멀405
16763,9677,149,멀405
16764,9678,21,멀404
16765,9679,25,멀602
16766,9680,15,공371호
16767,9681,109,전218
16768,9681,146,전218
16769,9682,121,전217
16770,9682,160,전217
16771,9683,46,멀405
16772,9683,184,멀405
16773,9684,69,멀405
16774,9684,208,멀405
16775,9685,73,멀405
16776,9685,213,멀405
16777,9686,112,멀107
16778,9686,149,멀107
16779,9687,118,멀405
16780,9687,157,멀405
16781,9688,3,멀204
16782,9689,21,멀405
16783,9690,54,공176호
16784,9690,191,공176호
16785,9691,54,전220
16786,9691,191,전220
16787,9692,56,멀403
16788,9692,193,멀302
16789,9693,56,멀403
16790,9693,193,멀305
16791,9694,67,멀403
16792,9694,205,멀302
16793,9695,67,멀403
16794,9695,205,멀305
16795,9696,56,멀302
16796,9696,193,멀403
16797,9697,56,멀305
16798,9697,193,멀403
16799,9698,67,멀302
16800,9698,205,멀403
16801,9699,67,멀305
16802,9699,205,멀403
16803,9700,285,멀302
16804,9700,316,멀403
16805,9701,285,멀305
16806,9701,316,멀403
16807,9702,122,멀302
16808,9702,161,멀403
16809,9703,122,멀305
16810,9703,161,멀403
16811,9704,289,멀302
16812,9704,321,멀403
16813,9705,289,멀305
16814,9705,321,멀403
16815,9706,285,멀403
16816,9706,316,멀302
16817,9707,285,멀403
16818,9707,316,멀305
16819,9708,289,멀403
16820,9708,321,멀302
16821,9709,289,멀403
16822,9709,321,멀305
16823,9710,304,멀204
16824,9710,161,멀302
16825,9711,304,멀204
16826,9711,161,멀305
16827,9712,54,멀405
16828,9712,191,멀405
16829,9713,57,멀405
16830,9713,194,멀405
16831,9714,63,멀405
16832,9714,201,멀405
16833,9715,121,공365호
16834,9715,160,공365호
16835,9716,46,국경108
16836,9716,184,국경108
16837,9717,63,생422
16838,9717,201,생422
16839,9718,46,국경310
16840,9718,184,국경310
16841,9719,118,국경301
16842,9719,157,국경301
16843,9720,109,국경301
16844,9720,146,국경301
16845,9721,63,국경305
16846,9721,201,국경305
16847,9722,73,국경305
16848,9722,213,국경305
16849,9723,54,생422
16850,9723,191,생422
2493,1576,68,전205
2494,1576,207,전205
2495,1578,122,전205
2496,1578,161,전205
2497,1580,112,B01
2498,1580,149,B01
2499,1581,54,B01
2500,1581,191,B01
2501,1582,121,B09
2502,1582,160,B09
2503,1583,112,B09
2504,1583,149,B09
2505,1584,59,전205
2506,1584,196,전205
2507,1585,115,전136
2508,1585,154,전136
2509,1586,52,전205
2510,1586,189,전205
2511,1587,118,B01
2512,1587,157,B01
2513,1588,63,B09
2514,1588,201,B09
2515,1589,69,전136
2516,1589,208,전136
2517,1590,3,B07
2518,1591,54,B07
2519,1591,191,B07
2520,1592,122,B01
2521,1592,161,B01
2522,1593,115,B07
2523,1593,154,B07
2524,1594,69,B07
2525,1594,208,B07
2526,1595,109,전136
2527,1595,146,전136
2528,1597,69,B06
2529,1597,208,B06
2530,1598,73,B09
2531,1598,213,B09
2532,1599,125,B09
2533,1599,166,B09
2534,1600,73,전136
2535,1600,213,전136
2536,1601,210,글405
2537,1602,121,B07
2538,1602,160,B07
2539,1603,101,글405
2540,1604,25,B05
2541,1606,43,B09
2542,1619,32,B06
2543,1620,69,B01
2544,1620,208,B01
2545,1621,63,전137
2546,1621,201,전137
2547,1622,9,전205
2548,1623,63,전226
2549,1623,201,전226
2550,1624,25,전137
2551,1625,163,B05
16851,9724,158,멀604
16852,9725,321,멀402
16853,9726,158,멀815
16854,9727,203,멀604
16855,9728,273,멀402
16856,9729,65,멀402
16857,9730,193,멀604
16858,9737,306,멀803
16859,9738,289,멀604
16860,9739,119,멀604
16861,9740,119,멀803
16862,9741,56,멀604
16863,9742,321,멀604
16864,9743,285,멀604
16865,9744,358,멀604
16866,9745,253,멀402
16867,9748,193,멀703
16868,9749,203,멀703
16869,9750,65,멀604
2552,1635,79,전220
2553,1635,221,전220
2554,1636,69,전445
2555,1636,208,전445
2556,1637,100,전220
2557,1637,138,전220
2558,1638,118,전227
2559,1638,157,전227
2560,1639,57,전226
2561,1639,194,전226
2562,1640,112,전226
2563,1640,149,전226
2564,1641,112,전220
2565,1641,149,전220
2566,1642,90,
2567,1642,91,
2568,1643,121,전226
2569,1643,160,전226
2570,1644,69,전220
2571,1644,208,전220
2572,1645,121,전220
2573,1645,160,전220
2574,1646,69,전226
2575,1646,208,전226
2576,1647,12,우정원B140호(메타버스 스튜디오)
16870,9751,235,멀405
16871,9751,13,멀302
16872,9752,13,멀405
16873,9752,19,멀302
16874,9753,54,멀407
16875,9753,191,멀407
16876,9754,57,멀406
16877,9754,194,멀406
16878,9755,57,멀407
16879,9755,194,멀407
16880,9756,109,멀406
16881,9756,146,멀406
16882,9757,112,멀406
16883,9757,149,멀406
16884,9758,112,멀407
16885,9758,149,멀407
16886,9759,118,멀406
16887,9759,157,멀406
16888,9760,118,멀407
16889,9760,157,멀407
16890,9761,121,멀406
16891,9761,160,멀406
16892,9762,15,멀406
16893,9764,109,멀407
16894,9764,146,멀407
16895,9765,46,멀609
16896,9765,184,멀609
16897,9766,73,멀609
16898,9766,213,멀609
16899,9767,46,멀401
16900,9767,184,멀401
16901,9768,46,멀409
16902,9768,184,멀409
16903,9769,46,멀410
16904,9769,184,멀410
16905,9770,54,멀401
16906,9770,191,멀401
16907,9771,54,멀409
16908,9771,191,멀409
16909,9772,54,멀611
16910,9772,191,멀611
16911,9773,54,멀109
16912,9773,191,멀109
16913,9774,54,멀410
16914,9774,191,멀410
16915,9775,57,멀401
16916,9775,194,멀401
16917,9776,57,멀410
16918,9776,194,멀410
16919,9777,57,멀611
16920,9777,194,멀611
16921,9778,57,멀409
16922,9778,194,멀409
16923,9779,63,멀410
16924,9779,201,멀410
16925,9780,63,멀409
16926,9780,201,멀409
16927,9781,63,멀611
16928,9781,201,멀611
16929,9782,63,멀803
16930,9782,201,멀803
16931,9783,63,멀401
16932,9783,201,멀401
16933,9784,69,멀410
16934,9784,208,멀410
16935,9785,69,멀401
16936,9785,208,멀401
16937,9786,69,멀611
16938,9786,208,멀611
16939,9787,69,멀409
16940,9787,208,멀409
16941,9788,69,멀803
16942,9788,208,멀803
16943,9789,73,멀409
16944,9789,213,멀409
16945,9790,73,멀401
16946,9790,213,멀401
16947,9791,73,멀611
16948,9791,213,멀611
16949,9792,100,멀611
16950,9792,138,멀611
16951,9793,100,멀409
16952,9793,138,멀409
16953,9794,109,멀611
16954,9794,146,멀611
16955,9795,109,멀402
16956,9795,146,멀402
16957,9796,109,멀409
16958,9796,146,멀409
16959,9797,109,멀705
16960,9797,146,멀705
16961,9798,112,멀611
16962,9798,149,멀611
16963,9799,112,멀402
16964,9799,149,멀402
16965,9800,112,멀409
16966,9800,149,멀409
16967,9801,118,멀410
16968,9801,157,멀410
16969,9802,118,멀611
16970,9802,157,멀611
16971,9803,121,멀611
16972,9803,160,멀611
16973,9804,121,멀410
16974,9804,160,멀410
16975,9805,125,멀611
16976,9805,166,멀611
16977,9806,125,멀410
16978,9806,166,멀410
16979,9807,3,멀408
16980,9808,3,멀409
16981,9809,15,멀410
16982,9810,15,멀408
16983,9811,15,멀611
16984,9812,32,멀409
16985,9813,118,멀705-1
16986,9813,157,멀705-1
16987,9814,118,멀409
16988,9814,157,멀409
16989,9815,15,멀409
16990,9816,112,멀410
16991,9816,149,멀410
16992,9817,112,멀109
16993,9817,149,멀109
16994,9818,47,멀601
16995,9819,47,멀603
16996,9820,47,멀607
16997,9821,47,멀610
16998,9822,263,멀610
16999,9823,263,멀603
17000,9824,263,멀601
17001,9825,263,멀607
17002,9826,271,멀603
17003,9827,271,멀607
17004,9828,271,멀601
17005,9829,271,멀610
17006,9830,139,멀603
17007,9831,139,멀607
17008,9832,139,멀601
17009,9833,323,멀607
17010,9834,323,멀603
17011,9835,323,멀610
17012,9836,323,멀601
17013,9837,163,멀607
17014,9838,163,멀603
17015,9839,163,멀601
17016,9840,163,멀610
17017,9841,185,멀601
17018,9842,185,멀610
17019,9843,349,멀607
17020,9844,349,멀603
17021,9845,349,멀601
17022,9846,349,멀610
17023,9847,210,멀610
17024,9848,210,멀607
17025,9849,210,멀603
17026,9850,101,멀610
17027,9851,101,멀601
17028,9852,101,멀603
17029,9853,101,멀607
17030,9854,292,멀601
17031,9855,292,멀610
17032,9856,292,멀607
17033,9857,292,멀603
17034,9858,305,멀610
17035,9859,305,멀607
17036,9860,305,멀601
17037,9861,305,멀603
17038,9862,3,멀207
17039,9863,3,멀610
17040,9864,15,멀207
17041,9865,15,멀603
17042,9866,15,멀610
17043,9867,32,멀603
17044,9868,210,멀601
17045,9869,46,멀207
17046,9869,184,멀207
17047,9870,46,멀205
17048,9870,184,멀205
17049,9871,46,멀208
17050,9871,184,멀208
17051,9872,46,멀103
17052,9872,184,멀103
17053,9873,54,멀207
17054,9873,191,멀207
17055,9874,54,멀206
17056,9874,191,멀206
17057,9875,54,멀205
17058,9875,191,멀205
17059,9876,54,멀208
17060,9876,191,멀208
17061,9877,54,멀103
17062,9877,191,멀103
17063,9878,57,멀205
17064,9878,194,멀205
17065,9879,57,멀208
17066,9879,194,멀208
17067,9880,57,멀207
17068,9880,194,멀207
17069,9881,57,멀206
17070,9881,194,멀206
17071,9882,63,멀205
17072,9882,201,멀205
17073,9883,63,멀207
17074,9883,201,멀207
17075,9884,63,멀206
17076,9884,201,멀206
17077,9885,69,멀205
17078,9885,208,멀205
17079,9886,69,멀206
17080,9886,208,멀206
17081,9887,69,멀207
17082,9887,208,멀207
17083,9888,69,멀208
17084,9888,208,멀208
17085,9889,73,멀207
17086,9889,213,멀207
17087,9890,73,멀208
17088,9890,213,멀208
17089,9891,100,멀205
17090,9891,138,멀205
17091,9892,100,멀206
17092,9892,138,멀206
17093,9893,100,멀207
17094,9893,138,멀207
17095,9894,109,멀206
17096,9894,146,멀206
17097,9895,109,멀205
17098,9895,146,멀205
17099,9896,109,멀208
17100,9896,146,멀208
17101,9897,109,멀207
17102,9897,146,멀207
17103,9898,112,멀205
17104,9898,149,멀205
17105,9899,112,멀206
17106,9899,149,멀206
17107,9900,112,멀207
17108,9900,149,멀207
17109,9901,118,멀205
17110,9901,157,멀205
17111,9902,118,멀208
17112,9902,157,멀208
17113,9903,118,멀107
17114,9903,157,멀107
17115,9904,118,멀206
17116,9904,157,멀206
17117,9905,118,멀207
17118,9905,157,멀207
17119,9906,121,멀208
17120,9906,160,멀208
17121,9907,121,멀205
17122,9907,160,멀205
17123,9908,121,멀206
17124,9908,160,멀206
17125,9909,121,멀207
17126,9909,160,멀207
17127,9910,121,멀109
17128,9910,160,멀109
17129,9911,125,멀205
17130,9911,166,멀205
17131,9912,125,멀206
17132,9912,166,멀206
17133,9913,125,멀109
17134,9913,166,멀109
17135,9914,3,멀604
17136,9915,3,멀205
17137,9916,15,멀206
17138,9917,15,멀205
17139,9918,32,멀206
17140,9919,54,멀705
17141,9919,191,멀705
17142,9920,109,멀702
17143,9920,146,멀702
17144,9921,46,멀705-1
17145,9921,184,멀705-1
17146,9922,54,멀705-1
17147,9922,191,멀705-1
17148,9923,57,멀705-1
17149,9923,194,멀705-1
17150,9924,63,멀705-1
17151,9924,201,멀705-1
17152,9925,69,멀705-1
17153,9925,208,멀705-1
17154,9926,100,멀705
17155,9926,138,멀705
17156,9927,109,멀705-1
17157,9927,146,멀705-1
17158,9928,112,멀705
17159,9928,149,멀705
17160,9929,118,멀702
17161,9929,157,멀702
17162,9930,121,멀702
17163,9930,160,멀702
17164,9931,3,멀705-1
17165,9932,15,멀705-1
17166,9933,46,멀705
17167,9933,184,멀705
17168,9934,54,멀702
17169,9934,191,멀702
17170,9935,57,멀702
17171,9935,194,멀702
17172,9936,63,멀705
17173,9936,201,멀705
17174,9937,69,멀702
17175,9937,208,멀702
17176,9938,73,멀702
17177,9938,213,멀702
17178,9939,100,멀705-1
17179,9939,138,멀705-1
17180,9940,109,멀410
17181,9940,146,멀410
17182,9941,112,멀705-1
17183,9941,149,멀705-1
17184,9942,118,멀705
17185,9942,157,멀705
17186,9943,121,멀705-1
17187,9943,160,멀705-1
17188,9944,125,멀705
17189,9944,166,멀705
17190,9945,3,멀702
17191,9946,63,멀702
17192,9946,201,멀702
17193,9947,121,멀705
17194,9947,160,멀705
17195,9948,118,멀101
17196,9948,157,멀101
17197,9949,364,멀702
17198,9950,364,멀705-1
17199,9951,46,멀109
17200,9951,184,멀109
17201,9952,46,멀101
17202,9952,184,멀101
17203,9953,54,멀108
17204,9953,191,멀108
17205,9954,54,멀201
17206,9954,191,멀201
17207,9955,54,멀101
17208,9955,191,멀101
17209,9956,57,멀201
17210,9956,194,멀201
17211,9957,57,멀101
17212,9957,194,멀101
17213,9958,57,멀109
17214,9958,194,멀109
17215,9959,57,멀108
17216,9959,194,멀108
17217,9960,63,멀201
17218,9960,201,멀201
17219,9961,63,멀101
17220,9961,201,멀101
17221,9962,63,멀109
17222,9962,201,멀109
17223,9963,69,멀101
17224,9963,208,멀101
17225,9964,69,멀108
17226,9964,208,멀108
17227,9965,69,멀109
17228,9965,208,멀109
17229,9966,73,멀101
17230,9966,213,멀101
17231,9967,73,멀108
17232,9967,213,멀108
17233,9968,73,멀201
17234,9968,213,멀201
17235,9969,100,멀101
17236,9969,138,멀101
17237,9970,100,멀108
17238,9970,138,멀108
17239,9971,100,멀201
17240,9971,138,멀201
17241,9972,109,멀101
17242,9972,146,멀101
17243,9973,109,멀108
17244,9973,146,멀108
17245,9974,109,멀401
17246,9974,146,멀401
17247,9975,109,멀201
17248,9975,146,멀201
17249,9976,112,멀201
17250,9976,149,멀201
17251,9977,112,멀108
17252,9977,149,멀108
17253,9978,112,멀101
17254,9978,149,멀101
17255,9979,112,멀401
17256,9979,149,멀401
17257,9980,118,멀201
17258,9980,157,멀201
17259,9981,118,멀108
17260,9981,157,멀108
17261,9982,118,멀401
17262,9982,157,멀401
17263,9983,121,멀108
17264,9983,160,멀108
17265,9984,121,멀101
17266,9984,160,멀101
17267,9985,121,멀201
17268,9985,160,멀201
17269,9986,125,멀108
17270,9986,166,멀108
17271,9987,125,멀201
17272,9987,166,멀201
17273,9988,3,멀201
17274,9989,15,멀108
17275,9990,15,멀604
17276,9991,15,멀201
17277,9992,32,멀108
17278,9993,3,멀513
17279,9994,112,멀612
17280,9994,149,멀612
17281,9995,100,멀704
17282,9995,138,멀704
17283,9996,185,멀602
17284,9998,112,멀312
17285,9998,149,멀312
17286,9999,69,멀704
17287,9999,208,멀704
17288,10000,3,멀411
17289,10001,25,멀411
17290,10002,185,멀B114
17291,10003,353,멀B114
17292,10004,326,멀704
17293,10005,121,멀513
17294,10005,160,멀513
17295,10006,112,멀411
17296,10006,149,멀411
17297,10007,69,멀608
17298,10007,208,멀608
17299,10008,57,멀411
17300,10008,194,멀411
17301,10009,349,멀204
17302,10010,109,멀411
17303,10010,146,멀411
17304,10011,63,멀210
17305,10011,201,멀210
17306,10012,69,멀411
17307,10012,208,멀411
17308,10013,109,멀513
17309,10013,146,멀513
17310,10014,112,멀513
17311,10014,149,멀513
17312,10016,63,멀407
17313,10016,201,멀407
17314,10017,121,멀312
17315,10017,160,멀312
17316,10018,109,멀210
17317,10018,146,멀210
17318,10020,3,멀406
17319,10021,54,멀411
17320,10021,191,멀411
17321,10022,118,멀411
17322,10022,157,멀411
17323,10023,163,멀210
17324,10024,3,멀312
17325,10025,57,멀210
17326,10025,194,멀210
17327,10026,100,멀203
17328,10026,138,멀203
17329,10027,109,멀203
17330,10027,146,멀203
17331,10028,121,멀411
17332,10028,160,멀411
17333,10029,125,멀411
17334,10029,166,멀411
17335,10030,54,멀312
17336,10030,191,멀312
17337,10031,63,멀312
17338,10031,201,멀312
17339,10032,69,멀312
17340,10032,208,멀312
17341,10033,15,멀612
17342,10035,63,멀513
17343,10035,201,멀513
17344,10036,69,멀210
17345,10036,208,멀210
17346,10038,25,멀512
17347,10039,185,멀404
17348,10040,57,멀704
17349,10040,194,멀704
17350,10041,118,멀826
17351,10041,157,멀826
17352,10042,292,멀512
17353,10043,63,멀411
17354,10043,201,멀411
17355,10044,326,멀612
17356,10045,100,멀612
17357,10045,138,멀612
17358,10046,15,멀826
17359,10047,73,멀210
17360,10047,213,멀210
17361,10048,54,멀826
17362,10048,191,멀826
17363,10049,46,멀826
17364,10049,184,멀826
17365,10050,15,멀312
17366,10051,112,멀826
17367,10051,149,멀826
17368,10052,305,멀210
17369,10053,210,멀204
17370,10054,121,멀112
17371,10054,160,멀112
17372,10055,46,멀513
17373,10055,184,멀513
17374,10056,63,멀826
17375,10056,201,멀826
17376,10057,54,멀203
17377,10057,191,멀203
17378,10058,46,멀403
17379,10058,184,멀403
17380,10060,69,멀107
17381,10060,208,멀107
17382,10061,112,글507
17383,10061,149,글507
17384,10062,57,멀612
17385,10062,194,멀612
17386,10063,112,멀704
17387,10063,149,멀704
17388,10064,63,멀704
17389,10064,201,멀704
17390,10065,100,멀312
17391,10065,138,멀312
17392,10066,109,멀612
17393,10066,146,멀612
17394,10068,210,멀612
17395,10069,268,멀204
17396,10070,47,멀112
17397,10071,54,멀210
17398,10071,191,멀210
17399,10072,174,멀204
17400,10073,32,멀826
17401,10074,63,멀612
17402,10074,201,멀612
17403,10075,125,멀826
17404,10075,166,멀826
17405,10076,63,멀512
17406,10076,201,멀512
17407,10077,3,멀612
17408,10078,305,멀612
17409,10079,271,멀612
17410,10080,121,멀408
17411,10080,160,멀408
17412,10081,3,멀407
17413,10082,15,멀407
17414,10083,15,멀210
17415,10084,57,멀512
17416,10084,194,멀512
17417,10085,54,멀513
17418,10085,191,멀513
17419,10086,54,멀704
17420,10086,191,멀704
17421,10087,101,멀512
17422,10088,305,멀B114
17423,10089,121,멀826
17424,10089,160,멀826
17425,10090,73,멀411
17426,10090,213,멀411
17427,10092,69,멀513
17428,10092,208,멀513
17429,10093,15,멀513
17430,10095,54,멀612
17431,10095,191,멀612
17432,10096,323,멀512
17433,10097,57,멀408
17434,10097,194,멀408
17435,10098,109,멀609
17436,10098,146,멀609
17437,10099,121,멀609
17438,10099,160,멀609
17439,10100,46,멀608
17440,10100,184,멀608
17441,10101,54,멀608
17442,10101,191,멀608
17443,10102,109,멀608
17444,10102,146,멀608
17445,10103,112,멀608
17446,10103,149,멀608
17447,10104,125,멀312
17448,10104,166,멀312
17449,10105,54,멀609
17450,10105,191,멀609
17451,10106,57,멀609
17452,10106,194,멀609
17453,10107,63,멀208
17454,10107,201,멀208
17455,10108,109,멀408
17456,10108,146,멀408
17457,10109,121,멀512
17458,10109,160,멀512
17459,10110,57,멀608
17460,10110,194,멀608
17461,10111,63,멀608
17462,10111,201,멀608
17463,10112,139,멀512
17464,10113,3,멀202
17465,10114,15,멀B114
17466,10115,15,멀402
17467,10116,63,멀203
17468,10116,201,멀203
17469,10117,292,멀B114
17470,10118,163,멀B114
17471,10119,54,멀408
17472,10119,191,멀408
17473,10120,109,멀826
17474,10120,146,멀826
17475,10121,210,글401
17476,10122,349,멀404
17477,10124,25,멀704
17478,10126,54,멀202
17479,10126,191,멀202
17480,10128,36,멀112
17481,10130,118,멀608
17482,10130,157,멀608
17483,10131,121,멀402
17484,10131,160,멀402
17485,10132,81,멀202
17486,10133,338,예B122
17487,10134,37,예102
17488,10135,223,외402
17489,10136,223,멀202
17490,10137,81,외402
17491,10138,291,멀702
17492,10139,274,멀705
17493,10140,270,멀201
17494,10143,112,멀203
17495,10143,149,멀203
17496,10144,125,멀513
17497,10144,166,멀513
17498,10145,109,글507
17499,10145,146,글507
17500,10146,122,체B101호
17501,10147,147,체215-3호
17502,10148,285,체215-3호
17503,10149,289,체215-3호
17504,10157,72,글403
17505,10162,52,웨이트장
17506,10163,289,웨이트장
17507,10168,285,
17508,10169,289,
17509,10170,343,체B120호
17510,10171,321,체B118호
17511,10172,58,1호관테니스장
17512,10173,285,1호관테니스장
17513,10174,154,글403
17514,10175,189,글403
17515,10176,163,멀204
17516,10177,210,멀826
17517,10182,258,체B120호
17518,10183,3,멀210
17519,10184,278,전205
17520,10185,278,전205
17521,10186,220,전227
17522,10187,131,B09
17523,10188,173,B09
17524,10189,173,전101
17525,10190,78,전219
17526,10191,173,공B103호
17527,10192,78,전217
17528,10193,220,국경301
17529,10194,220,국경108
17530,10195,220,생422
17531,10196,220,생424
17532,10197,131,멀B114
17533,10198,173,외201
17534,10199,173,외403
17535,10200,173,외412
17536,10201,173,외204
17537,10202,173,외305
17538,10203,173,외404
17539,10204,173,외321(공자아카데미)
17540,10205,131,예306
17541,10206,220,예405
17542,10207,336,예502
17543,10208,173,예615
17544,10209,173,예702
17545,10210,78,예116
17546,10211,362,예B139
17547,10212,309,예102
17548,10213,131,체105호
17549,10214,335,멀612
17550,10215,173,체304호
17551,10216,78,체105호
17552,10217,173,체105호
17553,10218,118,멀204
17554,10218,157,멀204
17555,10219,121,글404
17556,10219,160,글404
17557,10220,63,멀609
17558,10220,201,멀609
17559,10221,100,멀109
17560,10221,138,멀109
17561,10222,69,멀609
17562,10222,208,멀609
17563,10223,109,멀109
17564,10223,146,멀109
17565,10224,121,멀409
17566,10224,160,멀409
17567,10225,54,멀815
17568,10225,191,멀815
17569,10226,125,멀409
17570,10226,166,멀409
17571,10227,57,멀705
17572,10227,194,멀705
17573,10228,54,멀512
17574,10228,191,멀512
17575,10229,46,멀312
17576,10229,184,멀312
17577,10230,311,멀704
17578,10230,337,멀704
17579,10231,3,멀826
17580,10232,25,멀204
17581,10235,292,멀202
17582,10236,263,멀202
17583,10237,305,멀203
17584,10238,323,멀112
17585,10239,349,멀202
2577,1648,120,예305
2578,1649,54,공367호
2579,1649,191,공367호
2580,1650,109,공148호
2581,1650,146,공148호
2582,1651,57,공367호
2583,1651,194,공367호
2584,1652,25,공148호
2585,1653,109,공367호
2586,1653,146,공367호
17586,10240,185,멀112
17587,10241,118,멀312
17588,10241,157,멀312
2587,1654,54,실216호
2588,1654,191,실216호
2589,1655,54,공B104호
2590,1655,191,공B104호
2591,1656,46,공165호
2592,1656,184,공165호
2593,1657,109,공165호
2594,1657,146,공165호
2595,1658,109,공142-2호
2596,1658,146,공142-2호
2597,1659,5,B09
2598,1660,164,전103
2599,1661,187,전137
2600,1662,115,전205
2601,1662,154,전205
2602,1663,110,전205
2603,1663,147,전205
2604,1665,128,전205
2605,1665,169,전205
2606,1666,226,디지털회로실험실(전325-2호)
2607,1667,109,B09
2608,1667,146,B09
2609,1668,118,B09
2610,1668,157,B09
2611,1669,118,전137
2612,1669,157,전137
2613,1670,108,B06
2614,1670,145,B06
2615,1671,121,B06
2616,1671,160,B06
2617,1672,132,전509
2618,1673,132,글404
2619,1674,132,글404
2620,1675,32,글404
2621,1676,15,글404
2622,1677,226,전파공학실험실(전333호)
2623,1678,93,
2624,1679,98,
2625,1680,57,전103
2626,1680,194,전103
2627,1681,15,B01
2628,1682,132,전309
2629,1683,69,전103
2630,1683,208,전103
2631,1684,32,B01
2632,1685,32,글404
2633,1686,32,글404
2634,1687,32,글404
2635,1688,15,전309
2636,1689,15,글404
2637,1690,15,글404
2638,1691,1,
2639,1692,232,전309
2640,1693,118,전103
2641,1693,157,전103
2642,1694,73,B05
2643,1694,213,B05
2644,1695,63,전136
2645,1695,201,전136
2646,1696,57,B01
2647,1696,194,B01
2648,1697,115,B06
2649,1697,154,B06
2650,1698,109,전136
2651,1698,146,전136
2652,1699,125,전103
2653,1699,166,전103
2654,1700,121,전136
2655,1700,160,전136
2656,1701,118,전309
2657,1701,157,전309
2658,1702,109,전137
2659,1702,146,전137
2660,1703,21,글404
2661,1704,21,전B01
2662,1705,21,예103
2663,1706,36,전137
2664,1707,21,전137
2665,1708,218,전309
17589,10242,100,멀108
17590,10242,138,멀108
17591,10243,69,전101
17592,10243,208,전101
17593,10244,73,전101
17594,10244,213,전101
17595,10245,46,멀103
17596,10245,184,멀103
17597,10246,112,전102
17598,10246,149,전102
17599,10247,118,전221
17600,10247,157,전221
17601,10248,118,전218
17602,10248,157,전218
17603,10249,121,전223
17604,10249,160,전223
17605,10250,15,전223
17606,10251,32,전223
17607,10252,3,전221
17608,10253,25,전221
17609,10254,54,멀103
17610,10254,191,멀103
17611,10255,3,전102
17612,10256,25,전102
17613,10257,109,전101
17614,10257,146,전101
17615,10258,46,전221
17616,10258,184,전221
17617,10259,63,멀208
17618,10259,201,멀208
17619,10260,54,전223
17620,10260,191,전223
17621,10261,63,전221
17622,10261,201,전221
17623,10262,100,전223
17624,10262,138,전223
17625,10263,109,전223
17626,10263,146,전223
17627,10264,112,전223
17628,10264,149,전223
17629,10265,118,전223
17630,10265,157,전223
17631,10266,121,전102
17632,10266,160,전102
17633,10267,125,전102
17634,10267,166,전102
17635,10268,46,멀815
17636,10268,184,멀815
17637,10269,54,멀815
17638,10269,191,멀815
17639,10270,3,전101
17640,10271,25,전101
17641,10272,112,전101
17642,10272,149,전101
17643,10273,263,멀406
17644,10274,3,멀107
17645,10275,46,멀107
17646,10275,184,멀107
17647,10276,54,멀107
17648,10276,191,멀107
17649,10277,55,멀404
17650,10277,192,멀308
17651,10278,55,멀404
17652,10278,192,멀309
17653,10279,61,멀404
17654,10279,198,멀308
17655,10280,61,멀404
17656,10280,198,멀309
17657,10281,289,멀308
17658,10281,321,멀403
17659,10282,289,멀309
17660,10282,321,멀403
17661,10283,54,멀112
17662,10283,191,멀112
17663,10284,109,멀312
17664,10284,146,멀312
17665,10285,112,멀312
17666,10285,149,멀312
17667,10286,3,멀312
17668,10287,15,멀312
17669,10288,3,공146호
17670,10289,25,공146호
17671,10290,54,공263호
17672,10290,191,공263호
17673,10291,112,멀404
17674,10291,149,멀404
17675,10292,118,멀404
17676,10292,157,멀404
17677,10293,54,멀405
17678,10293,191,멀405
17679,10294,57,멀405
17680,10294,194,멀405
17681,10295,3,공148호
17682,10296,15,공148호
17683,10297,46,공365호
17684,10297,184,공365호
17685,10298,63,전219
17686,10298,201,전219
17687,10299,139,멀404
17688,10300,210,멀404
17689,10301,3,멀403
17690,10302,21,멀403
17691,10303,121,전218
17692,10303,160,전218
17693,10304,121,전226
17694,10304,160,전226
17695,10305,57,공B105호
17696,10305,194,공B105호
17697,10306,258,멀403
17698,10306,343,멀302
17699,10307,258,멀403
17700,10307,343,멀304
17701,10308,285,멀302
17702,10308,316,멀403
17703,10309,285,멀304
17704,10309,316,멀403
17705,10310,115,멀403
17706,10310,154,멀302
17707,10311,115,멀403
17708,10311,154,멀304
17709,10312,56,멀403
17710,10312,193,멀305
17711,10313,56,멀403
17712,10313,193,멀306
17713,10314,70,멀405
17714,10314,209,멀302
17715,10315,70,멀405
17716,10315,209,멀304
17717,10316,67,멀302
17718,10316,205,멀403
17719,10317,67,멀304
17720,10317,205,멀403
17721,10318,72,멀302
17722,10318,212,멀403
17723,10319,72,멀304
17724,10319,212,멀403
17725,10320,289,멀403
17726,10320,321,멀302
17727,10321,289,멀403
17728,10321,321,멀304
17729,10322,285,멀403
17730,10322,316,멀305
17731,10323,285,멀403
17732,10323,316,멀306
17733,10324,112,멀405
17734,10324,149,멀405
17735,10325,46,멀406
17736,10325,184,멀406
17737,10326,54,멀406
17738,10326,191,멀406
17739,10327,100,멀405
17740,10327,138,멀405
17741,10328,109,멀405
17742,10328,146,멀405
17743,10329,100,생424
17744,10329,138,생424
17745,10330,46,국경305
17746,10330,184,국경305
17747,10331,63,국경305
17748,10331,201,국경305
17749,10332,46,국경301
17750,10332,184,국경301
17751,10333,69,국경310
17752,10333,208,국경310
17753,10334,73,생424
17754,10334,213,생424
2666,1720,129,전205
2667,1720,170,전205
2668,1721,122,전205
2669,1721,161,전205
2670,1722,69,B01
2671,1722,208,B01
2672,1723,54,전136
2673,1723,191,전136
2674,1724,121,전B09
2675,1724,160,전B09
2676,1725,112,B09
2677,1725,149,B09
2678,1726,17,B07
2679,1727,70,B07
2680,1727,209,B07
2681,1728,52,전205
2682,1728,189,전205
2683,1730,63,B01
2684,1730,201,B01
2685,1731,3,B07
2686,1732,54,전103
2687,1732,191,전103
2688,1733,112,전103
2689,1733,149,전103
2690,1734,74,B09
2691,1734,214,B09
2692,1735,115,예103
2693,1735,154,예103
2694,1737,109,B01
2695,1737,146,B01
2696,1738,57,전220
2697,1738,194,전220
2698,1739,69,B09
2699,1739,208,B09
2700,1740,63,B09
2701,1740,201,B09
2702,1741,121,전137
2703,1741,160,전137
2704,1742,109,B07
2705,1742,146,B07
2706,1743,121,B07
2707,1743,160,B07
2708,1744,210,글405
2709,1745,25,B06
2710,1760,69,전137
2711,1760,208,전137
2712,1761,168,전136
2713,1762,101,예103
2714,1763,32,전136
2715,1764,163,B05
2716,1765,76,B07
2717,1765,216,B07
17755,10335,203,멀402
17756,10336,321,멀402
17757,10337,158,멀402
17758,10338,203,멀604
17759,10339,273,멀402
17760,10340,65,멀402
17761,10341,193,멀604
17762,10348,291,멀402
17763,10349,306,멀402
17764,10350,289,멀604
17765,10351,119,멀604
17766,10352,119,멀402
17767,10353,193,멀402
17768,10354,285,멀402
17769,10355,358,멀402
17770,10356,253,멀402
17771,10359,65,멀604
2718,1774,3,B01
2719,1775,57,B07
2720,1775,194,B07
2721,1776,79,전220
2722,1776,221,전220
2723,1777,57,B01
2724,1777,194,B01
2725,1778,100,전220
2726,1778,138,전220
2727,1779,100,전227
2728,1779,138,전227
2729,1781,69,전220
2730,1781,208,전220
2731,1782,69,전226
2732,1782,208,전226
2733,1783,121,예103
2734,1783,160,예103
2735,1785,57,B05
2736,1785,194,B05
2737,1786,63,외306
2738,1786,201,외306
17772,10360,235,멀405
17773,10360,13,멀302
17774,10361,13,멀405
17775,10361,19,멀302
17776,10362,54,멀407
17777,10362,191,멀407
17778,10363,57,멀407
17779,10363,194,멀407
17780,10364,100,멀406
17781,10364,138,멀406
17782,10365,109,멀406
17783,10365,146,멀406
17784,10366,112,멀406
17785,10366,149,멀406
17786,10367,118,멀406
17787,10367,157,멀406
17788,10369,125,멀406
17789,10369,166,멀406
17790,10370,3,멀208
17791,10371,15,멀208
17792,10372,46,멀408
17793,10372,184,멀408
17794,10373,46,멀409
17795,10373,184,멀409
17796,10374,46,멀410
17797,10374,184,멀410
17798,10375,54,멀408
17799,10375,191,멀408
17800,10376,54,멀409
17801,10376,191,멀409
17802,10377,54,멀611
17803,10377,191,멀611
17804,10378,54,멀610
17805,10378,191,멀610
17806,10379,54,멀410
17807,10379,191,멀410
17808,10380,57,멀408
17809,10380,194,멀408
17810,10381,57,멀409
17811,10381,194,멀409
17812,10382,57,멀611
17813,10382,194,멀611
17814,10383,57,멀610
17815,10383,194,멀610
17816,10384,63,멀410
17817,10384,201,멀410
17818,10385,63,멀803
17819,10385,201,멀803
17820,10386,63,멀611
17821,10386,201,멀611
17822,10387,63,멀409
17823,10387,201,멀409
17824,10388,63,멀408
17825,10388,201,멀408
17826,10389,69,멀410
17827,10389,208,멀410
17828,10390,69,멀408
17829,10390,208,멀408
17830,10391,69,멀611
17831,10391,208,멀611
17832,10392,69,멀610
17833,10392,208,멀610
17834,10393,69,멀409
17835,10393,208,멀409
17836,10394,73,멀408
17837,10394,213,멀408
17838,10395,73,멀611
17839,10395,213,멀611
17840,10396,100,멀407
17841,10396,138,멀407
17842,10397,100,멀409
17843,10397,138,멀409
17844,10398,109,멀407
17845,10398,146,멀407
17846,10399,109,멀409
17847,10399,146,멀409
17848,10400,109,멀410
17849,10400,146,멀410
17850,10401,109,멀610
17851,10401,146,멀610
17852,10402,112,멀610
17853,10402,149,멀610
17854,10403,112,멀410
17855,10403,149,멀410
17856,10404,112,멀409
17857,10404,149,멀409
17858,10405,118,멀610
17859,10405,157,멀610
17860,10406,118,멀611
17861,10406,157,멀611
17862,10407,121,멀409
17863,10407,160,멀409
17864,10408,121,멀410
17865,10408,160,멀410
17866,10409,125,멀610
17867,10409,166,멀610
17868,10410,3,멀408
17869,10411,3,멀409
17870,10412,15,멀603
17871,10413,15,멀408
17872,10414,15,멀611
17873,10415,32,멀408
17874,10416,118,멀409
17875,10416,157,멀409
17876,10417,118,멀408
17877,10417,157,멀408
17878,10418,15,멀610
17879,10419,47,멀601
17880,10420,47,멀604
17881,10421,47,멀607
17882,10422,47,멀603
17883,10423,263,멀603
17884,10424,263,멀601
17885,10425,263,멀607
17886,10426,271,멀607
17887,10427,271,멀803
17888,10428,271,멀601
17889,10429,271,멀603
17890,10430,139,멀604
17891,10431,139,멀803
17892,10432,139,멀601
17893,10433,323,멀604
17894,10434,323,멀803
17895,10435,323,멀603
17896,10436,323,멀607
17897,10437,163,멀604
17898,10438,163,멀803
17899,10439,163,멀601
17900,10440,185,멀601
17901,10441,185,멀607
17902,10442,349,멀815
17903,10443,349,멀601
17904,10444,349,멀607
17905,10445,349,멀603
17906,10446,210,멀607
17907,10447,210,멀815
17908,10448,210,멀803
17909,10449,101,멀603
17910,10450,101,멀601
17911,10451,101,멀607
17912,10452,101,멀103
17913,10453,292,멀815
17914,10454,292,멀603
17915,10455,292,멀103
17916,10456,292,멀803
17917,10457,305,멀815
17918,10458,305,멀601
17919,10459,305,멀607
17920,10460,3,멀402
17921,10461,3,멀601
17922,10462,15,멀107
17923,10463,15,멀604
17924,10464,15,멀601
17925,10465,32,멀604
17926,10466,210,멀601
17927,10467,46,멀205
17928,10467,184,멀205
17929,10468,46,멀206
17930,10468,184,멀206
17931,10469,54,멀205
17932,10469,191,멀205
17933,10470,54,멀206
17934,10470,191,멀206
17935,10471,57,멀205
17936,10471,194,멀205
17937,10472,57,멀206
17938,10472,194,멀206
17939,10473,63,멀205
17940,10473,201,멀205
17941,10474,63,멀206
17942,10474,201,멀206
17943,10475,63,멀207
17944,10475,201,멀207
17945,10476,69,멀205
17946,10476,208,멀205
17947,10477,69,멀207
17948,10477,208,멀207
17949,10478,69,멀206
17950,10478,208,멀206
17951,10479,73,멀205
17952,10479,213,멀205
17953,10480,73,멀206
17954,10480,213,멀206
17955,10481,100,멀206
17956,10481,138,멀206
17957,10482,109,멀205
17958,10482,146,멀205
17959,10483,109,멀206
17960,10483,146,멀206
17961,10484,112,멀205
17962,10484,149,멀205
17963,10485,112,멀206
17964,10485,149,멀206
17965,10486,118,멀205
17966,10486,157,멀205
17967,10487,118,멀206
17968,10487,157,멀206
17969,10488,118,멀208
17970,10488,157,멀208
17971,10489,121,멀206
17972,10489,160,멀206
17973,10490,121,멀207
17974,10490,160,멀207
17975,10491,125,멀207
17976,10491,166,멀207
17977,10492,125,멀205
17978,10492,166,멀205
17979,10493,3,멀205
17980,10494,3,멀206
17981,10495,15,멀205
17982,10496,15,멀206
17983,10497,32,멀205
17984,10498,57,멀207
17985,10498,194,멀207
17986,10499,69,멀208
17987,10499,208,멀208
17988,10500,118,멀207
17989,10500,157,멀207
17990,10501,3,멀607
17991,10502,100,멀207
17992,10502,138,멀207
17993,10503,109,멀207
17994,10503,146,멀207
17995,10504,54,멀703
17996,10504,191,멀703
17997,10505,109,멀705-1
17998,10505,146,멀705-1
17999,10506,46,멀705
18000,10506,184,멀705
18001,10507,54,멀705-1
18002,10507,191,멀705-1
18003,10508,57,멀705
18004,10508,194,멀705
18005,10509,63,멀705-1
18006,10509,201,멀705-1
18007,10510,100,멀705
18008,10510,138,멀705
18009,10511,109,멀705
18010,10511,146,멀705
18011,10512,112,멀705-1
18012,10512,149,멀705-1
18013,10513,121,멀705-1
18014,10513,160,멀705-1
18015,10514,3,멀702
18016,10515,15,멀702
18017,10516,54,멀705
18018,10516,191,멀705
18019,10517,63,멀703
18020,10517,201,멀703
18021,10518,69,멀703
18022,10518,208,멀703
18023,10519,109,멀108
18024,10519,146,멀108
18025,10520,112,멀703
18026,10520,149,멀703
18027,10521,118,멀401
18028,10521,157,멀401
18029,10522,121,멀705
18030,10522,160,멀705
18031,10523,125,멀705
18032,10523,166,멀705
18033,10524,3,멀108
18034,10525,15,멀705
18035,10526,118,멀705
18036,10526,157,멀705
18037,10527,57,멀705-1
18038,10527,194,멀705-1
18039,10528,364,멀705
18040,10529,364,멀705-1
18041,10530,46,멀101
18042,10530,184,멀101
18043,10531,46,멀401
18044,10531,184,멀401
18045,10532,46,멀201
18046,10532,184,멀201
18047,10533,54,멀401
18048,10533,191,멀401
18049,10534,54,멀101
18050,10534,191,멀101
18051,10535,54,멀201
18052,10535,191,멀201
18053,10536,57,멀101
18054,10536,194,멀101
18055,10537,57,멀201
18056,10537,194,멀201
18057,10538,57,멀109
18058,10538,194,멀109
18059,10539,63,멀201
18060,10539,201,멀201
18061,10540,63,멀109
18062,10540,201,멀109
18063,10541,63,멀401
18064,10541,201,멀401
18065,10542,69,멀201
18066,10542,208,멀201
18067,10543,69,멀101
18068,10543,208,멀101
18069,10544,73,멀101
18070,10544,213,멀101
18071,10545,100,멀101
18072,10545,138,멀101
18073,10546,100,멀201
18074,10546,138,멀201
18075,10547,109,멀401
18076,10547,146,멀401
18077,10548,109,멀208
18078,10548,146,멀208
18079,10549,109,멀101
18080,10549,146,멀101
18081,10550,109,멀201
18082,10550,146,멀201
18083,10551,112,멀108
18084,10551,149,멀108
18085,10552,112,멀208
18086,10552,149,멀208
18087,10553,112,멀101
18088,10553,149,멀101
18089,10554,118,멀108
18090,10554,157,멀108
18091,10555,118,멀101
18092,10555,157,멀101
18093,10556,118,멀109
18094,10556,157,멀109
18095,10557,121,멀108
18096,10557,160,멀108
18097,10558,121,멀208
18098,10558,160,멀208
18099,10559,121,멀101
18100,10559,160,멀101
18101,10560,121,멀109
18102,10560,160,멀109
18103,10561,121,멀201
18104,10561,160,멀201
18105,10562,125,멀108
18106,10562,166,멀108
18107,10563,125,멀101
18108,10563,166,멀101
18109,10564,125,멀201
18110,10564,166,멀201
18111,10565,3,멀101
18112,10566,3,멀201
18113,10567,15,멀108
18114,10568,15,멀401
18115,10569,15,멀101
18116,10570,15,멀201
18117,10571,32,멀101
18118,10572,46,멀108
18119,10572,184,멀108
18120,10573,54,멀108
18121,10573,191,멀108
18122,10574,46,멀109
18123,10574,184,멀109
18124,10575,73,멀108
18125,10575,213,멀108
18126,10576,112,멀109
18127,10576,149,멀109
18128,10577,15,멀607
18129,10578,57,멀108
18130,10578,194,멀108
18131,10579,63,멀101
18132,10579,201,멀101
18133,10580,69,멀401
18134,10580,208,멀401
18135,10581,73,멀401
18136,10581,213,멀401
18137,10582,112,멀201
18138,10582,149,멀201
18139,10583,118,멀201
18140,10583,157,멀201
18141,10584,3,멀602
18142,10585,112,멀513
18143,10585,149,멀513
18144,10586,121,멀205
18145,10586,160,멀205
18146,10587,121,멀406
18147,10587,160,멀406
18148,10588,185,멀602
18149,10590,54,멀411
18150,10590,191,멀411
18151,10591,69,멀411
18152,10591,208,멀411
18153,10592,3,멀411
18154,10593,25,멀411
18155,10594,69,멀204
18156,10594,208,멀204
18157,10595,15,멀602
18158,10596,3,멀512
18159,10597,25,멀512
18160,10598,121,멀210
18161,10598,160,멀210
18162,10599,112,멀411
18163,10599,149,멀411
18164,10600,69,멀608
18165,10600,208,멀608
18166,10601,112,멀210
18167,10601,149,멀210
18168,10602,349,멀512
18169,10603,109,멀210
18170,10603,146,멀210
18171,10604,63,멀826
18172,10604,201,멀826
18173,10605,69,멀826
18174,10605,208,멀826
18175,10606,3,멀826
18176,10607,15,멀826
18177,10608,54,멀204
18178,10608,191,멀204
18179,10611,57,멀312
18180,10611,194,멀312
18181,10612,63,멀204
18182,10612,201,멀204
18183,10614,3,멀513
18184,10615,118,멀411
18185,10615,157,멀411
18186,10616,163,멀411
18187,10617,3,멀210
18188,10618,118,멀210
18189,10618,157,멀210
18190,10619,109,멀203
18191,10619,146,멀203
18192,10620,121,멀704
18193,10620,160,멀704
18194,10621,125,멀704
18195,10621,166,멀704
18196,10622,57,멀210
18197,10622,194,멀210
18198,10623,73,멀608
18199,10623,213,멀608
18200,10624,69,멀312
18201,10624,208,멀312
18202,10626,63,멀612
18203,10626,201,멀612
18204,10627,69,멀210
18205,10627,208,멀210
18206,10629,268,멀512
18207,10630,185,멀210
18208,10631,57,멀704
18209,10631,194,멀704
18210,10632,118,멀826
18211,10632,157,멀826
18212,10633,292,멀602
18213,10634,63,멀210
18214,10634,201,멀210
18215,10635,118,멀513
18216,10635,157,멀513
18217,10636,100,멀704
18218,10636,138,멀704
18219,10637,73,멀312
18220,10637,213,멀312
18221,10638,54,멀704
18222,10638,191,멀704
18223,10639,46,멀704
18224,10639,184,멀704
18225,10640,15,멀513
18226,10641,112,멀826
18227,10641,149,멀826
18228,10642,305,멀411
18229,10643,210,멀612
18230,10644,121,멀612
18231,10644,160,멀612
18232,10645,46,멀513
18233,10645,184,멀513
18234,10646,63,멀704
18235,10646,201,멀704
18236,10647,46,멀512
18237,10647,184,멀512
18238,10649,100,멀107
18239,10649,138,멀107
18240,10650,57,멀411
18241,10650,194,멀411
18242,10651,112,멀612
18243,10651,149,멀612
18244,10652,63,멀312
18245,10652,201,멀312
18246,10653,100,멀204
18247,10653,138,멀204
18248,10654,109,멀204
18249,10654,146,멀204
18250,10656,210,멀112
18251,10657,32,멀210
18252,10658,54,멀612
18253,10658,191,멀612
18254,10659,174,멀204
18255,10660,185,멀609
18256,10661,63,멀407
18257,10661,201,멀407
18258,10662,125,멀210
18259,10662,166,멀210
18260,10663,63,멀513
18261,10663,201,멀513
18262,10664,3,멀612
18263,10665,305,멀826
18264,10666,271,멀612
18265,10667,15,멀704
18266,10668,3,멀407
18267,10669,57,멀204
18268,10669,194,멀204
18269,10670,54,멀826
18270,10670,191,멀826
18271,10671,101,멀512
18272,10672,73,멀204
18273,10672,213,멀204
18274,10675,69,멀513
18275,10675,208,멀513
18276,10676,323,멀512
18277,10677,46,멀608
18278,10677,184,멀608
18279,10678,54,멀608
18280,10678,191,멀608
18281,10679,109,멀704
18282,10679,146,멀704
18283,10680,112,멀704
18284,10680,149,멀704
18285,10681,125,멀513
18286,10681,166,멀513
18287,10682,54,멀208
18288,10682,191,멀208
18289,10683,57,멀208
18290,10683,194,멀208
18291,10684,109,멀602
18292,10684,146,멀602
18293,10685,57,멀609
18294,10685,194,멀609
18295,10686,63,멀609
18296,10686,201,멀609
18297,10687,139,멀512
18298,10688,3,멀202
18299,10689,305,멀312
18300,10690,15,멀402
18301,10691,63,멀203
18302,10691,201,멀203
18303,10692,263,멀B114
18304,10693,305,멀B114
18305,10694,121,멀608
18306,10694,160,멀608
18307,10695,54,멀312
18308,10695,191,멀312
18309,10696,109,멀513
18310,10696,146,멀513
18311,10697,210,글401
18312,10700,54,멀202
18313,10700,191,멀202
18314,10702,25,멀112
18315,10704,118,멀704
18316,10704,157,멀704
18317,10705,121,멀512
18318,10705,160,멀512
18319,10706,173,멀202
18320,10707,173,예102
18321,10708,257,예102
18322,10709,220,외402
18323,10710,264,멀402
18324,10711,294,멀601
18325,10713,112,멀203
18326,10713,149,멀203
18327,10714,125,글507
18328,10714,166,글507
18329,10715,112,글405
18330,10715,149,글405
18331,10721,209,체B101호
18332,10722,285,체215-3호
18333,10723,289,체215-3호
18334,10724,147,체215-3호
18335,10729,72,글403
18336,10732,52,웨이트장
18337,10733,289,웨이트장
18338,10736,286,
18339,10737,290,
18340,10738,343,체B120호
18341,10739,58,1호관테니스장
18342,10740,285,1호관테니스장
18343,10741,154,글403
18344,10742,189,글403
18345,10743,210,멀512
18346,10744,163,멀204
18347,10750,258,체B120호
18348,10751,118,글405
18349,10751,157,글405
18350,10752,121,글405
18351,10752,160,글405
18352,10753,100,멀611
18353,10753,138,멀611
18354,10754,63,멀108
18355,10754,201,멀108
18356,10755,109,멀611
18357,10755,146,멀611
18358,10756,69,멀108
18359,10756,208,멀108
18360,10757,54,멀803
18361,10757,191,멀803
18362,10758,118,멀702
18363,10758,157,멀702
18364,10759,57,멀803
18365,10759,194,멀803
18366,10760,121,멀702
18367,10760,160,멀702
18368,10761,54,멀513
18369,10761,191,멀513
18370,10762,46,멀411
18371,10762,184,멀411
18372,10763,109,글405
18373,10763,146,글405
18374,10764,12,멀204
18375,10765,25,멀204
18376,10767,292,멀202
18377,10768,263,멀202
18378,10769,305,멀203
18379,10770,323,멀112
18380,10771,349,멀202
2739,1787,63,공148호
2740,1787,201,공148호
2741,1788,54,공367호
2742,1788,191,공367호
2743,1789,112,공142-1호
2744,1789,149,공142-1호
2745,1790,57,공367호
2746,1790,194,공367호
18381,10772,118,멀204
18382,10772,157,멀204
2747,1791,63,공371호
2748,1791,201,공371호
2749,1792,63,공165호
2750,1792,201,공165호
2751,1793,63,공176호
2752,1793,201,공176호
2753,1794,121,공176호
2754,1794,160,공176호
2755,1795,121,전220
2756,1795,160,전220
2757,1796,204,전136
2758,1797,187,전137
2759,1798,61,전205
2760,1798,198,전205
2761,1799,115,전205
2762,1799,154,전205
2763,1801,109,전205
2764,1801,146,전205
2765,1802,112,전136
2766,1802,149,전136
2767,1803,115,B07
2768,1803,154,B07
2769,1804,67,B06
2770,1804,205,B06
2771,1805,171,B09
2772,1806,109,B09
2773,1806,146,B09
2774,1807,118,전B09
2775,1807,157,전B09
2776,1808,57,전B09
2777,1808,194,전B09
2778,1809,9,전205
2779,1810,25,우정원B133(창업센터-15)
2780,1811,122,B06
2781,1811,161,B06
2782,1812,174,전509
2783,1813,137,
2784,1814,132,
2785,1815,39,
2786,1816,63,B07
2787,1816,201,B07
2788,1817,15,전539
2789,1818,131,
2790,1819,93,
2791,1820,96,
2792,1821,93,
2793,1822,15,
2794,1823,174,전137
2795,1824,32,
2796,1825,32,
2797,1826,32,
2798,1827,32,전220
2799,1828,15,
2800,1829,32,
2801,1830,32,
2802,1832,115,B05
2803,1832,154,B05
2804,1833,220,
2805,1834,130,B09
18383,10773,21,"전218, 멀403"
18384,10773,62,"전218, 멀403"
18385,10773,116,"전218, 멀403"
18386,10773,155,"전218, 멀403"
18387,10773,199,"전218, 멀403"
18388,10774,21,전102
18389,10774,62,전102
18390,10774,116,전102
18391,10774,155,전102
18392,10774,199,전102
18393,10775,21,전221
18394,10775,62,전221
18395,10775,116,전221
18396,10775,155,전221
18397,10775,199,전221
18398,10776,21,전223
18399,10776,62,전223
18400,10776,116,전223
18401,10776,155,전223
18402,10776,199,전223
18403,10777,3,전218
18404,10777,47,전218
18405,10777,101,전218
18406,10777,139,전218
18407,10777,185,전218
18408,10778,3,전102
18409,10778,47,전102
18410,10778,101,전102
18411,10778,139,전102
18412,10778,185,전102
18413,10779,3,전223
18414,10779,47,전223
18415,10779,101,전223
18416,10779,139,전223
18417,10779,185,전223
18418,10780,21,공146호
18419,10780,62,공146호
18420,10780,116,공146호
18421,10780,155,공146호
18422,10780,199,공146호
18423,10781,3,공146호
18424,10781,47,공146호
18425,10781,101,공146호
18426,10781,139,공146호
18427,10781,185,공146호
18428,10782,3,전219
18429,10782,47,전219
18430,10782,101,전219
18431,10782,139,전219
18432,10782,185,전219
18433,10783,21,전219
18434,10783,62,전219
18435,10783,116,전219
18436,10783,155,전219
18437,10783,199,전219
18438,10784,21,멀612
18439,10784,62,멀612
18440,10784,116,멀612
18441,10784,155,멀612
18442,10784,199,멀612
18443,10785,3,멀409
18444,10785,47,멀409
18445,10785,101,멀409
18446,10785,139,멀409
18447,10785,185,멀409
18448,10786,21,멀409
18449,10786,62,멀409
18450,10786,116,멀409
18451,10786,155,멀409
18452,10786,199,멀409
18453,10787,3,멀408
18454,10787,47,멀408
18455,10787,101,멀408
18456,10787,139,멀408
18457,10787,185,멀408
18458,10788,21,멀408
18459,10788,62,멀408
18460,10788,116,멀408
18461,10788,155,멀408
18462,10788,199,멀408
18463,10789,21,멀407
18464,10789,62,멀407
18465,10789,116,멀407
18466,10789,155,멀407
18467,10789,199,멀407
18468,10790,3,멀406
18469,10790,47,멀406
18470,10790,101,멀406
18471,10790,139,멀406
18472,10790,185,멀406
18473,10791,21,멀406
18474,10791,62,멀406
18475,10791,116,멀406
18476,10791,155,멀406
18477,10791,199,멀406
18478,10792,3,멀704
18479,10792,47,멀704
18480,10792,101,멀704
18481,10792,139,멀704
18482,10792,185,멀704
18483,10793,21,멀705-1
18484,10793,62,멀705-1
18485,10793,116,멀705-1
18486,10793,155,멀705-1
18487,10793,199,멀705-1
18488,10794,3,멀205
18489,10794,47,멀205
18490,10794,101,멀205
18491,10794,139,멀205
18492,10794,185,멀205
18493,10795,21,멀205
18494,10795,62,멀205
18495,10795,116,멀205
18496,10795,155,멀205
18497,10795,199,멀205
18498,10796,3,멀206
18499,10796,47,멀206
18500,10796,101,멀206
18501,10796,139,멀206
18502,10796,185,멀206
18503,10797,21,멀206
18504,10797,62,멀206
18505,10797,116,멀206
18506,10797,155,멀206
18507,10797,199,멀206
18508,10798,3,멀207
18509,10798,47,멀207
18510,10798,101,멀207
18511,10798,139,멀207
18512,10798,185,멀207
18513,10799,21,멀207
18514,10799,62,멀207
18515,10799,116,멀207
18516,10799,155,멀207
18517,10799,199,멀207
18518,10800,3,멀101
18519,10800,47,멀101
18520,10800,101,멀101
18521,10800,139,멀101
18522,10800,185,멀101
18523,10801,21,멀208
18524,10801,62,멀208
18525,10801,116,멀208
18526,10801,155,멀208
18527,10801,199,멀208
18528,10802,3,멀201
18529,10802,47,멀201
18530,10802,101,멀201
18531,10802,139,멀201
18532,10802,185,멀201
18533,10803,21,멀201
18534,10803,62,멀201
18535,10803,116,멀201
18536,10803,155,멀201
18537,10803,199,멀201
18538,10804,21,멀704
18539,10804,62,멀704
18540,10804,116,멀704
18541,10804,155,멀704
18542,10804,199,멀704
18543,10805,3,멀204
18544,10805,47,멀204
18545,10805,101,멀204
18546,10805,139,멀204
18547,10805,185,멀204
18548,10806,21,멀210
18549,10806,62,멀210
18550,10806,116,멀210
18551,10806,155,멀210
18552,10806,199,멀210
18553,10807,3,멀203
18554,10807,47,멀203
18555,10807,101,멀203
18556,10807,139,멀203
18557,10807,185,멀203
18558,10808,21,멀204
18559,10808,62,멀204
18560,10808,116,멀204
18561,10808,155,멀204
18562,10808,199,멀204
18563,10809,3,멀513
18564,10809,47,멀513
18565,10809,101,멀513
18566,10809,139,멀513
18567,10809,185,멀513
18568,10810,3,멀403
18569,10810,47,멀403
18570,10810,101,멀403
18571,10810,139,멀403
18572,10810,185,멀403
18573,10811,21,멀312
18574,10811,62,멀312
18575,10811,116,멀312
18576,10811,155,멀312
18577,10811,199,멀312
18578,10812,3,멀210
18579,10812,47,멀210
18580,10812,101,멀210
18581,10812,139,멀210
18582,10812,185,멀210
18583,10814,21,멀411
18584,10814,62,멀411
18585,10814,116,멀411
18586,10814,155,멀411
18587,10814,199,멀411
