offering_category_id,offering_id,department_id,category_id,display_name
3024,1934,7,1,미분적분학1
3025,1935,7,1,미분적분학1
3026,1936,7,1,미분적분학1
3027,1937,7,1,미분적분학1
3028,1938,7,1,미분적분학1
3029,1939,7,1,미분적분학1
3030,1940,7,1,미분적분학1
3031,1941,7,1,미분적분학1
3032,1942,7,1,미분적분학1
3033,1943,7,1,미분적분학1
3034,1944,7,1,미분적분학1
3035,1945,7,1,미분적분학1
3036,1946,7,1,미분적분학1
3037,1947,7,1,미분적분학1
3038,1948,7,1,미분적분학1
3039,1949,7,1,미분적분학1
3040,1950,7,1,미분적분학1
3041,1951,7,1,미분적분학1
3042,1952,7,1,선형대수
3043,1953,7,1,선형대수
3044,1954,7,1,선형대수
3045,1955,7,1,선형대수
3046,1956,7,1,선형대수
3047,1957,7,1,선형대수
3048,1958,7,1,선형대수
3049,1959,7,1,선형대수
3050,1960,7,1,선형대수
3051,1961,7,1,선형대수
3052,1962,7,1,선형대수
3053,1963,7,1,선형대수
3054,1964,7,1,선형대수
3055,1965,7,1,통계학
3056,1966,7,1,통계학
3057,1967,7,1,미분적분학
3058,1968,7,1,미분적분학
3059,1969,7,1,미분적분학
3060,1970,7,1,미분적분학
3061,1971,7,1,미분적분학
3062,1972,7,1,미분적분학
3063,1973,7,1,미분적분학
3064,1974,7,1,미분적분학
3065,1975,7,1,미분적분학
3066,1976,7,1,미분적분학
3067,1977,7,1,미분적분학
3068,1978,7,1,미분적분학
3069,1979,7,1,미분적분학
3070,1980,7,1,미분적분학
3071,1981,7,1,미분적분학
3072,1982,7,1,미분적분학
3073,1983,7,1,미분적분학
3074,1984,7,1,미분적분학
3075,1985,7,1,미분적분학
3076,1986,7,1,미분적분학
3077,1987,7,1,미분적분학
3078,1988,7,1,미분적분학
3079,1989,7,1,미분적분학
3080,1990,35,1,화학및실험1
3081,1991,35,1,화학및실험1
3082,1992,35,1,화학및실험1
3083,1993,35,1,화학및실험1
3084,1994,35,1,화학및실험1
3085,1995,35,1,화학및실험1
3086,1996,35,1,화학및실험1
3087,1997,35,1,화학및실험1
3088,1998,35,1,화학및실험1
3089,1999,35,1,화학및실험1
3090,2000,35,1,화학및실험1
3091,2001,35,1,화학1
3092,2002,35,1,화학1
3093,2003,35,1,화학1
3094,2004,35,1,화학1
3095,2005,35,1,화학1
3096,2006,35,1,화학1
3097,2007,35,1,화학1
3098,2008,35,1,화학1
3099,2009,35,1,일반화학
3100,2010,35,1,일반화학
3101,2011,35,1,일반화학
3102,2012,35,1,일반화학
3103,2013,34,1,물리학1
3104,2014,34,1,물리학1
3105,2015,34,1,물리학1
3106,2016,34,1,물리학1
3107,2017,34,1,물리학1
3108,2018,34,1,물리학1
3109,2019,34,1,물리학1
3110,2020,34,1,물리학1
3111,2021,34,1,물리학1
3112,2022,34,1,물리학1
3113,2023,34,1,물리학1
3114,2024,34,1,물리학및실험1
3115,2025,34,1,물리학및실험1
3116,2026,34,1,물리학및실험1
3117,2027,34,1,물리학및실험1
3118,2028,34,1,물리학및실험1
3119,2029,34,1,물리학및실험1
3120,2030,34,1,물리학및실험1
3121,2031,34,1,물리학및실험1
3122,2032,34,1,물리학및실험1
3123,2033,34,1,물리학및실험1
3124,2034,34,1,물리학및실험1
3125,2035,34,1,물리학및실험1
3126,2036,34,1,물리학및실험1
3127,2037,34,1,물리학및실험1
3128,2038,34,1,물리학및실험1
3129,2039,34,1,물리학및실험1
3130,2040,34,1,물리학및실험1
3131,2041,34,1,물리학및실험1
3132,2042,34,1,물리학및실험1
3133,2043,34,1,물리학및실험1
3134,2044,34,1,물리학및실험1
3135,2045,34,1,물리학및실험1
3136,2046,34,1,물리학및실험1
3137,2047,34,1,물리학및실험1
3138,2048,34,1,물리학및실험1
3139,2049,34,1,일반물리
3140,2050,34,1,일반물리
3141,2051,34,1,일반물리
3142,2052,37,1,생물1
3143,2053,37,1,생물1
3144,2054,37,1,생물1
3145,2055,37,1,생물1
3146,2056,37,1,생물1
3147,2057,37,1,생물1
3148,2058,37,1,일반생물
3149,2059,37,1,일반생물
3150,2060,37,1,일반생물
1,1,11,7,소프트웨어가치탐구
2,2,11,7,소프트웨어가치탐구
3,3,8,2,객체지향프로그래밍(소프트웨어융합학)
4,3,11,2,객체지향프로그래밍
5,4,8,2,객체지향프로그래밍(소프트웨어융합학)
6,4,11,2,객체지향프로그래밍
7,5,8,1,이산구조(소프트웨어융합학)
8,5,11,1,이산구조
9,6,8,1,이산구조(소프트웨어융합학)
10,6,11,1,이산구조
11,7,11,1,이산구조
12,8,11,2,컴퓨터구조
13,9,11,2,컴퓨터구조
14,10,11,2,컴퓨터구조
15,11,11,2,컴퓨터구조
16,12,8,2,자료구조(소프트웨어융합학)
17,12,11,2,자료구조
18,13,8,2,자료구조(소프트웨어융합학)
19,13,11,2,자료구조
20,14,11,2,자료구조
21,15,11,2,오픈소스SW개발
22,16,11,3,UI/UX프로그래밍
23,17,8,2,운영체제(소프트웨어융합학)
24,17,11,2,운영체제
25,18,8,2,운영체제(소프트웨어융합학)
26,18,11,2,운영체제
27,19,8,3,컴퓨터네트워크(소프트웨어융합학)
28,19,11,2,컴퓨터네트워크
29,20,8,3,컴퓨터네트워크(소프트웨어융합학)
30,20,11,2,컴퓨터네트워크
31,21,8,2,알고리즘분석(소프트웨어융합학)
32,21,11,2,알고리즘분석
33,22,8,2,알고리즘분석(소프트웨어융합학)
34,22,11,2,알고리즘분석
35,23,8,2,데이터베이스(소프트웨어융합학)
36,23,11,2,데이터베이스
37,24,11,2,데이터베이스
38,25,11,2,IT기술영어2
39,26,11,3,멀티미디어시스템
40,27,8,2,소프트웨어공학(소프트웨어융합학)
41,27,11,2,소프트웨어공학
42,28,8,3,SW스타트업비즈니스(소프트웨어융합학)
43,28,11,3,SW스타트업비즈니스
44,29,8,3,클라우드컴퓨팅(소프트웨어융합학)
45,29,11,3,클라우드컴퓨팅
46,30,8,3,인공지능(소프트웨어융합학)
47,30,11,3,인공지능
48,31,11,2,졸업논문(컴퓨터공학전공)
49,32,11,2,캡스톤디자인2
50,33,11,2,캡스톤디자인1
51,34,8,3,영상처리(소프트웨어융합학)
52,34,11,3,영상처리
53,35,11,3,웹서비스프로그래밍
54,36,11,3,최신기술프로젝트1
55,37,8,2,최신기술콜로키움1(소프트웨어융합학)
56,37,11,3,최신기술콜로키움1
57,38,8,3,IoT소프트웨어(소프트웨어융합학)
58,38,11,3,IoT소프트웨어
59,39,11,3,IoT네트워크
60,40,11,3,연구연수활동1(컴퓨터공학)
61,41,8,3,3D모델링(소프트웨어융합학)
62,42,8,3,3D모델링(소프트웨어융합학)
63,43,8,3,스토리텔링(소프트웨어융합학)
64,44,8,3,사운드디자인(소프트웨어융합학)
65,45,8,3,사운드디자인(소프트웨어융합학)
66,46,8,3,모션그래픽스(소프트웨어융합학)
67,47,8,3,모션그래픽스(소프트웨어융합학)
68,48,8,3,게임학(소프트웨어융합학)
3151,2061,17,10,교육사회학
3152,2062,17,10,교육사회학
3153,2063,17,10,교육심리학
3154,2064,17,10,교육심리학
3155,2065,17,10,교육철학및교육사
3156,2066,17,10,교육학개론
3157,2067,17,10,교육학개론
3158,2068,17,10,학교폭력 예방 및 학생의 이해
3159,2069,17,10,교직적성및인성검사1
3160,2070,17,10,교직적성및인성검사2
3161,2071,17,10,응급처치및심폐소생술실습1
3162,2072,17,10,응급처치및심폐소생술실습2
3163,2073,17,10,교육과정
3164,2074,17,10,교육방법및교육공학
3165,2075,17,10,교육평가
3166,2076,17,10,교직실무
3167,2077,17,10,특수교육학개론
3168,2078,17,10,특수교육학개론
3169,2079,17,10,교육봉사활동1
3170,2080,17,10,교육봉사활동2
3171,2081,17,10,학교현장실습
3172,2082,17,10,학교현장실습
3173,2083,17,10,교육행정및교육경영
3174,2084,17,10,교육행정및교육경영
69,49,11,2,논리회로(컴퓨터공학)
70,50,11,2,논리회로(컴퓨터공학)
71,51,11,2,논리회로(컴퓨터공학)
72,52,11,2,논리회로(컴퓨터공학)
73,53,11,2,논리회로(컴퓨터공학)
74,54,11,2,논리회로(컴퓨터공학)
75,55,11,2,논리회로(컴퓨터공학)
76,56,8,3,신호와시스템(소프트웨어융합학)
77,56,11,3,신호와시스템(컴퓨터공학)
78,57,8,3,신호와시스템(소프트웨어융합학)
79,57,11,3,신호와시스템(컴퓨터공학)
80,58,8,3,신호와시스템(소프트웨어융합학)
81,58,11,3,신호와시스템(컴퓨터공학)
82,59,8,3,신호와시스템(소프트웨어융합학)
83,59,11,3,신호와시스템(컴퓨터공학)
84,60,8,1,확률및랜덤변수(소프트웨어융합학)
85,60,11,1,확률및랜덤변수(컴퓨터공학)
86,61,8,1,확률및랜덤변수(소프트웨어융합학)
87,61,11,1,확률및랜덤변수(컴퓨터공학)
88,62,8,1,확률및랜덤변수(소프트웨어융합학)
89,62,11,1,확률및랜덤변수(컴퓨터공학)
90,63,8,1,확률및랜덤변수(소프트웨어융합학)
91,63,11,1,확률및랜덤변수(컴퓨터공학)
92,64,8,1,확률및랜덤변수(소프트웨어융합학)
93,64,11,1,확률및랜덤변수(컴퓨터공학)
94,65,8,1,확률및랜덤변수(소프트웨어융합학)
95,65,11,1,확률및랜덤변수(컴퓨터공학)
96,66,8,3,디지털통신(소프트웨어융합학)
97,67,8,3,디지털통신(소프트웨어융합학)
98,68,8,3,디지털통신(소프트웨어융합학)
99,69,8,3,디지털신호처리(소프트웨어융합학)
100,70,8,3,디지털신호처리(소프트웨어융합학)
3175,2085,36,1,생물학및실험1
3176,2086,36,1,생물학및실험1
3177,2087,36,1,생물학및실험1
3178,2088,31,4,글쓰기1
3179,2089,31,4,글쓰기1
3180,2090,31,4,글쓰기1
3181,2091,31,4,글쓰기1
3182,2092,31,4,글쓰기2
3183,2093,31,4,글쓰기2
3184,2094,31,4,글쓰기2
3185,2095,31,4,글쓰기2
3186,2096,31,4,글쓰기2
3187,2097,31,4,글쓰기2
3188,2098,31,4,글쓰기2
3189,2099,31,4,글쓰기2
3190,2100,31,4,글쓰기2
3191,2101,31,4,글쓰기2
3192,2102,31,4,글쓰기2
3193,2103,31,4,글쓰기2
3194,2104,31,4,글쓰기2
3195,2105,31,4,글쓰기2
3196,2106,31,4,글쓰기2
3197,2107,32,4,영어1
3198,2108,32,4,영어1
3199,2109,32,4,영어2
3200,2110,32,4,영어2
3201,2111,32,4,영어2
3202,2112,32,4,영어2
3203,2113,32,4,영어2
3204,2114,32,4,영어2
3205,2115,32,4,영어2
3206,2116,32,4,영어2
3207,2117,30,4,시민교육
3208,2118,30,4,시민교육
3209,2119,30,4,시민교육
3210,2120,22,11,빅뱅에서문명까지
3211,2121,22,11,빅뱅에서문명까지
3212,2122,22,11,빅뱅에서문명까지
3213,2123,22,11,빅뱅에서문명까지
3214,2124,22,11,빅뱅에서문명까지
3215,2125,22,11,빅뱅에서문명까지
3216,2126,22,11,빅뱅에서문명까지
3217,2127,22,11,빅뱅에서문명까지
3218,2128,22,11,빅뱅에서문명까지
3219,2129,22,11,빅뱅에서문명까지
3220,2130,22,11,빅뱅에서문명까지
3221,2131,22,11,빅뱅에서문명까지
3222,2132,22,11,빅뱅에서문명까지
3223,2133,22,11,빅뱅에서문명까지
3224,2134,22,11,우리가사는세계
3225,2135,22,11,우리가사는세계
3226,2136,22,11,우리가사는세계
3227,2137,22,11,우리가사는세계
3228,2138,22,11,우리가사는세계
3229,2139,22,11,인간의가치탐색
3230,2140,22,11,인간의가치탐색
3231,2141,22,11,인간의가치탐색
3232,2142,22,11,인간의가치탐색
3233,2143,22,11,인간의가치탐색
3234,2144,22,11,인간의가치탐색
3235,2145,22,11,인간의가치탐색
3236,2146,22,11,인간의가치탐색
3237,2147,22,11,인간의가치탐색
3238,2148,22,11,인간의가치탐색
3239,2149,22,11,인간의가치탐색
3240,2150,22,11,인간의가치탐색
3241,2151,22,11,인간의가치탐색
3242,2152,22,11,인간의가치탐색
3243,2153,22,11,인간의가치탐색
3244,2154,22,11,인간의가치탐색
3245,2155,22,11,인간의가치탐색
3246,2156,22,11,인간의가치탐색
3247,2157,22,11,인간의가치탐색
3248,2158,22,11,인간의가치탐색
3249,2159,22,11,인간의가치탐색
3250,2160,22,11,인간의가치탐색
3251,2161,22,11,인간의가치탐색
3252,2162,22,11,인간의가치탐색
3253,2163,22,11,인간의가치탐색
3254,2164,22,11,인간의가치탐색
3255,2165,22,11,인간의가치탐색
3256,2166,22,11,인간의가치탐색
3257,2167,22,11,인간의가치탐색
3258,2168,22,11,인간의가치탐색
3259,2169,22,11,인간의가치탐색
3260,2170,22,11,인간의가치탐색
3261,2171,22,11,인간의가치탐색
3262,2172,22,11,인간의가치탐색
3263,2173,22,11,인간의가치탐색
3264,2174,22,11,인간의가치탐색
3265,2175,22,11,인간의가치탐색
3266,2176,22,11,인간의가치탐색
3267,2177,22,11,인간의가치탐색
3268,2178,22,11,인간의가치탐색
3269,2179,22,11,인간의가치탐색
3270,2180,22,11,인간의가치탐색
3271,2181,22,11,인간의가치탐색
3272,2182,22,11,인간의가치탐색
3273,2183,22,11,인간의가치탐색
3274,2184,22,11,인간의가치탐색
3275,2185,22,11,인간의가치탐색
3276,2186,22,11,인간의가치탐색
3277,2187,22,11,인간의가치탐색
3278,2188,22,11,인간의가치탐색
3279,2189,22,11,인간의가치탐색
3280,2190,22,11,인간의가치탐색
3281,2191,22,11,인간의가치탐색
3282,2192,22,11,세계와시민
3283,2193,22,11,세계와시민
3284,2194,22,11,세계와시민
3285,2195,22,11,세계와시민
3286,2196,22,11,세계와시민
3287,2197,22,11,세계와시민
3288,2198,22,11,세계와시민
3289,2199,22,11,세계와시민
3290,2200,22,11,세계와시민
3291,2201,22,11,세계와시민
3292,2202,22,11,세계와시민
3293,2203,22,11,세계와시민
3294,2204,22,11,세계와시민
3295,2205,22,11,세계와시민
3296,2206,22,11,세계와시민
3297,2207,22,11,세계와시민
3298,2208,22,11,세계와시민
3299,2209,22,11,세계와시민
3300,2210,22,11,세계와시민
3301,2211,22,11,세계와시민
3302,2212,22,11,세계와시민
3303,2213,22,11,세계와시민
3304,2214,22,11,세계와시민
3305,2215,22,11,세계와시민
3306,2216,22,11,세계와시민
3307,2217,22,11,세계와시민
3308,2218,22,11,세계와시민
3309,2219,22,11,세계와시민
3310,2220,22,11,세계와시민
3311,2221,22,11,세계와시민
3312,2222,22,11,세계와시민
3313,2223,22,11,세계와시민
3314,2224,22,11,세계와시민
3315,2225,22,11,세계와시민
3316,2226,22,11,세계와시민
3317,2227,22,11,세계와시민
3318,2228,22,11,세계와시민
3319,2229,22,11,세계와시민
3320,2230,22,11,세계와시민
3321,2231,22,11,세계와시민
3322,2232,22,11,세계와시민
3323,2233,22,11,세계와시민
3324,2234,22,11,세계와시민
3325,2235,22,11,세계와시민
3326,2236,22,11,세계와시민
3327,2237,21,4,성찰과표현
3328,2238,21,4,성찰과표현
3329,2239,21,4,성찰과표현
3330,2240,21,4,성찰과표현
3331,2241,21,4,성찰과표현
3332,2242,21,4,성찰과표현
3333,2243,21,4,성찰과표현
3334,2244,21,4,성찰과표현
3335,2245,21,4,성찰과표현
3336,2246,21,4,성찰과표현
3337,2247,21,4,성찰과표현
3338,2248,21,4,성찰과표현
3339,2249,21,4,성찰과표현
3340,2250,21,4,성찰과표현
3341,2251,21,4,성찰과표현
3342,2252,21,4,성찰과표현
3343,2253,21,4,성찰과표현
3344,2254,21,4,성찰과표현
3345,2255,21,4,성찰과표현
3346,2256,21,4,성찰과표현
3347,2257,21,4,성찰과표현
3348,2258,21,4,성찰과표현
3349,2259,21,4,성찰과표현
3350,2260,21,4,성찰과표현
3351,2261,21,4,성찰과표현
3352,2262,21,4,성찰과표현
3353,2263,21,4,성찰과표현
3354,2264,21,4,성찰과표현
3355,2265,21,4,성찰과표현
3356,2266,21,4,성찰과표현
3357,2267,21,4,성찰과표현
3358,2268,21,4,성찰과표현
3359,2269,21,4,성찰과표현
3360,2270,21,4,성찰과표현
3361,2271,21,4,성찰과표현
3362,2272,21,4,성찰과표현
3363,2273,21,4,성찰과표현
3364,2274,21,4,성찰과표현
3365,2275,21,4,성찰과표현
3366,2276,21,4,성찰과표현
3367,2277,21,4,성찰과표현
3368,2278,21,4,성찰과표현
3369,2279,21,4,성찰과표현
3370,2280,21,4,성찰과표현
3371,2281,21,4,성찰과표현
3372,2282,21,4,성찰과표현
3373,2283,21,4,성찰과표현
3374,2284,21,4,성찰과표현
3375,2285,21,4,성찰과표현
3376,2286,21,4,성찰과표현
3377,2287,21,4,성찰과표현
3378,2288,21,4,성찰과표현
3379,2289,21,4,성찰과표현
3380,2290,21,4,성찰과표현
3381,2291,20,4,대학영어
3382,2292,20,4,대학영어
3383,2293,20,4,대학영어
3384,2294,20,4,대학영어
3385,2295,20,4,대학영어
3386,2296,20,4,대학영어
3387,2297,20,4,대학영어
3388,2298,20,4,대학영어
3389,2299,20,4,대학영어
3390,2300,20,4,대학영어
3391,2301,20,4,대학영어
3392,2302,20,4,대학영어
3393,2303,20,4,대학영어
3394,2304,20,4,대학영어
3395,2305,20,4,대학영어
3396,2306,20,4,대학영어
3397,2307,20,4,대학영어
3398,2308,20,4,대학영어
3399,2309,20,4,대학영어
3400,2310,20,4,대학영어
3401,2311,20,4,대학영어
3402,2312,20,4,대학영어
3403,2313,20,4,대학영어
3404,2314,20,4,대학영어
3405,2315,20,4,대학영어
3406,2316,20,4,대학영어
3407,2317,20,4,대학영어
3408,2318,20,4,대학영어
3409,2319,20,4,대학영어
3410,2320,20,4,대학영어
3411,2321,20,4,대학영어
3412,2322,20,4,대학영어
3413,2323,20,4,대학영어
3414,2324,20,4,대학영어
3415,2325,20,4,대학영어
3416,2326,20,4,대학영어
3417,2327,20,4,대학영어
3418,2328,20,4,대학영어
3419,2329,20,4,대학영어
3420,2330,21,4,주제연구
3421,2331,21,4,주제연구
3422,2332,21,4,주제연구
3423,2333,21,4,주제연구
3424,2334,21,4,주제연구
3425,2335,21,4,주제연구
3426,2336,21,4,주제연구
3427,2337,21,4,주제연구
3428,2338,21,4,주제연구
3429,2339,21,4,주제연구
3430,2340,21,4,주제연구
3431,2341,21,4,주제연구
3432,2342,21,4,주제연구
3433,2343,21,4,주제연구
3434,2344,21,4,주제연구
3435,2345,21,4,주제연구
3436,2346,21,4,주제연구
3437,2347,21,4,주제연구
3438,2348,21,4,주제연구
3439,2349,21,4,주제연구
3440,2350,21,4,주제연구
3441,2351,21,4,주제연구
3442,2352,21,4,주제연구
3443,2353,21,4,주제연구
3444,2354,21,4,주제연구
3445,2355,21,4,주제연구
3446,2356,21,4,주제연구
3447,2357,21,4,주제연구
3448,2358,21,4,주제연구
3449,2359,21,4,주제연구
3450,2360,21,4,주제연구
3451,2361,21,4,주제연구
3452,2362,44,5,몸과생명
3453,2363,44,5,몸의발견
3454,2364,44,5,"생명,영원한블루오션"
3455,2365,40,5,"생명과생명공학:자본,국가,과학,정치"
3456,2366,40,5,생명과학의미래
3457,2367,44,5,스마트식생활과건강
3458,2368,44,5,스마트식생활과건강
3459,2369,44,5,진화와인간본성
3460,2370,44,5,진화와인간본성
3461,2371,44,5,인체와생명
3462,2372,44,5,동의보감을통한몸과마음의이해
3463,2373,40,5,고양이의물리학:자연계의숨은법칙
3464,2374,40,5,고양이의물리학:자연계의숨은법칙
3465,2375,40,5,동양사상과과학기술
3466,2376,44,5,불편한진실:기후변화
3467,2377,44,5,아이디어에서제품까지
3468,2378,40,5,인간과생활속의로봇
3469,2379,40,5,인간과생활속의로봇
3470,2380,40,5,특허와지적재산권
3471,2381,40,5,특허와지적재산권
3472,2382,44,5,하천문화의이해와르네상스
3473,2383,44,5,우주:별을잊은그대에게
3474,2384,44,5,우주:별을잊은그대에게
3475,2385,44,5,인류역사를바꾼첨단재료
3476,2386,43,5,큰맥락에서사고하기:시스템다이나믹스
3477,2387,42,5,가면의축제:동서양연희의문명사
3478,2388,42,5,공감의인류학:감정이입과의인화
3479,2389,42,5,과학예술문화의만남
3480,2390,42,5,미디어아트와문화
3481,2391,42,5,의미의탄생:언어
3482,2392,42,5,인문학과문화콘텐츠
3483,2393,38,5,커뮤니케이션과디자인
3484,2394,42,5,불교와정신분석학
3485,2395,42,5,매체와메시지:미디어의이해
3486,2396,42,5,영화와문학
3487,2397,42,5,영화와문학
3488,2398,42,5,고전과여성
3489,2399,38,5,동양에서서양으로:음악과문화
3490,2400,38,5,동양에서서양으로:음악과문화
3491,2401,42,5,작곡의밑그림:화성학
3492,2402,42,5,명작에취하다:예술 감상법
3493,2403,39,5,인간행동의이해:심리학
3494,2404,42,5,짝짓기의진화심리학
3495,2405,40,5,공학과경영
3496,2406,40,5,공학과경영
3497,2407,40,5,공학과경영
3498,2408,41,5,"법,질서,국가"
3499,2409,41,5,"법,질서,국가"
3500,2410,41,5,예술을통한공동체만들기
3501,2411,41,5,정치학적사유의원리
3502,2412,41,5,행복이란무엇인가
3503,2413,39,5,여성학개론
3504,2414,41,5,기술혁신과전략의융합
3505,2415,41,5,문학과돈
3506,2416,41,5,대학생을위한실용금융
3507,2417,39,5,SF영화의상상력:미래의평화와윤리
3508,2418,40,5,공학과윤리
3509,2419,40,5,공학과윤리
3510,2420,41,5,동아시아문명론
3511,2421,41,5,동아시아문명론
3512,2422,41,5,동아시아의서양문명수용론
3513,2423,41,5,십자가와초승달:기독교와이슬람
3514,2424,40,5,프로그래밍입문
3515,2425,40,5,공학기초수학
3516,2426,40,5,기초 미분적분학
3517,2427,40,5,고급 미분적분학
3518,2428,40,5,인공지능과예술
3519,2429,40,5,수학과세상
3520,2430,40,5,생명의언어
3521,2431,42,5,국화와칼:만들어진일본의전통
3522,2432,42,5,문화유산과역사지리
3523,2433,42,5,사농공상:역사의주연과조연
3524,2434,42,5,사농공상:역사의주연과조연
3525,2435,42,5,설탕과소금:사소한것들의역사
3526,2436,42,5,"영토의경계와흔적:이민,이주,이동"
3527,2437,42,5,한국근현대사의이해
3528,2438,42,5,다이나믹한국근현대사
3529,2439,42,5,삼국지인문학
3530,2440,42,5,영화로보는스포츠문화
3531,2441,42,5,여행을통한인간의삶의가치증진
3532,2442,40,5,컴퓨터게임개론
3533,2443,42,5,일상의공연학
3534,2444,39,5,시민생활과법
3535,2445,39,5,그리스신화와철학
3536,2446,39,5,영화로읽는도시인문학:환동해도시와문화지리
3537,2447,39,5,유럽문화와도시문명
3538,2448,43,5,통계의진실과오류
3539,2449,43,5,프로그래밍을통한논리적사유연습
3540,2450,43,5,프로그래밍을통한논리적사유연습
3541,2451,43,5,프로그래밍을통한논리적사유연습
3542,2452,43,5,빅데이터와스포츠산업
3543,2453,38,5,새김과찍기:현대판화
3544,2454,38,5,디지털사진촬영과표현
3545,2455,38,5,사운드와테크놀로지
3546,2456,38,5,생활속의공예:미와쓰임새
3547,2457,39,5,고전읽기:그리스비극
3548,2458,39,5,고전읽기:노자 장자
3549,2459,39,5,고전읽기:성서
3550,2460,39,5,고전읽기:프로이트
3551,2461,39,5,고전읽기:박경리토지
3552,2462,39,5,국가폭력과트라우마
3553,2463,39,5,글로벌라틴아메리카
3554,2464,39,5,라틴아메리카문학과예술
3555,2465,39,5,언어와문학의이해
3556,2466,39,5,언어와문학의이해
3557,2467,39,5,하이쿠의세계
3558,2468,39,5,한자의이해
3559,2469,39,5,초급일본어
3560,2470,39,5,초급중국어
3561,2471,38,5,색채와상상력
3562,2472,38,5,예술치료의원리와실제
3563,2473,38,5,컴퓨터그래픽기초
3564,2474,38,5,컴퓨터그래픽기초
3565,2475,38,5,클래식음악산책
3566,2476,38,5,클래식음악산책
3567,2477,38,5,패션디자인의세계
3568,2478,38,5,합창의재발견
3569,2479,39,5,기초중국어
3570,2480,39,5,기초중국어
3571,2481,39,5,기초일본어
3572,2482,39,5,기초스페인어
3573,2483,39,5,기초스페인어
3574,2484,39,5,기초스페인어
3575,2485,39,5,기초스페인어
3576,2486,39,5,기초스페인어
3577,2487,39,5,기초러시아어
3578,2488,39,5,기초러시아어
3579,2489,39,5,기초러시아어
3580,2490,39,5,기초프랑스어
3581,2491,39,5,기초프랑스어
3582,2492,41,5,관계를읽는시간
3583,2493,41,5,놀이를통한세상읽기
3584,2494,39,5,마녀사냥:그광기의역사
3585,2495,44,5,질병의진화적이해:우리는왜아픈걸까
3586,2496,43,5,창의적발상설계
3587,2497,18,6,네트워크의미래
3588,2498,18,6,네트워크의미래
3589,2499,18,6,네트워크의미래
3590,2500,18,6,수원화성과도시인문학:수원학
3591,2501,18,6,언어와컴퓨터
3592,2502,18,6,언어와컴퓨터
3593,2503,18,6,응급처치및안전관리
3594,2504,18,6,한국어1(교양)
3595,2505,18,6,한국어2(교양)
3596,2506,18,6,한방과건강생활
3597,2507,18,6,후마니타스특강1
3598,2508,18,6,글로벌세미나
3599,2509,18,6,글로벌세미나
3600,2510,18,6,글로벌세미나
3601,2511,18,6,글로벌세미나
3602,2512,18,6,후마니타스세미나
3603,2513,18,6,후마니타스세미나
3604,2514,18,6,후마니타스세미나
3605,2515,18,6,후마니타스세미나
3606,2516,18,6,후마니타스세미나
3607,2517,18,6,후마니타스세미나
3608,2518,18,6,후마니타스세미나
3609,2519,18,6,후마니타스세미나
3610,2520,18,6,독립연구1
3611,2521,18,6,독립연구2
3612,2522,18,6,빅데이터를통한세상바로알기:데이터분석코딩
3613,2523,18,6,내손안의소프트웨어
3614,2524,18,6,내손안의소프트웨어
3615,2525,18,6,알기쉬운소프트웨어코딩
3616,2526,18,6,알기쉬운소프트웨어코딩
3617,2527,19,6,농구
3618,2528,19,6,댄스스포츠(교양)
3619,2529,19,6,레크레이션
3620,2530,19,6,배드민턴
3621,2531,19,6,수상스포츠(교양)
3622,2532,19,6,수상스포츠(교양)
3623,2533,19,6,스포츠명가에게배우는재미와감동
3624,2534,19,6,요가
3625,2535,19,6,요가
3626,2536,19,6,웨이트트레이닝
3627,2537,19,6,웨이트트레이닝
3628,2538,19,6,탁구
3629,2539,19,6,탁구
3630,2540,19,6,태권도
3631,2541,19,6,태권도
3632,2542,19,6,테니스
3633,2543,19,6,필라테스
3634,2544,19,6,바디컨디셔닝
3635,2545,19,6,축구
3636,2546,19,6,축구
3637,2547,19,6,인공암벽등반
3638,2548,19,6,호신술
3639,2549,18,6,운동과체중관리
3640,2550,33,6,신입생세미나1
3641,2551,18,6,새로운생명체:인공지능
3642,2552,18,6,새로운생명체:인공지능
3643,2553,18,6,새로운생명체:인공지능
3644,2554,18,6,소프트웨어적사유
3645,2555,18,6,소프트웨어적사유
3646,2556,18,6,컴퓨터를만든수학:수학과정보기술
3647,2557,18,6,신입생워크숍1:워밍업
3648,2558,18,6,신입생워크숍1:워밍업
3649,2559,18,6,신입생워크숍1:워밍업
3650,2560,18,6,신입생워크숍1:워밍업
3651,2561,18,6,신입생워크숍1:워밍업
3652,2562,18,6,신입생워크숍1:워밍업
3653,2563,18,6,한국어의이해1
3654,2564,18,6,한국어의이해2
3655,2565,18,6,한국어의이해3
3656,2566,18,6,한국어의이해4
101,71,8,3,경영과학1(소프트웨어융합학)
102,72,8,3,데이터마이닝(소프트웨어융합학)
103,73,8,3,금융공학(소프트웨어융합학)
3657,2567,18,6,기업윤리와사회적책임
3658,2568,18,6,4차산업의이해와IOT기술 활용과분석
3659,2569,18,6,창업과재무관리
3660,2570,18,6,지식재산창업
3661,2571,18,6,창업과기업가정신
104,74,8,3,동역학(소프트웨어융합학)
105,75,8,3,동역학(소프트웨어융합학)
106,76,8,3,동역학(소프트웨어융합학)
107,77,8,3,동역학(소프트웨어융합학)
108,78,8,3,전기전자회로(소프트웨어융합학)
109,79,8,3,전기전자회로(소프트웨어융합학)
110,80,8,3,메카트로닉스(소프트웨어융합학)
111,81,8,3,시스템동역학(소프트웨어융합학)
112,82,8,3,시스템동역학(소프트웨어융합학)
113,83,8,3,로봇공학(소프트웨어융합학)
114,84,8,2,디자인적사고
115,84,11,2,디자인적사고(컴퓨터공학)
116,85,8,2,웹/파이선프로그래밍
117,85,11,2,웹/파이선프로그래밍(컴퓨터공학)
118,86,8,2,웹/파이선프로그래밍
119,86,11,2,웹/파이선프로그래밍(컴퓨터공학)
120,87,8,2,소프트웨어개발방법및도구
121,88,8,3,데이터센터프로그래밍
122,88,11,3,데이터센터프로그래밍(컴퓨터공학)
123,89,8,3,융합연구1
124,90,8,3,게임그래픽프로그래밍
125,91,8,3,데이터분석캡스톤디자인
126,92,8,3,독립심화학습1(소프트웨어융합학과)
127,93,8,3,독립심화학습1(소프트웨어융합학과)
128,94,8,2,소프트웨어융합캡스톤디자인
129,95,8,3,프로세스마이닝
130,96,8,3,융합연구5
3662,2572,7,1,미분방정식
3663,2573,7,1,미분방정식
3664,2574,7,1,미분방정식
3665,2575,7,1,미분방정식
3666,2576,7,1,미분방정식
3667,2577,7,1,미분방정식
3668,2578,7,1,미분방정식
3669,2579,7,1,미분방정식
3670,2580,7,1,미분방정식
3671,2581,7,1,미분방정식
3672,2582,7,1,미분방정식
3673,2583,7,1,미분방정식
3674,2584,7,1,미분방정식
3675,2585,7,1,미분방정식
3676,2586,7,1,미분방정식
3677,2587,7,1,미분적분학2
3678,2588,7,1,미분적분학2
3679,2589,7,1,미분적분학2
3680,2590,7,1,미분적분학2
3681,2591,7,1,미분적분학2
3682,2592,7,1,미분적분학2
3683,2593,7,1,미분적분학2
3684,2594,7,1,미분적분학2
3685,2595,7,1,미분적분학2
3686,2596,7,1,미분적분학2
3687,2597,7,1,미분적분학2
3688,2598,7,1,미분적분학2
3689,2599,7,1,미분적분학2
3690,2600,7,1,미분적분학2
3691,2601,7,1,미분적분학2
3692,2602,7,1,미분적분학2
3693,2603,7,1,미분적분학2
3694,2604,7,1,통계학
3695,2605,7,1,통계학
3696,2606,35,1,화학및실험2
3697,2607,35,1,화학및실험2
3698,2608,35,1,화학및실험2
3699,2609,35,1,화학및실험2
3700,2610,35,1,화학및실험2
3701,2611,35,1,화학및실험2
3702,2612,35,1,화학및실험2
3703,2613,35,1,화학2
3704,2614,35,1,화학2
3705,2615,35,1,화학2
3706,2616,35,1,화학2
3707,2617,35,1,화학2
3708,2618,35,1,일반화학
3709,2619,35,1,일반화학
3710,2620,35,1,일반화학
3711,2621,35,1,일반화학
3712,2622,35,1,일반화학
3713,2623,35,1,일반화학
3714,2624,35,1,일반화학
3715,2625,35,1,일반화학
3716,2626,34,1,물리학2
3717,2627,34,1,물리학2
3718,2628,34,1,물리학2
3719,2629,34,1,물리학2
3720,2630,34,1,물리학2
3721,2631,34,1,물리학2
3722,2632,34,1,물리학2
3723,2633,34,1,물리학2
3724,2634,34,1,물리학2
3725,2635,34,1,물리학및실험2
3726,2636,34,1,물리학및실험2
3727,2637,34,1,물리학및실험2
3728,2638,34,1,물리학및실험2
3729,2639,34,1,물리학및실험2
3730,2640,34,1,물리학및실험2
3731,2641,34,1,물리학및실험2
3732,2642,34,1,물리학및실험2
3733,2643,34,1,물리학및실험2
3734,2644,34,1,물리학및실험2
3735,2645,34,1,물리학및실험2
3736,2646,34,1,일반물리
3737,2647,34,1,일반물리
3738,2648,34,1,일반물리
3739,2649,34,1,일반물리
3740,2650,34,1,일반물리
3741,2651,37,1,생물2
3742,2652,37,1,생물2
3743,2653,37,1,생물2
3744,2654,37,1,생물2
3745,2655,37,1,생물2
3746,2656,37,1,일반생물
3747,2657,37,1,일반생물
3748,2658,37,1,일반생물
3749,2659,37,1,일반생물
131,97,8,2,객체지향프로그래밍(소프트웨어융합학)
132,97,11,2,객체지향프로그래밍
133,98,8,3,이산구조(소프트웨어융합학)
134,98,11,1,이산구조
135,99,8,1,이산구조(소프트웨어융합학)
136,99,11,1,이산구조
137,100,11,2,컴퓨터구조
138,101,11,2,컴퓨터구조
139,102,11,2,컴퓨터구조
140,103,8,2,자료구조(소프트웨어융합학)
141,103,11,2,자료구조
142,104,8,2,자료구조(소프트웨어융합학)
143,104,11,2,자료구조
144,105,8,2,자료구조(소프트웨어융합학)
145,105,11,2,자료구조
146,106,8,2,자료구조(소프트웨어융합학)
147,106,11,2,자료구조
148,107,11,2,IT기술영어1
149,108,11,2,오픈소스SW개발
150,109,8,2,운영체제(소프트웨어융합학)
151,109,11,2,운영체제
152,110,8,3,컴퓨터네트워크(소프트웨어융합학)
153,110,11,2,컴퓨터네트워크
154,111,8,3,컴퓨터네트워크(소프트웨어융합학)
155,111,11,2,컴퓨터네트워크
156,112,11,2,컴퓨터네트워크
157,113,8,2,알고리즘분석(소프트웨어융합학)
158,113,11,2,알고리즘분석
159,114,8,2,알고리즘분석(소프트웨어융합학)
160,114,11,2,알고리즘분석
161,115,8,2,데이터베이스(소프트웨어융합학)
162,115,11,2,데이터베이스
163,116,8,2,데이터베이스(소프트웨어융합학)
164,116,11,2,데이터베이스
165,117,11,2,IT기술영어3
166,118,8,2,소프트웨어공학(소프트웨어융합학)
167,118,11,2,소프트웨어공학
168,119,8,2,소프트웨어공학(소프트웨어융합학)
169,119,11,2,소프트웨어공학
170,120,8,3,머신러닝(소프트웨어융합학)
171,120,11,3,머신러닝
172,121,11,3,SW스타트업프로젝트
173,122,11,2,졸업논문(컴퓨터공학전공)
174,123,11,2,캡스톤디자인2
175,124,11,2,캡스톤디자인2
176,125,11,2,캡스톤디자인1
177,126,11,3,인간-컴퓨터상호작용
178,127,8,3,빅데이터프로그래밍(소프트웨어융합학)
179,127,11,3,빅데이터프로그래밍
180,128,8,3,모바일프로그래밍(소프트웨어융합학)
181,128,11,3,모바일프로그래밍
182,129,11,3,최신기술프로젝트2
183,130,8,3,컴퓨터비젼(소프트웨어융합학)
184,130,11,3,컴퓨터비젼
185,131,8,3,인터랙션디자인(소프트웨어융합학)
186,132,8,3,3D애니메이션(소프트웨어융합학)
187,133,8,3,3D애니메이션(소프트웨어융합학)
188,134,8,3,게임디자인(소프트웨어융합학)
3750,2660,17,10,교육사회학
3751,2661,17,10,교육사회학
3752,2662,17,10,교육심리학
3753,2663,17,10,교육심리학
3754,2664,17,10,교육철학및교육사
3755,2665,17,10,교육철학및교육사
3756,2666,17,10,교육학개론
3757,2667,17,10,학교폭력 예방 및 학생의 이해
3758,2668,17,10,교직적성및인성검사1
3759,2669,17,10,교직적성및인성검사2
3760,2670,17,10,응급처치및심폐소생술실습1
3761,2671,17,10,응급처치및심폐소생술실습2
3762,2672,17,10,교육과정
3763,2673,17,10,교육방법및교육공학
3764,2674,17,10,교육평가
3765,2675,17,10,교직실무
3766,2676,17,10,특수교육학개론
3767,2677,17,10,특수교육학개론
3768,2678,17,10,교육봉사활동1
3769,2679,17,10,교육봉사활동2
3770,2680,17,10,교육행정및교육경영
3771,2681,17,10,교육행정및교육경영
189,135,11,2,논리회로(컴퓨터공학)
190,136,11,2,논리회로(컴퓨터공학)
191,137,11,2,논리회로(컴퓨터공학)
192,138,11,2,논리회로(컴퓨터공학)
193,139,8,3,신호와시스템(소프트웨어융합학)
194,139,11,3,신호와시스템(컴퓨터공학)
195,140,8,3,신호와시스템(소프트웨어융합학)
196,140,11,3,신호와시스템(컴퓨터공학)
197,141,8,3,신호와시스템(소프트웨어융합학)
198,141,11,3,신호와시스템(컴퓨터공학)
199,142,8,3,신호와시스템(소프트웨어융합학)
200,142,11,3,신호와시스템(컴퓨터공학)
201,143,8,1,확률및랜덤변수(소프트웨어융합학)
202,143,11,1,확률및랜덤변수(컴퓨터공학)
203,144,8,1,확률및랜덤변수(소프트웨어융합학)
204,144,11,1,확률및랜덤변수(컴퓨터공학)
205,145,8,1,확률및랜덤변수(소프트웨어융합학)
206,145,11,1,확률및랜덤변수(컴퓨터공학)
207,146,8,1,확률및랜덤변수(소프트웨어융합학)
208,146,11,1,확률및랜덤변수(컴퓨터공학)
209,147,8,3,디지털통신(소프트웨어융합학)
210,148,8,3,디지털통신(소프트웨어융합학)
211,149,8,3,디지털신호처리(소프트웨어융합학)
212,150,8,3,디지털신호처리(소프트웨어융합학)
213,151,8,3,디지털신호처리(소프트웨어융합학)
214,152,8,3,로봇제어공학(소프트웨어융합학)
3772,2682,36,1,생물학및실험2
3773,2683,36,1,생물학및실험2
3774,2684,36,1,생물학및실험2
3775,2685,31,4,글쓰기1
3776,2686,31,4,글쓰기1
3777,2687,31,4,글쓰기1
3778,2688,31,4,글쓰기2
3779,2689,31,4,글쓰기2
3780,2690,31,4,글쓰기2
3781,2691,31,4,글쓰기2
3782,2692,31,4,글쓰기2
3783,2693,31,4,글쓰기2
3784,2694,31,4,글쓰기2
3785,2695,31,4,글쓰기2
3786,2696,31,4,글쓰기2
3787,2697,31,4,글쓰기2
3788,2698,31,4,글쓰기2
3789,2699,31,4,글쓰기2
3790,2700,31,4,글쓰기2
3791,2701,31,4,글쓰기2
3792,2702,31,4,글쓰기2
3793,2703,31,4,글쓰기2
3794,2704,31,4,글쓰기2
3795,2705,31,4,글쓰기2
3796,2706,31,4,글쓰기2
3797,2707,31,4,글쓰기2
3798,2708,32,4,영어1
3799,2709,32,4,영어2
3800,2710,32,4,영어2
3801,2711,32,4,영어2
3802,2712,32,4,영어2
3803,2713,32,4,영어2
3804,2714,32,4,영어2
3805,2715,32,4,영어2
3806,2716,32,4,영어2
3807,2717,32,4,영어2
3808,2718,30,4,시민교육
3809,2719,30,4,시민교육
3810,2720,22,11,빅뱅에서문명까지
3811,2721,22,11,빅뱅에서문명까지
3812,2722,22,11,빅뱅에서문명까지
3813,2723,22,11,빅뱅에서문명까지
3814,2724,22,11,빅뱅에서문명까지
3815,2725,22,11,빅뱅에서문명까지
3816,2726,22,11,빅뱅에서문명까지
3817,2727,22,11,빅뱅에서문명까지
3818,2728,22,11,빅뱅에서문명까지
3819,2729,22,11,빅뱅에서문명까지
3820,2730,22,11,빅뱅에서문명까지
3821,2731,22,11,빅뱅에서문명까지
3822,2732,22,11,빅뱅에서문명까지
3823,2733,22,11,우리가사는세계
3824,2734,22,11,우리가사는세계
3825,2735,22,11,우리가사는세계
3826,2736,22,11,인간의가치탐색
3827,2737,22,11,인간의가치탐색
3828,2738,22,11,인간의가치탐색
3829,2739,22,11,인간의가치탐색
3830,2740,22,11,인간의가치탐색
3831,2741,22,11,인간의가치탐색
3832,2742,22,11,인간의가치탐색
3833,2743,22,11,인간의가치탐색
3834,2744,22,11,인간의가치탐색
3835,2745,22,11,인간의가치탐색
3836,2746,22,11,인간의가치탐색
3837,2747,22,11,인간의가치탐색
3838,2748,22,11,인간의가치탐색
3839,2749,22,11,인간의가치탐색
3840,2750,22,11,인간의가치탐색
3841,2751,22,11,인간의가치탐색
3842,2752,22,11,인간의가치탐색
3843,2753,22,11,인간의가치탐색
3844,2754,22,11,인간의가치탐색
3845,2755,22,11,인간의가치탐색
3846,2756,22,11,인간의가치탐색
3847,2757,22,11,인간의가치탐색
3848,2758,22,11,인간의가치탐색
3849,2759,22,11,인간의가치탐색
3850,2760,22,11,인간의가치탐색
3851,2761,22,11,인간의가치탐색
3852,2762,22,11,인간의가치탐색
3853,2763,22,11,인간의가치탐색
3854,2764,22,11,인간의가치탐색
3855,2765,22,11,인간의가치탐색
3856,2766,22,11,인간의가치탐색
3857,2767,22,11,인간의가치탐색
3858,2768,22,11,인간의가치탐색
3859,2769,22,11,인간의가치탐색
3860,2770,22,11,인간의가치탐색
3861,2771,22,11,인간의가치탐색
3862,2772,22,11,인간의가치탐색
3863,2773,22,11,인간의가치탐색
3864,2774,22,11,인간의가치탐색
3865,2775,22,11,인간의가치탐색
3866,2776,22,11,인간의가치탐색
3867,2777,22,11,인간의가치탐색
3868,2778,22,11,인간의가치탐색
3869,2779,22,11,인간의가치탐색
3870,2780,22,11,인간의가치탐색
3871,2781,22,11,인간의가치탐색
3872,2782,22,11,인간의가치탐색
3873,2783,22,11,인간의가치탐색
3874,2784,22,11,인간의가치탐색
3875,2785,22,11,인간의가치탐색
3876,2786,22,11,인간의가치탐색
3877,2787,22,11,세계와시민
3878,2788,22,11,세계와시민
3879,2789,22,11,세계와시민
3880,2790,22,11,세계와시민
3881,2791,22,11,세계와시민
3882,2792,22,11,세계와시민
3883,2793,22,11,세계와시민
3884,2794,22,11,세계와시민
3885,2795,22,11,세계와시민
3886,2796,22,11,세계와시민
3887,2797,22,11,세계와시민
3888,2798,22,11,세계와시민
3889,2799,22,11,세계와시민
3890,2800,22,11,세계와시민
3891,2801,22,11,세계와시민
3892,2802,22,11,세계와시민
3893,2803,22,11,세계와시민
3894,2804,22,11,세계와시민
3895,2805,22,11,세계와시민
3896,2806,22,11,세계와시민
3897,2807,22,11,세계와시민
3898,2808,22,11,세계와시민
3899,2809,22,11,세계와시민
3900,2810,22,11,세계와시민
3901,2811,22,11,세계와시민
3902,2812,22,11,세계와시민
3903,2813,22,11,세계와시민
3904,2814,22,11,세계와시민
3905,2815,22,11,세계와시민
3906,2816,22,11,세계와시민
3907,2817,22,11,세계와시민
3908,2818,22,11,세계와시민
3909,2819,22,11,세계와시민
3910,2820,22,11,세계와시민
3911,2821,22,11,세계와시민
3912,2822,22,11,세계와시민
3913,2823,22,11,세계와시민
3914,2824,22,11,세계와시민
3915,2825,22,11,세계와시민
3916,2826,22,11,세계와시민
3917,2827,22,11,세계와시민
3918,2828,21,4,성찰과표현
3919,2829,21,4,성찰과표현
3920,2830,21,4,성찰과표현
3921,2831,21,4,성찰과표현
3922,2832,21,4,성찰과표현
3923,2833,21,4,성찰과표현
3924,2834,21,4,성찰과표현
3925,2835,21,4,성찰과표현
3926,2836,21,4,성찰과표현
3927,2837,21,4,성찰과표현
3928,2838,21,4,성찰과표현
3929,2839,21,4,성찰과표현
3930,2840,21,4,성찰과표현
3931,2841,21,4,성찰과표현
3932,2842,21,4,성찰과표현
3933,2843,21,4,성찰과표현
3934,2844,21,4,성찰과표현
3935,2845,21,4,성찰과표현
3936,2846,21,4,성찰과표현
3937,2847,21,4,성찰과표현
3938,2848,21,4,성찰과표현
3939,2849,21,4,성찰과표현
3940,2850,21,4,성찰과표현
3941,2851,21,4,성찰과표현
3942,2852,21,4,성찰과표현
3943,2853,21,4,성찰과표현
3944,2854,21,4,성찰과표현
3945,2855,21,4,성찰과표현
3946,2856,21,4,성찰과표현
3947,2857,21,4,성찰과표현
3948,2858,21,4,성찰과표현
3949,2859,21,4,성찰과표현
3950,2860,21,4,성찰과표현
3951,2861,21,4,성찰과표현
3952,2862,21,4,성찰과표현
3953,2863,21,4,성찰과표현
3954,2864,21,4,성찰과표현
3955,2865,21,4,성찰과표현
3956,2866,21,4,성찰과표현
3957,2867,21,4,성찰과표현
3958,2868,21,4,성찰과표현
3959,2869,20,4,대학영어
3960,2870,20,4,대학영어
3961,2871,20,4,대학영어
3962,2872,20,4,대학영어
3963,2873,20,4,대학영어
3964,2874,20,4,대학영어
3965,2875,20,4,대학영어
3966,2876,20,4,대학영어
3967,2877,20,4,대학영어
3968,2878,20,4,대학영어
3969,2879,20,4,대학영어
3970,2880,20,4,대학영어
3971,2881,20,4,대학영어
3972,2882,20,4,대학영어
3973,2883,20,4,대학영어
3974,2884,20,4,대학영어
3975,2885,20,4,대학영어
3976,2886,20,4,대학영어
3977,2887,20,4,대학영어
3978,2888,20,4,대학영어
3979,2889,20,4,대학영어
3980,2890,20,4,대학영어
3981,2891,20,4,대학영어
3982,2892,20,4,대학영어
3983,2893,20,4,대학영어
3984,2894,20,4,대학영어
3985,2895,20,4,대학영어
3986,2896,20,4,대학영어
3987,2897,20,4,대학영어
3988,2898,20,4,대학영어
3989,2899,20,4,대학영어
3990,2900,20,4,대학영어
3991,2901,20,4,대학영어
3992,2902,21,4,주제연구
3993,2903,21,4,주제연구
3994,2904,21,4,주제연구
3995,2905,21,4,주제연구
3996,2906,21,4,주제연구
3997,2907,21,4,주제연구
3998,2908,21,4,주제연구
3999,2909,21,4,주제연구
4000,2910,21,4,주제연구
4001,2911,21,4,주제연구
4002,2912,21,4,주제연구
4003,2913,21,4,주제연구
4004,2914,21,4,주제연구
4005,2915,21,4,주제연구
4006,2916,21,4,주제연구
4007,2917,21,4,주제연구
4008,2918,21,4,주제연구
4009,2919,21,4,주제연구
4010,2920,21,4,주제연구
4011,2921,21,4,주제연구
4012,2922,21,4,주제연구
4013,2923,21,4,주제연구
4014,2924,21,4,주제연구
4015,2925,21,4,주제연구
4016,2926,21,4,주제연구
4017,2927,44,5,몸과생명
4018,2928,40,5,"생명과생명공학:자본,국가,과학,정치"
4019,2929,40,5,생명과학의미래
4020,2930,44,5,스마트식생활과건강
4021,2931,44,5,스마트식생활과건강
4022,2932,44,5,진화와인간본성
4023,2933,44,5,인체와생명
4024,2934,44,5,스포츠경쟁력과자기계발
4025,2935,44,5,동의보감을통한몸과마음의이해
4026,2936,40,5,고양이의물리학:자연계의숨은법칙
4027,2937,40,5,고양이의물리학:자연계의숨은법칙
4028,2938,40,5,동양사상과과학기술
4029,2939,44,5,불편한진실:기후변화
4030,2940,44,5,아이디어에서제품까지
4031,2941,40,5,인간과생활속의로봇
4032,2942,40,5,인간과생활속의로봇
4033,2943,40,5,특허와지적재산권
4034,2944,40,5,특허와지적재산권
4035,2945,40,5,현대사회와과학
4036,2946,44,5,하천문화의이해와르네상스
4037,2947,44,5,우주:별을잊은그대에게
4038,2948,44,5,우주:별을잊은그대에게
4039,2949,44,5,인류역사를바꾼첨단재료
4040,2950,43,5,큰맥락에서사고하기:시스템다이나믹스
4041,2951,42,5,가면의축제:동서양연희의문명사
4042,2952,42,5,공감의인류학:감정이입과의인화
4043,2953,42,5,과학예술문화의만남
4044,2954,42,5,미디어아트와문화
4045,2955,42,5,의미의탄생:언어
4046,2956,42,5,인문학과문화콘텐츠
4047,2957,38,5,커뮤니케이션과디자인
4048,2958,42,5,매체와메시지:미디어의이해
4049,2959,42,5,영화와문학
4050,2960,42,5,영화와문학
4051,2961,42,5,고전과여성
4052,2962,38,5,동양에서서양으로:음악과문화
4053,2963,38,5,동양에서서양으로:음악과문화
4054,2964,42,5,작곡의밑그림:화성학
4055,2965,42,5,명작에취하다:예술 감상법
4056,2966,39,5,인간행동의이해:심리학
4057,2967,42,5,짝짓기의진화심리학
4058,2968,40,5,공학과경영
4059,2969,40,5,공학과경영
4060,2970,41,5,"법,질서,국가"
4061,2971,41,5,"법,질서,국가"
4062,2972,41,5,예술을통한공동체만들기
4063,2973,41,5,정치학적사유의원리
4064,2974,41,5,한국사회의정치적이슈들
4065,2975,41,5,한국사회의정치적이슈들
4066,2976,41,5,행복이란무엇인가
4067,2977,39,5,여성학개론
4068,2978,41,5,기술혁신과전략의융합
4069,2979,41,5,문학과돈
4070,2980,39,5,SF영화의상상력:미래의평화와윤리
4071,2981,40,5,공학과윤리
4072,2982,41,5,동아시아문명론
4073,2983,41,5,동아시아문명론
4074,2984,41,5,평화와갈등
4075,2985,40,5,프로그래밍입문
4076,2986,40,5,공학기초수학
4077,2987,40,5,인공지능과예술
4078,2988,40,5,생명의언어
4079,2989,42,5,국화와칼:만들어진일본의전통
4080,2990,42,5,문화유산과역사지리
4081,2991,42,5,사농공상:역사의주연과조연
4082,2992,42,5,사농공상:역사의주연과조연
4083,2993,42,5,설탕과소금:사소한것들의역사
4084,2994,42,5,"영토의경계와흔적:이민,이주,이동"
4085,2995,42,5,한국근현대사의이해
4086,2996,42,5,황하와장강:중국역사의발자취
4087,2997,42,5,다이나믹한국근현대사
4088,2998,42,5,삼국지인문학
4089,2999,42,5,영화로보는스포츠문화
4090,3000,42,5,여행을통한인간의삶의가치증진
4091,3001,42,5,일상의공연학
4092,3002,39,5,시민생활과법
4093,3003,39,5,그리스신화와철학
4094,3004,39,5,영화로읽는도시인문학:환동해도시와문화지리
4095,3005,39,5,유럽문화와도시문명
4096,3006,43,5,프로그래밍을통한논리적사유연습
4097,3007,43,5,프로그래밍을통한논리적사유연습
4098,3008,43,5,프로그래밍을통한논리적사유연습
4099,3009,43,5,프로그래밍을통한논리적사유연습
4100,3010,43,5,빅데이터와스포츠산업
4101,3011,38,5,새김과찍기:현대판화
4102,3012,38,5,아이디어를시각화하기
4103,3013,38,5,디지털사진촬영과표현
4104,3014,38,5,만화로세상보기
4105,3015,38,5,사운드와테크놀로지
4106,3016,38,5,생활속의공예:미와쓰임새
4107,3017,39,5,국가폭력과트라우마
4108,3018,39,5,글로벌라틴아메리카
4109,3019,39,5,라틴아메리카문학과예술
4110,3020,39,5,언어와문학의이해
4111,3021,39,5,언어와문학의이해
4112,3022,39,5,하이쿠의세계
4113,3023,39,5,한자의이해
4114,3024,39,5,초급일본어
4115,3025,39,5,초급중국어
4116,3026,38,5,색채와상상력
4117,3027,38,5,색채와상상력
4118,3028,38,5,예술치료의원리와실제
4119,3029,38,5,컴퓨터그래픽기초
4120,3030,38,5,컴퓨터그래픽기초
4121,3031,38,5,클래식음악산책
4122,3032,38,5,클래식음악산책
4123,3033,38,5,패션디자인의세계
4124,3034,38,5,합창의재발견
4125,3035,39,5,기초중국어
4126,3036,39,5,기초일본어
4127,3037,39,5,기초스페인어
4128,3038,39,5,기초스페인어
4129,3039,39,5,기초스페인어
4130,3040,39,5,기초스페인어
4131,3041,39,5,기초스페인어
4132,3042,39,5,기초러시아어
4133,3043,39,5,기초러시아어
4134,3044,39,5,기초러시아어
4135,3045,39,5,기초프랑스어
4136,3046,39,5,기초프랑스어
4137,3047,41,5,관계를읽는시간
4138,3048,39,5,문학과여행
4139,3049,44,5,질병의진화적이해:우리는왜아픈걸까
4140,3050,43,5,창의적발상설계
4141,3051,18,6,네트워크의미래
4142,3052,18,6,네트워크의미래
4143,3053,18,6,네트워크의미래
4144,3054,18,6,언어와컴퓨터
4145,3055,18,6,응급처치및안전관리
4146,3056,18,6,한국어1(교양)
4147,3057,18,6,한국어2(교양)
4148,3058,18,6,한방과건강생활
4149,3059,18,6,후마니타스특강1
4150,3060,18,6,글로벌세미나
4151,3061,18,6,글로벌세미나
4152,3062,18,6,글로벌세미나
4153,3063,18,6,글로벌세미나
4154,3064,18,6,후마니타스세미나
4155,3065,18,6,후마니타스세미나
4156,3066,18,6,후마니타스세미나
4157,3067,18,6,후마니타스세미나
4158,3068,18,6,후마니타스세미나
4159,3069,18,6,후마니타스세미나
4160,3070,18,6,후마니타스세미나
4161,3071,18,6,독립연구1
4162,3072,18,6,독립연구2
4163,3073,18,6,빅데이터를통한세상바로알기:데이터분석코딩
4164,3074,18,6,내손안의소프트웨어
4165,3075,18,6,내손안의소프트웨어
4166,3076,18,6,알기쉬운소프트웨어코딩
4167,3077,18,6,알기쉬운소프트웨어코딩
4168,3078,19,6,농구
4169,3079,19,6,댄스스포츠(교양)
4170,3080,19,6,동계스포츠:스노우보드
4171,3081,19,6,동계스포츠:스노우보드
4172,3082,19,6,동계스포츠:스키
4173,3083,19,6,동계스포츠:스키
4174,3084,19,6,레크레이션
4175,3085,19,6,배드민턴
4176,3086,19,6,스포츠명가에게배우는재미와감동
4177,3087,19,6,요가
4178,3088,19,6,요가
4179,3089,19,6,웨이트트레이닝
4180,3090,19,6,웨이트트레이닝
4181,3091,19,6,탁구
4182,3092,19,6,탁구
4183,3093,19,6,태권도
4184,3094,19,6,태권도
4185,3095,19,6,테니스
4186,3096,19,6,테니스
4187,3097,19,6,필라테스
4188,3098,19,6,현대생활과체육
4189,3099,19,6,현대생활과체육
4190,3100,19,6,바디컨디셔닝
4191,3101,19,6,바디컨디셔닝
4192,3102,19,6,축구
4193,3103,19,6,축구
4194,3104,19,6,인공암벽등반
4195,3105,19,6,호신술
4196,3106,19,6,볼링
4197,3107,33,6,신입생세미나2(기숙교육프로그램)
4198,3108,18,6,전공탐색및기업가정신세미나
4199,3109,18,6,전공탐색및기업가정신세미나
4200,3110,18,6,전공탐색및기업가정신세미나
4201,3111,18,6,전공탐색및기업가정신세미나
4202,3112,18,6,전공탐색및기업가정신세미나
4203,3113,18,6,전공탐색및기업가정신세미나
4204,3114,18,6,전공탐색및기업가정신세미나
4205,3115,18,6,전공탐색및기업가정신세미나
4206,3116,18,6,전공탐색및기업가정신세미나
4207,3117,18,6,전공탐색및기업가정신세미나
4208,3118,18,6,전공탐색및기업가정신세미나
4209,3119,18,6,전공탐색및기업가정신세미나
4210,3120,18,6,전공탐색및기업가정신세미나
4211,3121,18,6,전공탐색및기업가정신세미나
4212,3122,18,6,전공탐색및기업가정신세미나
4213,3123,18,6,전공탐색및기업가정신세미나
4214,3124,18,6,전공탐색및기업가정신세미나
4215,3125,18,6,전공탐색및기업가정신세미나
4216,3126,18,6,전공탐색및기업가정신세미나
4217,3127,18,6,전공탐색및기업가정신세미나
4218,3128,18,6,전공탐색및기업가정신세미나
4219,3129,18,6,전공탐색및기업가정신세미나
4220,3130,18,6,전공탐색및기업가정신세미나
4221,3131,18,6,전공탐색및기업가정신세미나
4222,3132,18,6,전공탐색및기업가정신세미나
4223,3133,18,6,전공탐색및기업가정신세미나
4224,3134,18,6,전공탐색및기업가정신세미나
4225,3135,18,6,전공탐색및기업가정신세미나
4226,3136,18,6,전공탐색및기업가정신세미나
4227,3137,18,6,전공탐색및기업가정신세미나
4228,3138,18,6,전공탐색및기업가정신세미나
4229,3139,18,6,전공탐색및기업가정신세미나
4230,3140,18,6,전공탐색및기업가정신세미나
4231,3141,18,6,전공탐색및기업가정신세미나
4232,3142,18,6,전공탐색및기업가정신세미나
4233,3143,18,6,전공탐색및기업가정신세미나
4234,3144,18,6,전공탐색및기업가정신세미나
4235,3145,18,6,전공탐색및기업가정신세미나
4236,3146,18,6,전공탐색및기업가정신세미나
4237,3147,18,6,전공탐색및기업가정신세미나
4238,3148,18,6,전공탐색및기업가정신세미나
4239,3149,18,6,전공탐색및기업가정신세미나
4240,3150,18,6,전공탐색및기업가정신세미나
4241,3151,18,6,새로운생명체:인공지능
4242,3152,18,6,새로운생명체:인공지능
4243,3153,18,6,새로운생명체:인공지능
4244,3154,18,6,새로운생명체:인공지능
4245,3155,18,6,소프트웨어적사유
4246,3156,18,6,소프트웨어적사유
4247,3157,18,6,한국어의이해1
4248,3158,18,6,한국어의이해2
4249,3159,18,6,한국어의이해3
4250,3160,18,6,한국어의이해4
215,153,8,3,응용통계학(소프트웨어융합학)
216,154,8,3,응용통계학(소프트웨어융합학)
217,155,8,3,데이터사이언스(소프트웨어융합학)
218,156,8,3,데이터사이언스(소프트웨어융합학)
219,157,8,3,경영과학1(소프트웨어융합학)
220,158,8,3,경영과학2(소프트웨어융합학)
221,159,8,3,의사결정론(소프트웨어융합학)
4251,3161,18,6,기업윤리와사회적책임
4252,3162,18,6,4차산업의이해와IOT기술 활용과분석
4253,3163,18,6,창업과재무관리
4254,3164,18,6,지식재산창업
4255,3165,18,6,창업과기업가정신
222,160,8,3,전기전자회로(소프트웨어융합학)
223,161,8,3,전기전자회로(소프트웨어융합학)
224,162,8,3,계측공학(소프트웨어융합학)
225,163,8,3,계측공학(소프트웨어융합학)
226,164,8,3,자동제어(소프트웨어융합학)
227,165,8,2,소프트웨어융합개론
228,166,8,2,디자인적사고
229,166,11,2,디자인적사고(컴퓨터공학)
230,167,8,2,디자인적사고
231,167,11,2,디자인적사고(컴퓨터공학)
232,168,8,2,디자인적사고
233,168,11,2,디자인적사고(컴퓨터공학)
234,169,8,2,디자인적사고
235,169,11,2,디자인적사고(컴퓨터공학)
236,170,8,2,웹/파이선프로그래밍
237,170,11,2,웹/파이선프로그래밍(컴퓨터공학)
238,171,8,2,웹/파이선프로그래밍
239,171,11,2,웹/파이선프로그래밍(컴퓨터공학)
240,172,8,3,수치해석프로그래밍
241,173,8,3,게임프로그래밍입문
242,174,8,3,게임PX디자인
243,175,8,3,데이터센터프로그래밍
244,175,11,3,데이터센터프로그래밍(컴퓨터공학)
245,176,8,3,융합연구2
246,177,8,2,최신기술콜로키움2
247,177,11,3,최신기술콜로키움2(컴퓨터공학)
248,178,8,3,가상/증강현실이론및실습
249,179,8,3,데이터분석캡스톤디자인
250,180,8,3,고급데이터마이닝
251,181,8,3,미래자동차·로봇프로그래밍
252,182,8,3,미래자동차·로봇캡스톤디자인
253,183,8,3,융합연구4
254,184,8,3,독립심화학습2
255,185,8,2,소프트웨어융합캡스톤디자인
256,186,8,2,졸업논문(소프트웨어융합)
257,187,8,3,금융데이터분석
258,188,8,3,데이터사이언스및시각화
4256,3166,7,12,미분방정식
4257,3167,7,12,미분방정식
4258,3168,7,12,미분방정식
4259,3169,7,12,미분방정식
4260,3170,7,12,미분적분학2
4261,3171,7,12,미분적분학2
4262,3172,7,12,미분적분학2
4263,3173,7,12,미분적분학2
4264,3174,34,12,물리학1
4265,3175,34,12,물리학및실험1
4266,3176,34,12,물리학및실험1
4267,3177,34,12,물리학및실험1
4268,3178,37,12,생물1
4269,3179,37,12,일반생물
259,189,11,8,객체지향프로그래밍
4270,3180,31,4,글쓰기1
4271,3181,31,4,글쓰기2
4272,3182,31,4,글쓰기2
4273,3183,31,4,글쓰기2
4274,3184,31,4,글쓰기2
4275,3185,31,4,글쓰기2
4276,3186,31,4,글쓰기2
4277,3187,31,4,글쓰기2
4278,3188,31,4,글쓰기2
4279,3189,32,4,영어1
4280,3190,32,4,영어2
4281,3191,32,4,영어2
4282,3192,30,4,시민교육
4283,3193,30,4,시민교육
4284,3194,22,11,빅뱅에서문명까지
4285,3195,22,11,빅뱅에서문명까지
4286,3196,22,11,우리가사는세계
4287,3197,22,11,우리가사는세계
4288,3198,22,11,인간의가치탐색
4289,3199,22,11,인간의가치탐색
4290,3200,22,11,인간의가치탐색
4291,3201,22,11,세계와시민
4292,3202,21,4,성찰과표현
4293,3203,20,4,대학영어
4294,3204,20,4,대학영어
4295,3205,21,4,주제연구
4296,3206,44,5,인체와생명
4297,3207,40,5,고양이의물리학:자연계의숨은법칙
4298,3208,42,5,영화와문학
4299,3209,41,5,십자가와초승달:기독교와이슬람
4300,3210,42,5,다이나믹한국근현대사
4301,3211,40,5,컴퓨터게임개론
4302,3212,43,5,프로그래밍을통한논리적사유연습
4303,3213,39,5,언어와문학의이해
4304,3214,39,5,한자의이해
4305,3215,38,5,컴퓨터그래픽기초
4306,3216,18,6,네트워크의미래
4307,3217,18,6,언어와컴퓨터
4308,3218,18,6,응급처치및안전관리
4309,3219,18,6,후마니타스특강1
4310,3220,18,6,빅데이터를통한세상바로알기:데이터분석코딩
4311,3221,18,6,알기쉬운소프트웨어코딩
4312,3222,19,6,필라테스
4313,3223,18,6,소프트웨어적사유
260,190,8,8,웹/파이선프로그래밍
4314,3224,7,12,미분적분학1
4315,3225,7,12,미분적분학1
4316,3226,7,12,미분적분학1
4317,3227,7,12,미분적분학1
4318,3228,7,12,선형대수
4319,3229,7,12,선형대수
4320,3230,7,12,선형대수
4321,3231,7,12,선형대수
4322,3232,34,12,물리학2
4323,3233,34,12,물리학및실험2
4324,3234,34,12,물리학및실험2
4325,3235,34,12,물리학및실험2
4326,3236,37,12,생물2
4327,3237,37,12,일반생물
261,191,11,8,객체지향프로그래밍
4328,3238,31,4,글쓰기1
4329,3239,31,4,글쓰기2
4330,3240,31,4,글쓰기2
4331,3241,31,4,글쓰기2
4332,3242,31,4,글쓰기2
4333,3243,31,4,글쓰기2
4334,3244,31,4,글쓰기2
4335,3245,31,4,글쓰기2
4336,3246,31,4,글쓰기2
4337,3247,32,4,영어1
4338,3248,32,4,영어2
4339,3249,32,4,영어2
4340,3250,30,4,시민교육
4341,3251,30,4,시민교육
4342,3252,22,11,빅뱅에서문명까지
4343,3253,22,11,빅뱅에서문명까지
4344,3254,22,11,우리가사는세계
4345,3255,22,11,우리가사는세계
4346,3256,22,11,인간의가치탐색
4347,3257,22,11,인간의가치탐색
4348,3258,22,11,세계와시민
4349,3259,22,11,세계와시민
4350,3260,21,4,성찰과표현
4351,3261,20,4,대학영어
4352,3262,20,4,대학영어
4353,3263,21,4,주제연구
4354,3264,44,5,진화와인간본성
4355,3265,44,5,인체와생명
4356,3266,40,5,고양이의물리학:자연계의숨은법칙
4357,3267,44,5,불편한진실:기후변화
4358,3268,40,5,특허와지적재산권
4359,3269,42,5,영화와문학
4360,3270,41,5,한국사회의정치적이슈들
4361,3271,41,5,행복이란무엇인가
4362,3272,42,5,다이나믹한국근현대사
4363,3273,43,5,프로그래밍을통한논리적사유연습
4364,3274,38,5,디지털사진촬영과표현
4365,3275,39,5,국가폭력과트라우마
4366,3276,39,5,언어와문학의이해
4367,3277,38,5,색채와상상력
4368,3278,38,5,컴퓨터그래픽기초
4369,3279,18,6,네트워크의미래
4370,3280,18,6,언어와컴퓨터
4371,3281,18,6,응급처치및안전관리
4372,3282,18,6,후마니타스특강1
4373,3283,18,6,빅데이터를통한세상바로알기:데이터분석코딩
4374,3284,18,6,알기쉬운소프트웨어코딩
4375,3285,19,6,필라테스
4376,3286,18,6,소프트웨어적사유
262,192,8,8,웹/파이선프로그래밍
4377,3287,7,1,미분적분학1
4378,3288,7,1,미분적분학1
4379,3289,7,1,미분적분학1
4380,3290,7,1,미분적분학1
4381,3291,7,1,미분적분학1
4382,3292,7,1,미분적분학1
4383,3293,7,1,미분적분학1
4384,3294,7,1,미분적분학1
4385,3295,7,1,미분적분학1
4386,3296,7,1,미분적분학1
4387,3297,7,1,미분적분학1
4388,3298,7,1,미분적분학1
4389,3299,7,1,미분적분학1
4390,3300,7,1,미분적분학1
4391,3301,7,1,미분적분학1
4392,3302,7,1,미분적분학1
4393,3303,7,1,미분적분학1
4394,3304,7,1,미분적분학1
4395,3305,7,1,선형대수
4396,3306,7,1,선형대수
4397,3307,7,1,선형대수
4398,3308,7,1,선형대수
4399,3309,7,1,선형대수
4400,3310,7,1,선형대수
4401,3311,7,1,선형대수
4402,3312,7,1,선형대수
4403,3313,7,1,선형대수
4404,3314,7,1,선형대수
4405,3315,7,1,선형대수
4406,3316,7,1,선형대수
4407,3317,7,1,선형대수
4408,3318,7,1,통계학
4409,3319,7,1,통계학
4410,3320,7,1,미분적분학
4411,3321,7,1,미분적분학
4412,3322,7,1,미분적분학
4413,3323,7,1,미분적분학
4414,3324,7,1,미분적분학
4415,3325,7,1,미분적분학
4416,3326,7,1,미분적분학
4417,3327,7,1,미분적분학
4418,3328,7,1,미분적분학
4419,3329,7,1,미분적분학
4420,3330,7,1,미분적분학
4421,3331,7,1,미분적분학
4422,3332,7,1,미분적분학
4423,3333,7,1,미분적분학
4424,3334,7,1,미분적분학
4425,3335,7,1,미분적분학
4426,3336,7,1,미분적분학
4427,3337,7,1,미분적분학
4428,3338,7,1,미분적분학
4429,3339,7,1,미분적분학
4430,3340,35,1,화학및실험1
4431,3341,35,1,화학및실험1
4432,3342,35,1,화학및실험1
4433,3343,35,1,화학및실험1
4434,3344,35,1,화학및실험1
4435,3345,35,1,화학및실험1
4436,3346,35,1,화학및실험1
4437,3347,35,1,화학및실험1
4438,3348,35,1,화학및실험1
4439,3349,35,1,화학및실험1
4440,3350,35,1,화학및실험1
4441,3351,35,1,화학1
4442,3352,35,1,화학1
4443,3353,35,1,화학1
4444,3354,35,1,화학1
4445,3355,35,1,화학1
4446,3356,35,1,화학1
4447,3357,35,1,화학1
4448,3358,35,1,화학1
4449,3359,35,1,일반화학
4450,3360,35,1,일반화학
4451,3361,35,1,일반화학
4452,3362,35,1,일반화학
4453,3363,34,1,물리학1
4454,3364,34,1,물리학1
4455,3365,34,1,물리학1
4456,3366,34,1,물리학1
4457,3367,34,1,물리학1
4458,3368,34,1,물리학1
4459,3369,34,1,물리학1
4460,3370,34,1,물리학1
4461,3371,34,1,물리학1
4462,3372,34,1,물리학1
4463,3373,34,1,물리학1
4464,3374,34,1,물리학및실험1
4465,3375,34,1,물리학및실험1
4466,3376,34,1,물리학및실험1
4467,3377,34,1,물리학및실험1
4468,3378,34,1,물리학및실험1
4469,3379,34,1,물리학및실험1
4470,3380,34,1,물리학및실험1
4471,3381,34,1,물리학및실험1
4472,3382,34,1,물리학및실험1
4473,3383,34,1,물리학및실험1
4474,3384,34,1,물리학및실험1
4475,3385,34,1,물리학및실험1
4476,3386,34,1,물리학및실험1
4477,3387,34,1,물리학및실험1
4478,3388,34,1,물리학및실험1
4479,3389,34,1,물리학및실험1
4480,3390,34,1,물리학및실험1
4481,3391,34,1,물리학및실험1
4482,3392,34,1,물리학및실험1
4483,3393,34,1,물리학및실험1
4484,3394,34,1,물리학및실험1
4485,3395,34,1,물리학및실험1
4486,3396,34,1,물리학및실험1
4487,3397,34,1,물리학및실험1
4488,3398,34,1,물리학및실험1
4489,3399,34,1,물리학및실험1
4490,3400,34,1,일반물리
4491,3401,34,1,일반물리
4492,3402,34,1,일반물리
4493,3403,37,1,생물1
4494,3404,37,1,생물1
4495,3405,37,1,생물1
4496,3406,37,1,생물1
4497,3407,37,1,생물1
4498,3408,37,1,생물1
4499,3409,37,1,일반생물
4500,3410,37,1,일반생물
4501,3411,37,1,일반생물
263,193,11,7,소프트웨어가치탐구
264,194,11,7,소프트웨어가치탐구
265,195,8,2,객체지향프로그래밍(소프트웨어융합학)
266,195,11,2,객체지향프로그래밍
267,196,8,2,객체지향프로그래밍(소프트웨어융합학)
268,196,11,2,객체지향프로그래밍
269,197,8,2,객체지향프로그래밍(소프트웨어융합학)
270,197,11,2,객체지향프로그래밍
271,198,8,3,이산구조(소프트웨어융합학)
272,198,11,1,이산구조
273,199,8,3,이산구조(소프트웨어융합학)
274,199,11,1,이산구조
275,200,11,2,컴퓨터구조
276,201,11,2,컴퓨터구조
277,202,11,2,컴퓨터구조
278,203,11,2,컴퓨터구조
279,204,8,2,자료구조(소프트웨어융합학)
280,204,11,2,자료구조
281,205,8,2,자료구조(소프트웨어융합학)
282,205,11,2,자료구조
283,206,8,2,자료구조(소프트웨어융합학)
284,206,11,2,자료구조
285,207,11,2,오픈소스SW개발
286,208,11,3,UI/UX프로그래밍
287,209,8,2,운영체제(소프트웨어융합학)
288,209,11,2,운영체제
289,210,8,2,운영체제(소프트웨어융합학)
290,210,11,2,운영체제
291,211,8,3,컴퓨터네트워크(소프트웨어융합학)
292,211,11,2,컴퓨터네트워크
293,212,8,3,컴퓨터네트워크(소프트웨어융합학)
294,212,11,2,컴퓨터네트워크
295,213,8,3,컴퓨터네트워크(소프트웨어융합학)
296,213,11,2,컴퓨터네트워크
297,214,8,2,알고리즘분석(소프트웨어융합학)
298,214,11,2,알고리즘분석
299,215,8,2,알고리즘분석(소프트웨어융합학)
300,215,11,2,알고리즘분석
301,216,8,2,데이터베이스(소프트웨어융합학)
302,216,11,2,데이터베이스
303,217,8,2,데이터베이스(소프트웨어융합학)
304,217,11,2,데이터베이스
305,218,11,2,IT기술영어2
306,219,11,3,형식언어및컴파일러
307,220,11,3,멀티미디어시스템
308,221,8,2,소프트웨어공학(소프트웨어융합학)
309,221,11,2,소프트웨어공학
310,222,8,3,SW스타트업비즈니스(소프트웨어융합학)
311,222,11,3,SW스타트업비즈니스
312,223,8,3,딥러닝(소프트웨어융합학)
313,223,11,3,딥러닝
314,224,8,3,클라우드컴퓨팅(소프트웨어융합학)
315,224,11,3,클라우드컴퓨팅
316,225,8,3,실전기계학습(소프트웨어융합학)
317,225,11,3,실전기계학습
318,226,11,2,졸업논문(컴퓨터공학전공)
319,227,11,2,캡스톤디자인2
320,228,11,2,캡스톤디자인1
321,229,8,3,정보보호(소프트웨어융합학)
322,229,11,3,정보보호
323,230,8,3,영상처리(소프트웨어융합학)
324,230,11,3,영상처리
325,231,11,3,컴퓨터그래픽스
326,232,11,3,웹서비스프로그래밍
327,233,11,3,최신기술프로젝트1
328,234,8,2,최신기술콜로키움1(소프트웨어융합학)
329,234,11,3,최신기술콜로키움1
330,235,8,3,IoT소프트웨어(소프트웨어융합학)
331,235,11,3,IoT소프트웨어
332,236,11,3,IoT네트워크
333,237,11,3,독립심화학습1(컴퓨터공학)
334,238,11,3,연구연수활동1(컴퓨터공학)
335,239,8,3,3D모델링(소프트웨어융합학)
336,240,8,3,3D모델링(소프트웨어융합학)
337,241,8,3,스토리텔링(소프트웨어융합학)
338,242,8,3,스토리텔링(소프트웨어융합학)
339,243,8,3,사운드디자인(소프트웨어융합학)
340,244,8,3,사운드디자인(소프트웨어융합학)
341,245,8,3,모션그래픽스(소프트웨어융합학)
342,246,8,3,게임학(소프트웨어융합학)
343,247,8,3,게임학(소프트웨어융합학)
4502,3412,17,10,교육사회학
4503,3413,17,10,교육사회학
4504,3414,17,10,교육심리학
4505,3415,17,10,교육심리학
4506,3416,17,10,교육철학및교육사
4507,3417,17,10,교육철학및교육사
4508,3418,17,10,교육학개론
4509,3419,17,10,학교폭력 예방 및 학생의 이해
4510,3420,17,10,학교폭력 예방 및 학생의 이해
4511,3421,17,10,교직적성및인성검사1
4512,3422,17,10,교직적성및인성검사2
4513,3423,17,10,응급처치및심폐소생술실습1
4514,3424,17,10,응급처치및심폐소생술실습2
4515,3425,17,10,교육과정
4516,3426,17,10,교육방법및교육공학
4517,3427,17,10,교육평가
4518,3428,17,10,교직실무
4519,3429,17,10,특수교육학개론
4520,3430,17,10,특수교육학개론
4521,3431,17,10,교육봉사활동1
4522,3432,17,10,교육봉사활동2
4523,3433,17,10,학교현장실습
4524,3434,17,10,학교현장실습
4525,3435,17,10,교육행정및교육경영
4526,3436,17,10,교육행정및교육경영
344,248,11,2,논리회로(컴퓨터공학)
345,249,11,2,논리회로(컴퓨터공학)
346,250,11,2,논리회로(컴퓨터공학)
347,251,11,2,논리회로(컴퓨터공학)
348,252,11,2,논리회로(컴퓨터공학)
349,253,11,2,논리회로(컴퓨터공학)
350,254,8,3,신호와시스템(소프트웨어융합학)
351,254,11,3,신호와시스템(컴퓨터공학)
352,255,8,3,신호와시스템(소프트웨어융합학)
353,255,11,3,신호와시스템(컴퓨터공학)
354,256,8,3,신호와시스템(소프트웨어융합학)
355,256,11,3,신호와시스템(컴퓨터공학)
356,257,8,3,신호와시스템(소프트웨어융합학)
357,257,11,3,신호와시스템(컴퓨터공학)
358,258,8,1,확률및랜덤변수(소프트웨어융합학)
359,258,11,1,확률및랜덤변수(컴퓨터공학)
360,259,8,1,확률및랜덤변수(소프트웨어융합학)
361,259,11,1,확률및랜덤변수(컴퓨터공학)
362,260,8,1,확률및랜덤변수(소프트웨어융합학)
363,260,11,1,확률및랜덤변수(컴퓨터공학)
364,261,8,1,확률및랜덤변수(소프트웨어융합학)
365,261,11,1,확률및랜덤변수(컴퓨터공학)
366,262,8,1,확률및랜덤변수(소프트웨어융합학)
367,262,11,1,확률및랜덤변수(컴퓨터공학)
368,263,8,1,확률및랜덤변수(소프트웨어융합학)
369,263,11,1,확률및랜덤변수(컴퓨터공학)
370,264,8,3,디지털통신(소프트웨어융합학)
371,265,8,3,디지털통신(소프트웨어융합학)
372,266,8,3,디지털통신(소프트웨어융합학)
373,267,8,3,디지털신호처리(소프트웨어융합학)
374,268,8,3,디지털신호처리(소프트웨어융합학)
4527,3437,36,1,생물학및실험1
4528,3438,36,1,생물학및실험1
4529,3439,36,1,생물학및실험1
4530,3440,31,4,글쓰기1
4531,3441,31,4,글쓰기1
4532,3442,31,4,글쓰기2
4533,3443,31,4,글쓰기2
4534,3444,31,4,글쓰기2
4535,3445,31,4,글쓰기2
4536,3446,31,4,글쓰기2
4537,3447,31,4,글쓰기2
4538,3448,31,4,글쓰기2
4539,3449,31,4,글쓰기2
4540,3450,31,4,글쓰기2
4541,3451,32,4,영어1
4542,3452,32,4,영어2
4543,3453,32,4,영어2
4544,3454,32,4,영어2
4545,3455,32,4,영어2
4546,3456,30,4,시민교육
4547,3457,30,4,시민교육
4548,3458,22,11,빅뱅에서문명까지
4549,3459,22,11,빅뱅에서문명까지
4550,3460,22,11,빅뱅에서문명까지
4551,3461,22,11,빅뱅에서문명까지
4552,3462,22,11,빅뱅에서문명까지
4553,3463,22,11,빅뱅에서문명까지
4554,3464,22,11,빅뱅에서문명까지
4555,3465,22,11,빅뱅에서문명까지
4556,3466,22,11,빅뱅에서문명까지
4557,3467,22,11,빅뱅에서문명까지
4558,3468,22,11,빅뱅에서문명까지
4559,3469,22,11,빅뱅에서문명까지
4560,3470,22,11,빅뱅에서문명까지
4561,3471,22,11,빅뱅에서문명까지
4562,3472,22,11,우리가사는세계
4563,3473,22,11,우리가사는세계
4564,3474,22,11,우리가사는세계
4565,3475,22,11,인간의가치탐색
4566,3476,22,11,인간의가치탐색
4567,3477,22,11,인간의가치탐색
4568,3478,22,11,인간의가치탐색
4569,3479,22,11,인간의가치탐색
4570,3480,22,11,인간의가치탐색
4571,3481,22,11,인간의가치탐색
4572,3482,22,11,인간의가치탐색
4573,3483,22,11,인간의가치탐색
4574,3484,22,11,인간의가치탐색
4575,3485,22,11,인간의가치탐색
4576,3486,22,11,인간의가치탐색
4577,3487,22,11,인간의가치탐색
4578,3488,22,11,인간의가치탐색
4579,3489,22,11,인간의가치탐색
4580,3490,22,11,인간의가치탐색
4581,3491,22,11,인간의가치탐색
4582,3492,22,11,인간의가치탐색
4583,3493,22,11,인간의가치탐색
4584,3494,22,11,인간의가치탐색
4585,3495,22,11,인간의가치탐색
4586,3496,22,11,인간의가치탐색
4587,3497,22,11,인간의가치탐색
4588,3498,22,11,인간의가치탐색
4589,3499,22,11,인간의가치탐색
4590,3500,22,11,인간의가치탐색
4591,3501,22,11,인간의가치탐색
4592,3502,22,11,인간의가치탐색
4593,3503,22,11,인간의가치탐색
4594,3504,22,11,인간의가치탐색
4595,3505,22,11,인간의가치탐색
4596,3506,22,11,인간의가치탐색
4597,3507,22,11,인간의가치탐색
4598,3508,22,11,인간의가치탐색
4599,3509,22,11,인간의가치탐색
4600,3510,22,11,인간의가치탐색
4601,3511,22,11,인간의가치탐색
4602,3512,22,11,인간의가치탐색
4603,3513,22,11,인간의가치탐색
4604,3514,22,11,인간의가치탐색
4605,3515,22,11,인간의가치탐색
4606,3516,22,11,인간의가치탐색
4607,3517,22,11,인간의가치탐색
4608,3518,22,11,인간의가치탐색
4609,3519,22,11,인간의가치탐색
4610,3520,22,11,인간의가치탐색
4611,3521,22,11,인간의가치탐색
4612,3522,22,11,인간의가치탐색
4613,3523,22,11,인간의가치탐색
4614,3524,22,11,인간의가치탐색
4615,3525,22,11,인간의가치탐색
4616,3526,22,11,인간의가치탐색
4617,3527,22,11,인간의가치탐색
4618,3528,22,11,인간의가치탐색
4619,3529,22,11,인간의가치탐색
4620,3530,22,11,세계와시민
4621,3531,22,11,세계와시민
4622,3532,22,11,세계와시민
4623,3533,22,11,세계와시민
4624,3534,22,11,세계와시민
4625,3535,22,11,세계와시민
4626,3536,22,11,세계와시민
4627,3537,22,11,세계와시민
4628,3538,22,11,세계와시민
4629,3539,22,11,세계와시민
4630,3540,22,11,세계와시민
4631,3541,22,11,세계와시민
4632,3542,22,11,세계와시민
4633,3543,22,11,세계와시민
4634,3544,22,11,세계와시민
4635,3545,22,11,세계와시민
4636,3546,22,11,세계와시민
4637,3547,22,11,세계와시민
4638,3548,22,11,세계와시민
4639,3549,22,11,세계와시민
4640,3550,22,11,세계와시민
4641,3551,22,11,세계와시민
4642,3552,22,11,세계와시민
4643,3553,22,11,세계와시민
4644,3554,22,11,세계와시민
4645,3555,22,11,세계와시민
4646,3556,22,11,세계와시민
4647,3557,22,11,세계와시민
4648,3558,22,11,세계와시민
4649,3559,22,11,세계와시민
4650,3560,22,11,세계와시민
4651,3561,22,11,세계와시민
4652,3562,22,11,세계와시민
4653,3563,22,11,세계와시민
4654,3564,22,11,세계와시민
4655,3565,22,11,세계와시민
4656,3566,22,11,세계와시민
4657,3567,22,11,세계와시민
4658,3568,22,11,세계와시민
4659,3569,22,11,세계와시민
4660,3570,22,11,세계와시민
4661,3571,22,11,세계와시민
4662,3572,22,11,세계와시민
4663,3573,22,11,세계와시민
4664,3574,21,4,성찰과표현
4665,3575,21,4,성찰과표현
4666,3576,21,4,성찰과표현
4667,3577,21,4,성찰과표현
4668,3578,21,4,성찰과표현
4669,3579,21,4,성찰과표현
4670,3580,21,4,성찰과표현
4671,3581,21,4,성찰과표현
4672,3582,21,4,성찰과표현
4673,3583,21,4,성찰과표현
4674,3584,21,4,성찰과표현
4675,3585,21,4,성찰과표현
4676,3586,21,4,성찰과표현
4677,3587,21,4,성찰과표현
4678,3588,21,4,성찰과표현
4679,3589,21,4,성찰과표현
4680,3590,21,4,성찰과표현
4681,3591,21,4,성찰과표현
4682,3592,21,4,성찰과표현
4683,3593,21,4,성찰과표현
4684,3594,21,4,성찰과표현
4685,3595,21,4,성찰과표현
4686,3596,21,4,성찰과표현
4687,3597,21,4,성찰과표현
4688,3598,21,4,성찰과표현
4689,3599,21,4,성찰과표현
4690,3600,21,4,성찰과표현
4691,3601,21,4,성찰과표현
4692,3602,21,4,성찰과표현
4693,3603,21,4,성찰과표현
4694,3604,21,4,성찰과표현
4695,3605,21,4,성찰과표현
4696,3606,21,4,성찰과표현
4697,3607,21,4,성찰과표현
4698,3608,21,4,성찰과표현
4699,3609,21,4,성찰과표현
4700,3610,21,4,성찰과표현
4701,3611,21,4,성찰과표현
4702,3612,21,4,성찰과표현
4703,3613,21,4,성찰과표현
4704,3614,21,4,성찰과표현
4705,3615,21,4,성찰과표현
4706,3616,21,4,성찰과표현
4707,3617,21,4,성찰과표현
4708,3618,21,4,성찰과표현
4709,3619,21,4,성찰과표현
4710,3620,21,4,성찰과표현
4711,3621,21,4,성찰과표현
4712,3622,21,4,성찰과표현
4713,3623,21,4,성찰과표현
4714,3624,21,4,성찰과표현
4715,3625,21,4,성찰과표현
4716,3626,20,4,대학영어
4717,3627,20,4,대학영어
4718,3628,20,4,대학영어
4719,3629,20,4,대학영어
4720,3630,20,4,대학영어
4721,3631,20,4,대학영어
4722,3632,20,4,대학영어
4723,3633,20,4,대학영어
4724,3634,20,4,대학영어
4725,3635,20,4,대학영어
4726,3636,20,4,대학영어
4727,3637,20,4,대학영어
4728,3638,20,4,대학영어
4729,3639,20,4,대학영어
4730,3640,20,4,대학영어
4731,3641,20,4,대학영어
4732,3642,20,4,대학영어
4733,3643,20,4,대학영어
4734,3644,20,4,대학영어
4735,3645,20,4,대학영어
4736,3646,20,4,대학영어
4737,3647,20,4,대학영어
4738,3648,20,4,대학영어
4739,3649,20,4,대학영어
4740,3650,20,4,대학영어
4741,3651,20,4,대학영어
4742,3652,20,4,대학영어
4743,3653,20,4,대학영어
4744,3654,20,4,대학영어
4745,3655,20,4,대학영어
4746,3656,20,4,대학영어
4747,3657,20,4,대학영어
4748,3658,20,4,대학영어
4749,3659,20,4,대학영어
4750,3660,20,4,대학영어
4751,3661,20,4,대학영어
4752,3662,20,4,대학영어
4753,3663,20,4,대학영어
4754,3664,20,4,대학영어
4755,3665,20,4,대학영어
4756,3666,21,4,주제연구
4757,3667,21,4,주제연구
4758,3668,21,4,주제연구
4759,3669,21,4,주제연구
4760,3670,21,4,주제연구
4761,3671,21,4,주제연구
4762,3672,21,4,주제연구
4763,3673,21,4,주제연구
4764,3674,21,4,주제연구
4765,3675,21,4,주제연구
4766,3676,21,4,주제연구
4767,3677,21,4,주제연구
4768,3678,21,4,주제연구
4769,3679,21,4,주제연구
4770,3680,21,4,주제연구
4771,3681,21,4,주제연구
4772,3682,21,4,주제연구
4773,3683,21,4,주제연구
4774,3684,21,4,주제연구
4775,3685,21,4,주제연구
4776,3686,21,4,주제연구
4777,3687,21,4,주제연구
4778,3688,21,4,주제연구
4779,3689,21,4,주제연구
4780,3690,21,4,주제연구
4781,3691,21,4,주제연구
4782,3692,21,4,주제연구
4783,3693,21,4,주제연구
4784,3694,21,4,주제연구
4785,3695,21,4,주제연구
4786,3696,21,4,주제연구
4787,3697,21,4,주제연구
4788,3698,21,4,주제연구
4789,3699,21,4,주제연구
4790,3700,21,4,주제연구
4791,3701,21,4,주제연구
4792,3702,44,5,"마음의탄생:뇌,의식,마음"
4793,3703,44,5,몸과생명
4794,3704,44,5,몸의발견
4795,3705,40,5,생명과학의미래
4796,3706,44,5,스마트식생활과건강
4797,3707,44,5,스마트식생활과건강
4798,3708,44,5,진화와인간본성
4799,3709,44,5,진화와인간본성
4800,3710,44,5,인체와생명
4801,3711,44,5,스포츠경쟁력과자기계발
4802,3712,44,5,동의보감을통한몸과마음의이해
4803,3713,40,5,고양이의물리학:자연계의숨은법칙
4804,3714,40,5,고양이의물리학:자연계의숨은법칙
4805,3715,40,5,동양사상과과학기술
4806,3716,44,5,불편한진실:기후변화
4807,3717,44,5,불편한진실:기후변화
4808,3718,44,5,아이디어에서제품까지
4809,3719,40,5,원자의춤
4810,3720,40,5,인간과생활속의로봇
4811,3721,40,5,인간과생활속의로봇
4812,3722,40,5,특허와지적재산권
4813,3723,40,5,특허와지적재산권
4814,3724,40,5,특허와지적재산권
4815,3725,44,5,하천문화의이해와르네상스
4816,3726,44,5,우주:별을잊은그대에게
4817,3727,44,5,우주:별을잊은그대에게
4818,3728,44,5,인류역사를바꾼첨단재료
4819,3729,43,5,큰맥락에서사고하기:시스템다이나믹스
4820,3730,42,5,가면의축제:동서양연희의문명사
4821,3731,42,5,공감의인류학:감정이입과의인화
4822,3732,42,5,과학예술문화의만남
4823,3733,42,5,미디어아트와문화
4824,3734,42,5,인문학과문화콘텐츠
4825,3735,38,5,커뮤니케이션과디자인
4826,3736,42,5,불교와정신분석학
4827,3737,42,5,영화와문학
4828,3738,42,5,고전과여성
4829,3739,38,5,동양에서서양으로:음악과문화
4830,3740,38,5,동양에서서양으로:음악과문화
4831,3741,42,5,작곡의밑그림:화성학
4832,3742,42,5,명작에취하다:예술 감상법
4833,3743,42,5,짝짓기의진화심리학
4834,3744,42,5,음식과문화:글로벌&로컬트렌드와이슈
4835,3745,41,5,경제학적사유의원리
4836,3746,40,5,공학과경영
4837,3747,40,5,공학과경영
4838,3748,41,5,"법,질서,국가"
4839,3749,41,5,"법,질서,국가"
4840,3750,41,5,예술을통한공동체만들기
4841,3751,41,5,예술을통한공동체만들기
4842,3752,41,5,정치학적사유의원리
4843,3753,41,5,한국사회의정치적이슈들
4844,3754,41,5,행복이란무엇인가
4845,3755,41,5,행복이란무엇인가
4846,3756,39,5,여성학개론
4847,3757,41,5,스토리와젠더
4848,3758,41,5,기술혁신과전략의융합
4849,3759,41,5,문학과돈
4850,3760,41,5,On Justice
4851,3761,39,5,SF영화의상상력:미래의평화와윤리
4852,3762,39,5,SF영화의상상력:미래의평화와윤리
4853,3763,40,5,공학과윤리
4854,3764,41,5,동아시아문명론
4855,3765,41,5,동아시아문명론
4856,3766,41,5,동아시아의서양문명수용론
4857,3767,41,5,두얼굴의인류사:전쟁과평화
4858,3768,41,5,십자가와초승달:기독교와이슬람
4859,3769,41,5,평화와갈등
4860,3770,40,5,프로그래밍입문
4861,3771,40,5,공학기초수학
4862,3772,40,5,기초 미분적분학
4863,3773,40,5,고급 미분적분학
4864,3774,40,5,인공지능과예술
4865,3775,40,5,생명의언어
4866,3776,42,5,문화유산과역사지리
4867,3777,42,5,문화유산과역사지리
4868,3778,42,5,"영토의경계와흔적:이민,이주,이동"
4869,3779,42,5,한국근현대사의이해
4870,3780,42,5,황하와장강:중국역사의발자취
4871,3781,42,5,다이나믹한국근현대사
4872,3782,42,5,삼국지인문학
4873,3783,42,5,영화로보는스포츠문화
4874,3784,42,5,여행을통한인간의삶의가치증진
4875,3785,40,5,컴퓨터게임개론
4876,3786,42,5,일상의공연학
4877,3787,39,5,시민생활과법
4878,3788,39,5,그리스신화와철학
4879,3789,39,5,영화로읽는도시인문학:환동해도시와문화지리
4880,3790,39,5,유럽문화와도시문명
4881,3791,43,5,예측하는미래:통계와확률
4882,3792,43,5,프로그래밍을통한논리적사유연습
4883,3793,43,5,프로그래밍을통한논리적사유연습
4884,3794,43,5,프로그래밍을통한논리적사유연습
4885,3795,43,5,프로그래밍을통한논리적사유연습
4886,3796,43,5,빅데이터와스포츠산업
4887,3797,38,5,새김과찍기:현대판화
4888,3798,38,5,아이디어를시각화하기
4889,3799,38,5,디지털사진촬영과표현
4890,3800,38,5,만화로세상보기
4891,3801,38,5,사운드와테크놀로지
4892,3802,38,5,생활속의공예:미와쓰임새
4893,3803,38,5,지구화시대의미학극장
4894,3804,39,5,고전읽기:그리스비극
4895,3805,39,5,고전읽기:프로이트
4896,3806,39,5,고전읽기:황순원
4897,3807,39,5,국가폭력과트라우마
4898,3808,39,5,글로벌라틴아메리카
4899,3809,39,5,라틴아메리카문학과예술
4900,3810,39,5,수사학과영작문
4901,3811,39,5,언어와문학의이해
4902,3812,39,5,하이쿠의세계
4903,3813,39,5,한자의이해
4904,3814,39,5,초급일본어
4905,3815,39,5,초급중국어
4906,3816,38,5,색채와상상력
4907,3817,38,5,예술치료의원리와실제
4908,3818,38,5,컴퓨터그래픽기초
4909,3819,38,5,컴퓨터그래픽기초
4910,3820,38,5,클래식음악산책
4911,3821,38,5,클래식음악산책
4912,3822,38,5,패션디자인의세계
4913,3823,38,5,합창의재발견
4914,3824,39,5,기초중국어
4915,3825,39,5,기초중국어
4916,3826,39,5,기초중국어
4917,3827,39,5,기초일본어
4918,3828,39,5,기초스페인어
4919,3829,39,5,기초스페인어
4920,3830,39,5,기초스페인어
4921,3831,39,5,기초스페인어
4922,3832,39,5,기초스페인어
4923,3833,39,5,기초러시아어
4924,3834,39,5,기초러시아어
4925,3835,39,5,기초프랑스어
4926,3836,39,5,기초프랑스어
4927,3837,41,5,관계를읽는시간
4928,3838,39,5,마녀사냥:그광기의역사
4929,3839,44,5,질병의진화적이해:우리는왜아픈걸까
4930,3840,44,5,좋은에너지나쁜에너지다른에너지
4931,3841,41,5,문명감염그리고진화
4932,3842,38,5,고전명작과예술의문명사
4933,3843,40,5,코딩하는아티스트
4934,3844,39,5,언어의신비를찾아서
4935,3845,39,5,라틴어와서구문명
4936,3846,39,5,Presentation Skills and Practice
4937,3847,18,6,네트워크의미래
4938,3848,18,6,네트워크의미래
4939,3849,18,6,네트워크의미래
4940,3850,18,6,언어와컴퓨터
4941,3851,18,6,응급처치및안전관리
4942,3852,18,6,한국어1(교양)
4943,3853,18,6,한국어2(교양)
4944,3854,18,6,한방과건강생활
4945,3855,18,6,글로벌세미나
4946,3856,18,6,글로벌세미나
4947,3857,18,6,글로벌세미나
4948,3858,18,6,글로벌세미나
4949,3859,18,6,글로벌세미나
4950,3860,18,6,후마니타스세미나
4951,3861,18,6,후마니타스세미나
4952,3862,18,6,후마니타스세미나
4953,3863,18,6,후마니타스세미나
4954,3864,18,6,후마니타스세미나
4955,3865,18,6,후마니타스세미나
4956,3866,18,6,후마니타스세미나
4957,3867,18,6,독립연구1
4958,3868,18,6,독립연구2
4959,3869,18,6,빅데이터를통한세상바로알기:데이터분석코딩
4960,3870,18,6,내손안의소프트웨어
4961,3871,18,6,내손안의소프트웨어
4962,3872,18,6,내손안의소프트웨어
4963,3873,18,6,알기쉬운소프트웨어코딩
4964,3874,18,6,알기쉬운소프트웨어코딩
4965,3875,18,6,알기쉬운소프트웨어코딩
4966,3876,19,6,농구
4967,3877,19,6,댄스스포츠(교양)
4968,3878,19,6,레크레이션
4969,3879,19,6,배드민턴
4970,3880,19,6,수상스포츠(교양)
4971,3881,19,6,스포츠명가에게배우는재미와감동
4972,3882,19,6,요가
4973,3883,19,6,요가
4974,3884,19,6,요트
4975,3885,19,6,요트
4976,3886,19,6,웨이트트레이닝
4977,3887,19,6,웨이트트레이닝
4978,3888,19,6,윈드서핑
4979,3889,19,6,윈드서핑
4980,3890,19,6,탁구
4981,3891,19,6,탁구
4982,3892,19,6,태권도
4983,3893,19,6,태권도
4984,3894,19,6,테니스
4985,3895,19,6,테니스
4986,3896,19,6,필라테스
4987,3897,19,6,현대생활과체육
4988,3898,19,6,현대생활과체육
4989,3899,19,6,바디컨디셔닝
4990,3900,19,6,바디컨디셔닝
4991,3901,19,6,축구
4992,3902,19,6,축구
4993,3903,19,6,인공암벽등반
4994,3904,19,6,호신술
4995,3905,19,6,볼링
4996,3906,33,6,신입생세미나1
4997,3907,18,6,새로운생명체:인공지능
4998,3908,18,6,새로운생명체:인공지능
4999,3909,18,6,소프트웨어적사유
5000,3910,18,6,소프트웨어적사유
5001,3911,18,6,신입생워크숍1:워밍업
5002,3912,18,6,신입생워크숍1:워밍업
5003,3913,18,6,신입생워크숍1:워밍업
5004,3914,18,6,신입생워크숍1:워밍업
5005,3915,18,6,한국어의이해1
5006,3916,18,6,한국어의이해1
5007,3917,18,6,한국어의이해2
5008,3918,18,6,한국어의이해2
5009,3919,18,6,한국어의이해3
5010,3920,18,6,한국어의이해3
5011,3921,18,6,한국어의이해4
5012,3922,18,6,한국어의이해4
375,269,8,3,경영과학1(소프트웨어융합학)
376,270,8,3,경영과학1(소프트웨어융합학)
377,271,8,3,데이터마이닝(소프트웨어융합학)
378,272,8,3,데이터마이닝(소프트웨어융합학)
379,273,8,3,금융공학(소프트웨어융합학)
380,274,8,3,서비스데이터사이언스(소프트웨어융합학)
5013,3923,18,6,기업윤리와사회적책임
5014,3924,18,6,4차산업의이해와IOT기술 활용과분석
5015,3925,18,6,창업과재무관리
5016,3926,18,6,지식재산창업
5017,3927,18,6,창업과기업가정신
381,275,8,3,메카트로닉스(소프트웨어융합학)
382,276,8,3,시스템동역학(소프트웨어융합학)
383,277,8,3,시스템동역학(소프트웨어융합학)
384,278,8,3,로봇공학(소프트웨어융합학)
385,279,8,2,디자인적사고
386,279,11,2,디자인적사고(컴퓨터공학)
387,280,8,2,웹/파이선프로그래밍
388,280,11,2,웹/파이선프로그래밍(컴퓨터공학)
389,281,8,2,웹/파이선프로그래밍
390,281,11,2,웹/파이선프로그래밍(컴퓨터공학)
391,282,8,2,소프트웨어개발방법및도구
392,283,8,3,데이터센터프로그래밍
393,283,11,3,데이터센터프로그래밍(컴퓨터공학)
394,284,8,3,기계학습
395,284,11,2,기계학습(컴퓨터공학)
396,285,8,3,기계학습
397,285,11,2,기계학습(컴퓨터공학)
398,286,8,3,회로와신호
399,287,8,3,게임그래픽프로그래밍
400,288,8,3,게임공학
401,289,8,3,데이터분석캡스톤디자인
402,290,8,3,미래자동차·로봇캡스톤디자인
403,291,8,3,융합연구3
404,292,8,3,독립심화학습1(소프트웨어융합학과)
405,293,8,3,로봇센서데이터처리
406,294,8,3,게임콘텐츠캡스톤디자인
407,295,8,2,소프트웨어융합캡스톤디자인
408,296,8,2,졸업논문(소프트웨어융합)
5018,3928,7,1,미분방정식
5019,3929,7,1,미분방정식
5020,3930,7,1,미분방정식
5021,3931,7,1,미분방정식
5022,3932,7,1,미분방정식
5023,3933,7,1,미분방정식
5024,3934,7,1,미분방정식
5025,3935,7,1,미분방정식
5026,3936,7,1,미분방정식
5027,3937,7,1,미분방정식
5028,3938,7,1,미분방정식
5029,3939,7,1,미분방정식
5030,3940,7,1,미분방정식
5031,3941,7,1,미분방정식
5032,3942,7,1,미분방정식
5033,3943,7,1,미분적분학2
5034,3944,7,1,미분적분학2
5035,3945,7,1,미분적분학2
5036,3946,7,1,미분적분학2
5037,3947,7,1,미분적분학2
5038,3948,7,1,미분적분학2
5039,3949,7,1,미분적분학2
5040,3950,7,1,미분적분학2
5041,3951,7,1,미분적분학2
5042,3952,7,1,미분적분학2
5043,3953,7,1,미분적분학2
5044,3954,7,1,미분적분학2
5045,3955,7,1,통계학
5046,3956,7,1,통계학
5047,3957,35,1,화학및실험2
5048,3958,35,1,화학및실험2
5049,3959,35,1,화학및실험2
5050,3960,35,1,화학및실험2
5051,3961,35,1,화학및실험2
5052,3962,35,1,화학및실험2
5053,3963,35,1,화학및실험2
5054,3964,35,1,화학2
5055,3965,35,1,화학2
5056,3966,35,1,화학2
5057,3967,35,1,화학2
5058,3968,35,1,화학2
5059,3969,35,1,화학2
5060,3970,35,1,일반화학
5061,3971,35,1,일반화학
5062,3972,35,1,일반화학
5063,3973,35,1,일반화학
5064,3974,35,1,일반화학
5065,3975,35,1,일반화학
5066,3976,35,1,일반화학
5067,3977,35,1,일반화학
5068,3978,35,1,일반화학
5069,3979,34,1,물리학2
5070,3980,34,1,물리학2
5071,3981,34,1,물리학2
5072,3982,34,1,물리학2
5073,3983,34,1,물리학2
5074,3984,34,1,물리학2
5075,3985,34,1,물리학2
5076,3986,34,1,물리학2
5077,3987,34,1,물리학2
5078,3988,34,1,물리학및실험2
5079,3989,34,1,물리학및실험2
5080,3990,34,1,물리학및실험2
5081,3991,34,1,물리학및실험2
5082,3992,34,1,물리학및실험2
5083,3993,34,1,물리학및실험2
5084,3994,34,1,물리학및실험2
5085,3995,34,1,물리학및실험2
5086,3996,34,1,물리학및실험2
5087,3997,34,1,물리학및실험2
5088,3998,34,1,일반물리
5089,3999,34,1,일반물리
5090,4000,34,1,일반물리
5091,4001,34,1,일반물리
5092,4002,34,1,일반물리
5093,4003,37,1,생물2
5094,4004,37,1,생물2
5095,4005,37,1,생물2
5096,4006,37,1,생물2
5097,4007,37,1,일반생물
5098,4008,37,1,일반생물
5099,4009,37,1,일반생물
409,297,8,2,객체지향프로그래밍(소프트웨어융합학)
410,297,11,2,객체지향프로그래밍
411,298,8,2,객체지향프로그래밍(소프트웨어융합학)
412,298,11,2,객체지향프로그래밍
413,299,8,3,이산구조(소프트웨어융합학)
414,299,11,1,이산구조
415,300,8,1,이산구조(소프트웨어융합학)
416,300,11,1,이산구조
417,301,11,2,컴퓨터구조
418,302,11,2,컴퓨터구조
419,303,8,2,자료구조(소프트웨어융합학)
420,303,11,2,자료구조
421,304,8,2,자료구조(소프트웨어융합학)
422,304,11,2,자료구조
423,305,11,2,자료구조
424,306,11,2,IT기술영어1
425,307,11,2,오픈소스SW개발
426,308,8,2,운영체제(소프트웨어융합학)
427,308,11,2,운영체제
428,309,8,2,운영체제(소프트웨어융합학)
429,309,11,2,운영체제
430,310,8,3,컴퓨터네트워크(소프트웨어융합학)
431,310,11,2,컴퓨터네트워크
432,311,8,3,컴퓨터네트워크(소프트웨어융합학)
433,311,11,2,컴퓨터네트워크
434,312,8,2,컴퓨터네트워크(소프트웨어융합학)
435,312,11,2,컴퓨터네트워크
436,313,8,3,시스템분석및설계(소프트웨어융합학)
437,313,11,3,시스템분석및설계
438,314,8,2,알고리즘분석(소프트웨어융합학)
439,314,11,2,알고리즘분석
440,315,8,2,알고리즘분석(소프트웨어융합학)
441,315,11,2,알고리즘분석
442,316,8,2,데이터베이스(소프트웨어융합학)
443,316,11,2,데이터베이스
444,317,8,2,데이터베이스(소프트웨어융합학)
445,317,11,2,데이터베이스
446,318,11,2,IT기술영어3
447,319,8,2,소프트웨어공학(소프트웨어융합학)
448,319,11,2,소프트웨어공학
449,320,11,3,프로그래밍언어구조론
450,321,8,3,딥러닝(소프트웨어융합학)
451,321,11,3,딥러닝
452,322,8,3,리눅스시스템프로그래밍(소프트웨어융합학)
453,322,11,3,리눅스시스템프로그래밍
454,323,11,3,SW스타트업프로젝트
455,324,8,3,실전기계학습(소프트웨어융합학)
456,324,11,3,실전기계학습
457,325,11,2,졸업논문(컴퓨터공학전공)
458,326,11,2,캡스톤디자인2
459,327,11,2,캡스톤디자인1
460,328,11,3,멀티미디어처리
461,329,11,3,인간-컴퓨터상호작용
462,330,8,3,빅데이터프로그래밍(소프트웨어융합학)
463,330,11,3,빅데이터프로그래밍
464,331,8,3,모바일프로그래밍(소프트웨어융합학)
465,331,11,3,모바일프로그래밍
466,332,11,3,최신기술프로젝트2
467,333,8,3,컴퓨터비젼(소프트웨어융합학)
468,333,11,3,컴퓨터비젼
469,334,11,3,연구연수활동2(컴퓨터공학)
470,335,11,3,독립심화학습2(컴퓨터공학과)
471,336,8,3,인터랙션디자인(소프트웨어융합학)
472,337,8,3,3D애니메이션(소프트웨어융합학)
473,338,8,3,3D애니메이션(소프트웨어융합학)
474,339,8,3,게임디자인(소프트웨어융합학)
5100,4010,17,10,교육사회학
5101,4011,17,10,교육사회학
5102,4012,17,10,교육심리학
5103,4013,17,10,교육심리학
5104,4014,17,10,교육철학및교육사
5105,4015,17,10,교육학개론
5106,4016,17,10,교육학개론
5107,4017,17,10,학교폭력 예방 및 학생의 이해
5108,4018,17,10,교직적성및인성검사1
5109,4019,17,10,교직적성및인성검사2
5110,4020,17,10,응급처치및심폐소생술실습1
5111,4021,17,10,응급처치및심폐소생술실습2
5112,4022,17,10,성인지교육1
5113,4023,17,10,성인지교육2
5114,4024,17,10,교육과정
5115,4025,17,10,교육과정
5116,4026,17,10,교직실무
5117,4027,17,10,교직실무
5118,4028,17,10,특수교육학개론
5119,4029,17,10,특수교육학개론
5120,4030,17,10,교육봉사활동1
5121,4031,17,10,교육봉사활동2
5122,4032,17,10,교육행정및교육경영
5123,4033,17,10,교육행정및교육경영
475,340,11,2,논리회로(컴퓨터공학)
476,341,11,2,논리회로(컴퓨터공학)
477,342,11,2,논리회로(컴퓨터공학)
478,343,8,3,신호와시스템(소프트웨어융합학)
479,343,11,3,신호와시스템(컴퓨터공학)
480,344,8,3,신호와시스템(소프트웨어융합학)
481,344,11,3,신호와시스템(컴퓨터공학)
482,345,8,3,신호와시스템(소프트웨어융합학)
483,345,11,3,신호와시스템(컴퓨터공학)
484,346,8,1,확률및랜덤변수(소프트웨어융합학)
485,346,11,1,확률및랜덤변수(컴퓨터공학)
486,347,8,1,확률및랜덤변수(소프트웨어융합학)
487,347,11,1,확률및랜덤변수(컴퓨터공학)
488,348,8,1,확률및랜덤변수(소프트웨어융합학)
489,348,11,1,확률및랜덤변수(컴퓨터공학)
490,349,8,3,디지털통신(소프트웨어융합학)
491,350,8,3,디지털통신(소프트웨어융합학)
492,351,8,3,디지털신호처리(소프트웨어융합학)
493,352,8,3,디지털신호처리(소프트웨어융합학)
494,353,8,3,디지털신호처리(소프트웨어융합학)
5124,4034,36,1,생물학및실험2
5125,4035,36,1,생물학및실험2
5126,4036,31,4,글쓰기1
5127,4037,31,4,글쓰기1
5128,4038,31,4,글쓰기1
5129,4039,31,4,글쓰기2
5130,4040,31,4,글쓰기2
5131,4041,31,4,글쓰기2
5132,4042,31,4,글쓰기2
5133,4043,31,4,글쓰기2
5134,4044,31,4,글쓰기2
5135,4045,31,4,글쓰기2
5136,4046,31,4,글쓰기2
5137,4047,31,4,글쓰기2
5138,4048,31,4,글쓰기2
5139,4049,31,4,글쓰기2
5140,4050,31,4,글쓰기2
5141,4051,31,4,글쓰기2
5142,4052,31,4,글쓰기2
5143,4053,32,4,영어1
5144,4054,32,4,영어2
5145,4055,32,4,영어2
5146,4056,32,4,영어2
5147,4057,30,4,시민교육
5148,4058,30,4,시민교육
5149,4059,22,11,빅뱅에서문명까지
5150,4060,22,11,빅뱅에서문명까지
5151,4061,22,11,빅뱅에서문명까지
5152,4062,22,11,빅뱅에서문명까지
5153,4063,22,11,빅뱅에서문명까지
5154,4064,22,11,빅뱅에서문명까지
5155,4065,22,11,빅뱅에서문명까지
5156,4066,22,11,빅뱅에서문명까지
5157,4067,22,11,빅뱅에서문명까지
5158,4068,22,11,빅뱅에서문명까지
5159,4069,22,11,빅뱅에서문명까지
5160,4070,22,11,빅뱅에서문명까지
5161,4071,22,11,우리가사는세계
5162,4072,22,11,우리가사는세계
5163,4073,22,11,우리가사는세계
5164,4074,22,11,인간의가치탐색
5165,4075,22,11,인간의가치탐색
5166,4076,22,11,인간의가치탐색
5167,4077,22,11,인간의가치탐색
5168,4078,22,11,인간의가치탐색
5169,4079,22,11,인간의가치탐색
5170,4080,22,11,인간의가치탐색
5171,4081,22,11,인간의가치탐색
5172,4082,22,11,인간의가치탐색
5173,4083,22,11,인간의가치탐색
5174,4084,22,11,인간의가치탐색
5175,4085,22,11,인간의가치탐색
5176,4086,22,11,인간의가치탐색
5177,4087,22,11,인간의가치탐색
5178,4088,22,11,인간의가치탐색
5179,4089,22,11,인간의가치탐색
5180,4090,22,11,인간의가치탐색
5181,4091,22,11,인간의가치탐색
5182,4092,22,11,인간의가치탐색
5183,4093,22,11,인간의가치탐색
5184,4094,22,11,인간의가치탐색
5185,4095,22,11,인간의가치탐색
5186,4096,22,11,인간의가치탐색
5187,4097,22,11,인간의가치탐색
5188,4098,22,11,인간의가치탐색
5189,4099,22,11,인간의가치탐색
5190,4100,22,11,인간의가치탐색
5191,4101,22,11,인간의가치탐색
5192,4102,22,11,인간의가치탐색
5193,4103,22,11,인간의가치탐색
5194,4104,22,11,인간의가치탐색
5195,4105,22,11,인간의가치탐색
5196,4106,22,11,인간의가치탐색
5197,4107,22,11,인간의가치탐색
5198,4108,22,11,인간의가치탐색
5199,4109,22,11,인간의가치탐색
5200,4110,22,11,인간의가치탐색
5201,4111,22,11,인간의가치탐색
5202,4112,22,11,인간의가치탐색
5203,4113,22,11,인간의가치탐색
5204,4114,22,11,인간의가치탐색
5205,4115,22,11,인간의가치탐색
5206,4116,22,11,인간의가치탐색
5207,4117,22,11,인간의가치탐색
5208,4118,22,11,인간의가치탐색
5209,4119,22,11,인간의가치탐색
5210,4120,22,11,인간의가치탐색
5211,4121,22,11,인간의가치탐색
5212,4122,22,11,세계와시민
5213,4123,22,11,세계와시민
5214,4124,22,11,세계와시민
5215,4125,22,11,세계와시민
5216,4126,22,11,세계와시민
5217,4127,22,11,세계와시민
5218,4128,22,11,세계와시민
5219,4129,22,11,세계와시민
5220,4130,22,11,세계와시민
5221,4131,22,11,세계와시민
5222,4132,22,11,세계와시민
5223,4133,22,11,세계와시민
5224,4134,22,11,세계와시민
5225,4135,22,11,세계와시민
5226,4136,22,11,세계와시민
5227,4137,22,11,세계와시민
5228,4138,22,11,세계와시민
5229,4139,22,11,세계와시민
5230,4140,22,11,세계와시민
5231,4141,22,11,세계와시민
5232,4142,22,11,세계와시민
5233,4143,22,11,세계와시민
5234,4144,22,11,세계와시민
5235,4145,22,11,세계와시민
5236,4146,22,11,세계와시민
5237,4147,22,11,세계와시민
5238,4148,22,11,세계와시민
5239,4149,22,11,세계와시민
5240,4150,22,11,세계와시민
5241,4151,22,11,세계와시민
5242,4152,22,11,세계와시민
5243,4153,22,11,세계와시민
5244,4154,22,11,세계와시민
5245,4155,22,11,세계와시민
5246,4156,22,11,세계와시민
5247,4157,22,11,세계와시민
5248,4158,22,11,세계와시민
5249,4159,22,11,세계와시민
5250,4160,22,11,세계와시민
5251,4161,22,11,세계와시민
5252,4162,21,4,성찰과표현
5253,4163,21,4,성찰과표현
5254,4164,21,4,성찰과표현
5255,4165,21,4,성찰과표현
5256,4166,21,4,성찰과표현
5257,4167,21,4,성찰과표현
5258,4168,21,4,성찰과표현
5259,4169,21,4,성찰과표현
5260,4170,21,4,성찰과표현
5261,4171,21,4,성찰과표현
5262,4172,21,4,성찰과표현
5263,4173,21,4,성찰과표현
5264,4174,21,4,성찰과표현
5265,4175,21,4,성찰과표현
5266,4176,21,4,성찰과표현
5267,4177,21,4,성찰과표현
5268,4178,21,4,성찰과표현
5269,4179,21,4,성찰과표현
5270,4180,21,4,성찰과표현
5271,4181,21,4,성찰과표현
5272,4182,21,4,성찰과표현
5273,4183,21,4,성찰과표현
5274,4184,21,4,성찰과표현
5275,4185,21,4,성찰과표현
5276,4186,21,4,성찰과표현
5277,4187,21,4,성찰과표현
5278,4188,21,4,성찰과표현
5279,4189,21,4,성찰과표현
5280,4190,21,4,성찰과표현
5281,4191,21,4,성찰과표현
5282,4192,21,4,성찰과표현
5283,4193,21,4,성찰과표현
5284,4194,21,4,성찰과표현
5285,4195,21,4,성찰과표현
5286,4196,21,4,성찰과표현
5287,4197,21,4,성찰과표현
5288,4198,21,4,성찰과표현
5289,4199,21,4,성찰과표현
5290,4200,21,4,성찰과표현
5291,4201,21,4,성찰과표현
5292,4202,21,4,성찰과표현
5293,4203,21,4,성찰과표현
5294,4204,21,4,성찰과표현
5295,4205,21,4,성찰과표현
5296,4206,21,4,성찰과표현
5297,4207,21,4,성찰과표현
5298,4208,21,4,성찰과표현
5299,4209,20,4,대학영어
5300,4210,20,4,대학영어
5301,4211,20,4,대학영어
5302,4212,20,4,대학영어
5303,4213,20,4,대학영어
5304,4214,20,4,대학영어
5305,4215,20,4,대학영어
5306,4216,20,4,대학영어
5307,4217,20,4,대학영어
5308,4218,20,4,대학영어
5309,4219,20,4,대학영어
5310,4220,20,4,대학영어
5311,4221,20,4,대학영어
5312,4222,20,4,대학영어
5313,4223,20,4,대학영어
5314,4224,20,4,대학영어
5315,4225,20,4,대학영어
5316,4226,20,4,대학영어
5317,4227,20,4,대학영어
5318,4228,20,4,대학영어
5319,4229,20,4,대학영어
5320,4230,20,4,대학영어
5321,4231,20,4,대학영어
5322,4232,20,4,대학영어
5323,4233,20,4,대학영어
5324,4234,20,4,대학영어
5325,4235,20,4,대학영어
5326,4236,20,4,대학영어
5327,4237,20,4,대학영어
5328,4238,20,4,대학영어
5329,4239,20,4,대학영어
5330,4240,20,4,대학영어
5331,4241,20,4,대학영어
5332,4242,21,4,주제연구
5333,4243,21,4,주제연구
5334,4244,21,4,주제연구
5335,4245,21,4,주제연구
5336,4246,21,4,주제연구
5337,4247,21,4,주제연구
5338,4248,21,4,주제연구
5339,4249,21,4,주제연구
5340,4250,21,4,주제연구
5341,4251,21,4,주제연구
5342,4252,21,4,주제연구
5343,4253,21,4,주제연구
5344,4254,21,4,주제연구
5345,4255,21,4,주제연구
5346,4256,21,4,주제연구
5347,4257,21,4,주제연구
5348,4258,21,4,주제연구
5349,4259,21,4,주제연구
5350,4260,21,4,주제연구
5351,4261,21,4,주제연구
5352,4262,21,4,주제연구
5353,4263,44,5,"마음의탄생:뇌,의식,마음"
5354,4264,44,5,몸과생명
5355,4265,40,5,"생명과생명공학:자본,국가,과학,정치"
5356,4266,40,5,생명과학의미래
5357,4267,44,5,스마트식생활과건강
5358,4268,44,5,스마트식생활과건강
5359,4269,44,5,진화와인간본성
5360,4270,44,5,스포츠경쟁력과자기계발
5361,4271,44,5,에코토피아
5362,4272,40,5,고양이의물리학:자연계의숨은법칙
5363,4273,40,5,고양이의물리학:자연계의숨은법칙
5364,4274,40,5,특허와지적재산권
5365,4275,40,5,특허와지적재산권
5366,4276,40,5,현대사회와과학
5367,4277,44,5,하천문화의이해와르네상스
5368,4278,44,5,우주:별을잊은그대에게
5369,4279,44,5,우주:별을잊은그대에게
5370,4280,44,5,인류역사를바꾼첨단재료
5371,4281,43,5,우주탐사:당면한미래
5372,4282,42,5,가면의축제:동서양연희의문명사
5373,4283,42,5,공감의인류학:감정이입과의인화
5374,4284,42,5,미디어아트와문화
5375,4285,42,5,의미의탄생:언어
5376,4286,42,5,인문학과문화콘텐츠
5377,4287,38,5,커뮤니케이션과디자인
5378,4288,42,5,불교와정신분석학
5379,4289,42,5,영화와문학
5380,4290,42,5,고전과여성
5381,4291,38,5,동양에서서양으로:음악과문화
5382,4292,38,5,동양에서서양으로:음악과문화
5383,4293,42,5,작곡의밑그림:화성학
5384,4294,42,5,명작에취하다:예술 감상법
5385,4295,39,5,인간행동의이해:심리학
5386,4296,42,5,짝짓기의진화심리학
5387,4297,42,5,음식과문화:글로벌&로컬트렌드와이슈
5388,4298,41,5,경제학적사유의원리
5389,4299,40,5,공학과경영
5390,4300,40,5,공학과경영
5391,4301,41,5,"법,질서,국가"
5392,4302,41,5,"법,질서,국가"
5393,4303,41,5,예술을통한공동체만들기
5394,4304,41,5,정치학적사유의원리
5395,4305,41,5,한국사회의정치적이슈들
5396,4306,41,5,한국사회의정치적이슈들
5397,4307,41,5,한국사회의주요이슈들
5398,4308,41,5,행복이란무엇인가
5399,4309,41,5,행복이란무엇인가
5400,4310,39,5,여성학개론
5401,4311,41,5,스토리와젠더
5402,4312,41,5,기술혁신과전략의융합
5403,4313,41,5,On Justice
5404,4314,39,5,SF영화의상상력:미래의평화와윤리
5405,4315,41,5,동아시아문명론
5406,4316,41,5,동아시아문명론
5407,4317,41,5,두얼굴의인류사:전쟁과평화
5408,4318,41,5,십자가와초승달:기독교와이슬람
5409,4319,41,5,평화와갈등
5410,4320,40,5,공학기초수학
5411,4321,40,5,기초 미분적분학
5412,4322,40,5,고급 미분적분학
5413,4323,40,5,생명의언어
5414,4324,42,5,국화와칼:만들어진일본의전통
5415,4325,42,5,문화유산과역사지리
5416,4326,42,5,"영토의경계와흔적:이민,이주,이동"
5417,4327,42,5,한국근현대사의이해
5418,4328,42,5,황하와장강:중국역사의발자취
5419,4329,42,5,다이나믹한국근현대사
5420,4330,42,5,삼국지인문학
5421,4331,42,5,영화로보는스포츠문화
5422,4332,42,5,여행을통한인간의삶의가치증진
5423,4333,40,5,컴퓨터게임개론
5424,4334,39,5,시민생활과법
5425,4335,39,5,그리스신화와철학
5426,4336,39,5,영화로읽는도시인문학:환동해도시와문화지리
5427,4337,39,5,유럽문화와도시문명
5428,4338,43,5,통계의진실과오류
5429,4339,43,5,프로그래밍을통한논리적사유연습
5430,4340,43,5,프로그래밍을통한논리적사유연습
5431,4341,43,5,프로그래밍을통한논리적사유연습
5432,4342,43,5,빅데이터와스포츠산업
5433,4343,38,5,새김과찍기:현대판화
5434,4344,38,5,아이디어를시각화하기
5435,4345,38,5,디지털사진촬영과표현
5436,4346,38,5,만화로세상보기
5437,4347,38,5,사운드와테크놀로지
5438,4348,38,5,생활속의공예:미와쓰임새
5439,4349,39,5,고전읽기:그리스비극
5440,4350,39,5,고전읽기:프로이트
5441,4351,39,5,국가폭력과트라우마
5442,4352,39,5,글로벌라틴아메리카
5443,4353,39,5,라틴아메리카문학과예술
5444,4354,39,5,수사학과영작문
5445,4355,39,5,언어와문학의이해
5446,4356,39,5,언어와문학의이해
5447,4357,39,5,하이쿠의세계
5448,4358,39,5,한자의이해
5449,4359,39,5,초급일본어
5450,4360,38,5,색채와상상력
5451,4361,38,5,예술치료의원리와실제
5452,4362,38,5,컴퓨터그래픽기초
5453,4363,38,5,컴퓨터그래픽기초
5454,4364,38,5,클래식음악산책
5455,4365,38,5,클래식음악산책
5456,4366,38,5,패션디자인의세계
5457,4367,38,5,합창의재발견
5458,4368,39,5,기초중국어
5459,4369,39,5,기초중국어
5460,4370,39,5,기초중국어
5461,4371,39,5,기초일본어
5462,4372,39,5,기초스페인어
5463,4373,39,5,기초스페인어
5464,4374,39,5,기초스페인어
5465,4375,39,5,기초스페인어
5466,4376,39,5,기초러시아어
5467,4377,39,5,기초러시아어
5468,4378,39,5,기초프랑스어
5469,4379,39,5,기초프랑스어
5470,4380,41,5,관계를읽는시간
5471,4381,39,5,마녀사냥:그광기의역사
5472,4382,43,5,창의적발상설계
5473,4383,44,5,좋은에너지나쁜에너지다른에너지
5474,4384,42,5,빅데이터를활용한커뮤니케이션
5475,4385,41,5,문명감염그리고진화
5476,4386,41,5,위대한발견의통합적관찰
5477,4387,38,5,고전명작과예술의문명사
5478,4388,43,5,숨겨진패턴
5479,4389,39,5,언어의신비를찾아서
5480,4390,39,5,라틴어와서구문명
5481,4391,18,6,네트워크의미래
5482,4392,18,6,네트워크의미래
5483,4393,18,6,네트워크의미래
5484,4394,18,6,언어와컴퓨터
5485,4395,18,6,응급처치및안전관리
5486,4396,18,6,한국어1(교양)
5487,4397,18,6,한국어2(교양)
5488,4398,18,6,한방과건강생활
5489,4399,18,6,글로벌세미나
5490,4400,18,6,글로벌세미나
5491,4401,18,6,글로벌세미나
5492,4402,18,6,글로벌세미나
5493,4403,18,6,글로벌세미나
5494,4404,18,6,후마니타스세미나
5495,4405,18,6,후마니타스세미나
5496,4406,18,6,독립연구1
5497,4407,18,6,독립연구2
5498,4408,18,6,빅데이터를통한세상바로알기:데이터분석코딩
5499,4409,18,6,내손안의소프트웨어
5500,4410,18,6,내손안의소프트웨어
5501,4411,18,6,내손안의소프트웨어
5502,4412,18,6,알기쉬운소프트웨어코딩
5503,4413,18,6,알기쉬운소프트웨어코딩
5504,4414,19,6,농구
5505,4415,19,6,레크레이션
5506,4416,19,6,배드민턴
5507,4417,19,6,요가
5508,4418,19,6,요가
5509,4419,19,6,요트
5510,4420,19,6,요트
5511,4421,19,6,웨이트트레이닝
5512,4422,19,6,웨이트트레이닝
5513,4423,19,6,웨이트트레이닝
5514,4424,19,6,윈드서핑
5515,4425,19,6,윈드서핑
5516,4426,19,6,탁구
5517,4427,19,6,탁구
5518,4428,19,6,태권도
5519,4429,19,6,태권도
5520,4430,19,6,테니스
5521,4431,19,6,테니스
5522,4432,19,6,필라테스
5523,4433,19,6,필라테스
5524,4434,19,6,현대생활과체육
5525,4435,19,6,현대생활과체육
5526,4436,19,6,바디컨디셔닝
5527,4437,19,6,바디컨디셔닝
5528,4438,19,6,바디컨디셔닝
5529,4439,19,6,축구
5530,4440,19,6,축구
5531,4441,19,6,호신술
5532,4442,19,6,볼링
5533,4443,18,6,운동과체중관리
5534,4444,33,6,신입생세미나2(기숙교육프로그램)
5535,4445,18,6,전공탐색및기업가정신세미나
5536,4446,18,6,전공탐색및기업가정신세미나
5537,4447,18,6,전공탐색및기업가정신세미나
5538,4448,18,6,전공탐색및기업가정신세미나
5539,4449,18,6,전공탐색및기업가정신세미나
5540,4450,18,6,전공탐색및기업가정신세미나
5541,4451,18,6,전공탐색및기업가정신세미나
5542,4452,18,6,전공탐색및기업가정신세미나
5543,4453,18,6,전공탐색및기업가정신세미나
5544,4454,18,6,전공탐색및기업가정신세미나
5545,4455,18,6,전공탐색및기업가정신세미나
5546,4456,18,6,전공탐색및기업가정신세미나
5547,4457,18,6,전공탐색및기업가정신세미나
5548,4458,18,6,전공탐색및기업가정신세미나
5549,4459,18,6,전공탐색및기업가정신세미나
5550,4460,18,6,전공탐색및기업가정신세미나
5551,4461,18,6,전공탐색및기업가정신세미나
5552,4462,18,6,전공탐색및기업가정신세미나
5553,4463,18,6,전공탐색및기업가정신세미나
5554,4464,18,6,전공탐색및기업가정신세미나
5555,4465,18,6,전공탐색및기업가정신세미나
5556,4466,18,6,전공탐색및기업가정신세미나
5557,4467,18,6,전공탐색및기업가정신세미나
5558,4468,18,6,전공탐색및기업가정신세미나
5559,4469,18,6,전공탐색및기업가정신세미나
5560,4470,18,6,전공탐색및기업가정신세미나
5561,4471,18,6,전공탐색및기업가정신세미나
5562,4472,18,6,전공탐색및기업가정신세미나
5563,4473,18,6,전공탐색및기업가정신세미나
5564,4474,18,6,전공탐색및기업가정신세미나
5565,4475,18,6,전공탐색및기업가정신세미나
5566,4476,18,6,전공탐색및기업가정신세미나
5567,4477,18,6,전공탐색및기업가정신세미나
5568,4478,18,6,전공탐색및기업가정신세미나
5569,4479,18,6,전공탐색및기업가정신세미나
5570,4480,18,6,전공탐색및기업가정신세미나
5571,4481,18,6,전공탐색및기업가정신세미나
5572,4482,18,6,전공탐색및기업가정신세미나
5573,4483,18,6,전공탐색및기업가정신세미나
5574,4484,18,6,전공탐색및기업가정신세미나
5575,4485,18,6,전공탐색및기업가정신세미나
5576,4486,18,6,전공탐색및기업가정신세미나
5577,4487,18,6,전공탐색및기업가정신세미나
5578,4488,18,6,새로운생명체:인공지능
5579,4489,18,6,새로운생명체:인공지능
5580,4490,18,6,소프트웨어적사유
5581,4491,18,6,소프트웨어적사유
5582,4492,18,6,한국어의이해1
5583,4493,18,6,한국어의이해1
5584,4494,18,6,한국어의이해2
5585,4495,18,6,한국어의이해2
5586,4496,18,6,한국어의이해3
5587,4497,18,6,한국어의이해3
5588,4498,18,6,한국어의이해4
5589,4499,18,6,한국어의이해4
5590,4500,18,6,지구를생각하는예술
495,354,8,3,응용통계학(소프트웨어융합학)
496,355,8,3,데이터사이언스(소프트웨어융합학)
497,356,8,3,데이터사이언스(소프트웨어융합학)
498,357,8,3,경영과학2(소프트웨어융합학)
499,358,8,3,의사결정론(소프트웨어융합학)
5591,4501,18,6,기업윤리와사회적책임
5592,4502,18,6,4차산업의이해와IOT기술 활용과분석
5593,4503,18,6,지식재산창업
5594,4504,18,6,창업과기업가정신
500,359,8,2,동역학(소프트웨어융합학)
501,360,8,2,동역학(소프트웨어융합학)
502,361,8,2,동역학(소프트웨어융합학)
503,362,8,2,동역학(소프트웨어융합학)
504,363,8,3,전기전자회로(소프트웨어융합학)
505,364,8,3,전기전자회로(소프트웨어융합학)
506,365,8,3,계측공학(소프트웨어융합학)
507,366,8,3,계측공학(소프트웨어융합학)
508,367,8,3,자동제어(소프트웨어융합학)
509,368,8,2,소프트웨어융합개론
510,369,8,2,디자인적사고
511,369,11,2,디자인적사고(컴퓨터공학)
512,370,8,2,디자인적사고
513,370,11,2,디자인적사고(컴퓨터공학)
514,371,8,2,디자인적사고
515,371,11,2,디자인적사고(컴퓨터공학)
516,372,8,2,디자인적사고
517,372,11,2,디자인적사고(컴퓨터공학)
518,373,8,2,웹/파이선프로그래밍
519,373,11,2,웹/파이선프로그래밍(컴퓨터공학)
520,374,8,2,웹/파이선프로그래밍
521,374,11,2,웹/파이선프로그래밍(컴퓨터공학)
522,375,8,3,게임프로그래밍입문
523,376,8,3,게임PX디자인
524,377,8,3,데이터센터프로그래밍
525,377,11,3,데이터센터프로그래밍(컴퓨터공학)
526,378,8,3,융합연구2
527,379,8,3,기계학습
528,379,11,3,기계학습(컴퓨터공학)
529,380,8,3,기계학습
530,380,11,3,기계학습(컴퓨터공학)
531,381,8,3,기초실감미디어프로그래밍
532,381,11,3,기초실감미디어프로그래밍(컴퓨터공학)
533,382,8,2,최신기술콜로키움2
534,382,11,3,최신기술콜로키움2(컴퓨터공학)
535,383,8,3,가상/증강현실이론및실습
536,384,8,3,데이터분석캡스톤디자인
537,385,8,3,데이터분석캡스톤디자인
538,386,8,3,고급데이터마이닝
539,387,8,3,로봇프로그래밍
540,388,8,3,미래자동차·로봇캡스톤디자인
541,389,8,3,독립심화학습2(소프트웨어융합학과)
542,390,8,3,게임콘텐츠캡스톤디자인
543,391,8,2,소프트웨어융합캡스톤디자인
544,392,8,2,졸업논문(소프트웨어융합)
545,393,8,3,데이터사이언스및시각화
546,394,8,3,융합연구6
547,395,8,3,풀스택서비스네트워킹
548,395,11,3,풀스택서비스네트워킹(컴퓨터공학)
5595,4505,7,12,미분방정식
5596,4506,7,12,미분방정식
5597,4507,7,12,미분방정식
5598,4508,7,12,미분방정식
5599,4509,7,12,미분적분학2
5600,4510,7,12,미분적분학2
5601,4511,7,12,미분적분학2
5602,4512,7,12,미분적분학2
5603,4513,34,12,물리학1
5604,4514,34,12,물리학및실험1
5605,4515,34,12,물리학및실험1
5606,4516,34,12,물리학및실험1
5607,4517,34,12,물리학및실험1
5608,4518,34,12,물리학및실험1
5609,4519,34,12,물리학및실험1
5610,4520,37,12,생물1
5611,4521,37,12,일반생물
549,396,11,8,객체지향프로그래밍
5612,4522,17,10,교육평가
5613,4523,31,4,글쓰기1
5614,4524,31,4,글쓰기2
5615,4525,31,4,글쓰기2
5616,4526,31,4,글쓰기2
5617,4527,31,4,글쓰기2
5618,4528,31,4,글쓰기2
5619,4529,31,4,글쓰기2
5620,4530,31,4,글쓰기2
5621,4531,31,4,글쓰기2
5622,4532,32,4,영어1
5623,4533,32,4,영어2
5624,4534,30,4,시민교육
5625,4535,22,11,빅뱅에서문명까지
5626,4536,22,11,빅뱅에서문명까지
5627,4537,22,11,우리가사는세계
5628,4538,22,11,우리가사는세계
5629,4539,22,11,인간의가치탐색
5630,4540,22,11,인간의가치탐색
5631,4541,22,11,세계와시민
5632,4542,22,11,세계와시민
5633,4543,21,4,성찰과표현
5634,4544,21,4,성찰과표현
5635,4545,20,4,대학영어
5636,4546,20,4,대학영어
5637,4547,21,4,주제연구
5638,4548,21,4,주제연구
5639,4549,44,5,진화와인간본성
5640,4550,40,5,특허와지적재산권
5641,4551,42,5,작곡의밑그림:화성학
5642,4552,40,5,공학과경영
5643,4553,41,5,한국사회의정치적이슈들
5644,4554,41,5,행복이란무엇인가
5645,4555,42,5,다이나믹한국근현대사
5646,4556,42,5,여행을통한인간의삶의가치증진
5647,4557,43,5,프로그래밍을통한논리적사유연습
5648,4558,38,5,디지털사진촬영과표현
5649,4559,39,5,고전읽기:그리스비극
5650,4560,39,5,국가폭력과트라우마
5651,4561,38,5,예술치료의원리와실제
5652,4562,38,5,컴퓨터그래픽기초
5653,4563,18,6,네트워크의미래
5654,4564,18,6,언어와컴퓨터
5655,4565,18,6,응급처치및안전관리
5656,4566,18,6,알기쉬운소프트웨어코딩
5657,4567,18,6,새로운생명체:인공지능
5658,4568,18,6,소프트웨어적사유
550,397,8,8,웹/파이선프로그래밍
5659,4569,7,12,미분적분학1
5660,4570,7,12,미분적분학1
5661,4571,7,12,미분적분학1
5662,4572,7,12,선형대수
5663,4573,7,12,선형대수
5664,4574,7,12,선형대수
5665,4575,34,12,물리학2
5666,4576,34,12,물리학및실험2
5667,4577,34,12,물리학및실험2
5668,4578,37,12,생물1
5669,4579,37,12,생물2
5670,4580,37,12,일반생물
551,398,11,8,객체지향프로그래밍
5671,4581,31,4,글쓰기1
5672,4582,31,4,글쓰기2
5673,4583,31,4,글쓰기2
5674,4584,31,4,글쓰기2
5675,4585,31,4,글쓰기2
5676,4586,31,4,글쓰기2
5677,4587,31,4,글쓰기2
5678,4588,31,4,글쓰기2
5679,4589,32,4,영어1
5680,4590,32,4,영어2
5681,4591,30,4,시민교육
5682,4592,22,11,빅뱅에서문명까지
5683,4593,22,11,우리가사는세계
5684,4594,22,11,우리가사는세계
5685,4595,22,11,인간의가치탐색
5686,4596,22,11,인간의가치탐색
5687,4597,22,11,세계와시민
5688,4598,22,11,세계와시민
5689,4599,21,4,성찰과표현
5690,4600,20,4,대학영어
5691,4601,21,4,주제연구
5692,4602,21,4,주제연구
5693,4603,44,5,진화와인간본성
5694,4604,42,5,불교와정신분석학
5695,4605,42,5,영화와문학
5696,4606,41,5,예술을통한공동체만들기
5697,4607,41,5,한국사회의정치적이슈들
5698,4608,39,5,SF영화의상상력:미래의평화와윤리
5699,4609,40,5,공학기초수학
5700,4610,42,5,황하와장강:중국역사의발자취
5701,4611,38,5,디지털사진촬영과표현
5702,4612,39,5,국가폭력과트라우마
5703,4613,39,5,언어와문학의이해
5704,4614,18,6,네트워크의미래
5705,4615,18,6,언어와컴퓨터
5706,4616,18,6,내손안의소프트웨어
5707,4617,18,6,알기쉬운소프트웨어코딩
5708,4618,18,6,새로운생명체:인공지능
5709,4619,18,6,소프트웨어적사유
5710,4620,18,6,지구를생각하는예술
552,399,8,8,웹/파이선프로그래밍
553,400,12,1,인공지능개론
5711,4621,7,1,미분적분학1
5712,4622,7,1,미분적분학1
5713,4623,7,1,미분적분학1
5714,4624,7,1,미분적분학1
5715,4625,7,1,미분적분학1
5716,4626,7,1,미분적분학1
5717,4627,7,1,미분적분학1
5718,4628,7,1,미분적분학1
5719,4629,7,1,미분적분학1
5720,4630,7,1,미분적분학1
5721,4631,7,1,미분적분학1
5722,4632,7,1,미분적분학1
5723,4633,7,1,미분적분학1
5724,4634,7,1,미분적분학1
5725,4635,7,1,미분적분학1
5726,4636,7,1,미분적분학1
5727,4637,7,1,미분적분학1
5728,4638,7,1,미분적분학1
5729,4639,7,1,선형대수
5730,4640,7,1,선형대수
5731,4641,7,1,선형대수
5732,4642,7,1,선형대수
5733,4643,7,1,선형대수
5734,4644,7,1,선형대수
5735,4645,7,1,선형대수
5736,4646,7,1,선형대수
5737,4647,7,1,선형대수
5738,4648,7,1,선형대수
5739,4649,7,1,선형대수
5740,4650,7,1,선형대수
5741,4651,7,1,선형대수
5742,4652,7,1,통계학
5743,4653,7,1,통계학
5744,4654,7,1,미분적분학
5745,4655,7,1,미분적분학
5746,4656,7,1,미분적분학
5747,4657,7,1,미분적분학
5748,4658,7,1,미분적분학
5749,4659,7,1,미분적분학
5750,4660,7,1,미분적분학
5751,4661,7,1,미분적분학
5752,4662,7,1,미분적분학
5753,4663,7,1,미분적분학
5754,4664,7,1,미분적분학
5755,4665,7,1,미분적분학
5756,4666,7,1,미분적분학
5757,4667,7,1,미분적분학
5758,4668,7,1,미분적분학
5759,4669,7,1,미분적분학
5760,4670,7,1,미분적분학
5761,4671,7,1,미분적분학
5762,4672,7,1,미분적분학
5763,4673,7,1,미분적분학
5764,4674,7,1,미분적분학
5765,4675,7,1,미분적분학
5766,4676,35,1,화학및실험1
5767,4677,35,1,화학및실험1
5768,4678,35,1,화학및실험1
5769,4679,35,1,화학및실험1
5770,4680,35,1,화학및실험1
5771,4681,35,1,화학및실험1
5772,4682,35,1,화학및실험1
5773,4683,35,1,화학및실험1
5774,4684,35,1,화학및실험1
5775,4685,35,1,화학및실험1
5776,4686,35,1,화학1
5777,4687,35,1,화학1
5778,4688,35,1,화학1
5779,4689,35,1,화학1
5780,4690,35,1,화학1
5781,4691,35,1,화학1
5782,4692,35,1,화학1
5783,4693,35,1,화학1
5784,4694,35,1,일반화학
5785,4695,35,1,일반화학
5786,4696,35,1,일반화학
5787,4697,35,1,일반화학
5788,4698,34,1,물리학1
5789,4699,34,1,물리학1
5790,4700,34,1,물리학1
5791,4701,34,1,물리학1
5792,4702,34,1,물리학1
5793,4703,34,1,물리학1
5794,4704,34,1,물리학1
5795,4705,34,1,물리학1
5796,4706,34,1,물리학1
5797,4707,34,1,물리학1
5798,4708,34,1,물리학1
5799,4709,34,1,물리학및실험1
5800,4710,34,1,물리학및실험1
5801,4711,34,1,물리학및실험1
5802,4712,34,1,물리학및실험1
5803,4713,34,1,물리학및실험1
5804,4714,34,1,물리학및실험1
5805,4715,34,1,물리학및실험1
5806,4716,34,1,물리학및실험1
5807,4717,34,1,물리학및실험1
5808,4718,34,1,물리학및실험1
5809,4719,34,1,물리학및실험1
5810,4720,34,1,물리학및실험1
5811,4721,34,1,물리학및실험1
5812,4722,34,1,물리학및실험1
5813,4723,34,1,물리학및실험1
5814,4724,34,1,물리학및실험1
5815,4725,34,1,물리학및실험1
5816,4726,34,1,물리학및실험1
5817,4727,34,1,물리학및실험1
5818,4728,34,1,물리학및실험1
5819,4729,34,1,물리학및실험1
5820,4730,34,1,물리학및실험1
5821,4731,34,1,일반물리
5822,4732,34,1,일반물리
5823,4733,34,1,일반물리
5824,4734,37,1,생물1
5825,4735,37,1,생물1
5826,4736,37,1,생물1
5827,4737,37,1,생물1
5828,4738,37,1,생물1
5829,4739,37,1,생물1
5830,4740,37,1,일반생물
5831,4741,37,1,일반생물
5832,4742,37,1,일반생물
554,401,11,7,소프트웨어가치탐구
555,402,11,7,소프트웨어가치탐구
556,403,8,2,객체지향프로그래밍(소프트웨어융합학)
557,403,11,2,객체지향프로그래밍
558,403,12,2,객체지향프로그래밍(인공지능학과)
559,404,8,2,객체지향프로그래밍(소프트웨어융합학)
560,404,11,2,객체지향프로그래밍
561,404,12,2,객체지향프로그래밍(인공지능학과)
562,405,11,1,이산구조
563,405,12,1,이산구조(인공지능학과)
564,406,8,3,이산구조(소프트웨어융합학)
565,406,11,1,이산구조
566,406,12,1,이산구조(인공지능학과)
567,407,11,2,컴퓨터구조
568,408,11,2,컴퓨터구조
569,409,11,2,컴퓨터구조
570,410,11,2,자료구조
571,410,12,2,자료구조(인공지능학과)
572,411,8,2,자료구조(소프트웨어융합학)
573,411,11,2,자료구조
574,411,12,2,자료구조(인공지능학과)
575,412,8,2,자료구조(소프트웨어융합학)
576,412,11,2,자료구조
577,412,12,2,자료구조(인공지능학과)
578,413,11,2,오픈소스SW개발
579,414,11,3,UI/UX프로그래밍
580,414,12,3,UI/UX프로그래밍(인공지능학과)
581,415,8,2,운영체제(소프트웨어융합학)
582,415,11,2,운영체제
583,415,12,2,운영체제(인공지능학과)
584,416,8,2,운영체제(소프트웨어융합학)
585,416,11,2,운영체제
586,416,12,2,운영체제(인공지능학과)
587,417,8,2,운영체제(소프트웨어융합학)
588,417,11,2,운영체제
589,417,12,2,운영체제(인공지능학과)
590,418,8,2,컴퓨터네트워크(소프트웨어융합학)
591,418,11,2,컴퓨터네트워크
592,419,8,3,컴퓨터네트워크(소프트웨어융합학)
593,419,11,2,컴퓨터네트워크
594,420,8,3,컴퓨터네트워크(소프트웨어융합학)
595,420,11,2,컴퓨터네트워크
596,421,8,2,알고리즘분석(소프트웨어융합학)
597,421,11,2,알고리즘분석
598,421,12,2,알고리즘분석(인공지능학과)
599,422,8,2,알고리즘분석(소프트웨어융합학)
600,422,11,2,알고리즘분석
601,422,12,2,알고리즘분석(인공지능학과)
602,423,8,2,데이터베이스(소프트웨어융합학)
603,423,11,2,데이터베이스
604,423,12,2,데이터베이스(인공지능학과)
605,424,8,2,데이터베이스(소프트웨어융합학)
606,424,11,2,데이터베이스
607,424,12,2,데이터베이스(인공지능학과)
608,425,11,2,IT기술영어2
609,426,11,3,멀티미디어시스템
610,426,12,3,멀티미디어시스템(인공지능학과)
611,427,8,2,소프트웨어공학(소프트웨어융합학)
612,427,11,2,소프트웨어공학
613,427,12,2,소프트웨어공학(인공지능학과)
614,428,8,3,SW스타트업비즈니스(소프트웨어융합학)
615,428,11,3,SW스타트업비즈니스
616,428,12,3,SW스타트업비즈니스(인공지능학과)
617,429,8,3,딥러닝(소프트웨어융합학)
618,429,11,3,딥러닝
619,429,12,3,딥러닝(인공지능학과)
620,430,8,3,클라우드컴퓨팅(소프트웨어융합학)
621,430,11,3,클라우드컴퓨팅
622,431,8,3,실전기계학습(소프트웨어융합학)
623,431,11,3,실전기계학습
624,431,12,3,실전기계학습(인공지능학과)
625,432,11,2,졸업논문(컴퓨터공학전공)
626,433,11,2,캡스톤디자인2
627,434,11,2,캡스톤디자인1
628,435,8,3,정보보호(소프트웨어융합학)
629,435,11,3,정보보호
630,436,8,3,영상처리(소프트웨어융합학)
631,436,11,3,영상처리
632,436,12,3,영상처리(인공지능학과)
633,437,11,3,컴퓨터그래픽스
634,437,12,3,컴퓨터그래픽스(인공지능학과)
635,438,11,3,웹서비스프로그래밍
636,438,12,3,웹서비스프로그래밍(인공지능학과)
637,439,11,3,최신기술프로젝트1
638,440,8,2,최신기술콜로키움1(소프트웨어융합학)
639,440,11,3,최신기술콜로키움1
640,440,12,3,최신기술콜로키움1(인공지능학과)
641,441,8,3,IoT소프트웨어(소프트웨어융합학)
642,441,11,3,IoT소프트웨어
643,442,11,3,독립심화학습1(컴퓨터공학)
644,443,11,3,독립심화학습1(컴퓨터공학)
645,444,11,3,연구연수활동1(컴퓨터공학)
646,445,8,3,3D모델링(소프트웨어융합학)
647,446,8,3,3D모델링(소프트웨어융합학)
648,447,8,3,스토리텔링(소프트웨어융합학)
649,448,8,3,스토리텔링(소프트웨어융합학)
650,449,8,3,사운드디자인(소프트웨어융합학)
651,450,8,3,모션그래픽스(소프트웨어융합학)
652,451,8,3,게임학(소프트웨어융합학)
653,452,8,3,게임학(소프트웨어융합학)
5833,4743,17,10,교육사회학
5834,4744,17,10,교육사회학
5835,4745,17,10,교육심리학
5836,4746,17,10,교육심리학
5837,4747,17,10,교육철학및교육사
5838,4748,17,10,교육철학및교육사
5839,4749,17,10,교육학개론
5840,4750,17,10,학교폭력 예방 및 학생의 이해
5841,4751,17,10,학교폭력 예방 및 학생의 이해
5842,4752,17,10,교직적성및인성검사1
5843,4753,17,10,교직적성및인성검사2
5844,4754,17,10,응급처치및심폐소생술실습1
5845,4755,17,10,응급처치및심폐소생술실습2
5846,4756,17,10,성인지교육1
5847,4757,17,10,성인지교육2
5848,4758,17,10,교육방법및교육공학
5849,4759,17,10,교육평가
5850,4760,17,10,교육평가
5851,4761,17,10,교직실무
5852,4762,17,10,교직실무
5853,4763,17,10,특수교육학개론
5854,4764,17,10,특수교육학개론
5855,4765,17,10,교육봉사활동1
5856,4766,17,10,교육봉사활동2
5857,4767,17,10,학교현장실습
5858,4768,17,10,학교현장실습
5859,4769,17,10,교육행정및교육경영
5860,4770,17,10,교육행정및교육경영
654,453,11,2,논리회로(컴퓨터공학과)
655,454,11,2,논리회로(컴퓨터공학과)
656,455,11,2,논리회로(컴퓨터공학과)
657,456,11,2,논리회로(컴퓨터공학과)
658,457,11,2,논리회로(컴퓨터공학과)
659,458,11,2,논리회로(컴퓨터공학과)
660,459,8,3,신호와시스템(소프트웨어융합학)
661,459,11,3,신호와시스템(컴퓨터공학과)
662,460,8,3,신호와시스템(소프트웨어융합학)
663,460,11,3,신호와시스템(컴퓨터공학과)
664,461,8,3,신호와시스템(소프트웨어융합학)
665,461,11,3,신호와시스템(컴퓨터공학과)
666,462,8,3,신호와시스템(소프트웨어융합학)
667,462,11,3,신호와시스템(컴퓨터공학과)
668,463,8,1,확률및랜덤변수(소프트웨어융합학)
669,463,11,1,확률및랜덤변수(컴퓨터공학과)
670,463,12,1,확률및랜덤변수(인공지능학과)
671,464,8,1,확률및랜덤변수(소프트웨어융합학)
672,464,11,1,확률및랜덤변수(컴퓨터공학과)
673,464,12,1,확률및랜덤변수(인공지능학과)
674,465,8,1,확률및랜덤변수(소프트웨어융합학)
675,465,11,1,확률및랜덤변수(컴퓨터공학과)
676,465,12,1,확률및랜덤변수(인공지능학과)
677,466,8,1,확률및랜덤변수(소프트웨어융합학)
678,466,11,1,확률및랜덤변수(컴퓨터공학과)
679,466,12,1,확률및랜덤변수(인공지능학과)
680,467,8,1,확률및랜덤변수(소프트웨어융합학)
681,467,11,1,확률및랜덤변수(컴퓨터공학과)
682,467,12,1,확률및랜덤변수(인공지능학과)
683,468,8,1,확률및랜덤변수(소프트웨어융합학)
684,468,11,1,확률및랜덤변수(컴퓨터공학과)
685,468,12,1,확률및랜덤변수(인공지능학과)
686,469,8,3,디지털통신(소프트웨어융합학)
687,470,8,3,디지털통신(소프트웨어융합학)
688,471,8,3,디지털통신(소프트웨어융합학)
689,472,8,3,디지털신호처리(소프트웨어융합학)
690,473,8,3,디지털신호처리(소프트웨어융합학)
5861,4771,36,1,생물학및실험1
5862,4772,36,1,생물학및실험1
5863,4773,36,1,생물학및실험1
5864,4774,31,4,글쓰기1
5865,4775,31,4,글쓰기1
5866,4776,31,4,글쓰기2
5867,4777,31,4,글쓰기2
5868,4778,31,4,글쓰기2
5869,4779,31,4,글쓰기2
5870,4780,31,4,글쓰기2
5871,4781,31,4,글쓰기2
5872,4782,31,4,글쓰기2
5873,4783,31,4,글쓰기2
5874,4784,31,4,글쓰기2
5875,4785,31,4,글쓰기2
5876,4786,31,4,글쓰기2
5877,4787,31,4,글쓰기2
5878,4788,31,4,글쓰기2
5879,4789,32,4,영어1
5880,4790,32,4,영어2
5881,4791,30,4,시민교육
5882,4792,30,4,시민교육
5883,4793,22,11,빅뱅에서문명까지
5884,4794,22,11,빅뱅에서문명까지
5885,4795,22,11,빅뱅에서문명까지
5886,4796,22,11,빅뱅에서문명까지
5887,4797,22,11,빅뱅에서문명까지
5888,4798,22,11,빅뱅에서문명까지
5889,4799,22,11,빅뱅에서문명까지
5890,4800,22,11,빅뱅에서문명까지
5891,4801,22,11,빅뱅에서문명까지
5892,4802,22,11,빅뱅에서문명까지
5893,4803,22,11,빅뱅에서문명까지
5894,4804,22,11,빅뱅에서문명까지
5895,4805,22,11,빅뱅에서문명까지
5896,4806,22,11,빅뱅에서문명까지
5897,4807,22,11,우리가사는세계
5898,4808,22,11,우리가사는세계
5899,4809,22,11,우리가사는세계
5900,4810,22,11,인간의가치탐색
5901,4811,22,11,인간의가치탐색
5902,4812,22,11,인간의가치탐색
5903,4813,22,11,인간의가치탐색
5904,4814,22,11,인간의가치탐색
5905,4815,22,11,인간의가치탐색
5906,4816,22,11,인간의가치탐색
5907,4817,22,11,인간의가치탐색
5908,4818,22,11,인간의가치탐색
5909,4819,22,11,인간의가치탐색
5910,4820,22,11,인간의가치탐색
5911,4821,22,11,인간의가치탐색
5912,4822,22,11,인간의가치탐색
5913,4823,22,11,인간의가치탐색
5914,4824,22,11,인간의가치탐색
5915,4825,22,11,인간의가치탐색
5916,4826,22,11,인간의가치탐색
5917,4827,22,11,인간의가치탐색
5918,4828,22,11,인간의가치탐색
5919,4829,22,11,인간의가치탐색
5920,4830,22,11,인간의가치탐색
5921,4831,22,11,인간의가치탐색
5922,4832,22,11,인간의가치탐색
5923,4833,22,11,인간의가치탐색
5924,4834,22,11,인간의가치탐색
5925,4835,22,11,인간의가치탐색
5926,4836,22,11,인간의가치탐색
5927,4837,22,11,인간의가치탐색
5928,4838,22,11,인간의가치탐색
5929,4839,22,11,인간의가치탐색
5930,4840,22,11,인간의가치탐색
5931,4841,22,11,인간의가치탐색
5932,4842,22,11,인간의가치탐색
5933,4843,22,11,인간의가치탐색
5934,4844,22,11,인간의가치탐색
5935,4845,22,11,인간의가치탐색
5936,4846,22,11,인간의가치탐색
5937,4847,22,11,인간의가치탐색
5938,4848,22,11,인간의가치탐색
5939,4849,22,11,인간의가치탐색
5940,4850,22,11,인간의가치탐색
5941,4851,22,11,인간의가치탐색
5942,4852,22,11,인간의가치탐색
5943,4853,22,11,인간의가치탐색
5944,4854,22,11,인간의가치탐색
5945,4855,22,11,인간의가치탐색
5946,4856,22,11,인간의가치탐색
5947,4857,22,11,인간의가치탐색
5948,4858,22,11,인간의가치탐색
5949,4859,22,11,인간의가치탐색
5950,4860,22,11,인간의가치탐색
5951,4861,22,11,인간의가치탐색
5952,4862,22,11,세계와시민
5953,4863,22,11,세계와시민
5954,4864,22,11,세계와시민
5955,4865,22,11,세계와시민
5956,4866,22,11,세계와시민
5957,4867,22,11,세계와시민
5958,4868,22,11,세계와시민
5959,4869,22,11,세계와시민
5960,4870,22,11,세계와시민
5961,4871,22,11,세계와시민
5962,4872,22,11,세계와시민
5963,4873,22,11,세계와시민
5964,4874,22,11,세계와시민
5965,4875,22,11,세계와시민
5966,4876,22,11,세계와시민
5967,4877,22,11,세계와시민
5968,4878,22,11,세계와시민
5969,4879,22,11,세계와시민
5970,4880,22,11,세계와시민
5971,4881,22,11,세계와시민
5972,4882,22,11,세계와시민
5973,4883,22,11,세계와시민
5974,4884,22,11,세계와시민
5975,4885,22,11,세계와시민
5976,4886,22,11,세계와시민
5977,4887,22,11,세계와시민
5978,4888,22,11,세계와시민
5979,4889,22,11,세계와시민
5980,4890,22,11,세계와시민
5981,4891,22,11,세계와시민
5982,4892,22,11,세계와시민
5983,4893,22,11,세계와시민
5984,4894,22,11,세계와시민
5985,4895,22,11,세계와시민
5986,4896,22,11,세계와시민
5987,4897,22,11,세계와시민
5988,4898,22,11,세계와시민
5989,4899,22,11,세계와시민
5990,4900,22,11,세계와시민
5991,4901,22,11,세계와시민
5992,4902,22,11,세계와시민
5993,4903,22,11,세계와시민
5994,4904,22,11,세계와시민
5995,4905,22,11,세계와시민
5996,4906,21,4,성찰과표현
5997,4907,21,4,성찰과표현
5998,4908,21,4,성찰과표현
5999,4909,21,4,성찰과표현
6000,4910,21,4,성찰과표현
6001,4911,21,4,성찰과표현
6002,4912,21,4,성찰과표현
6003,4913,21,4,성찰과표현
6004,4914,21,4,성찰과표현
6005,4915,21,4,성찰과표현
6006,4916,21,4,성찰과표현
6007,4917,21,4,성찰과표현
6008,4918,21,4,성찰과표현
6009,4919,21,4,성찰과표현
6010,4920,21,4,성찰과표현
6011,4921,21,4,성찰과표현
6012,4922,21,4,성찰과표현
6013,4923,21,4,성찰과표현
6014,4924,21,4,성찰과표현
6015,4925,21,4,성찰과표현
6016,4926,21,4,성찰과표현
6017,4927,21,4,성찰과표현
6018,4928,21,4,성찰과표현
6019,4929,21,4,성찰과표현
6020,4930,21,4,성찰과표현
6021,4931,21,4,성찰과표현
6022,4932,21,4,성찰과표현
6023,4933,21,4,성찰과표현
6024,4934,21,4,성찰과표현
6025,4935,21,4,성찰과표현
6026,4936,21,4,성찰과표현
6027,4937,21,4,성찰과표현
6028,4938,21,4,성찰과표현
6029,4939,21,4,성찰과표현
6030,4940,21,4,성찰과표현
6031,4941,21,4,성찰과표현
6032,4942,21,4,성찰과표현
6033,4943,21,4,성찰과표현
6034,4944,21,4,성찰과표현
6035,4945,21,4,성찰과표현
6036,4946,21,4,성찰과표현
6037,4947,21,4,성찰과표현
6038,4948,21,4,성찰과표현
6039,4949,21,4,성찰과표현
6040,4950,21,4,성찰과표현
6041,4951,21,4,성찰과표현
6042,4952,21,4,성찰과표현
6043,4953,21,4,성찰과표현
6044,4954,21,4,성찰과표현
6045,4955,21,4,성찰과표현
6046,4956,21,4,성찰과표현
6047,4957,21,4,성찰과표현
6048,4958,21,4,성찰과표현
6049,4959,21,4,성찰과표현
6050,4960,21,4,성찰과표현
6051,4961,21,4,성찰과표현
6052,4962,20,4,대학영어
6053,4963,20,4,대학영어
6054,4964,20,4,대학영어
6055,4965,20,4,대학영어
6056,4966,20,4,대학영어
6057,4967,20,4,대학영어
6058,4968,20,4,대학영어
6059,4969,20,4,대학영어
6060,4970,20,4,대학영어
6061,4971,20,4,대학영어
6062,4972,20,4,대학영어
6063,4973,20,4,대학영어
6064,4974,20,4,대학영어
6065,4975,20,4,대학영어
6066,4976,20,4,대학영어
6067,4977,20,4,대학영어
6068,4978,20,4,대학영어
6069,4979,20,4,대학영어
6070,4980,20,4,대학영어
6071,4981,20,4,대학영어
6072,4982,20,4,대학영어
6073,4983,20,4,대학영어
6074,4984,20,4,대학영어
6075,4985,20,4,대학영어
6076,4986,20,4,대학영어
6077,4987,20,4,대학영어
6078,4988,20,4,대학영어
6079,4989,20,4,대학영어
6080,4990,20,4,대학영어
6081,4991,20,4,대학영어
6082,4992,20,4,대학영어
6083,4993,20,4,대학영어
6084,4994,21,4,주제연구
6085,4995,21,4,주제연구
6086,4996,21,4,주제연구
6087,4997,21,4,주제연구
6088,4998,21,4,주제연구
6089,4999,21,4,주제연구
6090,5000,21,4,주제연구
6091,5001,21,4,주제연구
6092,5002,21,4,주제연구
6093,5003,21,4,주제연구
6094,5004,21,4,주제연구
6095,5005,21,4,주제연구
6096,5006,21,4,주제연구
6097,5007,21,4,주제연구
6098,5008,21,4,주제연구
6099,5009,21,4,주제연구
6100,5010,21,4,주제연구
6101,5011,21,4,주제연구
6102,5012,21,4,주제연구
6103,5013,21,4,주제연구
6104,5014,21,4,주제연구
6105,5015,21,4,주제연구
6106,5016,21,4,주제연구
6107,5017,21,4,주제연구
6108,5018,21,4,주제연구
6109,5019,21,4,주제연구
6110,5020,21,4,주제연구
6111,5021,21,4,주제연구
6112,5022,21,4,주제연구
6113,5023,21,4,주제연구
6114,5024,21,4,주제연구
6115,5025,21,4,주제연구
6116,5026,21,4,주제연구
6117,5027,21,4,주제연구
6118,5028,41,5,대중문화속의페미니즘
6119,5029,41,5,마음챙김과비폭력대화
6120,5030,40,5,인공지능을위한선형대수
6121,5031,43,5,롤러코스터의과학:퍼텐셜
6122,5032,44,5,몸과생명
6123,5033,44,5,몸의발견
6124,5034,40,5,"생명과생명공학:자본,국가,과학,정치"
6125,5035,40,5,생명과학의미래
6126,5036,44,5,스마트식생활과건강
6127,5037,44,5,진화와인간본성
6128,5038,44,5,인체와생명
6129,5039,44,5,스포츠경쟁력과자기계발
6130,5040,44,5,동의보감을통한몸과마음의이해
6131,5041,44,5,동의보감을통한몸과마음의이해
6132,5042,40,5,고양이의물리학:자연계의숨은법칙
6133,5043,40,5,고양이의물리학:자연계의숨은법칙
6134,5044,44,5,아이디어에서제품까지
6135,5045,40,5,원자의춤
6136,5046,40,5,특허와지적재산권
6137,5047,40,5,특허와지적재산권
6138,5048,40,5,현대사회와과학
6139,5049,44,5,하천문화의이해와르네상스
6140,5050,44,5,우주:별을잊은그대에게
6141,5051,44,5,우주:별을잊은그대에게
6142,5052,44,5,인류역사를바꾼첨단재료
6143,5053,43,5,큰맥락에서사고하기:시스템다이나믹스
6144,5054,43,5,우주탐사:당면한미래
6145,5055,42,5,가면의축제:동서양연희의문명사
6146,5056,42,5,공감의인류학:감정이입과의인화
6147,5057,42,5,미디어아트와문화
6148,5058,42,5,의미의탄생:언어
6149,5059,42,5,인문학과문화콘텐츠
6150,5060,38,5,커뮤니케이션과디자인
6151,5061,42,5,불교와정신분석학
6152,5062,42,5,영화와문학
6153,5063,42,5,고전과여성
6154,5064,42,5,작곡의밑그림:화성학
6155,5065,42,5,명작에취하다:예술 감상법
6156,5066,39,5,인간행동의이해:심리학
6157,5067,42,5,짝짓기의진화심리학
6158,5068,41,5,경제학적사유의원리
6159,5069,40,5,공학과경영
6160,5070,41,5,"법,질서,국가"
6161,5071,41,5,"법,질서,국가"
6162,5072,41,5,예술을통한공동체만들기
6163,5073,41,5,예술을통한공동체만들기
6164,5074,41,5,정치학적사유의원리
6165,5075,41,5,한국사회의정치적이슈들
6166,5076,41,5,행복이란무엇인가
6167,5077,41,5,행복이란무엇인가
6168,5078,41,5,기술혁신과전략의융합
6169,5079,41,5,On Justice
6170,5080,39,5,SF영화의상상력:미래의평화와윤리
6171,5081,41,5,동아시아문명론
6172,5082,41,5,동아시아의서양문명수용론
6173,5083,41,5,두얼굴의인류사:전쟁과평화
6174,5084,41,5,십자가와초승달:기독교와이슬람
6175,5085,41,5,평화와갈등
6176,5086,41,5,아시아공동체론
6177,5087,40,5,공학기초수학
6178,5088,40,5,기초 미분적분학
6179,5089,40,5,고급 미분적분학
6180,5090,40,5,인공지능과예술
6181,5091,40,5,수학과세상
6182,5092,40,5,생명의언어
6183,5093,42,5,국화와칼:만들어진일본의전통
6184,5094,42,5,문화유산과역사지리
6185,5095,42,5,"영토의경계와흔적:이민,이주,이동"
6186,5096,42,5,한국근현대사의이해
6187,5097,42,5,황하와장강:중국역사의발자취
6188,5098,42,5,다이나믹한국근현대사
6189,5099,42,5,삼국지인문학
6190,5100,42,5,영화로보는스포츠문화
6191,5101,42,5,여행을통한인간의삶의가치증진
6192,5102,39,5,시민생활과법
6193,5103,39,5,그리스신화와철학
6194,5104,39,5,영화로읽는도시인문학:환동해도시와문화지리
6195,5105,39,5,현대사회키워드로스포츠읽기
6196,5106,43,5,예측하는미래:통계와확률
6197,5107,43,5,프로그래밍을통한논리적사유연습
6198,5108,43,5,프로그래밍을통한논리적사유연습
6199,5109,43,5,프로그래밍을통한논리적사유연습
6200,5110,43,5,빅데이터와스포츠산업
6201,5111,38,5,새김과찍기:현대판화
6202,5112,38,5,아이디어를시각화하기
6203,5113,38,5,아이디어를시각화하기
6204,5114,38,5,디지털사진촬영과표현
6205,5115,38,5,만화로세상보기
6206,5116,38,5,사운드와테크놀로지
6207,5117,38,5,생활속의공예:미와쓰임새
6208,5118,38,5,지구화시대의미학극장
6209,5119,39,5,고전읽기:그리스비극
6210,5120,39,5,고전읽기:프로이트
6211,5121,39,5,고전읽기:황순원
6212,5122,39,5,고전읽기:박경리토지
6213,5123,39,5,국가폭력과트라우마
6214,5124,39,5,글로벌라틴아메리카
6215,5125,39,5,라틴아메리카문학과예술
6216,5126,39,5,언어와문학의이해
6217,5127,39,5,언어와문학의이해
6218,5128,39,5,하이쿠의세계
6219,5129,39,5,한자의이해
6220,5130,39,5,초급일본어
6221,5131,38,5,색채와상상력
6222,5132,38,5,예술치료의원리와실제
6223,5133,38,5,컴퓨터그래픽기초
6224,5134,38,5,컴퓨터그래픽기초
6225,5135,38,5,클래식음악산책
6226,5136,38,5,패션디자인의세계
6227,5137,38,5,합창의재발견
6228,5138,39,5,기초중국어
6229,5139,39,5,기초중국어
6230,5140,39,5,기초일본어
6231,5141,39,5,기초스페인어
6232,5142,39,5,기초스페인어
6233,5143,39,5,기초스페인어
6234,5144,39,5,기초스페인어
6235,5145,39,5,기초스페인어
6236,5146,39,5,기초러시아어
6237,5147,39,5,기초러시아어
6238,5148,39,5,기초러시아어
6239,5149,39,5,기초프랑스어
6240,5150,39,5,기초프랑스어
6241,5151,39,5,마녀사냥:그광기의역사
6242,5152,44,5,질병의진화적이해:우리는왜아픈걸까
6243,5153,41,5,문명감염그리고진화
6244,5154,38,5,고전명작과예술의문명사
6245,5155,40,5,코딩하는아티스트
6246,5156,40,5,전기와자기의만남
6247,5157,39,5,언어의신비를찾아서
6248,5158,39,5,라틴어와서구문명
6249,5159,18,6,네트워크의미래
6250,5160,18,6,네트워크의미래
6251,5161,18,6,네트워크의미래
6252,5162,18,6,언어와컴퓨터
6253,5163,18,6,응급처치및안전관리
6254,5164,18,6,한국어1(교양)
6255,5165,18,6,한국어2(교양)
6256,5166,18,6,글로벌세미나
6257,5167,18,6,글로벌세미나
6258,5168,18,6,글로벌세미나
6259,5169,18,6,글로벌세미나
6260,5170,18,6,글로벌세미나
6261,5171,18,6,후마니타스세미나
6262,5172,18,6,후마니타스세미나
6263,5173,18,6,후마니타스세미나
6264,5174,18,6,후마니타스세미나
6265,5175,18,6,후마니타스세미나
6266,5176,18,6,후마니타스세미나
6267,5177,18,6,후마니타스세미나
6268,5178,18,6,후마니타스세미나
6269,5179,18,6,후마니타스세미나
6270,5180,18,6,독립연구1
6271,5181,18,6,빅데이터를통한세상바로알기:데이터분석코딩
6272,5182,18,6,내손안의소프트웨어
6273,5183,18,6,내손안의소프트웨어
6274,5184,18,6,내손안의소프트웨어
6275,5185,18,6,알기쉬운소프트웨어코딩
6276,5186,18,6,알기쉬운소프트웨어코딩
6277,5187,18,6,알기쉬운소프트웨어코딩
6278,5188,19,6,농구
6279,5189,19,6,레크레이션
6280,5190,19,6,배드민턴
6281,5191,19,6,수상스포츠(교양)
6282,5192,19,6,요가
6283,5193,19,6,요가
6284,5194,19,6,요트
6285,5195,19,6,요트
6286,5196,19,6,웨이트트레이닝
6287,5197,19,6,웨이트트레이닝
6288,5198,19,6,윈드서핑
6289,5199,19,6,윈드서핑
6290,5200,19,6,탁구
6291,5201,19,6,탁구
6292,5202,19,6,태권도
6293,5203,19,6,태권도
6294,5204,19,6,테니스
6295,5205,19,6,테니스
6296,5206,19,6,필라테스
6297,5207,19,6,필라테스
6298,5208,19,6,필라테스
6299,5209,19,6,현대생활과체육
6300,5210,19,6,현대생활과체육
6301,5211,19,6,바디컨디셔닝
6302,5212,19,6,바디컨디셔닝
6303,5213,19,6,축구
6304,5214,19,6,축구
6305,5215,19,6,인공암벽등반
6306,5216,19,6,호신술
6307,5217,19,6,호신술
6308,5218,18,6,운동과체중관리
6309,5219,33,6,신입생세미나1
6310,5220,18,6,새로운생명체:인공지능
6311,5221,18,6,새로운생명체:인공지능
6312,5222,18,6,소프트웨어적사유
6313,5223,18,6,소프트웨어적사유
6314,5224,18,6,신입생워크숍1:워밍업
6315,5225,18,6,신입생워크숍1:워밍업
6316,5226,18,6,신입생워크숍1:워밍업
6317,5227,18,6,신입생워크숍1:워밍업
6318,5228,18,6,신입생워크숍1:워밍업
6319,5229,18,6,신입생워크숍1:워밍업
6320,5230,18,6,신입생워크숍1:워밍업
6321,5231,18,6,한국어의이해1
6322,5232,18,6,한국어의이해1
6323,5233,18,6,한국어의이해2
6324,5234,18,6,한국어의이해2
6325,5235,18,6,한국어의이해3
6326,5236,18,6,한국어의이해3
6327,5237,18,6,한국어의이해4
6328,5238,18,6,한국어의이해4
6329,5239,18,6,지구를생각하는예술
6330,5240,18,6,용인학
691,474,8,3,경영과학1(소프트웨어융합학)
692,475,8,3,경영과학1(소프트웨어융합학)
693,476,8,3,데이터마이닝(소프트웨어융합학)
694,477,8,3,데이터마이닝(소프트웨어융합학)
695,478,8,3,서비스데이터사이언스(소프트웨어융합학)
6331,5241,18,6,기업윤리와사회적책임
6332,5242,18,6,4차산업의이해와IOT기술 활용과분석
6333,5243,18,6,지식재산창업
6334,5244,18,6,창업과기업가정신
6335,5245,18,6,창업과기업가정신
696,479,8,3,메카트로닉스(소프트웨어융합학)
697,480,8,3,시스템동역학(소프트웨어융합학)
698,481,8,3,시스템동역학(소프트웨어융합학)
699,482,8,3,로봇공학(소프트웨어융합학)
700,483,8,2,디자인적사고
701,483,11,2,디자인적사고(컴퓨터공학과)
702,483,12,2,디자인적사고(인공지능학과)
703,484,8,2,웹/파이선프로그래밍
704,484,11,2,웹/파이선프로그래밍(컴퓨터공학과)
705,484,12,2,웹/파이선프로그래밍(인공지능학과)
706,485,8,2,웹/파이선프로그래밍
707,485,11,2,웹/파이선프로그래밍(컴퓨터공학과)
708,485,12,2,웹/파이선프로그래밍(인공지능학과)
709,486,8,2,소프트웨어개발방법및도구
710,487,8,3,데이터센터프로그래밍
711,487,11,3,데이터센터프로그래밍(컴퓨터공학과)
712,487,12,3,데이터센터프로그래밍(인공지능학과)
713,488,8,3,융합연구1
714,489,8,3,기계학습
715,489,11,2,기계학습(컴퓨터공학과)
716,489,12,3,기계학습(인공지능학과)
717,490,8,3,기계학습
718,490,11,2,기계학습(컴퓨터공학과)
719,490,12,3,기계학습(인공지능학과)
720,491,8,3,회로와신호
721,492,8,3,게임그래픽프로그래밍
722,493,8,3,체감형기술이론및실습
723,494,8,3,게임공학
724,495,8,3,데이터분석캡스톤디자인
725,496,8,3,데이터분석캡스톤디자인
726,497,8,3,미래자동차·로봇캡스톤디자인
727,498,8,3,융합연구3
728,499,8,3,독립심화학습1(소프트웨어융합학과)
729,500,8,3,독립심화학습1(소프트웨어융합학과)
730,501,8,3,로봇센서데이터처리
731,502,8,3,게임콘텐츠캡스톤디자인
732,503,8,3,실감미디어캡스톤디자인
733,504,8,2,소프트웨어융합캡스톤디자인
734,505,8,2,소프트웨어융합캡스톤디자인
735,506,8,2,졸업논문(소프트웨어융합)
736,507,8,3,융합연구5
737,508,8,3,인공지능과게임프로그래밍
738,508,12,3,인공지능과게임프로그래밍(인공지능학과)
739,509,8,3,풀스택서비스네트워킹
740,510,12,2,인공지능프로그래밍
741,511,12,1,인공지능수학
6336,5246,7,1,미분방정식
6337,5247,7,1,미분방정식
6338,5248,7,1,미분방정식
6339,5249,7,1,미분방정식
6340,5250,7,1,미분방정식
6341,5251,7,1,미분방정식
6342,5252,7,1,미분방정식
6343,5253,7,1,미분방정식
6344,5254,7,1,미분방정식
6345,5255,7,1,미분방정식
6346,5256,7,1,미분방정식
6347,5257,7,1,미분방정식
6348,5258,7,1,미분방정식
6349,5259,7,1,미분방정식
6350,5260,7,1,미분방정식
6351,5261,7,1,미분적분학2
6352,5262,7,1,미분적분학2
6353,5263,7,1,미분적분학2
6354,5264,7,1,미분적분학2
6355,5265,7,1,미분적분학2
6356,5266,7,1,미분적분학2
6357,5267,7,1,미분적분학2
6358,5268,7,1,미분적분학2
6359,5269,7,1,미분적분학2
6360,5270,7,1,미분적분학2
6361,5271,7,1,미분적분학2
6362,5272,7,1,미분적분학2
6363,5273,7,1,미분적분학2
6364,5274,7,1,통계학
6365,5275,7,1,통계학
6366,5276,35,1,화학및실험2
6367,5277,35,1,화학및실험2
6368,5278,35,1,화학및실험2
6369,5279,35,1,화학및실험2
6370,5280,35,1,화학및실험2
6371,5281,35,1,화학2
6372,5282,35,1,화학2
6373,5283,35,1,화학2
6374,5284,35,1,화학2
6375,5285,35,1,화학2
6376,5286,35,1,화학2
6377,5287,35,1,일반화학
6378,5288,35,1,일반화학
6379,5289,35,1,일반화학
6380,5290,35,1,일반화학
6381,5291,35,1,일반화학
6382,5292,34,1,물리학2
6383,5293,34,1,물리학2
6384,5294,34,1,물리학2
6385,5295,34,1,물리학2
6386,5296,34,1,물리학2
6387,5297,34,1,물리학2
6388,5298,34,1,물리학2
6389,5299,34,1,물리학2
6390,5300,34,1,물리학2
6391,5301,34,1,물리학및실험2
6392,5302,34,1,물리학및실험2
6393,5303,34,1,물리학및실험2
6394,5304,34,1,물리학및실험2
6395,5305,34,1,물리학및실험2
6396,5306,34,1,물리학및실험2
6397,5307,34,1,물리학및실험2
6398,5308,34,1,물리학및실험2
6399,5309,34,1,일반물리
6400,5310,34,1,일반물리
6401,5311,34,1,일반물리
6402,5312,34,1,일반물리
6403,5313,34,1,일반물리
6404,5314,37,1,생물2
6405,5315,37,1,생물2
6406,5316,37,1,생물2
6407,5317,37,1,생물2
6408,5318,37,1,생물2
6409,5319,37,1,일반생물
6410,5320,37,1,일반생물
742,512,8,2,객체지향프로그래밍(소프트웨어융합학)
743,512,11,2,객체지향프로그래밍
744,512,12,2,객체지향프로그래밍(인공지능학과)
745,513,8,2,객체지향프로그래밍(소프트웨어융합학)
746,513,11,2,객체지향프로그래밍
747,513,12,2,객체지향프로그래밍(인공지능학과)
748,514,8,1,이산구조(소프트웨어융합학)
749,514,11,1,이산구조
750,514,12,1,이산구조(인공지능학과)
751,515,11,2,컴퓨터구조
752,516,11,2,컴퓨터구조
753,517,8,2,자료구조(소프트웨어융합학)
754,517,11,2,자료구조
755,517,12,2,자료구조(인공지능학과)
756,518,8,2,자료구조(소프트웨어융합학)
757,518,11,2,자료구조
758,518,12,2,자료구조(인공지능학과)
759,519,11,2,IT기술영어1
760,520,11,2,오픈소스SW개발
761,521,8,2,운영체제(소프트웨어융합학)
762,521,11,2,운영체제
763,521,12,2,운영체제(인공지능학과)
764,522,8,2,운영체제(소프트웨어융합학)
765,522,11,2,운영체제
766,522,12,2,운영체제(인공지능학과)
767,523,8,2,컴퓨터네트워크(소프트웨어융합학)
768,523,11,2,컴퓨터네트워크
769,524,8,2,컴퓨터네트워크(소프트웨어융합학)
770,524,11,2,컴퓨터네트워크
771,525,8,2,컴퓨터네트워크(소프트웨어융합학)
772,525,11,2,컴퓨터네트워크
773,526,8,2,컴퓨터네트워크(소프트웨어융합학)
774,526,11,2,컴퓨터네트워크
775,527,8,2,알고리즘분석(소프트웨어융합학)
776,527,11,2,알고리즘분석
777,527,12,2,알고리즘분석(인공지능학과)
778,528,8,2,알고리즘분석(소프트웨어융합학)
779,528,11,2,알고리즘분석
780,528,12,2,알고리즘분석(인공지능학과)
781,529,8,2,데이터베이스(소프트웨어융합학)
782,529,11,2,데이터베이스
783,529,12,2,데이터베이스(인공지능학과)
784,530,8,2,데이터베이스(소프트웨어융합학)
785,530,11,2,데이터베이스
786,530,12,2,데이터베이스(인공지능학과)
787,531,11,2,IT기술영어3
788,532,8,2,소프트웨어공학(소프트웨어융합학)
789,532,11,2,소프트웨어공학
790,533,11,3,프로그래밍언어구조론
791,534,8,3,딥러닝(소프트웨어융합학)
792,534,11,3,딥러닝
793,534,12,2,딥러닝(인공지능학과)
794,535,8,3,리눅스시스템프로그래밍(소프트웨어융합학)
795,535,11,3,리눅스시스템프로그래밍
796,536,11,3,SW스타트업프로젝트
797,537,11,2,졸업논문(컴퓨터공학전공)
798,538,11,2,캡스톤디자인2
799,539,11,2,캡스톤디자인2
800,540,11,2,캡스톤디자인2
801,541,11,2,캡스톤디자인2
802,542,11,2,캡스톤디자인2
803,543,11,2,캡스톤디자인1
804,544,11,2,캡스톤디자인1
805,545,11,3,멀티미디어처리
806,546,8,3,빅데이터프로그래밍(소프트웨어융합학)
807,546,11,3,빅데이터프로그래밍
808,546,12,3,빅데이터프로그래밍(인공지능학과)
809,547,8,3,모바일프로그래밍(소프트웨어융합학)
810,547,11,3,모바일프로그래밍
811,547,12,3,모바일프로그래밍(인공지능학과)
812,548,11,3,최신기술프로젝트2
813,549,8,3,컴퓨터비젼(소프트웨어융합학)
814,549,11,3,컴퓨터비젼
815,549,12,3,컴퓨터비젼(인공지능학과)
816,550,11,3,연구연수활동2(컴퓨터공학)
817,551,11,3,독립심화학습2(컴퓨터공학과)
818,552,8,3,인터랙션디자인(소프트웨어융합학)
819,553,8,3,3D애니메이션(소프트웨어융합학)
820,554,8,3,게임디자인(소프트웨어융합학)
6411,5321,17,10,교육사회학
6412,5322,17,10,교육사회학
6413,5323,17,10,교육심리학
6414,5324,17,10,교육심리학
6415,5325,17,10,교육철학및교육사
6416,5326,17,10,교육철학및교육사
6417,5327,17,10,교육학개론
6418,5328,17,10,학교폭력 예방 및 학생의 이해
6419,5329,17,10,교직적성및인성검사1
6420,5330,17,10,교직적성및인성검사2
6421,5331,17,10,응급처치및심폐소생술실습1
6422,5332,17,10,응급처치및심폐소생술실습2
6423,5333,17,10,성인지교육1
6424,5334,17,10,성인지교육2
6425,5335,17,10,교육방법및교육공학
6426,5336,17,10,교육평가
6427,5337,17,10,교직실무
6428,5338,17,10,교직실무
6429,5339,17,10,특수교육학개론
6430,5340,17,10,특수교육학개론
6431,5341,17,10,교육봉사활동1
6432,5342,17,10,교육봉사활동2
6433,5343,17,10,교육행정및교육경영
821,555,11,2,논리회로(컴퓨터공학과)
822,556,11,2,논리회로(컴퓨터공학과)
823,557,11,2,논리회로(컴퓨터공학과)
824,558,8,3,신호와시스템(소프트웨어융합학)
825,558,11,2,신호와시스템(컴퓨터공학과)
826,559,8,3,신호와시스템(소프트웨어융합학)
827,559,11,2,신호와시스템(컴퓨터공학과)
828,560,8,3,신호와시스템(소프트웨어융합학)
829,560,11,2,신호와시스템(컴퓨터공학과)
830,561,11,2,신호와시스템(컴퓨터공학과)
831,562,8,1,확률및랜덤변수(소프트웨어융합학)
832,562,11,1,확률및랜덤변수(컴퓨터공학과)
833,562,12,1,확률및랜덤변수(인공지능학과)
834,563,8,1,확률및랜덤변수(소프트웨어융합학)
835,563,11,1,확률및랜덤변수(컴퓨터공학과)
836,563,12,1,확률및랜덤변수(인공지능학과)
837,564,8,1,확률및랜덤변수(소프트웨어융합학)
838,564,11,1,확률및랜덤변수(컴퓨터공학과)
839,564,12,1,확률및랜덤변수(인공지능학과)
840,565,8,1,확률및랜덤변수(소프트웨어융합학)
841,565,11,1,확률및랜덤변수(컴퓨터공학과)
842,565,12,1,확률및랜덤변수(인공지능학과)
843,566,8,3,디지털통신(소프트웨어융합학)
844,567,8,3,디지털통신(소프트웨어융합학)
845,568,8,3,디지털신호처리(소프트웨어융합학)
846,569,8,3,디지털신호처리(소프트웨어융합학)
847,570,8,3,디지털신호처리(소프트웨어융합학)
6434,5344,36,1,생물학및실험2
6435,5345,36,1,생물학및실험2
6436,5346,31,4,글쓰기1
6437,5347,31,4,글쓰기2
6438,5348,31,4,글쓰기2
6439,5349,31,4,글쓰기2
6440,5350,31,4,글쓰기2
6441,5351,31,4,글쓰기2
6442,5352,31,4,글쓰기2
6443,5353,31,4,글쓰기2
6444,5354,31,4,글쓰기2
6445,5355,32,4,영어1
6446,5356,32,4,영어2
6447,5357,30,4,시민교육
6448,5358,30,4,시민교육
6449,5359,22,11,빅뱅에서문명까지
6450,5360,22,11,빅뱅에서문명까지
6451,5361,22,11,빅뱅에서문명까지
6452,5362,22,11,빅뱅에서문명까지
6453,5363,22,11,빅뱅에서문명까지
6454,5364,22,11,빅뱅에서문명까지
6455,5365,22,11,빅뱅에서문명까지
6456,5366,22,11,빅뱅에서문명까지
6457,5367,22,11,빅뱅에서문명까지
6458,5368,22,11,빅뱅에서문명까지
6459,5369,22,11,빅뱅에서문명까지
6460,5370,22,11,우리가사는세계
6461,5371,22,11,우리가사는세계
6462,5372,22,11,인간의가치탐색
6463,5373,22,11,인간의가치탐색
6464,5374,22,11,인간의가치탐색
6465,5375,22,11,인간의가치탐색
6466,5376,22,11,인간의가치탐색
6467,5377,22,11,인간의가치탐색
6468,5378,22,11,인간의가치탐색
6469,5379,22,11,인간의가치탐색
6470,5380,22,11,인간의가치탐색
6471,5381,22,11,인간의가치탐색
6472,5382,22,11,인간의가치탐색
6473,5383,22,11,인간의가치탐색
6474,5384,22,11,인간의가치탐색
6475,5385,22,11,인간의가치탐색
6476,5386,22,11,인간의가치탐색
6477,5387,22,11,인간의가치탐색
6478,5388,22,11,인간의가치탐색
6479,5389,22,11,인간의가치탐색
6480,5390,22,11,인간의가치탐색
6481,5391,22,11,인간의가치탐색
6482,5392,22,11,인간의가치탐색
6483,5393,22,11,인간의가치탐색
6484,5394,22,11,인간의가치탐색
6485,5395,22,11,인간의가치탐색
6486,5396,22,11,인간의가치탐색
6487,5397,22,11,인간의가치탐색
6488,5398,22,11,인간의가치탐색
6489,5399,22,11,인간의가치탐색
6490,5400,22,11,인간의가치탐색
6491,5401,22,11,인간의가치탐색
6492,5402,22,11,인간의가치탐색
6493,5403,22,11,인간의가치탐색
6494,5404,22,11,인간의가치탐색
6495,5405,22,11,인간의가치탐색
6496,5406,22,11,인간의가치탐색
6497,5407,22,11,인간의가치탐색
6498,5408,22,11,인간의가치탐색
6499,5409,22,11,인간의가치탐색
6500,5410,22,11,인간의가치탐색
6501,5411,22,11,인간의가치탐색
6502,5412,22,11,인간의가치탐색
6503,5413,22,11,인간의가치탐색
6504,5414,22,11,인간의가치탐색
6505,5415,22,11,인간의가치탐색
6506,5416,22,11,인간의가치탐색
6507,5417,22,11,인간의가치탐색
6508,5418,22,11,인간의가치탐색
6509,5419,22,11,인간의가치탐색
6510,5420,22,11,인간의가치탐색
6511,5421,22,11,세계와시민
6512,5422,22,11,세계와시민
6513,5423,22,11,세계와시민
6514,5424,22,11,세계와시민
6515,5425,22,11,세계와시민
6516,5426,22,11,세계와시민
6517,5427,22,11,세계와시민
6518,5428,22,11,세계와시민
6519,5429,22,11,세계와시민
6520,5430,22,11,세계와시민
6521,5431,22,11,세계와시민
6522,5432,22,11,세계와시민
6523,5433,22,11,세계와시민
6524,5434,22,11,세계와시민
6525,5435,22,11,세계와시민
6526,5436,22,11,세계와시민
6527,5437,22,11,세계와시민
6528,5438,22,11,세계와시민
6529,5439,22,11,세계와시민
6530,5440,22,11,세계와시민
6531,5441,22,11,세계와시민
6532,5442,22,11,세계와시민
6533,5443,22,11,세계와시민
6534,5444,22,11,세계와시민
6535,5445,22,11,세계와시민
6536,5446,22,11,세계와시민
6537,5447,22,11,세계와시민
6538,5448,22,11,세계와시민
6539,5449,22,11,세계와시민
6540,5450,22,11,세계와시민
6541,5451,22,11,세계와시민
6542,5452,22,11,세계와시민
6543,5453,22,11,세계와시민
6544,5454,22,11,세계와시민
6545,5455,22,11,세계와시민
6546,5456,22,11,세계와시민
6547,5457,22,11,세계와시민
6548,5458,22,11,세계와시민
6549,5459,22,11,세계와시민
6550,5460,22,11,세계와시민
6551,5461,22,11,세계와시민
6552,5462,22,11,세계와시민
6553,5463,22,11,세계와시민
6554,5464,22,11,세계와시민
6555,5465,22,11,세계와시민
6556,5466,22,11,세계와시민
6557,5467,21,4,성찰과표현
6558,5468,21,4,성찰과표현
6559,5469,21,4,성찰과표현
6560,5470,21,4,성찰과표현
6561,5471,21,4,성찰과표현
6562,5472,21,4,성찰과표현
6563,5473,21,4,성찰과표현
6564,5474,21,4,성찰과표현
6565,5475,21,4,성찰과표현
6566,5476,21,4,성찰과표현
6567,5477,21,4,성찰과표현
6568,5478,21,4,성찰과표현
6569,5479,21,4,성찰과표현
6570,5480,21,4,성찰과표현
6571,5481,21,4,성찰과표현
6572,5482,21,4,성찰과표현
6573,5483,21,4,성찰과표현
6574,5484,21,4,성찰과표현
6575,5485,21,4,성찰과표현
6576,5486,21,4,성찰과표현
6577,5487,21,4,성찰과표현
6578,5488,21,4,성찰과표현
6579,5489,21,4,성찰과표현
6580,5490,21,4,성찰과표현
6581,5491,21,4,성찰과표현
6582,5492,21,4,성찰과표현
6583,5493,21,4,성찰과표현
6584,5494,21,4,성찰과표현
6585,5495,21,4,성찰과표현
6586,5496,21,4,성찰과표현
6587,5497,21,4,성찰과표현
6588,5498,21,4,성찰과표현
6589,5499,21,4,성찰과표현
6590,5500,21,4,성찰과표현
6591,5501,21,4,성찰과표현
6592,5502,21,4,성찰과표현
6593,5503,21,4,성찰과표현
6594,5504,21,4,성찰과표현
6595,5505,21,4,성찰과표현
6596,5506,21,4,성찰과표현
6597,5507,21,4,성찰과표현
6598,5508,21,4,성찰과표현
6599,5509,21,4,성찰과표현
6600,5510,21,4,성찰과표현
6601,5511,20,4,대학영어
6602,5512,20,4,대학영어
6603,5513,20,4,대학영어
6604,5514,20,4,대학영어
6605,5515,20,4,대학영어
6606,5516,20,4,대학영어
6607,5517,20,4,대학영어
6608,5518,20,4,대학영어
6609,5519,20,4,대학영어
6610,5520,20,4,대학영어
6611,5521,20,4,대학영어
6612,5522,20,4,대학영어
6613,5523,20,4,대학영어
6614,5524,20,4,대학영어
6615,5525,20,4,대학영어
6616,5526,20,4,대학영어
6617,5527,20,4,대학영어
6618,5528,20,4,대학영어
6619,5529,20,4,대학영어
6620,5530,20,4,대학영어
6621,5531,20,4,대학영어
6622,5532,20,4,대학영어
6623,5533,20,4,대학영어
6624,5534,20,4,대학영어
6625,5535,20,4,대학영어
6626,5536,20,4,대학영어
6627,5537,20,4,대학영어
6628,5538,20,4,대학영어
6629,5539,21,4,주제연구
6630,5540,21,4,주제연구
6631,5541,21,4,주제연구
6632,5542,21,4,주제연구
6633,5543,21,4,주제연구
6634,5544,21,4,주제연구
6635,5545,21,4,주제연구
6636,5546,21,4,주제연구
6637,5547,21,4,주제연구
6638,5548,21,4,주제연구
6639,5549,21,4,주제연구
6640,5550,21,4,주제연구
6641,5551,21,4,주제연구
6642,5552,21,4,주제연구
6643,5553,21,4,주제연구
6644,5554,21,4,주제연구
6645,5555,21,4,주제연구
6646,5556,21,4,주제연구
6647,5557,21,4,주제연구
6648,5558,21,4,주제연구
6649,5559,21,4,주제연구
6650,5560,21,4,주제연구
6651,5561,21,4,주제연구
6652,5562,21,4,주제연구
6653,5563,21,4,주제연구
6654,5564,21,4,주제연구
6655,5565,21,4,주제연구
6656,5566,21,4,주제연구
6657,5567,21,4,주제연구
6658,5568,21,4,주제연구
6659,5569,21,4,주제연구
6660,5570,43,5,무한의힘
6661,5571,41,5,도덕의과학
6662,5572,41,5,대중문화속의페미니즘
6663,5573,41,5,마음챙김과비폭력대화
6664,5574,43,5,세상속의수학
6665,5575,40,5,인공지능을위한선형대수
6666,5576,43,5,롤러코스터의과학:퍼텐셜
6667,5577,44,5,"마음의탄생:뇌,의식,마음"
6668,5578,44,5,몸과생명
6669,5579,44,5,몸의발견
6670,5580,44,5,"생명,영원한블루오션"
6671,5581,40,5,생명과학의미래
6672,5582,40,5,생명과학의미래
6673,5583,44,5,스마트식생활과건강
6674,5584,44,5,진화와인간본성
6675,5585,44,5,스포츠경쟁력과자기계발
6676,5586,44,5,동의보감을통한몸과마음의이해
6677,5587,40,5,고양이의물리학:자연계의숨은법칙
6678,5588,40,5,고양이의물리학:자연계의숨은법칙
6679,5589,44,5,불편한진실:기후변화
6680,5590,40,5,인간과생활속의로봇
6681,5591,40,5,인간과생활속의로봇
6682,5592,40,5,특허와지적재산권
6683,5593,40,5,특허와지적재산권
6684,5594,40,5,현대사회와과학
6685,5595,44,5,하천문화의이해와르네상스
6686,5596,44,5,우주:별을잊은그대에게
6687,5597,44,5,우주:별을잊은그대에게
6688,5598,44,5,인류역사를바꾼첨단재료
6689,5599,42,5,가면의축제:동서양연희의문명사
6690,5600,42,5,미디어아트와문화
6691,5601,42,5,의미의탄생:언어
6692,5602,42,5,인문학과문화콘텐츠
6693,5603,38,5,커뮤니케이션과디자인
6694,5604,42,5,불교와정신분석학
6695,5605,42,5,매체와메시지:미디어의이해
6696,5606,42,5,영화와문학
6697,5607,42,5,작곡의밑그림:화성학
6698,5608,39,5,인간행동의이해:심리학
6699,5609,42,5,음식과문화:글로벌&로컬트렌드와이슈
6700,5610,41,5,경제학적사유의원리
6701,5611,40,5,공학과경영
6702,5612,41,5,"법,질서,국가"
6703,5613,41,5,"법,질서,국가"
6704,5614,41,5,예술을통한공동체만들기
6705,5615,41,5,정치학적사유의원리
6706,5616,41,5,한국사회의정치적이슈들
6707,5617,41,5,한국사회의주요이슈들
6708,5618,41,5,행복이란무엇인가
6709,5619,41,5,행복이란무엇인가
6710,5620,41,5,기술혁신과전략의융합
6711,5621,41,5,On Justice
6712,5622,39,5,SF영화의상상력:미래의평화와윤리
6713,5623,41,5,두얼굴의인류사:전쟁과평화
6714,5624,41,5,평화와갈등
6715,5625,40,5,프로그래밍입문
6716,5626,40,5,공학기초수학
6717,5627,40,5,생명의언어
6718,5628,42,5,국화와칼:만들어진일본의전통
6719,5629,42,5,문화유산과역사지리
6720,5630,42,5,설탕과소금:사소한것들의역사
6721,5631,42,5,"영토의경계와흔적:이민,이주,이동"
6722,5632,42,5,한국근현대사의이해
6723,5633,42,5,황하와장강:중국역사의발자취
6724,5634,42,5,다이나믹한국근현대사
6725,5635,42,5,삼국지인문학
6726,5636,42,5,영화로보는스포츠문화
6727,5637,42,5,여행을통한인간의삶의가치증진
6728,5638,40,5,컴퓨터게임개론
6729,5639,39,5,시민생활과법
6730,5640,39,5,그리스신화와철학
6731,5641,39,5,영화로읽는도시인문학:환동해도시와문화지리
6732,5642,39,5,유럽문화와도시문명
6733,5643,39,5,현대사회키워드로스포츠읽기
6734,5644,43,5,프로그래밍을통한논리적사유연습
6735,5645,43,5,프로그래밍을통한논리적사유연습
6736,5646,43,5,프로그래밍을통한논리적사유연습
6737,5647,43,5,빅데이터와스포츠산업
6738,5648,38,5,새김과찍기:현대판화
6739,5649,38,5,아이디어를시각화하기
6740,5650,38,5,아이디어를시각화하기
6741,5651,38,5,디지털사진촬영과표현
6742,5652,38,5,만화로세상보기
6743,5653,38,5,사운드와테크놀로지
6744,5654,38,5,생활속의공예:미와쓰임새
6745,5655,38,5,지구화시대의미학극장
6746,5656,39,5,고전읽기:그리스비극
6747,5657,39,5,고전읽기:프로이트
6748,5658,39,5,국가폭력과트라우마
6749,5659,39,5,글로벌라틴아메리카
6750,5660,39,5,라틴아메리카문학과예술
6751,5661,39,5,수사학과영작문
6752,5662,39,5,언어와문학의이해
6753,5663,39,5,언어와문학의이해
6754,5664,39,5,초급일본어
6755,5665,38,5,색채와상상력
6756,5666,38,5,예술치료의원리와실제
6757,5667,38,5,컴퓨터그래픽기초
6758,5668,38,5,클래식음악산책
6759,5669,38,5,패션디자인의세계
6760,5670,38,5,합창의재발견
6761,5671,39,5,기초중국어
6762,5672,39,5,기초중국어
6763,5673,39,5,기초중국어
6764,5674,39,5,기초일본어
6765,5675,39,5,기초일본어
6766,5676,39,5,기초일본어
6767,5677,39,5,기초스페인어
6768,5678,39,5,기초스페인어
6769,5679,39,5,기초스페인어
6770,5680,39,5,기초스페인어
6771,5681,39,5,기초러시아어
6772,5682,39,5,기초프랑스어
6773,5683,39,5,기초프랑스어
6774,5684,39,5,기초프랑스어
6775,5685,44,5,질병의진화적이해:우리는왜아픈걸까
6776,5686,44,5,좋은에너지나쁜에너지다른에너지
6777,5687,41,5,문명감염그리고진화
6778,5688,38,5,고전명작과예술의문명사
6779,5689,39,5,라틴어와서구문명
6780,5690,18,6,네트워크의미래
6781,5691,18,6,네트워크의미래
6782,5692,18,6,네트워크의미래
6783,5693,18,6,언어와컴퓨터
6784,5694,18,6,응급처치및안전관리
6785,5695,18,6,한국어1(교양)
6786,5696,18,6,한국어2(교양)
6787,5697,18,6,글로벌세미나
6788,5698,18,6,글로벌세미나
6789,5699,18,6,글로벌세미나
6790,5700,18,6,글로벌세미나
6791,5701,18,6,글로벌세미나
6792,5702,18,6,후마니타스세미나
6793,5703,18,6,후마니타스세미나
6794,5704,18,6,후마니타스세미나
6795,5705,18,6,후마니타스세미나
6796,5706,18,6,후마니타스세미나
6797,5707,18,6,후마니타스세미나
6798,5708,18,6,후마니타스세미나
6799,5709,18,6,후마니타스세미나
6800,5710,18,6,후마니타스세미나
6801,5711,18,6,후마니타스세미나
6802,5712,18,6,후마니타스세미나
6803,5713,18,6,후마니타스세미나
6804,5714,18,6,후마니타스세미나
6805,5715,18,6,후마니타스세미나
6806,5716,18,6,독립연구1
6807,5717,18,6,빅데이터를통한세상바로알기:데이터분석코딩
6808,5718,18,6,내손안의소프트웨어
6809,5719,18,6,내손안의소프트웨어
6810,5720,18,6,알기쉬운소프트웨어코딩
6811,5721,18,6,알기쉬운소프트웨어코딩
6812,5722,19,6,레크레이션
6813,5723,19,6,레크레이션
6814,5724,19,6,배드민턴
6815,5725,19,6,요가
6816,5726,19,6,요가
6817,5727,19,6,요가
6818,5728,19,6,요트
6819,5729,19,6,요트
6820,5730,19,6,웨이트트레이닝
6821,5731,19,6,웨이트트레이닝
6822,5732,19,6,윈드서핑
6823,5733,19,6,윈드서핑
6824,5734,19,6,윈드서핑
6825,5735,19,6,탁구
6826,5736,19,6,탁구
6827,5737,19,6,태권도
6828,5738,19,6,테니스
6829,5739,19,6,테니스
6830,5740,19,6,필라테스
6831,5741,19,6,필라테스
6832,5742,19,6,필라테스
6833,5743,19,6,필라테스
6834,5744,19,6,현대생활과체육
6835,5745,19,6,현대생활과체육
6836,5746,19,6,바디컨디셔닝
6837,5747,19,6,바디컨디셔닝
6838,5748,19,6,바디컨디셔닝
6839,5749,19,6,인공암벽등반
6840,5750,19,6,인공암벽등반
6841,5751,19,6,호신술
6842,5752,18,6,운동과체중관리
6843,5753,33,6,신입생세미나2(기숙교육프로그램)
6844,5754,18,6,전공탐색및기업가정신세미나
6845,5755,18,6,전공탐색및기업가정신세미나
6846,5756,18,6,전공탐색및기업가정신세미나
6847,5757,18,6,전공탐색및기업가정신세미나
6848,5758,18,6,전공탐색및기업가정신세미나
6849,5759,18,6,전공탐색및기업가정신세미나
6850,5760,18,6,전공탐색및기업가정신세미나
6851,5761,18,6,전공탐색및기업가정신세미나
6852,5762,18,6,전공탐색및기업가정신세미나
6853,5763,18,6,전공탐색및기업가정신세미나
6854,5764,18,6,전공탐색및기업가정신세미나
6855,5765,18,6,전공탐색및기업가정신세미나
6856,5766,18,6,전공탐색및기업가정신세미나
6857,5767,18,6,전공탐색및기업가정신세미나
6858,5768,18,6,전공탐색및기업가정신세미나
6859,5769,18,6,전공탐색및기업가정신세미나
6860,5770,18,6,전공탐색및기업가정신세미나
6861,5771,18,6,전공탐색및기업가정신세미나
6862,5772,18,6,전공탐색및기업가정신세미나
6863,5773,18,6,전공탐색및기업가정신세미나
6864,5774,18,6,전공탐색및기업가정신세미나
6865,5775,18,6,전공탐색및기업가정신세미나
6866,5776,18,6,전공탐색및기업가정신세미나
6867,5777,18,6,전공탐색및기업가정신세미나
6868,5778,18,6,전공탐색및기업가정신세미나
6869,5779,18,6,전공탐색및기업가정신세미나
6870,5780,18,6,전공탐색및기업가정신세미나
6871,5781,18,6,전공탐색및기업가정신세미나
6872,5782,18,6,전공탐색및기업가정신세미나
6873,5783,18,6,전공탐색및기업가정신세미나
6874,5784,18,6,전공탐색및기업가정신세미나
6875,5785,18,6,전공탐색및기업가정신세미나
6876,5786,18,6,전공탐색및기업가정신세미나
6877,5787,18,6,전공탐색및기업가정신세미나
6878,5788,18,6,전공탐색및기업가정신세미나
6879,5789,18,6,전공탐색및기업가정신세미나
6880,5790,18,6,전공탐색및기업가정신세미나
6881,5791,18,6,전공탐색및기업가정신세미나
6882,5792,18,6,전공탐색및기업가정신세미나
6883,5793,18,6,전공탐색및기업가정신세미나
6884,5794,18,6,전공탐색및기업가정신세미나
6885,5795,18,6,전공탐색및기업가정신세미나
6886,5796,18,6,전공탐색및기업가정신세미나
6887,5797,18,6,새로운생명체:인공지능
6888,5798,18,6,새로운생명체:인공지능
6889,5799,18,6,소프트웨어적사유
6890,5800,18,6,소프트웨어적사유
6891,5801,18,6,신입생워크숍2:스타트업
6892,5802,18,6,신입생워크숍2:스타트업
6893,5803,18,6,신입생워크숍2:스타트업
6894,5804,18,6,신입생워크숍2:스타트업
6895,5805,18,6,신입생워크숍2:스타트업
6896,5806,18,6,신입생워크숍2:스타트업
6897,5807,18,6,한국어의이해1
6898,5808,18,6,한국어의이해1
6899,5809,18,6,한국어의이해2
6900,5810,18,6,한국어의이해2
6901,5811,18,6,한국어의이해3
6902,5812,18,6,한국어의이해3
6903,5813,18,6,한국어의이해4
6904,5814,18,6,한국어의이해4
6905,5815,18,6,지구를생각하는예술
6906,5816,18,6,용인학
6907,5817,18,6,파이썬과데이터마이닝
848,571,8,3,응용통계학(소프트웨어융합학)
849,572,8,3,데이터사이언스(소프트웨어융합학)
850,573,8,3,데이터사이언스(소프트웨어융합학)
851,574,8,3,경영과학2(소프트웨어융합학)
6908,5818,18,6,지식재산창업
6909,5819,18,6,창업과기업가정신
852,575,8,2,동역학(소프트웨어융합학)
853,576,8,2,동역학(소프트웨어융합학)
854,577,8,2,동역학(소프트웨어융합학)
855,578,8,3,전기전자회로(소프트웨어융합학)
856,579,8,3,전기전자회로(소프트웨어융합학)
857,580,8,3,계측공학(소프트웨어융합학)
858,581,8,3,자동제어(소프트웨어융합학)
859,582,8,2,소프트웨어융합개론
860,583,8,2,디자인적사고
861,583,11,2,디자인적사고(컴퓨터공학과)
862,583,12,2,디자인적사고(인공지능학과)
863,584,8,2,디자인적사고
864,584,11,2,디자인적사고(컴퓨터공학과)
865,584,12,2,디자인적사고(인공지능학과)
866,585,8,2,디자인적사고
867,585,11,2,디자인적사고(컴퓨터공학과)
868,585,12,2,디자인적사고(인공지능학과)
869,586,8,2,디자인적사고
870,586,11,2,디자인적사고(컴퓨터공학과)
871,586,12,2,디자인적사고(인공지능학과)
872,587,8,2,웹/파이선프로그래밍
873,587,11,2,웹/파이선프로그래밍(컴퓨터공학과)
874,587,12,2,웹/파이선프로그래밍(인공지능학과)
875,588,8,2,웹/파이선프로그래밍
876,588,11,2,웹/파이선프로그래밍(컴퓨터공학과)
877,588,12,2,웹/파이선프로그래밍(인공지능학과)
878,589,8,2,소프트웨어개발방법및도구
879,590,8,3,게임프로그래밍입문
880,591,8,3,게임엔진기초
881,592,8,3,데이터센터프로그래밍
882,592,11,3,데이터센터프로그래밍(컴퓨터공학과)
883,592,12,3,데이터센터프로그래밍(인공지능학과)
884,593,8,3,기계학습
885,593,11,2,기계학습(컴퓨터공학과)
886,593,12,2,기계학습(인공지능학과)
887,594,8,3,기계학습
888,594,11,2,기계학습(컴퓨터공학과)
889,594,12,2,기계학습(인공지능학과)
890,595,8,3,기초실감미디어프로그래밍
891,595,11,3,기초실감미디어프로그래밍(컴퓨터공학과)
892,596,8,2,최신기술콜로키움2
893,596,11,2,최신기술콜로키움2(컴퓨터공학과)
894,596,12,2,최신기술콜로키움2(인공지능학과)
895,597,8,3,가상/증강현실이론및실습
896,598,8,3,데이터분석캡스톤디자인
897,599,8,3,데이터분석캡스톤디자인
898,600,8,3,고급데이터마이닝
899,601,8,3,로봇프로그래밍
900,602,8,3,미래자동차·로봇캡스톤디자인
901,603,8,3,융합연구4
902,604,8,3,독립심화학습2(소프트웨어융합학과)
903,605,8,3,독립심화학습2(소프트웨어융합학과)
904,606,8,3,게임콘텐츠캡스톤디자인
905,607,8,3,게임콘텐츠캡스톤디자인
906,608,8,2,소프트웨어융합캡스톤디자인
907,609,8,2,소프트웨어융합캡스톤디자인
908,610,8,2,졸업논문(소프트웨어융합)
909,611,8,3,금융데이터분석
910,612,8,3,데이터사이언스및시각화
911,613,8,3,융합연구6
912,614,8,3,풀스택서비스네트워킹
913,614,11,3,풀스택서비스네트워킹(컴퓨터공학과)
6910,5820,7,1,미분방정식
6911,5821,7,1,미분방정식
6912,5822,7,1,미분방정식
6913,5823,7,1,미분적분학2
6914,5824,7,1,미분적분학2
6915,5825,7,1,미분적분학2
6916,5826,35,1,화학2
6917,5827,34,1,물리학1
6918,5828,34,1,물리학및실험1
6919,5829,34,1,물리학및실험1
6920,5830,37,12,일반생물
914,615,11,8,객체지향프로그래밍
6921,5831,31,4,글쓰기1
6922,5832,31,4,글쓰기2
6923,5833,31,4,글쓰기2
6924,5834,31,4,글쓰기2
6925,5835,31,4,글쓰기2
6926,5836,31,4,글쓰기2
6927,5837,32,4,영어1
6928,5838,32,4,영어2
6929,5839,30,4,시민교육
6930,5840,22,11,빅뱅에서문명까지
6931,5841,22,11,우리가사는세계
6932,5842,22,11,인간의가치탐색
6933,5843,22,11,인간의가치탐색
6934,5844,22,11,세계와시민
6935,5845,22,11,세계와시민
6936,5846,21,4,성찰과표현
6937,5847,20,4,대학영어
6938,5848,20,4,대학영어
6939,5849,21,4,주제연구
6940,5850,21,4,주제연구
6941,5851,21,4,주제연구
6942,5852,21,4,주제연구
6943,5853,44,5,진화와인간본성
6944,5854,42,5,미디어아트와문화
6945,5855,40,5,공학기초수학
6946,5856,42,5,여행을통한인간의삶의가치증진
6947,5857,39,5,시민생활과법
6948,5858,43,5,프로그래밍을통한논리적사유연습
6949,5859,38,5,디지털사진촬영과표현
6950,5860,39,5,고전읽기:그리스비극
6951,5861,39,5,기초일본어
6952,5862,18,6,네트워크의미래
6953,5863,18,6,언어와컴퓨터
6954,5864,18,6,빅데이터를통한세상바로알기:데이터분석코딩
6955,5865,18,6,내손안의소프트웨어
6956,5866,19,6,요트
6957,5867,18,6,새로운생명체:인공지능
6958,5868,18,6,소프트웨어적사유
6959,5869,18,6,지구를생각하는예술
915,616,8,8,웹/파이선프로그래밍
6960,5870,7,1,미분적분학1
6961,5871,7,1,미분적분학1
6962,5872,7,1,미분적분학1
6963,5873,7,1,선형대수
6964,5874,7,1,선형대수
6965,5875,7,1,선형대수
6966,5876,34,1,물리학2
6967,5877,34,1,물리학및실험2
6968,5878,37,12,생물2
6969,5879,37,12,일반생물
916,617,11,8,객체지향프로그래밍
6970,5880,31,4,글쓰기1
6971,5881,31,4,글쓰기2
6972,5882,31,4,글쓰기2
6973,5883,31,4,글쓰기2
6974,5884,31,4,글쓰기2
6975,5885,32,4,영어1
6976,5886,32,4,영어2
6977,5887,30,4,시민교육
6978,5888,22,11,빅뱅에서문명까지
6979,5889,22,11,우리가사는세계
6980,5890,22,11,인간의가치탐색
6981,5891,22,11,인간의가치탐색
6982,5892,22,11,세계와시민
6983,5893,22,11,세계와시민
6984,5894,21,4,성찰과표현
6985,5895,20,4,대학영어
6986,5896,21,4,주제연구
6987,5897,21,4,주제연구
6988,5898,21,4,주제연구
6989,5899,21,4,주제연구
6990,5900,21,4,주제연구
6991,5901,44,5,진화와인간본성
6992,5902,42,5,불교와정신분석학
6993,5903,42,5,영화와문학
6994,5904,40,5,공학기초수학
6995,5905,42,5,다이나믹한국근현대사
6996,5906,43,5,프로그래밍을통한논리적사유연습
6997,5907,39,5,언어와문학의이해
6998,5908,18,6,네트워크의미래
6999,5909,18,6,내손안의소프트웨어
7000,5910,18,6,새로운생명체:인공지능
7001,5911,18,6,소프트웨어적사유
7002,5912,18,6,지구를생각하는예술
917,618,8,8,웹/파이선프로그래밍
918,619,8,8,웹/파이선프로그래밍
919,620,12,1,인공지능개론(인공지능학과)
7003,621,7,1,선형대수
920,621,12,1,선형대수(인공지능학과)
7004,622,7,1,선형대수
921,622,12,1,선형대수(인공지능학과)
7005,5913,7,1,선형대수
7006,5914,7,1,선형대수
7007,5915,7,1,선형대수
7008,5916,7,1,선형대수
7009,5917,7,1,선형대수
7010,5918,7,1,선형대수
7011,5919,7,1,선형대수
7012,5920,7,1,선형대수
7013,5921,7,1,선형대수
7014,5922,7,1,선형대수
7015,5923,7,1,통계학
7016,5924,7,1,통계학
7017,623,7,1,미분적분학
922,623,12,1,미분적분학(인공지능학과)
7018,624,7,1,미분적분학
923,624,12,1,미분적분학(인공지능학과)
7019,5925,7,1,미분적분학
7020,5926,7,1,미분적분학
7021,5927,7,1,미분적분학
7022,5928,7,1,미분적분학
7023,5929,7,1,미분적분학
7024,5930,7,1,미분적분학
7025,5931,7,1,미분적분학
7026,5932,7,1,미분적분학
7027,5933,7,1,미분적분학
7028,5934,7,1,미분적분학
7029,5935,7,1,미분적분학
7030,5936,7,1,미분적분학
7031,5937,7,1,미분적분학
7032,5938,7,1,미분적분학
7033,5939,7,1,미분적분학
7034,5940,7,1,미분적분학
7035,5941,7,1,미분적분학
7036,5942,7,1,미분적분학
7037,5943,7,1,미분적분학
7038,5944,7,1,미분적분학
7039,5945,7,1,미분적분학
7040,5946,7,1,미분적분학
7041,5947,7,1,미분적분학
7042,5948,7,1,미분적분학
7043,5949,7,1,미분적분학
7044,5950,7,1,미분적분학
7045,5951,7,1,미분적분학
7046,5952,7,1,미분적분학
7047,5953,7,1,미분적분학
7048,5954,7,1,미분적분학
7049,5955,7,1,미분적분학
7050,5956,7,1,미분적분학
7051,5957,35,1,화학및실험1
7052,5958,35,1,화학및실험1
7053,5959,35,1,화학및실험1
7054,5960,35,1,화학및실험1
7055,5961,35,1,화학및실험1
7056,5962,35,1,화학및실험1
7057,5963,35,1,화학및실험1
7058,5964,35,1,화학및실험1
7059,5965,35,1,화학및실험1
7060,5966,35,1,화학및실험1
7061,5967,35,1,화학1
7062,5968,35,1,화학1
7063,5969,35,1,화학1
7064,5970,35,1,화학1
7065,5971,35,1,화학1
7066,5972,35,1,화학1
7067,5973,35,1,화학1
7068,5974,35,1,화학1
7069,5975,35,1,일반화학
7070,5976,35,1,일반화학
7071,5977,35,1,일반화학
7072,5978,35,1,일반화학
7073,5979,35,1,일반화학
7074,5980,34,1,물리학1
7075,5981,34,1,물리학1
7076,5982,34,1,물리학1
7077,5983,34,1,물리학1
7078,5984,34,1,물리학1
7079,5985,34,1,물리학1
7080,5986,34,1,물리학1
7081,5987,34,1,물리학1
7082,5988,34,1,물리학1
7083,5989,34,1,물리학1
7084,5990,34,1,물리학1
7085,5991,34,1,물리학및실험1
7086,5992,34,1,물리학및실험1
7087,5993,34,1,물리학및실험1
7088,5994,34,1,물리학및실험1
7089,5995,34,1,물리학및실험1
7090,5996,34,1,물리학및실험1
7091,5997,34,1,물리학및실험1
7092,5998,34,1,물리학및실험1
7093,5999,34,1,물리학및실험1
7094,6000,34,1,물리학및실험1
7095,6001,34,1,물리학및실험1
7096,6002,34,1,물리학및실험1
7097,6003,34,1,물리학및실험1
7098,6004,34,1,물리학및실험1
7099,6005,34,1,물리학및실험1
7100,6006,34,1,물리학및실험1
7101,6007,34,1,물리학및실험1
7102,6008,34,1,물리학및실험1
7103,6009,34,1,물리학및실험1
7104,6010,34,1,물리학및실험1
7105,6011,34,1,물리학및실험1
7106,6012,34,1,물리학및실험1
7107,6013,34,1,일반물리
7108,6014,34,1,일반물리
7109,6015,34,1,일반물리
7110,6016,37,1,생물1
7111,6017,37,1,생물1
7112,6018,37,1,생물1
7113,6019,37,1,생물1
7114,6020,37,1,생물1
7115,6021,37,1,생물1
7116,6022,37,1,일반생물
7117,6023,37,1,일반생물
7118,6024,37,1,일반생물
924,625,11,7,소프트웨어가치탐구
925,626,11,7,소프트웨어가치탐구
926,627,8,2,객체지향프로그래밍(소프트웨어융합학)
927,627,11,2,객체지향프로그래밍
928,627,12,2,객체지향프로그래밍(인공지능학과)
929,628,8,2,객체지향프로그래밍(소프트웨어융합학)
930,628,11,2,객체지향프로그래밍
931,628,12,2,객체지향프로그래밍(인공지능학과)
932,629,11,2,객체지향프로그래밍
933,630,11,3,실감미디어컴퓨팅기초
934,631,8,3,이산구조(소프트웨어융합학)
935,631,11,1,이산구조
936,631,12,1,이산구조(인공지능학과)
937,632,8,3,이산구조(소프트웨어융합학)
938,632,11,1,이산구조
939,632,12,1,이산구조(인공지능학과)
940,633,11,2,컴퓨터구조
941,634,11,2,컴퓨터구조
942,635,11,2,컴퓨터구조
943,636,8,2,자료구조(소프트웨어융합학)
944,636,11,2,자료구조
945,636,12,2,자료구조(인공지능학과)
946,637,8,2,자료구조(소프트웨어융합학)
947,637,11,2,자료구조
948,637,12,2,자료구조(인공지능학과)
949,638,8,2,자료구조(소프트웨어융합학)
950,638,11,2,자료구조
951,638,12,2,자료구조(인공지능학과)
952,639,11,3,UI/UX프로그래밍
953,639,12,3,UI/UX프로그래밍(인공지능학과)
954,640,8,2,운영체제(소프트웨어융합학)
955,640,11,2,운영체제
956,640,12,2,운영체제(인공지능학과)
957,641,8,2,운영체제(소프트웨어융합학)
958,641,11,2,운영체제
959,641,12,2,운영체제(인공지능학과)
960,642,8,2,운영체제(소프트웨어융합학)
961,642,11,2,운영체제
962,642,12,2,운영체제(인공지능학과)
963,643,8,3,컴퓨터네트워크(소프트웨어융합학)
964,643,11,2,컴퓨터네트워크
965,644,8,3,컴퓨터네트워크(소프트웨어융합학)
966,644,11,2,컴퓨터네트워크
967,645,8,3,컴퓨터네트워크(소프트웨어융합학)
968,645,11,2,컴퓨터네트워크
969,646,8,2,알고리즘(소프트웨어융합학)
970,646,11,2,알고리즘
971,646,12,2,알고리즘(인공지능학과)
972,647,8,2,알고리즘(소프트웨어융합학)
973,647,11,2,알고리즘
974,647,12,2,알고리즘(인공지능학과)
975,648,8,2,데이터베이스(소프트웨어융합학)
976,648,11,2,데이터베이스
977,648,12,2,데이터베이스(인공지능학과)
978,649,8,2,데이터베이스(소프트웨어융합학)
979,649,11,2,데이터베이스
980,649,12,2,데이터베이스(인공지능학과)
981,650,11,3,컴파일러
982,651,11,3,메타버스시스템
983,651,12,3,메타버스시스템(인공지능학과)
984,652,8,2,소프트웨어공학(소프트웨어융합학)
985,652,11,2,소프트웨어공학
986,652,12,2,소프트웨어공학(인공지능학과)
987,653,8,3,SW스타트업비즈니스(소프트웨어융합학)
988,653,11,3,SW스타트업비즈니스
989,653,12,3,SW스타트업비즈니스(인공지능학과)
990,654,8,3,딥러닝(소프트웨어융합학)
991,654,11,3,딥러닝
992,654,12,3,딥러닝(인공지능학과)
993,655,8,3,클라우드컴퓨팅(소프트웨어융합학)
994,655,11,3,클라우드컴퓨팅
995,656,8,3,실전기계학습(소프트웨어융합학)
996,656,11,3,실전기계학습
997,656,12,3,실전기계학습(인공지능학과)
998,657,11,2,졸업논문(컴퓨터공학전공)
999,658,11,2,졸업프로젝트
1000,659,11,2,캡스톤디자인
1001,660,11,2,캡스톤디자인
1002,661,11,2,캡스톤디자인
1003,662,11,2,캡스톤디자인
1004,663,11,2,캡스톤디자인
1005,664,11,2,캡스톤디자인
1006,665,11,2,캡스톤디자인
1007,666,11,2,캡스톤디자인
1008,667,11,2,캡스톤디자인
1009,668,11,2,캡스톤디자인
1010,669,11,2,캡스톤디자인
1011,670,11,2,캡스톤디자인
1012,671,11,2,캡스톤디자인
1013,672,11,2,캡스톤디자인
1014,673,11,2,캡스톤디자인
1015,674,11,2,캡스톤디자인
1016,675,11,2,캡스톤디자인
1017,676,11,2,캡스톤디자인
1018,677,11,2,캡스톤디자인
1019,678,11,2,캡스톤디자인
1020,679,11,2,캡스톤디자인
1021,680,11,2,캡스톤디자인
1022,681,11,2,캡스톤디자인
1023,682,11,2,캡스톤디자인
1024,683,11,2,캡스톤디자인
1025,684,11,2,캡스톤디자인
1026,685,11,2,캡스톤디자인
1027,686,8,3,정보보호(소프트웨어융합학)
1028,686,11,3,정보보호
1029,687,8,3,영상처리(소프트웨어융합학)
1030,687,11,3,영상처리
1031,687,12,3,영상처리(인공지능학과)
1032,688,11,3,컴퓨터그래픽스
1033,688,12,3,컴퓨터그래픽스(인공지능학과)
1034,689,8,2,최신기술콜로키움1(소프트웨어융합학)
1035,689,11,3,최신기술콜로키움1
1036,689,12,3,최신기술콜로키움1(인공지능학과)
1037,690,8,3,AIoT소프트웨어(소프트웨어융합학)
1038,690,11,3,AIoT소프트웨어
1039,691,11,3,AIoT네트워크
1040,692,11,3,모바일/웹서비스프로그래밍
1041,693,11,3,독립심화학습1(컴퓨터공학)
1042,694,11,3,독립심화학습1(컴퓨터공학)
1043,695,11,3,독립심화학습1(컴퓨터공학)
1044,696,11,3,연구연수활동1(컴퓨터공학)
7119,6025,17,10,교육사회학
7120,6026,17,10,교육사회학
7121,6027,17,10,교육심리학
7122,6028,17,10,교육심리학
7123,6029,17,10,교육철학및교육사
7124,6030,17,10,교육학개론
7125,6031,17,10,학교폭력 예방 및 학생의 이해
7126,6032,17,10,교직적성및인성검사1
7127,6033,17,10,교직적성및인성검사2
7128,6034,17,10,응급처치및심폐소생술실습1
7129,6035,17,10,응급처치및심폐소생술실습2
7130,6036,17,10,성인지교육1
7131,6037,17,10,성인지교육2
7132,6038,17,10,교육과정
7133,6039,17,10,교육과정
7134,6040,17,10,교육방법및교육공학
7135,6041,17,10,교직실무
7136,6042,17,10,교직실무
7137,6043,17,10,특수교육학개론
7138,6044,17,10,특수교육학개론
7139,6045,17,10,교육봉사활동1
7140,6046,17,10,교육봉사활동2
7141,6047,17,10,학교현장실습
7142,6048,17,10,학교현장실습
7143,6049,17,10,교육행정및교육경영
7144,6050,17,10,교육행정및교육경영
1045,697,11,2,논리회로(컴퓨터공학과)
1046,698,11,2,논리회로(컴퓨터공학과)
1047,699,11,2,논리회로(컴퓨터공학과)
1048,700,11,2,논리회로(컴퓨터공학과)
1049,701,11,3,신호와시스템(컴퓨터공학과)
1050,702,11,3,신호와시스템(컴퓨터공학과)
1051,703,11,3,신호와시스템(컴퓨터공학과)
1052,704,11,3,신호와시스템(컴퓨터공학과)
1053,705,8,1,확률및랜덤변수(소프트웨어융합학)
1054,705,11,1,확률및랜덤변수(컴퓨터공학과)
1055,705,12,1,확률및랜덤변수(인공지능학과)
1056,706,8,1,확률및랜덤변수(소프트웨어융합학)
1057,706,11,1,확률및랜덤변수(컴퓨터공학과)
1058,706,12,1,확률및랜덤변수(인공지능학과)
1059,707,8,1,확률및랜덤변수(소프트웨어융합학)
1060,707,11,1,확률및랜덤변수(컴퓨터공학과)
1061,707,12,1,확률및랜덤변수(인공지능학과)
1062,708,8,1,확률및랜덤변수(소프트웨어융합학)
1063,708,11,1,확률및랜덤변수(컴퓨터공학과)
1064,708,12,1,확률및랜덤변수(인공지능학과)
1065,709,8,1,확률및랜덤변수(소프트웨어융합학)
1066,709,11,1,확률및랜덤변수(컴퓨터공학과)
1067,709,12,1,확률및랜덤변수(인공지능학과)
1068,710,8,1,확률및랜덤변수(소프트웨어융합학)
1069,710,11,1,확률및랜덤변수(컴퓨터공학과)
1070,710,12,1,확률및랜덤변수(인공지능학과)
1071,711,8,3,테크놀로지와디지털콘텐츠(소프트웨어융합학)
7145,6051,36,1,생물학및실험1
7146,6052,36,1,생물학및실험1
7147,6053,22,11,빅뱅에서문명까지
7148,6054,22,11,빅뱅에서문명까지
7149,6055,22,11,빅뱅에서문명까지
7150,6056,22,11,빅뱅에서문명까지
7151,6057,22,11,빅뱅에서문명까지
7152,6058,22,11,빅뱅에서문명까지
7153,6059,22,11,빅뱅에서문명까지
7154,6060,22,11,빅뱅에서문명까지
7155,6061,22,11,빅뱅에서문명까지
7156,6062,22,11,빅뱅에서문명까지
7157,6063,22,11,빅뱅에서문명까지
7158,6064,22,11,빅뱅에서문명까지
7159,6065,22,11,빅뱅에서문명까지
7160,6066,22,11,인간의가치탐색
7161,6067,22,11,인간의가치탐색
7162,6068,22,11,인간의가치탐색
7163,6069,22,11,인간의가치탐색
7164,6070,22,11,인간의가치탐색
7165,6071,22,11,인간의가치탐색
7166,6072,22,11,인간의가치탐색
7167,6073,22,11,인간의가치탐색
7168,6074,22,11,인간의가치탐색
7169,6075,22,11,인간의가치탐색
7170,6076,22,11,인간의가치탐색
7171,6077,22,11,인간의가치탐색
7172,6078,22,11,인간의가치탐색
7173,6079,22,11,인간의가치탐색
7174,6080,22,11,인간의가치탐색
7175,6081,22,11,인간의가치탐색
7176,6082,22,11,인간의가치탐색
7177,6083,22,11,인간의가치탐색
7178,6084,22,11,인간의가치탐색
7179,6085,22,11,인간의가치탐색
7180,6086,22,11,인간의가치탐색
7181,6087,22,11,인간의가치탐색
7182,6088,22,11,인간의가치탐색
7183,6089,22,11,인간의가치탐색
7184,6090,22,11,인간의가치탐색
7185,6091,22,11,인간의가치탐색
7186,6092,22,11,인간의가치탐색
7187,6093,22,11,인간의가치탐색
7188,6094,22,11,인간의가치탐색
7189,6095,22,11,인간의가치탐색
7190,6096,22,11,인간의가치탐색
7191,6097,22,11,인간의가치탐색
7192,6098,22,11,인간의가치탐색
7193,6099,22,11,인간의가치탐색
7194,6100,22,11,인간의가치탐색
7195,6101,22,11,인간의가치탐색
7196,6102,22,11,인간의가치탐색
7197,6103,22,11,인간의가치탐색
7198,6104,22,11,인간의가치탐색
7199,6105,22,11,인간의가치탐색
7200,6106,22,11,인간의가치탐색
7201,6107,22,11,인간의가치탐색
7202,6108,22,11,인간의가치탐색
7203,6109,22,11,인간의가치탐색
7204,6110,22,11,인간의가치탐색
7205,6111,22,11,인간의가치탐색
7206,6112,22,11,인간의가치탐색
7207,6113,22,11,인간의가치탐색
7208,6114,22,11,인간의가치탐색
7209,6115,22,11,인간의가치탐색
7210,6116,22,11,인간의가치탐색
7211,6117,22,11,인간의가치탐색
7212,6118,22,11,인간의가치탐색
7213,6119,22,11,세계와시민
7214,6120,22,11,세계와시민
7215,6121,22,11,세계와시민
7216,6122,22,11,세계와시민
7217,6123,22,11,세계와시민
7218,6124,22,11,세계와시민
7219,6125,22,11,세계와시민
7220,6126,22,11,세계와시민
7221,6127,22,11,세계와시민
7222,6128,22,11,세계와시민
7223,6129,22,11,세계와시민
7224,6130,22,11,세계와시민
7225,6131,22,11,세계와시민
7226,6132,22,11,세계와시민
7227,6133,22,11,세계와시민
7228,6134,22,11,세계와시민
7229,6135,22,11,세계와시민
7230,6136,22,11,세계와시민
7231,6137,22,11,세계와시민
7232,6138,22,11,세계와시민
7233,6139,22,11,세계와시민
7234,6140,22,11,세계와시민
7235,6141,22,11,세계와시민
7236,6142,22,11,세계와시민
7237,6143,22,11,세계와시민
7238,6144,22,11,세계와시민
7239,6145,22,11,세계와시민
7240,6146,22,11,세계와시민
7241,6147,22,11,세계와시민
7242,6148,22,11,세계와시민
7243,6149,22,11,세계와시민
7244,6150,22,11,세계와시민
7245,6151,22,11,세계와시민
7246,6152,22,11,세계와시민
7247,6153,22,11,세계와시민
7248,6154,22,11,세계와시민
7249,6155,22,11,세계와시민
7250,6156,22,11,세계와시민
7251,6157,22,11,세계와시민
7252,6158,22,11,세계와시민
7253,6159,22,11,세계와시민
7254,6160,22,11,세계와시민
7255,6161,22,11,세계와시민
7256,6162,22,11,세계와시민
7257,6163,22,11,세계와시민
7258,6164,22,11,세계와시민
7259,6165,22,11,세계와시민
7260,6166,22,11,세계와시민
7261,6167,22,11,세계와시민
7262,6168,21,4,성찰과표현
7263,6169,21,4,성찰과표현
7264,6170,21,4,성찰과표현
7265,6171,21,4,성찰과표현
7266,6172,21,4,성찰과표현
7267,6173,21,4,성찰과표현
7268,6174,21,4,성찰과표현
7269,6175,21,4,성찰과표현
7270,6176,21,4,성찰과표현
7271,6177,21,4,성찰과표현
7272,6178,21,4,성찰과표현
7273,6179,21,4,성찰과표현
7274,6180,21,4,성찰과표현
7275,6181,21,4,성찰과표현
7276,6182,21,4,성찰과표현
7277,6183,21,4,성찰과표현
7278,6184,21,4,성찰과표현
7279,6185,21,4,성찰과표현
7280,6186,21,4,성찰과표현
7281,6187,21,4,성찰과표현
7282,6188,21,4,성찰과표현
7283,6189,21,4,성찰과표현
7284,6190,21,4,성찰과표현
7285,6191,21,4,성찰과표현
7286,6192,21,4,성찰과표현
7287,6193,21,4,성찰과표현
7288,6194,21,4,성찰과표현
7289,6195,21,4,성찰과표현
7290,6196,21,4,성찰과표현
7291,6197,21,4,성찰과표현
7292,6198,21,4,성찰과표현
7293,6199,21,4,성찰과표현
7294,6200,21,4,성찰과표현
7295,6201,21,4,성찰과표현
7296,6202,21,4,성찰과표현
7297,6203,21,4,성찰과표현
7298,6204,21,4,성찰과표현
7299,6205,21,4,성찰과표현
7300,6206,21,4,성찰과표현
7301,6207,21,4,성찰과표현
7302,6208,21,4,성찰과표현
7303,6209,21,4,성찰과표현
7304,6210,21,4,성찰과표현
7305,6211,21,4,성찰과표현
7306,6212,21,4,성찰과표현
7307,6213,21,4,성찰과표현
7308,6214,21,4,성찰과표현
7309,6215,21,4,성찰과표현
7310,6216,21,4,성찰과표현
7311,6217,21,4,성찰과표현
7312,6218,21,4,성찰과표현
7313,6219,20,4,대학영어
7314,6220,20,4,대학영어
7315,6221,20,4,대학영어
7316,6222,20,4,대학영어
7317,6223,20,4,대학영어
7318,6224,20,4,대학영어
7319,6225,20,4,대학영어
7320,6226,20,4,대학영어
7321,6227,20,4,대학영어
7322,6228,20,4,대학영어
7323,6229,20,4,대학영어
7324,6230,20,4,대학영어
7325,6231,20,4,대학영어
7326,6232,20,4,대학영어
7327,6233,20,4,대학영어
7328,6234,20,4,대학영어
7329,6235,20,4,대학영어
7330,6236,20,4,대학영어
7331,6237,20,4,대학영어
7332,6238,20,4,대학영어
7333,6239,20,4,대학영어
7334,6240,20,4,대학영어
7335,6241,20,4,대학영어
7336,6242,20,4,대학영어
7337,6243,20,4,대학영어
7338,6244,20,4,대학영어
7339,6245,20,4,대학영어
7340,6246,20,4,대학영어
7341,6247,21,4,주제연구
7342,6248,21,4,주제연구
7343,6249,21,4,주제연구
7344,6250,21,4,주제연구
7345,6251,21,4,주제연구
7346,6252,21,4,주제연구
7347,6253,21,4,주제연구
7348,6254,21,4,주제연구
7349,6255,21,4,주제연구
7350,6256,21,4,주제연구
7351,6257,21,4,주제연구
7352,6258,21,4,주제연구
7353,6259,21,4,주제연구
7354,6260,21,4,주제연구
7355,6261,21,4,주제연구
7356,6262,21,4,주제연구
7357,6263,21,4,주제연구
7358,6264,21,4,주제연구
7359,6265,21,4,주제연구
7360,6266,21,4,주제연구
7361,6267,21,4,주제연구
7362,6268,21,4,주제연구
7363,6269,21,4,주제연구
7364,6270,21,4,주제연구
7365,6271,21,4,주제연구
7366,6272,21,4,주제연구
7367,6273,21,4,주제연구
7368,6274,21,4,주제연구
7369,6275,21,4,주제연구
7370,6276,21,4,주제연구
7371,6277,21,4,주제연구
7372,6278,21,4,주제연구
7373,6279,21,4,주제연구
7374,6280,21,4,주제연구
7375,6281,21,4,주제연구
7376,6282,21,4,주제연구
7377,6283,21,4,주제연구
7378,6284,21,4,주제연구
7379,6285,21,4,주제연구
7380,6286,21,4,주제연구
7381,6287,43,5,무한의힘
7382,6288,41,5,마음챙김과비폭력대화
7383,6289,43,5,롤러코스터의과학:퍼텐셜
7384,6290,44,5,만성질병과건강관리
7385,6291,39,5,Greek Mythology and Creative Writing
7386,6292,41,5,문명패러다임의혁명:서구근대화과정의현재적이해
7387,6293,38,5,청춘을위한영화예찬
7388,6294,44,5,숲과생활
7389,6295,42,5,한국고전문학과영상
7390,6296,41,5,개인의탄생:시공간의재편
7391,6297,42,5,근대의시선과공간:뮤지엄과엑스포
7392,6298,44,5,폭력의진화:통섭적관점
7393,6299,43,5,금융과IT의미래
7394,6300,41,5,세계속한국의생존과파워
7395,6301,44,5,몸과생명
7396,6302,44,5,몸의발견
7397,6303,44,5,"생명,영원한블루오션"
7398,6304,40,5,생명과학의미래
7399,6305,44,5,스마트식생활과건강
7400,6306,44,5,진화와인간본성
7401,6307,44,5,인체와생명
7402,6308,40,5,고양이의물리학:자연계의숨은법칙
7403,6309,40,5,고양이의물리학:자연계의숨은법칙
7404,6310,44,5,불편한진실:기후변화
7405,6311,40,5,원자의춤
7406,6312,40,5,인간과생활속의로봇
7407,6313,40,5,인간과생활속의로봇
7408,6314,40,5,특허와지적재산권
7409,6315,40,5,특허와지적재산권
7410,6316,44,5,하천문화의이해와르네상스
7411,6317,44,5,우주:별을잊은그대에게
7412,6318,44,5,우주:별을잊은그대에게
7413,6319,44,5,인류역사를바꾼첨단재료
7414,6320,43,5,큰맥락에서사고하기:시스템다이나믹스
7415,6321,42,5,가면의축제:동서양연희의문명사
7416,6322,42,5,과학예술문화의만남
7417,6323,42,5,미디어아트와문화
7418,6324,42,5,인문학과문화콘텐츠
7419,6325,38,5,커뮤니케이션과디자인
7420,6326,42,5,불교와정신분석학
7421,6327,42,5,매체와메시지:미디어의이해
7422,6328,42,5,영화와문학
7423,6329,42,5,고전과여성
7424,6330,42,5,작곡의밑그림:화성학
7425,6331,42,5,명작에취하다:예술 감상법
7426,6332,39,5,인간행동의이해:심리학
7427,6333,42,5,짝짓기의진화심리학
7428,6334,42,5,음식과문화:글로벌&로컬트렌드와이슈
7429,6335,41,5,경제학적사유의원리
7430,6336,40,5,공학과경영
7431,6337,41,5,"법,질서,국가"
7432,6338,41,5,"법,질서,국가"
7433,6339,41,5,예술을통한공동체만들기
7434,6340,41,5,정치학적사유의원리
7435,6341,41,5,한국사회의정치적이슈들
7436,6342,41,5,행복이란무엇인가
7437,6343,41,5,기술혁신과전략의융합
7438,6344,41,5,대학생을위한실용금융
7439,6345,41,5,On Justice
7440,6346,39,5,SF영화의상상력:미래의평화와윤리
7441,6347,41,5,동아시아문명론
7442,6348,41,5,동아시아의서양문명수용론
7443,6349,41,5,두얼굴의인류사:전쟁과평화
7444,6350,41,5,십자가와초승달:기독교와이슬람
7445,6351,41,5,평화와갈등
7446,6352,41,5,아시아공동체론
7447,6353,40,5,프로그래밍입문
7448,6354,40,5,공학기초수학
7449,6355,40,5,기초 미분적분학
7450,6356,40,5,생명의언어
7451,6357,42,5,국화와칼:만들어진일본의전통
7452,6358,42,5,사농공상:역사의주연과조연
7453,6359,42,5,설탕과소금:사소한것들의역사
7454,6360,42,5,실크로드와누들로드:문명의창조와전달
7455,6361,42,5,한국근현대사의이해
7456,6362,42,5,황하와장강:중국역사의발자취
7457,6363,42,5,다이나믹한국근현대사
7458,6364,42,5,삼국지인문학
7459,6365,42,5,영화로보는스포츠문화
7460,6366,42,5,여행을통한인간의삶의가치증진
7461,6367,42,5,일상의공연학
7462,6368,39,5,시민생활과법
7463,6369,39,5,그리스신화와철학
7464,6370,39,5,영화로읽는도시인문학:환동해도시와문화지리
7465,6371,39,5,유럽문화와도시문명
7466,6372,39,5,현대사회키워드로스포츠읽기
7467,6373,43,5,프로그래밍을통한논리적사유연습
7468,6374,43,5,프로그래밍을통한논리적사유연습
7469,6375,43,5,빅데이터와스포츠산업
7470,6376,38,5,새김과찍기:현대판화
7471,6377,38,5,아이디어를시각화하기
7472,6378,38,5,디지털사진촬영과표현
7473,6379,38,5,만화로세상보기
7474,6380,38,5,사운드와테크놀로지
7475,6381,38,5,생활속의공예:미와쓰임새
7476,6382,38,5,지구화시대의미학극장
7477,6383,39,5,고전읽기:그리스비극
7478,6384,39,5,고전읽기:프로이트
7479,6385,39,5,고전읽기:박경리토지
7480,6386,39,5,국가폭력과트라우마
7481,6387,39,5,글로벌라틴아메리카
7482,6388,39,5,라틴아메리카문학과예술
7483,6389,39,5,수사학과영작문
7484,6390,39,5,언어와문학의이해
7485,6391,39,5,하이쿠의세계
7486,6392,39,5,한자의이해
7487,6393,39,5,초급일본어
7488,6394,39,5,초급중국어
7489,6395,38,5,공공미술과사회:공공미술프로젝트
7490,6396,38,5,예술치료의원리와실제
7491,6397,38,5,컴퓨터그래픽기초
7492,6398,38,5,컴퓨터그래픽기초
7493,6399,38,5,클래식음악산책
7494,6400,38,5,패션디자인의세계
7495,6401,38,5,합창의재발견
7496,6402,39,5,기초중국어
7497,6403,39,5,기초중국어
7498,6404,39,5,기초중국어
7499,6405,39,5,기초일본어
7500,6406,39,5,기초일본어
7501,6407,39,5,기초일본어
7502,6408,39,5,기초스페인어
7503,6409,39,5,기초스페인어
7504,6410,39,5,기초스페인어
7505,6411,39,5,기초스페인어
7506,6412,39,5,기초러시아어
7507,6413,39,5,기초러시아어
7508,6414,39,5,기초프랑스어
7509,6415,39,5,기초프랑스어
7510,6416,39,5,기초프랑스어
7511,6417,41,5,관계를읽는시간
7512,6418,39,5,마녀사냥:그광기의역사
7513,6419,44,5,질병의진화적이해:우리는왜아픈걸까
7514,6420,43,5,창의적사고기법실습
7515,6421,41,5,문명감염그리고진화
7516,6422,41,5,위대한발견의통합적관찰
7517,6423,38,5,고전명작과예술의문명사
7518,6424,43,5,숨겨진패턴
7519,6425,40,5,코딩하는아티스트
7520,6426,40,5,전기와자기의만남
7521,6427,39,5,언어의신비를찾아서
7522,6428,39,5,라틴어와서구문명
7523,6429,38,5,그림속의인문학
7524,6430,18,6,사물인터넷과미래사회
7525,6431,18,6,언어와컴퓨터
7526,6432,18,6,응급처치및안전관리
7527,6433,18,6,한국어1(교양)
7528,6434,18,6,한국어2(교양)
7529,6435,18,6,글로벌세미나
7530,6436,18,6,글로벌세미나
7531,6437,18,6,글로벌세미나
7532,6438,18,6,글로벌세미나
7533,6439,18,6,글로벌세미나
7534,6440,18,6,후마니타스세미나
7535,6441,18,6,후마니타스세미나
7536,6442,18,6,후마니타스세미나
7537,6443,18,6,후마니타스세미나
7538,6444,18,6,후마니타스세미나
7539,6445,18,6,후마니타스세미나
7540,6446,18,6,후마니타스세미나
7541,6447,18,6,후마니타스세미나
7542,6448,18,6,후마니타스세미나
7543,6449,18,6,독립연구1
7544,6450,18,6,빅데이터를통한세상바로알기:R로배우는데이터분석코딩
7545,6451,18,6,앱인벤터로배우는코딩세상
7546,6452,18,6,앱인벤터로배우는코딩세상
7547,6453,18,6,파이썬으로배우는소프트웨어코딩
7548,6454,18,6,파이썬으로배우는소프트웨어코딩
7549,6455,19,6,레크레이션
7550,6456,19,6,배드민턴
7551,6457,19,6,배드민턴
7552,6458,19,6,스포츠명가에게배우는재미와감동
7553,6459,19,6,요가
7554,6460,19,6,요가
7555,6461,19,6,요트
7556,6462,19,6,요트
7557,6463,19,6,요트
7558,6464,19,6,웨이트트레이닝
7559,6465,19,6,웨이트트레이닝
7560,6466,19,6,윈드서핑
7561,6467,19,6,윈드서핑
7562,6468,19,6,윈드서핑
7563,6469,19,6,윈드서핑
7564,6470,19,6,탁구
7565,6471,19,6,탁구
7566,6472,19,6,태권도
7567,6473,19,6,테니스
7568,6474,19,6,테니스
7569,6475,19,6,테니스
7570,6476,19,6,필라테스
7571,6477,19,6,필라테스
7572,6478,19,6,필라테스
7573,6479,19,6,필라테스
7574,6480,19,6,현대생활과체육
7575,6481,19,6,현대생활과체육
7576,6482,19,6,행복한여가를위한야외활동
7577,6483,19,6,행복한여가를위한야외활동
7578,6484,19,6,행복한여가를위한야외활동
7579,6485,19,6,인공암벽등반
7580,6486,19,6,호신술
7581,6487,18,6,운동과체중관리
7582,6488,18,6,새로운생명체:인공지능
7583,6489,18,6,새로운생명체:인공지능
7584,6490,18,6,소프트웨어적사유
7585,6491,18,6,소프트웨어적사유
7586,6492,18,6,신입생워크숍1:워밍업
7587,6493,18,6,신입생워크숍1:워밍업
7588,6494,18,6,신입생워크숍1:워밍업
7589,6495,18,6,신입생워크숍1:워밍업
7590,6496,18,6,신입생워크숍1:워밍업
7591,6497,18,6,한국어의이해1
7592,6498,18,6,한국어의이해1
7593,6499,18,6,한국어의이해2
7594,6500,18,6,한국어의이해2
7595,6501,18,6,한국어의이해3
7596,6502,18,6,한국어의이해3
7597,6503,18,6,한국어의이해4
7598,6504,18,6,한국어의이해4
7599,6505,18,6,용인학
7600,6506,18,6,파이썬과데이터마이닝
7601,6507,18,6,공학도를위한소프트스킬
7602,6508,18,6,컴퓨터게임개론:이론과기술
7603,6509,18,6,인터넷과메타버스
7604,6510,18,6,소프트웨어개발자를위한C프로그래밍
7605,6511,18,6,소프트웨어개발자를위한C프로그래밍
7606,6512,18,6,지구를생각하는인공지능
1072,712,8,3,경영과학1(소프트웨어융합학)
1073,713,8,3,경영과학1(소프트웨어융합학)
1074,714,8,3,데이터마이닝(소프트웨어융합학)
1075,715,8,3,금융공학(소프트웨어융합학)
1076,716,8,3,서비스데이터사이언스(소프트웨어융합학)
7607,6513,18,6,기업윤리와사회적책임
7608,6514,18,6,지식재산창업
1077,717,8,3,메카트로닉스(소프트웨어융합학)
1078,718,8,3,시스템동역학(소프트웨어융합학)
1079,719,8,3,시스템동역학(소프트웨어융합학)
1080,720,8,3,로봇공학(소프트웨어융합학)
1081,721,8,2,디자인적사고
1082,721,11,2,디자인적사고(컴퓨터공학과)
1083,721,12,2,디자인적사고(인공지능학과)
1084,722,8,2,디자인적사고
1085,722,11,2,디자인적사고(컴퓨터공학과)
1086,722,12,2,디자인적사고(인공지능학과)
1087,723,8,2,웹/파이선프로그래밍
1088,723,11,2,웹/파이선프로그래밍(컴퓨터공학과)
1089,723,12,2,웹/파이선프로그래밍(인공지능학과)
1090,724,8,2,웹/파이선프로그래밍
1091,724,11,2,웹/파이선프로그래밍(컴퓨터공학과)
1092,724,12,2,웹/파이선프로그래밍(인공지능학과)
1093,725,8,2,웹/파이선프로그래밍
1094,726,8,2,오픈소스SW개발방법및도구
1095,726,11,2,오픈소스SW개발방법및도구(컴퓨터공학과)
1096,727,8,3,마이크로서비스프로그래밍
1097,727,11,3,마이크로서비스프로그래밍(컴퓨터공학과)
1098,727,12,3,마이크로서비스프로그래밍(인공지능학과)
1099,728,8,3,융합연구1
1100,729,8,3,기계학습
1101,729,11,2,기계학습(컴퓨터공학과)
1102,729,12,2,기계학습(인공지능학과)
1103,730,8,3,기계학습
1104,730,11,2,기계학습(컴퓨터공학과)
1105,730,12,2,기계학습(인공지능학과)
1106,731,8,3,기계학습
1107,731,11,2,기계학습(컴퓨터공학과)
1108,731,12,2,기계학습(인공지능학과)
1109,732,8,3,회로와신호
1110,732,11,3,회로와신호(컴퓨터공학과)
1111,733,8,3,게임그래픽프로그래밍
1112,733,11,3,게임그래픽프로그래밍(컴퓨터공학과)
1113,734,8,3,체감형기술이론및실습
1114,734,11,3,체감형기술이론및실습(컴퓨터공학과)
1115,735,8,3,게임공학
1116,736,8,3,데이터분석캡스톤디자인
1117,737,8,3,데이터분석캡스톤디자인
1118,738,8,3,데이터분석캡스톤디자인
1119,739,8,3,데이터분석캡스톤디자인
1120,740,8,3,로봇·비전캡스톤디자인
1121,741,8,3,융합연구3
1122,742,8,3,독립심화학습1(소프트웨어융합학과)
1123,743,8,3,3D데이터처리
1124,743,11,3,3D데이터처리(컴퓨터공학과)
1125,744,8,3,게임콘텐츠캡스톤디자인
1126,745,8,3,게임콘텐츠캡스톤디자인
1127,746,8,3,게임콘텐츠캡스톤디자인
1128,747,8,3,게임콘텐츠캡스톤디자인
1129,748,8,3,게임콘텐츠캡스톤디자인
1130,749,8,3,게임콘텐츠캡스톤디자인
1131,750,8,2,소프트웨어융합캡스톤디자인
1132,751,8,2,소프트웨어융합캡스톤디자인
1133,752,8,2,소프트웨어융합캡스톤디자인
1134,753,8,2,소프트웨어융합캡스톤디자인
1135,754,8,2,소프트웨어융합캡스톤디자인
1136,755,8,2,소프트웨어융합캡스톤디자인
1137,756,8,2,소프트웨어융합캡스톤디자인
1138,757,8,2,소프트웨어융합캡스톤디자인
1139,758,8,2,소프트웨어융합캡스톤디자인
1140,759,8,2,소프트웨어융합캡스톤디자인
1141,760,8,2,소프트웨어융합캡스톤디자인
1142,761,8,2,소프트웨어융합캡스톤디자인
1143,762,8,2,소프트웨어융합캡스톤디자인
1144,763,8,2,소프트웨어융합캡스톤디자인
1145,764,8,2,소프트웨어융합캡스톤디자인
1146,765,8,2,소프트웨어융합캡스톤디자인
1147,766,8,2,소프트웨어융합캡스톤디자인
1148,767,8,2,소프트웨어융합캡스톤디자인
1149,768,8,2,소프트웨어융합캡스톤디자인
1150,769,8,2,소프트웨어융합캡스톤디자인
1151,770,8,2,소프트웨어융합캡스톤디자인
1152,771,8,2,소프트웨어융합캡스톤디자인
1153,772,8,2,소프트웨어융합캡스톤디자인
1154,773,8,2,졸업논문(소프트웨어융합)
1155,774,8,3,융합연구5
1156,775,8,3,인공지능과게임프로그래밍
1157,775,11,3,인공지능과게임프로그래밍(컴퓨터공학과)
1158,775,12,3,인공지능과게임프로그래밍(인공지능학과)
1159,776,8,3,풀스택서비스네트워킹
1160,776,11,3,풀스택서비스네트워킹(컴퓨터공학과)
1161,777,8,3,강화학습
1162,777,11,3,강화학습(컴퓨터공학과)
1163,778,11,3,인공지능프로그래밍(컴퓨터공학과)
1164,778,12,2,인공지능프로그래밍
1165,779,12,1,인공지능수학
7609,6515,7,1,미분방정식
7610,6516,7,1,미분방정식
7611,6517,7,1,미분방정식
7612,6518,7,1,미분방정식
7613,6519,7,1,미분방정식
7614,6520,7,1,미분방정식
7615,6521,7,1,미분방정식
7616,780,7,1,미분방정식
1166,780,8,1,미분방정식(소프트웨어융합학)
1167,780,11,1,미분방정식(컴퓨터공학과)
7617,781,7,1,미분방정식
1168,781,8,1,미분방정식(소프트웨어융합학)
1169,781,11,1,미분방정식(컴퓨터공학과)
7618,782,7,1,미분방정식
1170,782,8,1,미분방정식(소프트웨어융합학)
1171,782,11,1,미분방정식(컴퓨터공학과)
7619,783,7,1,미분방정식
1172,783,8,1,미분방정식(소프트웨어융합학)
1173,783,11,1,미분방정식(컴퓨터공학과)
7620,784,7,1,미분방정식
1174,784,8,1,미분방정식(소프트웨어융합학)
1175,784,11,1,미분방정식(컴퓨터공학과)
7621,785,7,1,미분방정식
1176,785,8,1,미분방정식(소프트웨어융합학)
1177,785,11,1,미분방정식(컴퓨터공학과)
7622,6522,7,1,미분방정식
7623,6523,7,1,미분방정식
7624,6524,7,1,미분방정식
7625,6525,7,1,고급미분적분학
7626,6526,7,1,고급미분적분학
7627,6527,7,1,고급미분적분학
7628,6528,7,1,고급미분적분학
7629,6529,7,1,고급미분적분학
7630,6530,7,1,고급미분적분학
7631,6531,7,1,고급미분적분학
7632,6532,7,1,고급미분적분학
7633,6533,7,1,고급미분적분학
7634,6534,7,1,고급미분적분학
7635,6535,7,1,고급미분적분학
7636,6536,7,1,고급미분적분학
7637,6537,7,1,고급미분적분학
7638,6538,7,1,고급미분적분학
7639,6539,7,1,고급미분적분학
7640,6540,7,1,통계학
7641,6541,7,1,통계학
7642,6542,35,1,화학및실험2
7643,6543,35,1,화학및실험2
7644,6544,35,1,화학및실험2
7645,6545,35,1,화학및실험2
7646,6546,35,1,화학및실험2
7647,6547,35,1,화학및실험2
7648,6548,35,1,화학2
7649,6549,35,1,화학2
7650,6550,35,1,화학2
7651,6551,35,1,화학2
7652,6552,35,1,화학2
7653,6553,35,1,화학2
7654,6554,35,1,일반화학
7655,6555,35,1,일반화학
7656,6556,35,1,일반화학
7657,6557,35,1,일반화학
7658,6558,35,1,일반화학
7659,6559,35,1,일반화학
7660,6560,34,1,물리학2
7661,6561,34,1,물리학2
7662,6562,34,1,물리학2
7663,6563,34,1,물리학2
7664,6564,34,1,물리학2
7665,6565,34,1,물리학2
7666,6566,34,1,물리학2
7667,6567,34,1,물리학2
7668,6568,34,1,물리학2
7669,6569,34,1,물리학2
7670,6570,34,1,물리학및실험2
7671,6571,34,1,물리학및실험2
7672,6572,34,1,물리학및실험2
7673,6573,34,1,물리학및실험2
7674,6574,34,1,물리학및실험2
7675,6575,34,1,물리학및실험2
7676,6576,34,1,물리학및실험2
7677,6577,34,1,물리학및실험2
7678,6578,34,1,물리학및실험2
7679,6579,34,1,일반물리
7680,6580,34,1,일반물리
7681,6581,34,1,일반물리
7682,6582,34,1,일반물리
7683,6583,34,1,일반물리
7684,6584,37,1,생물2
7685,6585,37,1,생물2
7686,6586,37,1,생물2
7687,6587,37,1,생물2
7688,6588,37,1,생물2
7689,6589,37,1,일반생물
7690,6590,37,1,일반생물
1178,786,8,2,객체지향프로그래밍(소프트웨어융합학)
1179,786,11,2,객체지향프로그래밍
1180,786,12,2,객체지향프로그래밍(인공지능학과)
1181,787,8,2,객체지향프로그래밍(소프트웨어융합학)
1182,787,11,2,객체지향프로그래밍
1183,787,12,2,객체지향프로그래밍(인공지능학과)
1184,788,11,2,객체지향프로그래밍
1185,788,12,2,객체지향프로그래밍(인공지능학과)
1186,789,11,3,실감미디어컴퓨팅기초
1187,790,8,3,이산구조(소프트웨어융합학)
1188,790,11,1,이산구조
1189,790,12,1,이산구조(인공지능학과)
1190,791,11,2,컴퓨터구조
1191,792,11,2,컴퓨터구조
1192,793,11,2,컴퓨터구조
1193,794,8,2,자료구조(소프트웨어융합학)
1194,794,11,2,자료구조
1195,794,12,2,자료구조(인공지능학과)
1196,795,8,2,자료구조(소프트웨어융합학)
1197,795,11,2,자료구조
1198,795,12,2,자료구조(인공지능학과)
1199,796,8,2,자료구조(소프트웨어융합학)
1200,796,11,2,자료구조
1201,796,12,2,자료구조(인공지능학과)
1202,797,8,2,운영체제(소프트웨어융합학)
1203,797,11,2,운영체제
1204,797,12,2,운영체제(인공지능학과)
1205,798,8,2,운영체제(소프트웨어융합학)
1206,798,11,2,운영체제
1207,798,12,2,운영체제(인공지능학과)
1208,799,8,3,컴퓨터네트워크(소프트웨어융합학)
1209,799,11,2,컴퓨터네트워크
1210,800,8,3,컴퓨터네트워크(소프트웨어융합학)
1211,800,11,2,컴퓨터네트워크
1212,801,8,3,컴퓨터네트워크(소프트웨어융합학)
1213,801,11,2,컴퓨터네트워크
1214,802,8,3,컴퓨터네트워크(소프트웨어융합학)
1215,802,11,2,컴퓨터네트워크
1216,803,8,2,알고리즘(소프트웨어융합학)
1217,803,11,2,알고리즘
1218,803,12,2,알고리즘(인공지능학과)
1219,804,8,2,알고리즘(소프트웨어융합학)
1220,804,11,2,알고리즘
1221,804,12,2,알고리즘(인공지능학과)
1222,805,8,2,데이터베이스(소프트웨어융합학)
1223,805,11,2,데이터베이스
1224,805,12,2,데이터베이스(인공지능학과)
1225,806,8,2,데이터베이스(소프트웨어융합학)
1226,806,11,2,데이터베이스
1227,806,12,2,데이터베이스(인공지능학과)
1228,807,8,2,소프트웨어공학(소프트웨어융합학)
1229,807,11,2,소프트웨어공학
1230,808,11,3,프로그래밍언어론
1231,809,8,3,딥러닝(소프트웨어융합학)
1232,809,11,3,딥러닝
1233,809,12,2,딥러닝(인공지능학과)
1234,810,8,3,리눅스시스템프로그래밍(소프트웨어융합학)
1235,810,11,3,리눅스시스템프로그래밍
1236,811,11,3,SW스타트업프로젝트
1237,812,11,2,졸업논문(컴퓨터공학전공)
1238,813,11,2,졸업프로젝트
1239,814,11,2,졸업프로젝트
1240,815,11,2,캡스톤디자인
1241,816,11,2,캡스톤디자인
1242,817,11,2,캡스톤디자인
1243,818,11,2,캡스톤디자인
1244,819,11,2,캡스톤디자인
1245,820,11,2,캡스톤디자인
1246,821,11,2,캡스톤디자인
1247,822,11,2,캡스톤디자인
1248,823,11,2,캡스톤디자인
1249,824,11,2,캡스톤디자인
1250,825,11,2,캡스톤디자인
1251,826,11,2,캡스톤디자인
1252,827,11,2,캡스톤디자인
1253,828,11,2,캡스톤디자인
1254,829,11,2,캡스톤디자인
1255,830,11,2,캡스톤디자인
1256,831,11,2,캡스톤디자인
1257,832,11,3,메타버스데이터처리
1258,833,11,3,클라우드프로젝트
1259,834,8,3,컴퓨터비젼(소프트웨어융합학)
1260,834,11,3,컴퓨터비젼
1261,834,12,3,컴퓨터비젼(인공지능학과)
1262,835,11,3,모바일/웹서비스프로젝트
1263,836,11,3,소프트웨어보안
1264,837,11,3,연구연수활동2(컴퓨터공학)
1265,838,11,3,독립심화학습2(컴퓨터공학과)
1266,839,11,3,독립심화학습2(컴퓨터공학과)
1267,840,11,3,독립심화학습2(컴퓨터공학과)
7691,6591,17,10,교육사회학
7692,6592,17,10,교육사회학
7693,6593,17,10,교육심리학
7694,6594,17,10,교육심리학
7695,6595,17,10,교육철학및교육사
7696,6596,17,10,교육학개론
7697,6597,17,10,학교폭력 예방 및 학생의 이해
7698,6598,17,10,교직적성및인성검사1
7699,6599,17,10,교직적성및인성검사2
7700,6600,17,10,응급처치및심폐소생술실습1
7701,6601,17,10,응급처치및심폐소생술실습2
7702,6602,17,10,성인지교육1
7703,6603,17,10,성인지교육2
7704,6604,17,10,교육방법및교육공학
7705,6605,17,10,교육평가
7706,6606,17,10,교직실무
7707,6607,17,10,특수교육학개론
7708,6608,17,10,교육봉사활동1
7709,6609,17,10,교육봉사활동2
7710,6610,17,10,교육행정및교육경영
7711,6611,17,10,교육행정및교육경영
1268,841,11,2,논리회로(컴퓨터공학과)
1269,842,11,2,논리회로(컴퓨터공학과)
1270,843,11,2,논리회로(컴퓨터공학과)
1271,844,11,3,신호와시스템(컴퓨터공학과)
1272,845,11,3,신호와시스템(컴퓨터공학과)
1273,846,11,3,신호와시스템(컴퓨터공학과)
1274,847,11,3,신호와시스템(컴퓨터공학과)
1275,848,8,1,확률및랜덤변수(소프트웨어융합학)
1276,848,11,1,확률및랜덤변수(컴퓨터공학과)
1277,848,12,1,확률및랜덤변수(인공지능학과)
1278,849,8,1,확률및랜덤변수(소프트웨어융합학)
1279,849,11,1,확률및랜덤변수(컴퓨터공학과)
1280,849,12,1,확률및랜덤변수(인공지능학과)
1281,850,8,1,확률및랜덤변수(소프트웨어융합학)
1282,850,11,1,확률및랜덤변수(컴퓨터공학과)
1283,850,12,1,확률및랜덤변수(인공지능학과)
1284,851,8,1,확률및랜덤변수(소프트웨어융합학)
1285,851,11,1,확률및랜덤변수(컴퓨터공학과)
1286,851,12,1,확률및랜덤변수(인공지능학과)
1287,852,8,3,로봇제어공학(소프트웨어융합학)
7712,6612,36,1,생물학및실험2
7713,6613,36,1,생물학및실험2
7714,6614,22,11,빅뱅에서문명까지
7715,6615,22,11,빅뱅에서문명까지
7716,6616,22,11,빅뱅에서문명까지
7717,6617,22,11,빅뱅에서문명까지
7718,6618,22,11,빅뱅에서문명까지
7719,6619,22,11,빅뱅에서문명까지
7720,6620,22,11,빅뱅에서문명까지
7721,6621,22,11,빅뱅에서문명까지
7722,6622,22,11,빅뱅에서문명까지
7723,6623,22,11,빅뱅에서문명까지
7724,6624,22,11,빅뱅에서문명까지
7725,6625,22,11,빅뱅에서문명까지
7726,6626,22,11,빅뱅에서문명까지
7727,6627,22,11,빅뱅에서문명까지
7728,6628,22,11,인간의가치탐색
7729,6629,22,11,인간의가치탐색
7730,6630,22,11,인간의가치탐색
7731,6631,22,11,인간의가치탐색
7732,6632,22,11,인간의가치탐색
7733,6633,22,11,인간의가치탐색
7734,6634,22,11,인간의가치탐색
7735,6635,22,11,인간의가치탐색
7736,6636,22,11,인간의가치탐색
7737,6637,22,11,인간의가치탐색
7738,6638,22,11,인간의가치탐색
7739,6639,22,11,인간의가치탐색
7740,6640,22,11,인간의가치탐색
7741,6641,22,11,인간의가치탐색
7742,6642,22,11,인간의가치탐색
7743,6643,22,11,인간의가치탐색
7744,6644,22,11,인간의가치탐색
7745,6645,22,11,인간의가치탐색
7746,6646,22,11,인간의가치탐색
7747,6647,22,11,인간의가치탐색
7748,6648,22,11,인간의가치탐색
7749,6649,22,11,인간의가치탐색
7750,6650,22,11,인간의가치탐색
7751,6651,22,11,인간의가치탐색
7752,6652,22,11,인간의가치탐색
7753,6653,22,11,인간의가치탐색
7754,6654,22,11,인간의가치탐색
7755,6655,22,11,인간의가치탐색
7756,6656,22,11,인간의가치탐색
7757,6657,22,11,인간의가치탐색
7758,6658,22,11,인간의가치탐색
7759,6659,22,11,인간의가치탐색
7760,6660,22,11,인간의가치탐색
7761,6661,22,11,인간의가치탐색
7762,6662,22,11,인간의가치탐색
7763,6663,22,11,인간의가치탐색
7764,6664,22,11,인간의가치탐색
7765,6665,22,11,인간의가치탐색
7766,6666,22,11,인간의가치탐색
7767,6667,22,11,인간의가치탐색
7768,6668,22,11,인간의가치탐색
7769,6669,22,11,인간의가치탐색
7770,6670,22,11,인간의가치탐색
7771,6671,22,11,인간의가치탐색
7772,6672,22,11,인간의가치탐색
7773,6673,22,11,세계와시민
7774,6674,22,11,세계와시민
7775,6675,22,11,세계와시민
7776,6676,22,11,세계와시민
7777,6677,22,11,세계와시민
7778,6678,22,11,세계와시민
7779,6679,22,11,세계와시민
7780,6680,22,11,세계와시민
7781,6681,22,11,세계와시민
7782,6682,22,11,세계와시민
7783,6683,22,11,세계와시민
7784,6684,22,11,세계와시민
7785,6685,22,11,세계와시민
7786,6686,22,11,세계와시민
7787,6687,22,11,세계와시민
7788,6688,22,11,세계와시민
7789,6689,22,11,세계와시민
7790,6690,22,11,세계와시민
7791,6691,22,11,세계와시민
7792,6692,22,11,세계와시민
7793,6693,22,11,세계와시민
7794,6694,22,11,세계와시민
7795,6695,22,11,세계와시민
7796,6696,22,11,세계와시민
7797,6697,22,11,세계와시민
7798,6698,22,11,세계와시민
7799,6699,22,11,세계와시민
7800,6700,22,11,세계와시민
7801,6701,22,11,세계와시민
7802,6702,22,11,세계와시민
7803,6703,22,11,세계와시민
7804,6704,22,11,세계와시민
7805,6705,22,11,세계와시민
7806,6706,22,11,세계와시민
7807,6707,22,11,세계와시민
7808,6708,22,11,세계와시민
7809,6709,22,11,세계와시민
7810,6710,22,11,세계와시민
7811,6711,22,11,세계와시민
7812,6712,22,11,세계와시민
7813,6713,22,11,세계와시민
7814,6714,22,11,세계와시민
7815,6715,22,11,세계와시민
7816,6716,22,11,세계와시민
7817,6717,21,4,성찰과표현
7818,6718,21,4,성찰과표현
7819,6719,21,4,성찰과표현
7820,6720,21,4,성찰과표현
7821,6721,21,4,성찰과표현
7822,6722,21,4,성찰과표현
7823,6723,21,4,성찰과표현
7824,6724,21,4,성찰과표현
7825,6725,21,4,성찰과표현
7826,6726,21,4,성찰과표현
7827,6727,21,4,성찰과표현
7828,6728,21,4,성찰과표현
7829,6729,21,4,성찰과표현
7830,6730,21,4,성찰과표현
7831,6731,21,4,성찰과표현
7832,6732,21,4,성찰과표현
7833,6733,21,4,성찰과표현
7834,6734,21,4,성찰과표현
7835,6735,21,4,성찰과표현
7836,6736,21,4,성찰과표현
7837,6737,21,4,성찰과표현
7838,6738,21,4,성찰과표현
7839,6739,21,4,성찰과표현
7840,6740,21,4,성찰과표현
7841,6741,21,4,성찰과표현
7842,6742,21,4,성찰과표현
7843,6743,21,4,성찰과표현
7844,6744,21,4,성찰과표현
7845,6745,21,4,성찰과표현
7846,6746,21,4,성찰과표현
7847,6747,21,4,성찰과표현
7848,6748,21,4,성찰과표현
7849,6749,21,4,성찰과표현
7850,6750,21,4,성찰과표현
7851,6751,21,4,성찰과표현
7852,6752,21,4,성찰과표현
7853,6753,20,4,대학영어
7854,6754,20,4,대학영어
7855,6755,20,4,대학영어
7856,6756,20,4,대학영어
7857,6757,20,4,대학영어
7858,6758,20,4,대학영어
7859,6759,20,4,대학영어
7860,6760,20,4,대학영어
7861,6761,20,4,대학영어
7862,6762,20,4,대학영어
7863,6763,20,4,대학영어
7864,6764,20,4,대학영어
7865,6765,20,4,대학영어
7866,6766,20,4,대학영어
7867,6767,20,4,대학영어
7868,6768,20,4,대학영어
7869,6769,20,4,대학영어
7870,6770,20,4,대학영어
7871,6771,20,4,대학영어
7872,6772,20,4,대학영어
7873,6773,20,4,대학영어
7874,6774,20,4,대학영어
7875,6775,20,4,대학영어
7876,6776,20,4,대학영어
7877,6777,20,4,대학영어
7878,6778,20,4,대학영어
7879,6779,20,4,대학영어
7880,6780,20,4,대학영어
7881,6781,20,4,대학영어
7882,6782,20,4,대학영어
7883,6783,20,4,대학영어
7884,6784,20,4,대학영어
7885,6785,21,4,주제연구
7886,6786,21,4,주제연구
7887,6787,21,4,주제연구
7888,6788,21,4,주제연구
7889,6789,21,4,주제연구
7890,6790,21,4,주제연구
7891,6791,21,4,주제연구
7892,6792,21,4,주제연구
7893,6793,21,4,주제연구
7894,6794,21,4,주제연구
7895,6795,21,4,주제연구
7896,6796,21,4,주제연구
7897,6797,21,4,주제연구
7898,6798,21,4,주제연구
7899,6799,21,4,주제연구
7900,6800,21,4,주제연구
7901,6801,21,4,주제연구
7902,6802,21,4,주제연구
7903,6803,21,4,주제연구
7904,6804,21,4,주제연구
7905,6805,21,4,주제연구
7906,6806,21,4,주제연구
7907,6807,21,4,주제연구
7908,6808,21,4,주제연구
7909,6809,21,4,주제연구
7910,6810,21,4,주제연구
7911,6811,21,4,주제연구
7912,6812,21,4,주제연구
7913,6813,21,4,주제연구
7914,6814,21,4,주제연구
7915,6815,21,4,주제연구
7916,6816,21,4,주제연구
7917,6817,21,4,주제연구
7918,6818,21,4,주제연구
7919,6819,21,4,주제연구
7920,6820,21,4,주제연구
7921,6821,21,4,주제연구
7922,6822,21,4,주제연구
7923,6823,21,4,주제연구
7924,6824,21,4,주제연구
7925,6825,21,4,주제연구
7926,6826,21,4,주제연구
7927,6827,21,4,주제연구
7928,6828,21,4,주제연구
7929,6829,21,4,주제연구
7930,6830,21,4,주제연구
7931,6831,21,4,주제연구
7932,6832,41,5,도덕의과학
7933,6833,44,5,만성질병과건강관리
7934,6834,42,5,"Exploring Industry, Ideology, and Identity through the Marvel Cinematic Universe"
7935,6835,39,5,Greek Mythology and Creative Writing
7936,6836,41,5,문명패러다임의혁명:서구근대화과정의현재적이해
7937,6837,38,5,청춘을위한영화예찬
7938,6838,41,5,일상의딜레마:윤리적해법
7939,6839,42,5,근대의시선과공간:뮤지엄과엑스포
7940,6840,44,5,폭력의진화:통섭적관점
7941,6841,41,5,21세기금융세계화와불평등
7942,6842,41,5,세계속한국의생존과파워
7943,6843,44,5,"마음의탄생:뇌,의식,마음"
7944,6844,44,5,몸과생명
7945,6845,44,5,"생명,영원한블루오션"
7946,6846,40,5,생명과학의미래
7947,6847,44,5,스마트식생활과건강
7948,6848,44,5,진화와인간본성
7949,6849,44,5,인체와생명
7950,6850,40,5,고양이의물리학:자연계의숨은법칙
7951,6851,40,5,고양이의물리학:자연계의숨은법칙
7952,6852,40,5,인간과생활속의로봇
7953,6853,40,5,인간과생활속의로봇
7954,6854,40,5,특허와지적재산권
7955,6855,40,5,특허와지적재산권
7956,6856,40,5,현대사회와과학
7957,6857,44,5,하천문화의이해와르네상스
7958,6858,44,5,우주:별을잊은그대에게
7959,6859,44,5,우주:별을잊은그대에게
7960,6860,44,5,인류역사를바꾼첨단재료
7961,6861,43,5,우주탐사:당면한미래
7962,6862,42,5,가면의축제:동서양연희의문명사
7963,6863,42,5,미디어아트와문화
7964,6864,42,5,의미의탄생:언어
7965,6865,38,5,커뮤니케이션과디자인
7966,6866,42,5,불교와정신분석학
7967,6867,42,5,매체와메시지:미디어의이해
7968,6868,42,5,영화와문학
7969,6869,42,5,작곡의밑그림:화성학
7970,6870,42,5,명작에취하다:예술 감상법
7971,6871,39,5,인간행동의이해:심리학
7972,6872,42,5,음식과문화:글로벌&로컬트렌드와이슈
7973,6873,41,5,경제학적사유의원리
7974,6874,41,5,"법,질서,국가"
7975,6875,41,5,"법,질서,국가"
7976,6876,41,5,예술을통한공동체만들기
7977,6877,41,5,정치학적사유의원리
7978,6878,41,5,한국사회의정치적이슈들
7979,6879,41,5,행복이란무엇인가
7980,6880,41,5,기술혁신과전략의융합
7981,6881,41,5,대학생을위한실용금융
7982,6882,41,5,On Justice
7983,6883,39,5,SF영화의상상력:미래의평화와윤리
7984,6884,41,5,두얼굴의인류사:전쟁과평화
7985,6885,41,5,십자가와초승달:기독교와이슬람
7986,6886,40,5,프로그래밍입문
7987,6887,40,5,공학기초수학
7988,6888,40,5,수학과세상
7989,6889,40,5,생명의언어
7990,6890,42,5,국화와칼:만들어진일본의전통
7991,6891,42,5,사농공상:역사의주연과조연
7992,6892,42,5,설탕과소금:사소한것들의역사
7993,6893,42,5,"영토의경계와흔적:이민,이주,이동"
7994,6894,42,5,황하와장강:중국역사의발자취
7995,6895,42,5,다이나믹한국근현대사
7996,6896,42,5,삼국지인문학
7997,6897,42,5,영화로보는스포츠문화
7998,6898,42,5,여행을통한인간의삶의가치증진
7999,6899,42,5,일상의공연학
8000,6900,39,5,시민생활과법
8001,6901,39,5,그리스신화와철학
8002,6902,39,5,영화로읽는도시인문학:환동해도시와문화지리
8003,6903,39,5,현대사회키워드로스포츠읽기
8004,6904,43,5,통계의진실과오류
8005,6905,43,5,프로그래밍을통한논리적사유연습
8006,6906,43,5,프로그래밍을통한논리적사유연습
8007,6907,43,5,프로그래밍을통한논리적사유연습
8008,6908,43,5,빅데이터와스포츠산업
8009,6909,38,5,새김과찍기:현대판화
8010,6910,38,5,아이디어를시각화하기
8011,6911,38,5,디지털사진촬영과표현
8012,6912,38,5,만화로세상보기
8013,6913,38,5,사운드와테크놀로지
8014,6914,38,5,생활속의공예:미와쓰임새
8015,6915,39,5,고전읽기:그리스비극
8016,6916,39,5,고전읽기:프로이트
8017,6917,39,5,국가폭력과트라우마
8018,6918,39,5,글로벌라틴아메리카
8019,6919,39,5,수사학과영작문
8020,6920,39,5,언어와문학의이해
8021,6921,39,5,초급일본어
8022,6922,38,5,공공미술과사회:공공미술프로젝트
8023,6923,38,5,예술치료의원리와실제
8024,6924,38,5,컴퓨터그래픽기초
8025,6925,38,5,클래식음악산책
8026,6926,38,5,패션디자인의세계
8027,6927,38,5,합창의재발견
8028,6928,39,5,기초중국어
8029,6929,39,5,기초일본어
8030,6930,39,5,기초일본어
8031,6931,39,5,기초일본어
8032,6932,39,5,기초스페인어
8033,6933,39,5,기초스페인어
8034,6934,39,5,기초스페인어
8035,6935,39,5,기초스페인어
8036,6936,39,5,기초러시아어
8037,6937,39,5,기초프랑스어
8038,6938,39,5,기초프랑스어
8039,6939,39,5,기초프랑스어
8040,6940,39,5,마녀사냥:그광기의역사
8041,6941,44,5,질병의진화적이해:우리는왜아픈걸까
8042,6942,44,5,좋은에너지나쁜에너지다른에너지
8043,6943,41,5,문명감염그리고진화
8044,6944,38,5,고전명작과예술의문명사
8045,6945,38,5,그림속의인문학
8046,6946,18,6,사물인터넷과미래사회
8047,6947,18,6,언어와컴퓨터
8048,6948,18,6,한국어1(교양)
8049,6949,18,6,글로벌세미나
8050,6950,18,6,글로벌세미나
8051,6951,18,6,글로벌세미나
8052,6952,18,6,글로벌세미나
8053,6953,18,6,글로벌세미나
8054,6954,18,6,후마니타스세미나
8055,6955,18,6,후마니타스세미나
8056,6956,18,6,후마니타스세미나
8057,6957,18,6,후마니타스세미나
8058,6958,18,6,후마니타스세미나
8059,6959,18,6,후마니타스세미나
8060,6960,18,6,후마니타스세미나
8061,6961,18,6,후마니타스세미나
8062,6962,18,6,후마니타스세미나
8063,6963,18,6,독립연구1
8064,6964,18,6,빅데이터를통한세상바로알기:R로배우는데이터분석코딩
8065,6965,18,6,앱인벤터로배우는코딩세상
8066,6966,18,6,앱인벤터로배우는코딩세상
8067,6967,18,6,파이썬으로배우는소프트웨어코딩
8068,6968,19,6,레크레이션
8069,6969,19,6,배드민턴
8070,6970,19,6,배드민턴
8071,6971,19,6,요가
8072,6972,19,6,요가
8073,6973,19,6,요트
8074,6974,19,6,웨이트트레이닝
8075,6975,19,6,웨이트트레이닝
8076,6976,19,6,웨이트트레이닝
8077,6977,19,6,웨이트트레이닝
8078,6978,19,6,윈드서핑
8079,6979,19,6,윈드서핑
8080,6980,19,6,윈드서핑
8081,6981,19,6,윈드서핑
8082,6982,19,6,탁구
8083,6983,19,6,탁구
8084,6984,19,6,태권도
8085,6985,19,6,테니스
8086,6986,19,6,테니스
8087,6987,19,6,테니스
8088,6988,19,6,필라테스
8089,6989,19,6,필라테스
8090,6990,19,6,필라테스
8091,6991,19,6,필라테스
8092,6992,19,6,현대생활과체육
8093,6993,19,6,현대생활과체육
8094,6994,19,6,행복한여가를위한야외활동
8095,6995,19,6,행복한여가를위한야외활동
8096,6996,19,6,행복한여가를위한야외활동
8097,6997,19,6,인공암벽등반
8098,6998,19,6,호신술
8099,6999,18,6,운동과체중관리
8100,7000,18,6,전공탐색및기업가정신세미나
8101,7001,18,6,전공탐색및기업가정신세미나
8102,7002,18,6,전공탐색및기업가정신세미나
8103,7003,18,6,전공탐색및기업가정신세미나
8104,7004,18,6,전공탐색및기업가정신세미나
8105,7005,18,6,전공탐색및기업가정신세미나
8106,7006,18,6,전공탐색및기업가정신세미나
8107,7007,18,6,전공탐색및기업가정신세미나
8108,7008,18,6,전공탐색및기업가정신세미나
8109,7009,18,6,전공탐색및기업가정신세미나
8110,7010,18,6,전공탐색및기업가정신세미나
8111,7011,18,6,전공탐색및기업가정신세미나
8112,7012,18,6,전공탐색및기업가정신세미나
8113,7013,18,6,전공탐색및기업가정신세미나
8114,7014,18,6,전공탐색및기업가정신세미나
8115,7015,18,6,전공탐색및기업가정신세미나
8116,7016,18,6,전공탐색및기업가정신세미나
8117,7017,18,6,전공탐색및기업가정신세미나
8118,7018,18,6,전공탐색및기업가정신세미나
8119,7019,18,6,전공탐색및기업가정신세미나
8120,7020,18,6,전공탐색및기업가정신세미나
8121,7021,18,6,전공탐색및기업가정신세미나
8122,7022,18,6,전공탐색및기업가정신세미나
8123,7023,18,6,전공탐색및기업가정신세미나
8124,7024,18,6,전공탐색및기업가정신세미나
8125,7025,18,6,전공탐색및기업가정신세미나
8126,7026,18,6,전공탐색및기업가정신세미나
8127,7027,18,6,전공탐색및기업가정신세미나
8128,7028,18,6,전공탐색및기업가정신세미나
8129,7029,18,6,전공탐색및기업가정신세미나
8130,7030,18,6,전공탐색및기업가정신세미나
8131,7031,18,6,전공탐색및기업가정신세미나
8132,7032,18,6,전공탐색및기업가정신세미나
8133,7033,18,6,전공탐색및기업가정신세미나
8134,7034,18,6,전공탐색및기업가정신세미나
8135,7035,18,6,전공탐색및기업가정신세미나
8136,7036,18,6,전공탐색및기업가정신세미나
8137,7037,18,6,전공탐색및기업가정신세미나
8138,7038,18,6,전공탐색및기업가정신세미나
8139,7039,18,6,전공탐색및기업가정신세미나
8140,7040,18,6,전공탐색및기업가정신세미나
8141,7041,18,6,전공탐색및기업가정신세미나
8142,7042,18,6,전공탐색및기업가정신세미나
8143,7043,18,6,전공탐색및기업가정신세미나
8144,7044,18,6,새로운생명체:인공지능
8145,7045,18,6,소프트웨어적사유
8146,7046,18,6,소프트웨어적사유
8147,7047,18,6,신입생워크숍2:스타트업
8148,7048,18,6,신입생워크숍2:스타트업
8149,7049,18,6,신입생워크숍2:스타트업
8150,7050,18,6,신입생워크숍2:스타트업
8151,7051,18,6,한국어의이해1
8152,7052,18,6,한국어의이해1
8153,7053,18,6,한국어의이해2
8154,7054,18,6,한국어의이해2
8155,7055,18,6,한국어의이해3
8156,7056,18,6,한국어의이해3
8157,7057,18,6,한국어의이해4
8158,7058,18,6,한국어의이해4
8159,7059,18,6,지구를생각하는예술
8160,7060,18,6,용인학
8161,7061,18,6,파이썬과데이터마이닝
8162,7062,18,6,공학도를위한소프트스킬
8163,7063,18,6,컴퓨터게임개론:이론과기술
8164,7064,18,6,소프트웨어개발자를위한C프로그래밍
1288,853,8,3,응용통계학(소프트웨어융합학)
1289,854,8,3,데이터사이언스(소프트웨어융합학)
1290,855,8,3,데이터사이언스(소프트웨어융합학)
1291,856,8,3,경영과학2(소프트웨어융합학)
8165,7065,18,6,지식재산창업
1292,857,8,3,동역학(소프트웨어융합학)
1293,858,8,3,동역학(소프트웨어융합학)
1294,859,8,3,동역학(소프트웨어융합학)
1295,860,8,3,자동제어(소프트웨어융합학)
1296,861,8,2,소프트웨어융합개론
1297,862,8,2,디자인적사고
1298,862,11,2,디자인적사고(컴퓨터공학과)
1299,862,12,2,디자인적사고(인공지능학과)
1300,863,8,2,디자인적사고
1301,863,11,2,디자인적사고(컴퓨터공학과)
1302,863,12,2,디자인적사고(인공지능학과)
1303,864,8,2,디자인적사고
1304,864,11,2,디자인적사고(컴퓨터공학과)
1305,864,12,2,디자인적사고(인공지능학과)
1306,865,8,2,디자인적사고
1307,865,11,2,디자인적사고(컴퓨터공학과)
1308,865,12,2,디자인적사고(인공지능학과)
1309,866,8,2,디자인적사고
1310,867,8,2,웹/파이선프로그래밍
1311,867,11,2,웹/파이선프로그래밍(컴퓨터공학과)
1312,867,12,2,웹/파이선프로그래밍(인공지능학과)
1313,868,8,2,웹/파이선프로그래밍
1314,868,11,2,웹/파이선프로그래밍(컴퓨터공학과)
1315,868,12,2,웹/파이선프로그래밍(인공지능학과)
1316,869,8,2,웹/파이선프로그래밍
1317,870,8,2,오픈소스SW개발방법및도구
1318,870,11,2,오픈소스SW개발방법및도구(컴퓨터공학과)
1319,871,8,3,게임프로그래밍입문
1320,871,11,3,게임프로그래밍입문(컴퓨터공학과)
1321,872,8,3,게임엔진기초
1322,872,11,3,게임엔진기초(컴퓨터공학과)
1323,873,8,3,마이크로서비스프로그래밍
1324,873,11,3,마이크로서비스프로그래밍(컴퓨터공학과)
1325,873,12,3,마이크로서비스프로그래밍(인공지능학과)
1326,874,8,3,융합연구2
1327,875,8,3,기계학습
1328,875,11,2,기계학습(컴퓨터공학과)
1329,875,12,2,기계학습(인공지능학과)
1330,876,8,3,기계학습
1331,876,11,2,기계학습(컴퓨터공학과)
1332,876,12,2,기계학습(인공지능학과)
1333,877,8,3,기계학습
1334,877,11,2,기계학습(컴퓨터공학과)
1335,877,12,3,기계학습(인공지능학과)
1336,878,8,2,최신기술콜로키움2
1337,878,11,3,최신기술콜로키움2(컴퓨터공학과)
1338,878,12,3,최신기술콜로키움2(인공지능학과)
1339,879,8,3,가상/증강현실이론및실습
1340,879,11,3,가상/증강현실이론및실습(컴퓨터공학과)
1341,880,8,3,데이터분석캡스톤디자인
1342,881,8,3,데이터분석캡스톤디자인
1343,882,8,3,데이터분석캡스톤디자인
1344,883,8,3,데이터분석캡스톤디자인
1345,884,8,3,데이터분석캡스톤디자인
1346,885,8,3,데이터분석캡스톤디자인
1347,886,8,3,데이터분석캡스톤디자인
1348,887,8,3,데이터분석캡스톤디자인
1349,888,8,3,데이터분석캡스톤디자인
1350,889,8,3,데이터분석캡스톤디자인
1351,890,8,3,데이터분석캡스톤디자인
1352,891,8,3,고급데이터마이닝
1353,892,8,3,로봇프로그래밍
1354,892,11,3,로봇프로그래밍(컴퓨터공학과)
1355,893,8,3,로봇·비전캡스톤디자인
1356,894,8,3,로봇·비전캡스톤디자인
1357,895,8,3,로봇·비전캡스톤디자인
1358,896,8,3,로봇·비전캡스톤디자인
1359,897,8,3,융합연구4
1360,898,8,3,독립심화학습2(소프트웨어융합학과)
1361,899,8,3,게임콘텐츠캡스톤디자인
1362,900,8,3,게임콘텐츠캡스톤디자인
1363,901,8,3,게임콘텐츠캡스톤디자인
1364,902,8,3,게임콘텐츠캡스톤디자인
1365,903,8,3,게임콘텐츠캡스톤디자인
1366,904,8,3,게임콘텐츠캡스톤디자인
1367,905,8,3,게임콘텐츠캡스톤디자인
1368,906,8,3,게임콘텐츠캡스톤디자인
1369,907,8,3,풀스택서비스프로그래밍
1370,907,11,3,풀스택서비스프로그래밍(컴퓨터공학과)
1371,908,8,2,소프트웨어융합캡스톤디자인
1372,909,8,2,소프트웨어융합캡스톤디자인
1373,910,8,2,소프트웨어융합캡스톤디자인
1374,911,8,2,소프트웨어융합캡스톤디자인
1375,912,8,2,소프트웨어융합캡스톤디자인
1376,913,8,2,소프트웨어융합캡스톤디자인
1377,914,8,2,소프트웨어융합캡스톤디자인
1378,915,8,2,소프트웨어융합캡스톤디자인
1379,916,8,2,소프트웨어융합캡스톤디자인
1380,917,8,2,소프트웨어융합캡스톤디자인
1381,918,8,2,소프트웨어융합캡스톤디자인
1382,919,8,2,졸업논문(소프트웨어융합)
1383,920,8,3,금융데이터분석
1384,921,8,3,데이터사이언스및시각화
1385,922,8,3,융합연구6
1386,923,8,3,풀스택서비스네트워킹
1387,923,11,3,풀스택서비스네트워킹(컴퓨터공학과)
8166,7066,7,1,미분방정식
8167,7067,7,1,미분방정식
8168,7068,7,1,미분방정식
8169,7069,7,1,고급미분적분학
8170,7070,7,1,고급미분적분학
8171,7071,35,1,화학2
8172,7072,35,1,화학2
8173,7073,34,1,물리학1
8174,7074,34,1,물리학및실험1
8175,7075,37,12,일반생물
1388,924,11,8,객체지향프로그래밍
1389,925,11,9,실감미디어컴퓨팅기초
8176,7076,22,11,빅뱅에서문명까지
8177,7077,22,11,빅뱅에서문명까지
8178,7078,22,11,인간의가치탐색
8179,7079,22,11,인간의가치탐색
8180,7080,22,11,세계와시민
8181,7081,22,11,세계와시민
8182,7082,21,4,성찰과표현
8183,7083,21,4,성찰과표현
8184,7084,20,4,대학영어
8185,7085,20,4,대학영어
8186,7086,21,4,주제연구
8187,7087,21,4,주제연구
8188,7088,21,4,주제연구
8189,7089,21,4,주제연구
8190,7090,21,4,주제연구
8191,7091,43,5,롤러코스터의과학:퍼텐셜
8192,7092,41,5,문명패러다임의혁명:서구근대화과정의현재적이해
8193,7093,40,5,인간과생활속의로봇
8194,7094,42,5,불교와정신분석학
8195,7095,42,5,영화와문학
8196,7096,42,5,음식과문화:글로벌&로컬트렌드와이슈
8197,7097,41,5,동아시아의서양문명수용론
8198,7098,40,5,기초 미분적분학
8199,7099,42,5,여행을통한인간의삶의가치증진
8200,7100,38,5,디지털사진촬영과표현
8201,7101,39,5,국가폭력과트라우마
8202,7102,39,5,언어와문학의이해
8203,7103,18,6,언어와컴퓨터
8204,7104,18,6,앱인벤터로배우는코딩세상
8205,7105,19,6,윈드서핑
8206,7106,19,6,테니스
8207,7107,18,6,소프트웨어적사유
8208,7108,18,6,파이썬과데이터마이닝
1390,926,8,8,웹/파이선프로그래밍
1391,927,8,8,웹/파이선프로그래밍
8209,7109,7,12,선형대수
8210,7110,7,12,선형대수
8211,7111,7,12,선형대수
8212,7112,7,12,미분적분학
8213,7113,7,12,미분적분학
8214,7114,7,12,미분적분학
8215,7115,34,12,물리학2
8216,7116,34,12,물리학2
8217,7117,34,12,물리학및실험2
8218,7118,37,12,생물1
8219,7119,37,12,일반생물
1392,928,11,8,객체지향프로그래밍
1393,929,11,9,실감미디어컴퓨팅기초
8220,7120,22,11,빅뱅에서문명까지
8221,7121,22,11,인간의가치탐색
8222,7122,22,11,인간의가치탐색
8223,7123,22,11,세계와시민
8224,7124,22,11,세계와시민
8225,7125,21,4,성찰과표현
8226,7126,21,4,성찰과표현
8227,7127,20,4,대학영어
8228,7128,20,4,대학영어
8229,7129,21,4,주제연구
8230,7130,21,4,주제연구
8231,7131,21,4,주제연구
8232,7132,21,4,주제연구
8233,7133,21,4,주제연구
8234,7134,41,5,문명패러다임의혁명:서구근대화과정의현재적이해
8235,7135,42,5,의미의탄생:언어
8236,7136,42,5,불교와정신분석학
8237,7137,42,5,영화와문학
8238,7138,41,5,동아시아의서양문명수용론
8239,7139,40,5,기초 미분적분학
8240,7140,43,5,프로그래밍을통한논리적사유연습
8241,7141,39,5,국가폭력과트라우마
8242,7142,43,5,숨겨진패턴
8243,7143,18,6,언어와컴퓨터
8244,7144,18,6,앱인벤터로배우는코딩세상
8245,7145,19,6,동계스포츠:스노우보드
8246,7146,19,6,동계스포츠:스키
8247,7147,18,6,소프트웨어적사유
8248,7148,18,6,파이썬과데이터마이닝
1394,930,8,8,웹/파이선프로그래밍
1395,931,8,8,웹/파이선프로그래밍
1396,932,12,1,인공지능개론
1397,933,11,3,고급딥러닝(컴퓨터공학과)
1398,933,12,2,고급딥러닝
1399,934,12,2,인공지능과윤리
8249,7149,7,1,선형대수
8250,7150,7,1,선형대수
8251,7151,7,1,선형대수
8252,7152,7,1,선형대수
8253,7153,7,1,선형대수
8254,7154,7,1,선형대수
8255,7155,7,1,선형대수
8256,7156,7,1,선형대수
8257,7157,7,1,선형대수
8258,7158,7,1,선형대수
8259,7159,7,1,선형대수
8260,7160,7,1,선형대수
8261,7161,7,1,통계학
8262,7162,7,1,통계학
8263,7163,7,1,미분적분학
8264,7164,7,1,미분적분학
8265,7165,7,1,미분적분학
8266,7166,7,1,미분적분학
8267,7167,7,1,미분적분학
8268,7168,7,1,미분적분학
8269,7169,7,1,미분적분학
8270,7170,7,1,미분적분학
8271,7171,7,1,미분적분학
8272,7172,7,1,미분적분학
8273,7173,7,1,미분적분학
8274,7174,7,1,미분적분학
8275,7175,7,1,미분적분학
8276,7176,7,1,미분적분학
8277,7177,7,1,미분적분학
8278,7178,7,1,미분적분학
8279,7179,7,1,미분적분학
8280,7180,7,1,미분적분학
8281,7181,7,1,미분적분학
8282,7182,7,1,미분적분학
8283,7183,7,1,미분적분학
8284,7184,7,1,미분적분학
8285,7185,7,1,미분적분학
8286,7186,7,1,미분적분학
8287,7187,7,1,미분적분학
8288,7188,7,1,미분적분학
8289,7189,7,1,미분적분학
8290,7190,7,1,미분적분학
8291,7191,7,1,미분적분학
8292,7192,7,1,미분적분학
8293,7193,7,1,미분적분학
8294,7194,7,1,미분적분학
8295,7195,35,1,화학및실험1
8296,7196,35,1,화학및실험1
8297,7197,35,1,화학및실험1
8298,7198,35,1,화학및실험1
8299,7199,35,1,화학및실험1
8300,7200,35,1,화학및실험1
8301,7201,35,1,화학및실험1
8302,7202,35,1,화학및실험1
8303,7203,35,1,화학및실험1
8304,7204,35,1,화학1
8305,7205,35,1,화학1
8306,7206,35,1,화학1
8307,7207,35,1,화학1
8308,7208,35,1,화학1
8309,7209,35,1,화학1
8310,7210,35,1,화학1
8311,7211,35,1,일반화학
8312,7212,35,1,일반화학
8313,7213,35,1,일반화학
8314,7214,35,1,일반화학
8315,7215,35,1,일반화학
8316,7216,35,1,일반화학
8317,7217,34,1,물리학1
8318,7218,34,1,물리학1
8319,7219,34,1,물리학1
8320,7220,34,1,물리학1
8321,7221,34,1,물리학1
8322,7222,34,1,물리학1
8323,7223,34,1,물리학1
8324,7224,34,1,물리학1
8325,7225,34,1,물리학1
8326,7226,34,1,물리학1
8327,7227,34,1,물리학1
8328,7228,34,1,물리학및실험1
8329,7229,34,1,물리학및실험1
8330,7230,34,1,물리학및실험1
8331,7231,34,1,물리학및실험1
8332,7232,34,1,물리학및실험1
8333,7233,34,1,물리학및실험1
8334,7234,34,1,물리학및실험1
8335,7235,34,1,물리학및실험1
8336,7236,34,1,물리학및실험1
8337,7237,34,1,물리학및실험1
8338,7238,34,1,물리학및실험1
8339,7239,34,1,물리학및실험1
8340,7240,34,1,물리학및실험1
8341,7241,34,1,물리학및실험1
8342,7242,34,1,물리학및실험1
8343,7243,34,1,물리학및실험1
8344,7244,34,1,물리학및실험1
8345,7245,34,1,물리학및실험1
8346,7246,34,1,일반물리
8347,7247,34,1,일반물리
8348,7248,34,1,일반물리
8349,7249,34,1,일반물리
8350,7250,37,1,생물1
8351,7251,37,1,생물1
8352,7252,37,1,생물1
8353,7253,37,1,생물1
8354,7254,37,1,생물1
8355,7255,37,1,생물1
8356,7256,37,1,일반생물
8357,7257,37,1,일반생물
8358,7258,37,1,일반생물
1400,935,11,7,소프트웨어가치탐구
1401,936,11,7,소프트웨어가치탐구
1402,937,8,2,객체지향프로그래밍(소프트웨어융합학)
1403,937,11,2,객체지향프로그래밍
1404,937,12,2,객체지향프로그래밍(인공지능학과)
1405,938,8,2,객체지향프로그래밍(소프트웨어융합학)
1406,938,11,2,객체지향프로그래밍
1407,939,8,2,객체지향프로그래밍(소프트웨어융합학)
1408,939,11,2,객체지향프로그래밍
1409,940,11,3,실감미디어컴퓨팅기초
1410,941,8,3,이산구조(소프트웨어융합학)
1411,941,11,1,이산구조
1412,941,12,1,이산구조(인공지능학과)
1413,942,8,3,이산구조(소프트웨어융합학)
1414,942,11,1,이산구조
1415,942,12,1,이산구조(인공지능학과)
1416,943,11,2,컴퓨터구조
1417,944,11,2,컴퓨터구조
1418,945,11,2,컴퓨터구조
1419,946,8,2,자료구조(소프트웨어융합학)
1420,946,11,2,자료구조
1421,946,12,2,자료구조(인공지능학과)
1422,947,8,2,자료구조(소프트웨어융합학)
1423,947,11,2,자료구조
1424,947,12,2,자료구조(인공지능학과)
1425,948,8,2,자료구조(소프트웨어융합학)
1426,948,11,2,자료구조
1427,948,12,2,자료구조(인공지능학과)
1428,949,11,3,UI/UX프로그래밍
1429,949,12,3,UI/UX프로그래밍(인공지능학과)
1430,950,8,2,운영체제(소프트웨어융합학)
1431,950,11,2,운영체제
1432,950,12,2,운영체제(인공지능학과)
1433,951,8,2,운영체제(소프트웨어융합학)
1434,951,11,2,운영체제
1435,951,12,2,운영체제(인공지능학과)
1436,952,8,2,운영체제(소프트웨어융합학)
1437,952,11,2,운영체제
1438,952,12,2,운영체제(인공지능학과)
1439,953,8,3,컴퓨터네트워크(소프트웨어융합학)
1440,953,11,2,컴퓨터네트워크
1441,953,12,3,컴퓨터네트워크(인공지능학과)
1442,954,8,3,컴퓨터네트워크(소프트웨어융합학)
1443,954,11,2,컴퓨터네트워크
1444,954,12,3,컴퓨터네트워크(인공지능학과)
1445,955,8,3,컴퓨터네트워크(소프트웨어융합학)
1446,955,11,2,컴퓨터네트워크
1447,955,12,3,컴퓨터네트워크(인공지능학과)
1448,956,8,3,컴퓨터네트워크(소프트웨어융합학)
1449,956,11,2,컴퓨터네트워크
1450,956,12,3,컴퓨터네트워크(인공지능학과)
1451,957,8,2,알고리즘(소프트웨어융합학)
1452,957,11,2,알고리즘
1453,957,12,2,알고리즘(인공지능학과)
1454,958,8,2,알고리즘(소프트웨어융합학)
1455,958,11,2,알고리즘
1456,958,12,2,알고리즘(인공지능학과)
1457,959,8,2,데이터베이스(소프트웨어융합학)
1458,959,11,2,데이터베이스
1459,959,12,2,데이터베이스(인공지능학과)
1460,960,8,2,데이터베이스(소프트웨어융합학)
1461,960,11,2,데이터베이스
1462,960,12,2,데이터베이스(인공지능학과)
1463,961,11,3,컴파일러
1464,961,12,3,컴파일러(인공지능학과)
1465,962,11,3,메타버스시스템
1466,962,12,3,메타버스시스템(인공지능학과)
1467,963,8,2,소프트웨어공학(소프트웨어융합학)
1468,963,11,2,소프트웨어공학
1469,963,12,2,소프트웨어공학(인공지능학과)
1470,964,8,3,SW스타트업비즈니스(소프트웨어융합학)
1471,964,11,3,SW스타트업비즈니스
1472,964,12,3,SW스타트업비즈니스(인공지능학과)
1473,965,8,3,딥러닝(소프트웨어융합학)
1474,965,11,3,딥러닝
1475,965,12,3,딥러닝(인공지능학과)
1476,966,8,3,클라우드컴퓨팅(소프트웨어융합학)
1477,966,11,3,클라우드컴퓨팅
1478,967,11,2,졸업논문(컴퓨터공학전공)(컴퓨터공학과)
1479,968,11,2,졸업프로젝트
1480,969,11,2,캡스톤디자인
1481,970,11,2,캡스톤디자인
1482,971,11,2,캡스톤디자인
1483,972,11,2,캡스톤디자인
1484,973,11,2,캡스톤디자인
1485,974,11,2,캡스톤디자인
1486,975,11,2,캡스톤디자인
1487,976,11,2,캡스톤디자인
1488,977,11,2,캡스톤디자인
1489,978,11,2,캡스톤디자인
1490,979,11,2,캡스톤디자인
1491,980,11,2,캡스톤디자인
1492,981,11,2,캡스톤디자인
1493,982,11,2,캡스톤디자인
1494,983,11,2,캡스톤디자인
1495,984,11,2,캡스톤디자인
1496,985,11,2,캡스톤디자인
1497,986,11,2,캡스톤디자인
1498,987,11,2,캡스톤디자인
1499,988,11,2,캡스톤디자인
1500,989,11,2,캡스톤디자인
1501,990,11,2,캡스톤디자인
1502,991,11,2,캡스톤디자인
1503,992,11,2,캡스톤디자인
1504,993,11,2,캡스톤디자인
1505,994,11,2,캡스톤디자인
1506,995,11,2,캡스톤디자인
1507,996,11,2,캡스톤디자인
1508,997,11,2,캡스톤디자인
1509,998,8,3,정보보호(소프트웨어융합학)
1510,998,11,3,정보보호
1511,999,8,3,영상처리(소프트웨어융합학)
1512,999,11,3,영상처리
1513,999,12,3,영상처리(인공지능학과)
1514,1000,11,3,컴퓨터그래픽스
1515,1000,12,3,컴퓨터그래픽스(인공지능학과)
1516,1001,11,3,빅데이터프로젝트
1517,1002,8,2,최신기술콜로키움1(소프트웨어융합학)
1518,1002,11,3,최신기술콜로키움1
1519,1002,12,3,최신기술콜로키움1(인공지능학과)
1520,1003,8,3,AIoT소프트웨어(소프트웨어융합학)
1521,1003,11,3,AIoT소프트웨어
1522,1004,8,3,블록체인(소프트웨어융합학)
1523,1004,11,3,블록체인
1524,1005,11,3,AIoT네트워크
1525,1006,11,3,모바일/웹서비스프로그래밍
1526,1007,11,3,독립심화학습1(컴퓨터공학)
1527,1008,11,3,독립심화학습1(컴퓨터공학)
1528,1009,11,3,독립심화학습1(컴퓨터공학)
1529,1010,11,3,연구연수활동1(컴퓨터공학)
1530,1011,11,3,연구연수활동1(컴퓨터공학)
1531,1012,11,3,연구연수활동1(컴퓨터공학)
1532,1013,11,3,연구연수활동1(컴퓨터공학)
1533,1014,11,3,연구연수활동1(컴퓨터공학)
1534,1015,11,3,연구연수활동1(컴퓨터공학)
1535,1016,8,3,스토리텔링(소프트웨어융합학)
1536,1017,8,3,스토리텔링(소프트웨어융합학)
8359,7259,17,10,교육사회학
8360,7260,17,10,교육사회학
8361,7261,17,10,교육심리학
8362,7262,17,10,교육심리학
8363,7263,17,10,교육철학및교육사
8364,7264,17,10,교육학개론
8365,7265,17,10,학교폭력 예방 및 학생의 이해
8366,7266,17,10,교직적성및인성검사1
8367,7267,17,10,교직적성및인성검사2
8368,7268,17,10,응급처치및심폐소생술실습1
8369,7269,17,10,응급처치및심폐소생술실습2
8370,7270,17,10,성인지교육1
8371,7271,17,10,성인지교육2
8372,7272,17,10,교육과정
8373,7273,17,10,교육과정
8374,7274,17,10,교육방법및교육공학
8375,7275,17,10,교직실무
8376,7276,17,10,교직실무
8377,7277,17,10,특수교육학개론
8378,7278,17,10,특수교육학개론
8379,7279,17,10,교육봉사활동1
8380,7280,17,10,교육봉사활동2
8381,7281,17,10,학교현장실습
8382,7282,17,10,학교현장실습
8383,7283,17,10,교육행정및교육경영
8384,7284,17,10,교육행정및교육경영
1537,1018,11,2,논리회로(컴퓨터공학과)
1538,1019,11,2,논리회로(컴퓨터공학과)
1539,1020,11,2,논리회로(컴퓨터공학과)
1540,1021,10,2,논리회로(컴퓨터공학부)
1541,1022,11,3,신호와시스템(컴퓨터공학과)
1542,1023,11,3,신호와시스템(컴퓨터공학과)
1543,1024,11,3,신호와시스템(컴퓨터공학과)
1544,1025,11,3,신호와시스템(컴퓨터공학과)
1545,1026,8,1,확률및랜덤변수(소프트웨어융합학)
1546,1026,11,1,확률및랜덤변수(컴퓨터공학과)
1547,1026,12,1,확률및랜덤변수(인공지능학과)
1548,1027,8,1,확률및랜덤변수(소프트웨어융합학)
1549,1027,11,1,확률및랜덤변수(컴퓨터공학과)
1550,1027,12,1,확률및랜덤변수(인공지능학과)
1551,1028,8,1,확률및랜덤변수(소프트웨어융합학)
1552,1028,11,1,확률및랜덤변수(컴퓨터공학과)
1553,1028,12,1,확률및랜덤변수(인공지능학과)
1554,1029,8,1,확률및랜덤변수(소프트웨어융합학)
1555,1029,11,1,확률및랜덤변수(컴퓨터공학과)
1556,1029,12,1,확률및랜덤변수(인공지능학과)
1557,1030,8,1,확률및랜덤변수(소프트웨어융합학)
1558,1030,11,1,확률및랜덤변수(컴퓨터공학과)
1559,1030,12,1,확률및랜덤변수(인공지능학과)
1560,1031,8,1,확률및랜덤변수(소프트웨어융합학)
1561,1031,11,1,확률및랜덤변수(컴퓨터공학과)
1562,1031,12,1,확률및랜덤변수(인공지능학과)
1563,1032,8,3,테크놀로지와디지털콘텐츠(소프트웨어융합학)
8385,7285,36,1,생물학및실험1
8386,7286,36,1,생물학및실험1
8387,7287,22,11,빅뱅에서문명까지
8388,7288,22,11,빅뱅에서문명까지
8389,7289,22,11,빅뱅에서문명까지
8390,7290,22,11,빅뱅에서문명까지
8391,7291,22,11,빅뱅에서문명까지
8392,7292,22,11,빅뱅에서문명까지
8393,7293,22,11,빅뱅에서문명까지
8394,7294,22,11,빅뱅에서문명까지
8395,7295,22,11,빅뱅에서문명까지
8396,7296,22,11,빅뱅에서문명까지
8397,7297,22,11,빅뱅에서문명까지
8398,7298,22,11,빅뱅에서문명까지
8399,7299,22,11,빅뱅에서문명까지
8400,7300,22,11,빅뱅에서문명까지
8401,7301,22,11,빅뱅에서문명까지
8402,7302,22,11,인간의가치탐색
8403,7303,22,11,인간의가치탐색
8404,7304,22,11,인간의가치탐색
8405,7305,22,11,인간의가치탐색
8406,7306,22,11,인간의가치탐색
8407,7307,22,11,인간의가치탐색
8408,7308,22,11,인간의가치탐색
8409,7309,22,11,인간의가치탐색
8410,7310,22,11,인간의가치탐색
8411,7311,22,11,인간의가치탐색
8412,7312,22,11,인간의가치탐색
8413,7313,22,11,인간의가치탐색
8414,7314,22,11,인간의가치탐색
8415,7315,22,11,인간의가치탐색
8416,7316,22,11,인간의가치탐색
8417,7317,22,11,인간의가치탐색
8418,7318,22,11,인간의가치탐색
8419,7319,22,11,인간의가치탐색
8420,7320,22,11,인간의가치탐색
8421,7321,22,11,인간의가치탐색
8422,7322,22,11,인간의가치탐색
8423,7323,22,11,인간의가치탐색
8424,7324,22,11,인간의가치탐색
8425,7325,22,11,인간의가치탐색
8426,7326,22,11,인간의가치탐색
8427,7327,22,11,인간의가치탐색
8428,7328,22,11,인간의가치탐색
8429,7329,22,11,인간의가치탐색
8430,7330,22,11,인간의가치탐색
8431,7331,22,11,인간의가치탐색
8432,7332,22,11,인간의가치탐색
8433,7333,22,11,인간의가치탐색
8434,7334,22,11,인간의가치탐색
8435,7335,22,11,인간의가치탐색
8436,7336,22,11,인간의가치탐색
8437,7337,22,11,인간의가치탐색
8438,7338,22,11,인간의가치탐색
8439,7339,22,11,인간의가치탐색
8440,7340,22,11,인간의가치탐색
8441,7341,22,11,인간의가치탐색
8442,7342,22,11,인간의가치탐색
8443,7343,22,11,인간의가치탐색
8444,7344,22,11,인간의가치탐색
8445,7345,22,11,인간의가치탐색
8446,7346,22,11,인간의가치탐색
8447,7347,22,11,인간의가치탐색
8448,7348,22,11,인간의가치탐색
8449,7349,22,11,인간의가치탐색
8450,7350,22,11,인간의가치탐색
8451,7351,22,11,인간의가치탐색
8452,7352,22,11,인간의가치탐색
8453,7353,22,11,인간의가치탐색
8454,7354,22,11,인간의가치탐색
8455,7355,22,11,인간의가치탐색
8456,7356,22,11,세계와시민
8457,7357,22,11,세계와시민
8458,7358,22,11,세계와시민
8459,7359,22,11,세계와시민
8460,7360,22,11,세계와시민
8461,7361,22,11,세계와시민
8462,7362,22,11,세계와시민
8463,7363,22,11,세계와시민
8464,7364,22,11,세계와시민
8465,7365,22,11,세계와시민
8466,7366,22,11,세계와시민
8467,7367,22,11,세계와시민
8468,7368,22,11,세계와시민
8469,7369,22,11,세계와시민
8470,7370,22,11,세계와시민
8471,7371,22,11,세계와시민
8472,7372,22,11,세계와시민
8473,7373,22,11,세계와시민
8474,7374,22,11,세계와시민
8475,7375,22,11,세계와시민
8476,7376,22,11,세계와시민
8477,7377,22,11,세계와시민
8478,7378,22,11,세계와시민
8479,7379,22,11,세계와시민
8480,7380,22,11,세계와시민
8481,7381,22,11,세계와시민
8482,7382,22,11,세계와시민
8483,7383,22,11,세계와시민
8484,7384,22,11,세계와시민
8485,7385,22,11,세계와시민
8486,7386,22,11,세계와시민
8487,7387,22,11,세계와시민
8488,7388,22,11,세계와시민
8489,7389,22,11,세계와시민
8490,7390,22,11,세계와시민
8491,7391,22,11,세계와시민
8492,7392,22,11,세계와시민
8493,7393,22,11,세계와시민
8494,7394,22,11,세계와시민
8495,7395,22,11,세계와시민
8496,7396,22,11,세계와시민
8497,7397,22,11,세계와시민
8498,7398,22,11,세계와시민
8499,7399,22,11,세계와시민
8500,7400,22,11,세계와시민
8501,7401,22,11,세계와시민
8502,7402,22,11,세계와시민
8503,7403,21,4,성찰과표현
8504,7404,21,4,성찰과표현
8505,7405,21,4,성찰과표현
8506,7406,21,4,성찰과표현
8507,7407,21,4,성찰과표현
8508,7408,21,4,성찰과표현
8509,7409,21,4,성찰과표현
8510,7410,21,4,성찰과표현
8511,7411,21,4,성찰과표현
8512,7412,21,4,성찰과표현
8513,7413,21,4,성찰과표현
8514,7414,21,4,성찰과표현
8515,7415,21,4,성찰과표현
8516,7416,21,4,성찰과표현
8517,7417,21,4,성찰과표현
8518,7418,21,4,성찰과표현
8519,7419,21,4,성찰과표현
8520,7420,21,4,성찰과표현
8521,7421,21,4,성찰과표현
8522,7422,21,4,성찰과표현
8523,7423,21,4,성찰과표현
8524,7424,21,4,성찰과표현
8525,7425,21,4,성찰과표현
8526,7426,21,4,성찰과표현
8527,7427,21,4,성찰과표현
8528,7428,21,4,성찰과표현
8529,7429,21,4,성찰과표현
8530,7430,21,4,성찰과표현
8531,7431,21,4,성찰과표현
8532,7432,21,4,성찰과표현
8533,7433,21,4,성찰과표현
8534,7434,21,4,성찰과표현
8535,7435,21,4,성찰과표현
8536,7436,21,4,성찰과표현
8537,7437,21,4,성찰과표현
8538,7438,21,4,성찰과표현
8539,7439,21,4,성찰과표현
8540,7440,21,4,성찰과표현
8541,7441,21,4,성찰과표현
8542,7442,21,4,성찰과표현
8543,7443,21,4,성찰과표현
8544,7444,21,4,성찰과표현
8545,7445,21,4,성찰과표현
8546,7446,21,4,성찰과표현
8547,7447,21,4,성찰과표현
8548,7448,21,4,성찰과표현
8549,7449,21,4,성찰과표현
8550,7450,21,4,성찰과표현
8551,7451,21,4,성찰과표현
8552,7452,21,4,성찰과표현
8553,7453,20,4,대학영어
8554,7454,20,4,대학영어
8555,7455,20,4,대학영어
8556,7456,20,4,대학영어
8557,7457,20,4,대학영어
8558,7458,20,4,대학영어
8559,7459,20,4,대학영어
8560,7460,20,4,대학영어
8561,7461,20,4,대학영어
8562,7462,20,4,대학영어
8563,7463,20,4,대학영어
8564,7464,20,4,대학영어
8565,7465,20,4,대학영어
8566,7466,20,4,대학영어
8567,7467,20,4,대학영어
8568,7468,20,4,대학영어
8569,7469,20,4,대학영어
8570,7470,20,4,대학영어
8571,7471,20,4,대학영어
8572,7472,20,4,대학영어
8573,7473,20,4,대학영어
8574,7474,20,4,대학영어
8575,7475,20,4,대학영어
8576,7476,20,4,대학영어
8577,7477,20,4,대학영어
8578,7478,20,4,대학영어
8579,7479,20,4,대학영어
8580,7480,20,4,대학영어
8581,7481,20,4,대학영어
8582,7482,20,4,대학영어
8583,7483,20,4,대학영어
8584,7484,20,4,대학영어
8585,7485,20,4,대학영어
8586,7486,20,4,대학영어
8587,7487,20,4,대학영어
8588,7488,21,4,주제연구
8589,7489,21,4,주제연구
8590,7490,21,4,주제연구
8591,7491,21,4,주제연구
8592,7492,21,4,주제연구
8593,7493,21,4,주제연구
8594,7494,21,4,주제연구
8595,7495,21,4,주제연구
8596,7496,21,4,주제연구
8597,7497,21,4,주제연구
8598,7498,21,4,주제연구
8599,7499,21,4,주제연구
8600,7500,21,4,주제연구
8601,7501,21,4,주제연구
8602,7502,21,4,주제연구
8603,7503,21,4,주제연구
8604,7504,21,4,주제연구
8605,7505,21,4,주제연구
8606,7506,21,4,주제연구
8607,7507,21,4,주제연구
8608,7508,21,4,주제연구
8609,7509,21,4,주제연구
8610,7510,21,4,주제연구
8611,7511,21,4,주제연구
8612,7512,21,4,주제연구
8613,7513,21,4,주제연구
8614,7514,21,4,주제연구
8615,7515,21,4,주제연구
8616,7516,21,4,주제연구
8617,7517,21,4,주제연구
8618,7518,21,4,주제연구
8619,7519,21,4,주제연구
8620,7520,21,4,주제연구
8621,7521,21,4,주제연구
8622,7522,21,4,주제연구
8623,7523,21,4,주제연구
8624,7524,21,4,주제연구
8625,7525,21,4,주제연구
8626,7526,21,4,주제연구
8627,7527,21,4,주제연구
8628,7528,27,5,인공지능을위한선형대수
8629,7529,24,5,롤러코스터의과학:퍼텐셜
8630,7530,23,5,만성질병과건강관리
8631,7531,26,5,문명패러다임의혁명:서구근대화과정의현재적이해
8632,7532,26,5,청춘을위한영화예찬
8633,7533,25,5,"글,그림그리고문화콘텐츠"
8634,7534,23,5,숲과생활
8635,7535,25,5,근대의시선과공간:뮤지엄과엑스포
8636,7536,23,5,폭력의진화:통섭적관점
8637,7537,26,5,세계속한국의생존과파워
8638,7538,23,5,몸과생명
8639,7539,23,5,"생명,영원한블루오션"
8640,7540,23,5,"생명과생명공학:자본,국가,과학,정치"
8641,7541,23,5,스마트식생활과건강
8642,7542,23,5,진화와인간본성
8643,7543,24,5,동의보감을통한몸과마음의이해
8644,7544,23,5,불편한진실:기후변화
8645,7545,23,5,원자의춤
8646,7546,27,5,인간과생활속의로봇
8647,7547,27,5,인간과생활속의로봇
8648,7548,24,5,특허와지적재산권
8649,7549,23,5,하천문화의이해와르네상스
8650,7550,23,5,우주:별을잊은그대에게
8651,7551,23,5,우주:별을잊은그대에게
8652,7552,27,5,인류역사를바꾼첨단재료
8653,7553,24,5,큰맥락에서사고하기:시스템다이나믹스
8654,7554,25,5,가면의축제:동서양연희의문명사
8655,7555,25,5,과학예술문화의만남
8656,7556,25,5,미디어아트와문화
8657,7557,25,5,의미의탄생:언어
8658,7558,25,5,인문학과문화콘텐츠
8659,7559,25,5,불교와정신분석학
8660,7560,25,5,매체와메시지:미디어의이해
8661,7561,25,5,영화와문학
8662,7562,25,5,고전과여성
8663,7563,25,5,명작에취하다:예술 감상법
8664,7564,23,5,인간행동의이해:심리학
8665,7565,23,5,짝짓기의진화심리학
8666,7566,26,5,"법,질서,국가"
8667,7567,26,5,예술을통한공동체만들기
8668,7568,26,5,정치학적사유의원리
8669,7569,26,5,행복이란무엇인가
8670,7570,26,5,디아스포라
8671,7571,24,5,기술혁신과전략의융합
8672,7572,26,5,대학생을위한실용금융
8673,7573,26,5,On Justice
8674,7574,26,5,두얼굴의인류사:전쟁과평화
8675,7575,26,5,십자가와초승달:기독교와이슬람
8676,7576,26,5,평화와갈등
8677,7577,27,5,프로그래밍입문
8678,7578,24,5,공학기초수학
8679,7579,23,5,생명의언어
8680,7580,25,5,국화와칼:만들어진일본의전통
8681,7581,25,5,실크로드와누들로드:문명의창조와전달
8682,7582,26,5,황하와장강:중국역사의발자취
8683,7583,25,5,삼국지인문학
8684,7584,25,5,영화로보는스포츠문화
8685,7585,25,5,여행을통한인간의삶의가치증진
8686,7586,26,5,시민생활과법
8687,7587,25,5,그리스신화와철학
8688,7588,26,5,영화로읽는도시인문학:환동해도시와문화지리
8689,7589,26,5,유럽문화와도시문명
8690,7590,24,5,프로그래밍을통한논리적사유연습
8691,7591,27,5,빅데이터와스포츠산업
8692,7592,26,5,만화로세상보기
8693,7593,25,5,고전읽기:그리스비극
8694,7594,25,5,고전읽기:프로이트
8695,7595,26,5,국가폭력과트라우마
8696,7596,25,5,글로벌라틴아메리카
8697,7597,25,5,라틴아메리카문학과예술
8698,7598,25,5,수사학과영작문
8699,7599,25,5,언어와문학의이해
8700,7600,25,5,언어와문학의이해
8701,7601,25,5,하이쿠의세계
8702,7602,25,5,예술치료의원리와실제
8703,7603,25,5,패션디자인의세계
8704,7604,23,5,질병의진화적이해:우리는왜아픈걸까
8705,7605,25,5,고전명작과예술의문명사
8706,7606,23,5,숨겨진패턴
8707,7607,27,5,코딩하는아티스트
8708,7608,23,5,전기와자기의만남
8709,7609,25,5,라틴어와서구문명
8710,7610,25,5,그림속의인문학
8711,7611,18,6,기초중국어
8712,7612,18,6,기초중국어
8713,7613,18,6,기초중국어
8714,7614,18,6,기초일본어
8715,7615,18,6,기초일본어
8716,7616,18,6,기초일본어
8717,7617,18,6,기초스페인어
8718,7618,18,6,기초스페인어
8719,7619,18,6,기초스페인어
8720,7620,18,6,기초스페인어
8721,7621,18,6,기초러시아어
8722,7622,18,6,기초러시아어
8723,7623,18,6,기초러시아어
8724,7624,18,6,기초프랑스어
8725,7625,18,6,기초프랑스어
8726,7626,18,6,기초프랑스어
8727,7627,28,6,공공미술과사회:공공미술프로젝트
8728,7628,28,6,색채와상상력
8729,7629,28,6,작곡의밑그림:화성학
8730,7630,28,6,컴퓨터그래픽기초
8731,7631,28,6,클래식음악산책
8732,7632,28,6,합창의재발견
8733,7633,18,6,초급일본어
8734,7634,18,6,초급중국어
8735,7635,18,6,한자의이해
8736,7636,18,6,공학과경영
8737,7637,28,6,일상의공연학
8738,7638,18,6,사물인터넷과미래사회
8739,7639,18,6,언어와컴퓨터
8740,7640,18,6,글로벌세미나
8741,7641,18,6,글로벌세미나
8742,7642,18,6,글로벌세미나
8743,7643,18,6,글로벌세미나
8744,7644,18,6,글로벌세미나
8745,7645,18,6,후마니타스세미나
8746,7646,18,6,후마니타스세미나
8747,7647,18,6,후마니타스세미나
8748,7648,18,6,후마니타스세미나
8749,7649,18,6,후마니타스세미나
8750,7650,18,6,후마니타스세미나
8751,7651,18,6,후마니타스세미나
8752,7652,18,6,후마니타스세미나
8753,7653,18,6,독립연구1
8754,7654,18,6,빅데이터를통한세상바로알기:R로배우는데이터분석코딩
8755,7655,18,6,앱인벤터로배우는코딩세상
8756,7656,18,6,앱인벤터로배우는코딩세상
8757,7657,18,6,파이썬으로배우는소프트웨어코딩
8758,7658,18,6,파이썬으로배우는소프트웨어코딩
8759,7659,19,6,레크레이션
8760,7660,19,6,배드민턴
8761,7661,19,6,배드민턴
8762,7662,19,6,수상스포츠(교양)
8763,7663,19,6,수상스포츠(교양)
8764,7664,19,6,승마
8765,7665,19,6,승마
8766,7666,19,6,요가
8767,7667,19,6,요가
8768,7668,19,6,요트
8769,7669,19,6,요트
8770,7670,19,6,요트
8771,7671,19,6,웨이트트레이닝
8772,7672,19,6,웨이트트레이닝
8773,7673,19,6,웨이트트레이닝
8774,7674,19,6,윈드서핑
8775,7675,19,6,윈드서핑
8776,7676,19,6,윈드서핑
8777,7677,19,6,윈드서핑
8778,7678,19,6,탁구
8779,7679,19,6,탁구
8780,7680,19,6,태권도
8781,7681,19,6,테니스
8782,7682,19,6,테니스
8783,7683,19,6,필라테스
8784,7684,19,6,현대생활과체육
8785,7685,19,6,현대생활과체육
8786,7686,19,6,행복한여가를위한야외활동
8787,7687,19,6,행복한여가를위한야외활동
8788,7688,19,6,행복한여가를위한야외활동
8789,7689,19,6,인공암벽등반
8790,7690,19,6,호신술
8791,7691,18,6,운동과체중관리
8792,7692,18,6,전공탐색및기업가정신세미나
8793,7693,18,6,전공탐색및기업가정신세미나
8794,7694,18,6,전공탐색및기업가정신세미나
8795,7695,18,6,전공탐색및기업가정신세미나
8796,7696,18,6,전공탐색및기업가정신세미나
8797,7697,18,6,전공탐색및기업가정신세미나
8798,7698,18,6,전공탐색및기업가정신세미나
8799,7699,18,6,전공탐색및기업가정신세미나
8800,7700,18,6,전공탐색및기업가정신세미나
8801,7701,18,6,전공탐색및기업가정신세미나
8802,7702,18,6,전공탐색및기업가정신세미나
8803,7703,18,6,전공탐색및기업가정신세미나
8804,7704,18,6,전공탐색및기업가정신세미나
8805,7705,18,6,전공탐색및기업가정신세미나
8806,7706,18,6,전공탐색및기업가정신세미나
8807,7707,18,6,전공탐색및기업가정신세미나
8808,7708,18,6,전공탐색및기업가정신세미나
8809,7709,18,6,전공탐색및기업가정신세미나
8810,7710,18,6,전공탐색및기업가정신세미나
8811,7711,18,6,전공탐색및기업가정신세미나
8812,7712,18,6,전공탐색및기업가정신세미나
8813,7713,18,6,전공탐색및기업가정신세미나
8814,7714,18,6,전공탐색및기업가정신세미나
8815,7715,18,6,전공탐색및기업가정신세미나
8816,7716,18,6,전공탐색및기업가정신세미나
8817,7717,18,6,전공탐색및기업가정신세미나
8818,7718,18,6,전공탐색및기업가정신세미나
8819,7719,18,6,전공탐색및기업가정신세미나
8820,7720,18,6,전공탐색및기업가정신세미나
8821,7721,18,6,전공탐색및기업가정신세미나
8822,7722,18,6,전공탐색및기업가정신세미나
8823,7723,18,6,전공탐색및기업가정신세미나
8824,7724,18,6,전공탐색및기업가정신세미나
8825,7725,18,6,전공탐색및기업가정신세미나
8826,7726,18,6,새로운생명체:인공지능
8827,7727,18,6,소프트웨어적사유
8828,7728,18,6,소프트웨어적사유
8829,7729,18,6,신입생워크숍1:워밍업
8830,7730,18,6,신입생워크숍1:워밍업
8831,7731,18,6,신입생워크숍1:워밍업
8832,7732,18,6,한국어의이해1
8833,7733,18,6,한국어의이해1
8834,7734,18,6,한국어의이해2
8835,7735,18,6,한국어의이해2
8836,7736,18,6,한국어의이해3
8837,7737,18,6,한국어의이해3
8838,7738,18,6,한국어의이해4
8839,7739,18,6,한국어의이해4
8840,7740,18,6,지구를생각하는예술
8841,7741,18,6,파이썬과데이터마이닝
8842,7742,18,6,공학도를위한소프트스킬
8843,7743,18,6,컴퓨터게임개론:이론과기술
8844,7744,18,6,인터넷과메타버스
8845,7745,18,6,소프트웨어개발자를위한C프로그래밍
8846,7746,18,6,소프트웨어개발자를위한C프로그래밍
8847,7747,18,6,창업세미나:스타트업에서빅테크까지
8848,7748,28,6,새김과찍기:현대판화
8849,7749,28,6,아이디어를시각화하기
8850,7750,28,6,디지털사진촬영과표현
8851,7751,28,6,사운드와테크놀로지
8852,7752,28,6,생활속의공예:미와쓰임새
8853,7753,18,6,현대사회키워드로스포츠읽기
1564,1033,8,3,UX디자인(소프트웨어융합학)
1565,1034,8,3,데이터사이언스(소프트웨어융합학)
1566,1035,8,3,데이터사이언스(소프트웨어융합학)
1567,1036,8,3,경영과학1(소프트웨어융합학)
1568,1037,8,3,경영과학1(소프트웨어융합학)
1569,1038,8,3,데이터마이닝(소프트웨어융합학)
1570,1039,8,3,금융공학(소프트웨어융합학)
8854,7754,18,6,기업윤리와사회적책임
8855,7755,27,5,4차산업의이해와IOT기술 활용과분석
8856,7756,18,6,지식재산창업
1571,1040,8,3,메카트로닉스(소프트웨어융합학)
1572,1041,8,3,시스템동역학(소프트웨어융합학)
1573,1042,8,3,시스템동역학(소프트웨어융합학)
1574,1043,8,3,로봇공학(소프트웨어융합학)
1575,1044,8,3,로봇공학(소프트웨어융합학)
1576,1045,8,2,디자인적사고
1577,1045,11,2,디자인적사고(컴퓨터공학과)
1578,1045,12,2,디자인적사고(인공지능학과)
1579,1046,8,2,디자인적사고
1580,1046,10,2,디자인적사고(컴퓨터공학부)
1581,1046,12,2,디자인적사고(인공지능학과)
1582,1047,8,2,웹/파이선프로그래밍
1583,1047,11,2,웹/파이선프로그래밍(컴퓨터공학과)
1584,1047,12,2,웹/파이선프로그래밍(인공지능학과)
1585,1048,8,2,웹/파이선프로그래밍
1586,1048,11,2,웹/파이선프로그래밍(컴퓨터공학과)
1587,1048,12,2,웹/파이선프로그래밍(인공지능학과)
1588,1049,8,2,웹/파이선프로그래밍
1589,1050,8,2,오픈소스SW개발방법및도구
1590,1050,11,2,오픈소스SW개발방법및도구(컴퓨터공학과)
1591,1051,8,3,마이크로서비스프로그래밍
1592,1051,11,3,마이크로서비스프로그래밍(컴퓨터공학과)
1593,1051,12,3,마이크로서비스프로그래밍(인공지능학과)
1594,1052,8,3,융합연구1
1595,1053,8,3,기계학습
1596,1053,11,2,기계학습(컴퓨터공학과)
1597,1053,12,2,기계학습(인공지능학과)
1598,1054,8,3,기계학습
1599,1054,11,2,기계학습(컴퓨터공학과)
1600,1054,12,2,기계학습(인공지능학과)
1601,1055,8,3,기계학습
1602,1055,11,2,기계학습(컴퓨터공학과)
1603,1055,12,2,기계학습(인공지능학과)
1604,1056,8,3,회로와신호
1605,1056,11,3,회로와신호(컴퓨터공학과)
1606,1057,8,3,게임그래픽프로그래밍
1607,1057,11,3,게임그래픽프로그래밍(컴퓨터공학과)
1608,1058,8,3,게임인터랙티브테크놀로지
1609,1058,11,3,게임인터랙티브테크놀로지(컴퓨터공학과)
1610,1059,8,3,데이터분석캡스톤디자인
1611,1060,8,3,데이터분석캡스톤디자인
1612,1061,8,3,데이터분석캡스톤디자인
1613,1062,8,3,데이터분석캡스톤디자인
1614,1063,8,3,데이터분석캡스톤디자인
1615,1064,8,3,데이터분석캡스톤디자인
1616,1065,8,3,로봇·비전캡스톤디자인
1617,1066,8,3,로봇·비전캡스톤디자인
1618,1067,8,3,융합연구3
1619,1068,8,3,독립심화학습1(소프트웨어융합학과)
1620,1069,8,3,독립심화학습1(소프트웨어융합학과)
1621,1070,8,3,3D데이터처리
1622,1070,11,3,3D데이터처리(컴퓨터공학과)
1623,1071,8,3,게임콘텐츠캡스톤디자인
1624,1072,8,3,게임콘텐츠캡스톤디자인
1625,1073,8,3,게임콘텐츠캡스톤디자인
1626,1074,8,3,게임콘텐츠캡스톤디자인
1627,1075,8,3,게임콘텐츠캡스톤디자인
1628,1076,8,3,게임콘텐츠캡스톤디자인
1629,1077,8,3,풀스택서비스프로그래밍
1630,1077,11,3,풀스택서비스프로그래밍(컴퓨터공학과)
1631,1078,8,3,응용데이터분석
1632,1079,8,2,소프트웨어융합캡스톤디자인
1633,1080,8,2,소프트웨어융합캡스톤디자인
1634,1081,8,2,소프트웨어융합캡스톤디자인
1635,1082,8,2,소프트웨어융합캡스톤디자인
1636,1083,8,2,소프트웨어융합캡스톤디자인
1637,1084,8,2,소프트웨어융합캡스톤디자인
1638,1085,8,2,소프트웨어융합캡스톤디자인
1639,1086,8,2,소프트웨어융합캡스톤디자인
1640,1087,8,2,소프트웨어융합캡스톤디자인
1641,1088,8,2,소프트웨어융합캡스톤디자인
1642,1089,8,2,소프트웨어융합캡스톤디자인
1643,1090,8,2,소프트웨어융합캡스톤디자인
1644,1091,8,2,소프트웨어융합캡스톤디자인
1645,1092,8,2,소프트웨어융합캡스톤디자인
1646,1093,8,2,소프트웨어융합캡스톤디자인
1647,1094,8,2,소프트웨어융합캡스톤디자인
1648,1095,8,2,소프트웨어융합캡스톤디자인
1649,1096,8,2,소프트웨어융합캡스톤디자인
1650,1097,8,2,소프트웨어융합캡스톤디자인
1651,1098,8,2,소프트웨어융합캡스톤디자인
1652,1099,8,2,소프트웨어융합캡스톤디자인
1653,1100,8,2,소프트웨어융합캡스톤디자인
1654,1101,8,2,소프트웨어융합캡스톤디자인
1655,1102,8,2,소프트웨어융합캡스톤디자인
1656,1103,8,2,소프트웨어융합캡스톤디자인
1657,1104,8,2,소프트웨어융합캡스톤디자인
1658,1105,8,2,졸업논문(소프트웨어융합)
1659,1106,8,3,융합연구5
1660,1107,8,3,인공지능과게임프로그래밍
1661,1107,11,3,인공지능과게임프로그래밍(컴퓨터공학과)
1662,1107,12,3,인공지능과게임프로그래밍(인공지능학과)
1663,1108,8,3,풀스택서비스네트워킹
1664,1108,11,3,풀스택서비스네트워킹(컴퓨터공학과)
1665,1109,8,3,자연언어처리
1666,1109,11,3,자연언어처리(컴퓨터공학과)
1667,1109,12,3,자연언어처리(인공지능학과)
1668,1110,8,3,영상분석과패턴인식
1669,1111,8,3,강화학습
1670,1111,11,3,강화학습(컴퓨터공학과)
1671,1112,11,3,인공지능프로그래밍(컴퓨터공학과)
1672,1112,12,2,인공지능프로그래밍
1673,1113,12,1,인공지능수학
1674,1114,12,3,자연언어학습
1675,1115,12,3,설명및신뢰가능한AI
1676,1116,12,2,캡스톤디자인
8857,7757,7,1,미분방정식
8858,7758,7,1,미분방정식
8859,7759,7,1,미분방정식
8860,7760,7,1,미분방정식
8861,7761,7,1,미분방정식
8862,7762,7,1,미분방정식
8863,7763,7,1,미분방정식
8864,7764,7,1,미분방정식
8865,7765,7,1,미분방정식
8866,7766,7,1,미분방정식
8867,7767,7,1,미분방정식
8868,7768,7,1,미분방정식
8869,7769,7,1,미분방정식
8870,7770,7,1,미분방정식
8871,7771,7,1,미분방정식
8872,7772,7,1,미분방정식
8873,7773,7,1,미분방정식
8874,7774,7,1,미분방정식
8875,7775,7,1,미분방정식
8876,7776,7,1,미분방정식
8877,7777,7,1,고급미분적분학
8878,7778,7,1,고급미분적분학
8879,7779,7,1,고급미분적분학
8880,7780,7,1,고급미분적분학
8881,7781,7,1,고급미분적분학
8882,7782,7,1,고급미분적분학
8883,7783,7,1,고급미분적분학
8884,7784,7,1,고급미분적분학
8885,7785,7,1,고급미분적분학
8886,7786,7,1,고급미분적분학
8887,7787,7,1,고급미분적분학
8888,7788,7,1,고급미분적분학
8889,7789,7,1,고급미분적분학
8890,7790,7,1,고급미분적분학
8891,7791,7,1,고급미분적분학
8892,7792,7,1,고급미분적분학
8893,7793,7,1,통계학
8894,7794,7,1,통계학
8895,7795,35,1,화학및실험2
8896,7796,35,1,화학및실험2
8897,7797,35,1,화학및실험2
8898,7798,35,1,화학및실험2
8899,7799,35,1,화학및실험2
8900,7800,35,1,화학및실험2
8901,7801,35,1,화학2
8902,7802,35,1,화학2
8903,7803,35,1,화학2
8904,7804,35,1,화학2
8905,7805,35,1,화학2
8906,7806,35,1,화학2
8907,7807,35,1,일반화학
8908,7808,35,1,일반화학
8909,7809,35,1,일반화학
8910,7810,35,1,일반화학
8911,7811,35,1,일반화학
8912,7812,35,1,일반화학
8913,7813,34,1,물리학2
8914,7814,34,1,물리학2
8915,7815,34,1,물리학2
8916,7816,34,1,물리학2
8917,7817,34,1,물리학2
8918,7818,34,1,물리학2
8919,7819,34,1,물리학2
8920,7820,34,1,물리학2
8921,7821,34,1,물리학및실험2
8922,7822,34,1,물리학및실험2
8923,7823,34,1,물리학및실험2
8924,7824,34,1,물리학및실험2
8925,7825,34,1,물리학및실험2
8926,7826,34,1,물리학및실험2
8927,7827,34,1,물리학및실험2
8928,7828,34,1,물리학및실험2
8929,7829,34,1,일반물리
8930,7830,34,1,일반물리
8931,7831,34,1,일반물리
8932,7832,34,1,일반물리
8933,7833,34,1,일반물리
8934,7834,37,1,생물2
8935,7835,37,1,생물2
8936,7836,37,1,생물2
8937,7837,37,1,생물2
8938,7838,37,1,생물2
8939,7839,37,1,일반생물
8940,7840,37,1,일반생물
1677,1117,8,2,객체지향프로그래밍(소프트웨어융합학)
1678,1117,11,2,객체지향프로그래밍
1679,1117,12,2,객체지향프로그래밍(인공지능학과)
1680,1118,8,2,객체지향프로그래밍(소프트웨어융합학)
1681,1118,11,2,객체지향프로그래밍
1682,1118,12,2,객체지향프로그래밍(인공지능학과)
1683,1119,8,2,객체지향프로그래밍(소프트웨어융합학)
1684,1119,11,2,객체지향프로그래밍
1685,1120,11,3,실감미디어컴퓨팅기초
1686,1121,8,3,이산구조(소프트웨어융합학)
1687,1121,11,1,이산구조
1688,1121,12,1,이산구조(인공지능학과)
1689,1122,8,3,이산구조(소프트웨어융합학)
1690,1122,11,1,이산구조
1691,1122,12,1,이산구조(인공지능학과)
1692,1123,11,2,컴퓨터구조
1693,1124,11,2,컴퓨터구조
1694,1125,11,2,컴퓨터구조
1695,1126,8,2,자료구조(소프트웨어융합학)
1696,1126,11,2,자료구조
1697,1126,12,2,자료구조(인공지능학과)
1698,1127,8,2,자료구조(소프트웨어융합학)
1699,1127,11,2,자료구조
1700,1127,12,2,자료구조(인공지능학과)
1701,1128,8,2,자료구조(소프트웨어융합학)
1702,1128,11,2,자료구조
1703,1128,12,2,자료구조(인공지능학과)
1704,1129,8,2,운영체제(소프트웨어융합학)
1705,1129,11,2,운영체제
1706,1129,12,2,운영체제(인공지능학과)
1707,1130,8,2,운영체제(소프트웨어융합학)
1708,1130,11,2,운영체제
1709,1130,12,2,운영체제(인공지능학과)
1710,1131,8,3,컴퓨터네트워크(소프트웨어융합학)
1711,1131,11,2,컴퓨터네트워크
1712,1132,8,3,컴퓨터네트워크(소프트웨어융합학)
1713,1132,11,2,컴퓨터네트워크
1714,1133,8,3,컴퓨터네트워크(소프트웨어융합학)
1715,1133,11,2,컴퓨터네트워크
1716,1134,8,3,컴퓨터네트워크(소프트웨어융합학)
1717,1134,11,2,컴퓨터네트워크
1718,1135,8,3,컴퓨터네트워크(소프트웨어융합학)
1719,1135,11,2,컴퓨터네트워크
1720,1135,12,2,컴퓨터네트워크(인공지능학과)
1721,1136,8,3,컴퓨터네트워크(소프트웨어융합학)
1722,1136,11,2,컴퓨터네트워크
1723,1136,12,3,컴퓨터네트워크(인공지능학과)
1724,1137,8,2,알고리즘(소프트웨어융합학)
1725,1137,11,2,알고리즘
1726,1137,12,2,알고리즘(인공지능학과)
1727,1138,8,2,알고리즘(소프트웨어융합학)
1728,1138,11,2,알고리즘
1729,1138,12,2,알고리즘(인공지능학과)
1730,1139,8,2,데이터베이스(소프트웨어융합학)
1731,1139,11,2,데이터베이스
1732,1139,12,3,데이터베이스(인공지능학과)
1733,1140,8,2,데이터베이스(소프트웨어융합학)
1734,1140,11,2,데이터베이스
1735,1140,12,3,데이터베이스(인공지능학과)
1736,1141,8,2,소프트웨어공학(소프트웨어융합학)
1737,1141,11,2,소프트웨어공학
1738,1141,12,3,소프트웨어공학(인공지능학과)
1739,1142,8,2,소프트웨어공학(소프트웨어융합학)
1740,1142,11,2,소프트웨어공학
1741,1142,12,3,소프트웨어공학(인공지능학과)
1742,1143,11,3,프로그래밍언어론
1743,1144,8,3,딥러닝(소프트웨어융합학)
1744,1144,11,3,딥러닝
1745,1144,12,2,딥러닝(인공지능학과)
1746,1145,8,3,딥러닝(소프트웨어융합학)
1747,1145,11,3,딥러닝
1748,1145,12,2,딥러닝(인공지능학과)
1749,1146,8,3,리눅스시스템프로그래밍(소프트웨어융합학)
1750,1146,11,3,리눅스시스템프로그래밍
1751,1146,12,3,리눅스시스템프로그래밍(인공지능학과)
1752,1147,11,3,SW스타트업프로젝트
1753,1147,12,3,SW스타트업프로젝트(인공지능학과)
1754,1148,8,3,실전기계학습(소프트웨어융합학)
1755,1148,11,3,실전기계학습
1756,1148,12,2,실전기계학습(인공지능학과)
1757,1149,11,2,졸업논문(컴퓨터공학전공)
1758,1150,11,2,졸업프로젝트
1759,1151,11,2,졸업프로젝트
1760,1152,11,2,졸업프로젝트
1761,1153,11,2,캡스톤디자인
1762,1154,11,2,캡스톤디자인
1763,1155,11,2,캡스톤디자인
1764,1156,11,2,캡스톤디자인
1765,1157,11,2,캡스톤디자인
1766,1158,11,2,캡스톤디자인
1767,1159,11,2,캡스톤디자인
1768,1160,11,2,캡스톤디자인
1769,1161,11,2,캡스톤디자인
1770,1162,11,2,캡스톤디자인
1771,1163,11,2,캡스톤디자인
1772,1164,11,2,캡스톤디자인
1773,1165,11,2,캡스톤디자인
1774,1166,11,2,캡스톤디자인
1775,1167,11,2,캡스톤디자인
1776,1168,11,2,캡스톤디자인
1777,1169,11,2,캡스톤디자인
1778,1170,11,3,메타버스데이터처리
1779,1170,12,3,메타버스데이터처리(인공지능학과)
1780,1171,11,3,클라우드프로젝트
1781,1172,8,3,컴퓨터비젼(소프트웨어융합학)
1782,1172,11,3,컴퓨터비젼
1783,1172,12,3,컴퓨터비젼(인공지능학과)
1784,1173,8,3,블록체인(소프트웨어융합학)
1785,1173,11,3,블록체인
1786,1173,12,3,블록체인(인공지능학과)
1787,1174,11,3,모바일/웹서비스프로젝트
1788,1175,11,3,소프트웨어보안
1789,1175,12,3,소프트웨어보안(인공지능학과)
1790,1176,11,3,연구연수활동2(컴퓨터공학)
1791,1177,11,3,연구연수활동2(컴퓨터공학)
1792,1178,11,3,연구연수활동2(컴퓨터공학)
1793,1179,11,3,연구연수활동2(컴퓨터공학)
1794,1180,11,3,연구연수활동2(컴퓨터공학)
1795,1181,11,3,연구연수활동2(컴퓨터공학)
1796,1182,11,3,연구연수활동2(컴퓨터공학)
1797,1183,11,3,연구연수활동2(컴퓨터공학)
1798,1184,11,3,연구연수활동2(컴퓨터공학)
1799,1185,11,3,독립심화학습2(컴퓨터공학과)
1800,1186,11,3,독립심화학습2(컴퓨터공학과)
1801,1187,11,3,독립심화학습2(컴퓨터공학과)
1802,1188,11,3,독립심화학습2(컴퓨터공학과)
1803,1189,11,3,독립심화학습2(컴퓨터공학과)
1804,1190,11,3,독립심화학습2(컴퓨터공학과)
1805,1191,11,3,독립심화학습2(컴퓨터공학과)
8941,7841,17,10,교육사회학
8942,7842,17,10,교육사회학
8943,7843,17,10,교육심리학
8944,7844,17,10,교육심리학
8945,7845,17,10,교육철학및교육사
8946,7846,17,10,교육학개론
8947,7847,17,10,학교폭력 예방 및 학생의 이해
8948,7848,17,10,교직적성및인성검사1
8949,7849,17,10,교직적성및인성검사2
8950,7850,17,10,응급처치및심폐소생술실습1
8951,7851,17,10,응급처치및심폐소생술실습2
8952,7852,17,10,성인지교육1
8953,7853,17,10,성인지교육2
8954,7854,17,10,교육과정
8955,7855,17,10,교육과정
8956,7856,17,10,교육방법및교육공학
8957,7857,17,10,교육평가
8958,7858,17,10,교직실무
8959,7859,17,10,교직실무
8960,7860,17,10,특수교육학개론
8961,7861,17,10,특수교육학개론
8962,7862,17,10,교육봉사활동1
8963,7863,17,10,교육봉사활동2
8964,7864,17,10,교육행정및교육경영
8965,7865,17,10,교육행정및교육경영
1806,1192,11,2,논리회로(컴퓨터공학과)
1807,1193,11,2,논리회로(컴퓨터공학과)
1808,1194,11,2,논리회로(컴퓨터공학과)
1809,1195,11,3,신호와시스템(컴퓨터공학과)
1810,1196,11,3,신호와시스템(컴퓨터공학과)
1811,1197,11,3,신호와시스템(컴퓨터공학과)
1812,1198,11,3,신호와시스템(컴퓨터공학과)
1813,1199,8,1,확률및랜덤변수(소프트웨어융합학)
1814,1199,11,1,확률및랜덤변수(컴퓨터공학과)
1815,1199,12,1,확률및랜덤변수(인공지능학과)
1816,1200,8,1,확률및랜덤변수(소프트웨어융합학)
1817,1200,11,1,확률및랜덤변수(컴퓨터공학과)
1818,1200,12,1,확률및랜덤변수(인공지능학과)
1819,1201,8,1,확률및랜덤변수(소프트웨어융합학)
1820,1201,11,1,확률및랜덤변수(컴퓨터공학과)
1821,1201,12,1,확률및랜덤변수(인공지능학과)
1822,1202,8,1,확률및랜덤변수(소프트웨어융합학)
1823,1202,11,1,확률및랜덤변수(컴퓨터공학과)
1824,1202,12,1,확률및랜덤변수(인공지능학과)
1825,1203,8,3,로봇제어공학(소프트웨어융합학)
1826,1204,8,3,세계신화읽기(소프트웨어융합학)
8966,7866,36,1,생물학및실험2
8967,7867,36,1,생물학및실험2
8968,7868,22,11,빅뱅에서문명까지
8969,7869,22,11,빅뱅에서문명까지
8970,7870,22,11,빅뱅에서문명까지
8971,7871,22,11,빅뱅에서문명까지
8972,7872,22,11,빅뱅에서문명까지
8973,7873,22,11,빅뱅에서문명까지
8974,7874,22,11,빅뱅에서문명까지
8975,7875,22,11,빅뱅에서문명까지
8976,7876,22,11,빅뱅에서문명까지
8977,7877,22,11,빅뱅에서문명까지
8978,7878,22,11,인간의가치탐색
8979,7879,22,11,인간의가치탐색
8980,7880,22,11,인간의가치탐색
8981,7881,22,11,인간의가치탐색
8982,7882,22,11,인간의가치탐색
8983,7883,22,11,인간의가치탐색
8984,7884,22,11,인간의가치탐색
8985,7885,22,11,인간의가치탐색
8986,7886,22,11,인간의가치탐색
8987,7887,22,11,인간의가치탐색
8988,7888,22,11,인간의가치탐색
8989,7889,22,11,인간의가치탐색
8990,7890,22,11,인간의가치탐색
8991,7891,22,11,인간의가치탐색
8992,7892,22,11,인간의가치탐색
8993,7893,22,11,인간의가치탐색
8994,7894,22,11,인간의가치탐색
8995,7895,22,11,인간의가치탐색
8996,7896,22,11,인간의가치탐색
8997,7897,22,11,인간의가치탐색
8998,7898,22,11,인간의가치탐색
8999,7899,22,11,인간의가치탐색
9000,7900,22,11,인간의가치탐색
9001,7901,22,11,인간의가치탐색
9002,7902,22,11,인간의가치탐색
9003,7903,22,11,인간의가치탐색
9004,7904,22,11,인간의가치탐색
9005,7905,22,11,인간의가치탐색
9006,7906,22,11,인간의가치탐색
9007,7907,22,11,인간의가치탐색
9008,7908,22,11,인간의가치탐색
9009,7909,22,11,인간의가치탐색
9010,7910,22,11,인간의가치탐색
9011,7911,22,11,인간의가치탐색
9012,7912,22,11,인간의가치탐색
9013,7913,22,11,인간의가치탐색
9014,7914,22,11,인간의가치탐색
9015,7915,22,11,인간의가치탐색
9016,7916,22,11,인간의가치탐색
9017,7917,22,11,인간의가치탐색
9018,7918,22,11,인간의가치탐색
9019,7919,22,11,인간의가치탐색
9020,7920,22,11,인간의가치탐색
9021,7921,22,11,인간의가치탐색
9022,7922,22,11,인간의가치탐색
9023,7923,22,11,인간의가치탐색
9024,7924,22,11,인간의가치탐색
9025,7925,22,11,인간의가치탐색
9026,7926,22,11,인간의가치탐색
9027,7927,22,11,인간의가치탐색
9028,7928,22,11,세계와시민
9029,7929,22,11,세계와시민
9030,7930,22,11,세계와시민
9031,7931,22,11,세계와시민
9032,7932,22,11,세계와시민
9033,7933,22,11,세계와시민
9034,7934,22,11,세계와시민
9035,7935,22,11,세계와시민
9036,7936,22,11,세계와시민
9037,7937,22,11,세계와시민
9038,7938,22,11,세계와시민
9039,7939,22,11,세계와시민
9040,7940,22,11,세계와시민
9041,7941,22,11,세계와시민
9042,7942,22,11,세계와시민
9043,7943,22,11,세계와시민
9044,7944,22,11,세계와시민
9045,7945,22,11,세계와시민
9046,7946,22,11,세계와시민
9047,7947,22,11,세계와시민
9048,7948,22,11,세계와시민
9049,7949,22,11,세계와시민
9050,7950,22,11,세계와시민
9051,7951,22,11,세계와시민
9052,7952,22,11,세계와시민
9053,7953,22,11,세계와시민
9054,7954,22,11,세계와시민
9055,7955,22,11,세계와시민
9056,7956,22,11,세계와시민
9057,7957,22,11,세계와시민
9058,7958,22,11,세계와시민
9059,7959,22,11,세계와시민
9060,7960,22,11,세계와시민
9061,7961,22,11,세계와시민
9062,7962,22,11,세계와시민
9063,7963,22,11,세계와시민
9064,7964,22,11,세계와시민
9065,7965,22,11,세계와시민
9066,7966,22,11,세계와시민
9067,7967,22,11,세계와시민
9068,7968,22,11,세계와시민
9069,7969,22,11,세계와시민
9070,7970,22,11,세계와시민
9071,7971,22,11,세계와시민
9072,7972,22,11,세계와시민
9073,7973,22,11,세계와시민
9074,7974,22,11,세계와시민
9075,7975,22,11,세계와시민
9076,7976,22,11,세계와시민
9077,7977,22,11,세계와시민
9078,7978,21,4,성찰과표현
9079,7979,21,4,성찰과표현
9080,7980,21,4,성찰과표현
9081,7981,21,4,성찰과표현
9082,7982,21,4,성찰과표현
9083,7983,21,4,성찰과표현
9084,7984,21,4,성찰과표현
9085,7985,21,4,성찰과표현
9086,7986,21,4,성찰과표현
9087,7987,21,4,성찰과표현
9088,7988,21,4,성찰과표현
9089,7989,21,4,성찰과표현
9090,7990,21,4,성찰과표현
9091,7991,21,4,성찰과표현
9092,7992,21,4,성찰과표현
9093,7993,21,4,성찰과표현
9094,7994,21,4,성찰과표현
9095,7995,21,4,성찰과표현
9096,7996,21,4,성찰과표현
9097,7997,21,4,성찰과표현
9098,7998,21,4,성찰과표현
9099,7999,21,4,성찰과표현
9100,8000,21,4,성찰과표현
9101,8001,21,4,성찰과표현
9102,8002,21,4,성찰과표현
9103,8003,21,4,성찰과표현
9104,8004,21,4,성찰과표현
9105,8005,21,4,성찰과표현
9106,8006,21,4,성찰과표현
9107,8007,21,4,성찰과표현
9108,8008,21,4,성찰과표현
9109,8009,21,4,성찰과표현
9110,8010,21,4,성찰과표현
9111,8011,21,4,성찰과표현
9112,8012,21,4,성찰과표현
9113,8013,21,4,성찰과표현
9114,8014,21,4,성찰과표현
9115,8015,21,4,성찰과표현
9116,8016,21,4,성찰과표현
9117,8017,21,4,성찰과표현
9118,8018,21,4,성찰과표현
9119,8019,20,4,대학영어
9120,8020,20,4,대학영어
9121,8021,20,4,대학영어
9122,8022,20,4,대학영어
9123,8023,20,4,대학영어
9124,8024,20,4,대학영어
9125,8025,20,4,대학영어
9126,8026,20,4,대학영어
9127,8027,20,4,대학영어
9128,8028,20,4,대학영어
9129,8029,20,4,대학영어
9130,8030,20,4,대학영어
9131,8031,20,4,대학영어
9132,8032,20,4,대학영어
9133,8033,20,4,대학영어
9134,8034,20,4,대학영어
9135,8035,20,4,대학영어
9136,8036,20,4,대학영어
9137,8037,20,4,대학영어
9138,8038,20,4,대학영어
9139,8039,20,4,대학영어
9140,8040,20,4,대학영어
9141,8041,20,4,대학영어
9142,8042,20,4,대학영어
9143,8043,20,4,대학영어
9144,8044,21,4,주제연구
9145,8045,21,4,주제연구
9146,8046,21,4,주제연구
9147,8047,21,4,주제연구
9148,8048,21,4,주제연구
9149,8049,21,4,주제연구
9150,8050,21,4,주제연구
9151,8051,21,4,주제연구
9152,8052,21,4,주제연구
9153,8053,21,4,주제연구
9154,8054,21,4,주제연구
9155,8055,21,4,주제연구
9156,8056,21,4,주제연구
9157,8057,21,4,주제연구
9158,8058,21,4,주제연구
9159,8059,21,4,주제연구
9160,8060,21,4,주제연구
9161,8061,21,4,주제연구
9162,8062,21,4,주제연구
9163,8063,21,4,주제연구
9164,8064,21,4,주제연구
9165,8065,21,4,주제연구
9166,8066,21,4,주제연구
9167,8067,21,4,주제연구
9168,8068,21,4,주제연구
9169,8069,21,4,주제연구
9170,8070,21,4,주제연구
9171,8071,21,4,주제연구
9172,8072,21,4,주제연구
9173,8073,21,4,주제연구
9174,8074,21,4,주제연구
9175,8075,21,4,주제연구
9176,8076,21,4,주제연구
9177,8077,21,4,주제연구
9178,8078,21,4,주제연구
9179,8079,21,4,주제연구
9180,8080,21,4,주제연구
9181,8081,21,4,주제연구
9182,8082,21,4,주제연구
9183,8083,21,4,주제연구
9184,8084,21,4,주제연구
9185,8085,21,4,주제연구
9186,8086,21,4,주제연구
9187,8087,21,4,주제연구
9188,8088,21,4,주제연구
9189,8089,21,4,주제연구
9190,8090,21,4,주제연구
9191,8091,21,4,주제연구
9192,8092,21,4,주제연구
9193,8093,21,4,주제연구
9194,8094,21,4,주제연구
9195,8095,21,4,주제연구
9196,8096,21,4,주제연구
9197,8097,26,5,마음챙김과비폭력대화
9198,8098,27,5,인공지능을위한선형대수
9199,8099,23,5,만성질병과건강관리
9200,8100,23,5,운동과건강
9201,8101,25,5,"Exploring Industry, Ideology, and Identity through the Marvel Cinematic Universe"
9202,8102,26,5,문명패러다임의혁명:서구근대화과정의현재적이해
9203,8103,26,5,청춘을위한영화예찬
9204,8104,25,5,"글,그림그리고문화콘텐츠"
9205,8105,25,5,근대의시선과공간:뮤지엄과엑스포
9206,8106,23,5,폭력의진화:통섭적관점
9207,8107,23,5,폭력의진화:통섭적관점
9208,8108,27,5,금융과IT의미래
9209,8109,23,5,"마음의탄생:뇌,의식,마음"
9210,8110,26,5,고전읽기:칼세이건
9211,8111,27,5,"미래,기술,경영"
9212,8112,23,5,몸과생명
9213,8113,23,5,몸의발견
9214,8114,23,5,"생명,영원한블루오션"
9215,8115,23,5,스마트식생활과건강
9216,8116,23,5,진화와인간본성
9217,8117,23,5,불편한진실:기후변화
9218,8118,23,5,원자의춤
9219,8119,27,5,인간과생활속의로봇
9220,8120,27,5,인간과생활속의로봇
9221,8121,24,5,특허와지적재산권
9222,8122,24,5,현대사회와과학
9223,8123,23,5,하천문화의이해와르네상스
9224,8124,23,5,우주:별을잊은그대에게
9225,8125,23,5,우주:별을잊은그대에게
9226,8126,25,5,가면의축제:동서양연희의문명사
9227,8127,25,5,공감의인류학:감정이입과의인화
9228,8128,25,5,미디어아트와문화
9229,8129,25,5,인문학과문화콘텐츠
9230,8130,25,5,불교와정신분석학
9231,8131,25,5,영화와문학
9232,8132,25,5,고전과여성
9233,8133,25,5,명작에취하다:예술 감상법
9234,8134,25,5,음식과문화:글로벌&로컬트렌드와이슈
9235,8135,26,5,"법,질서,국가"
9236,8136,26,5,"법,질서,국가"
9237,8137,26,5,예술을통한공동체만들기
9238,8138,26,5,정치학적사유의원리
9239,8139,26,5,행복이란무엇인가
9240,8140,26,5,디아스포라
9241,8141,24,5,기술혁신과전략의융합
9242,8142,26,5,대학생을위한실용금융
9243,8143,26,5,On Justice
9244,8144,27,5,SF영화의상상력:미래의평화와윤리
9245,8145,26,5,두얼굴의인류사:전쟁과평화
9246,8146,26,5,평화와갈등
9247,8147,27,5,프로그래밍입문
9248,8148,24,5,공학기초수학
9249,8149,24,5,기초 미분적분학
9250,8150,24,5,기초 미분적분학
9251,8151,24,5,수학과세상
9252,8152,25,5,국화와칼:만들어진일본의전통
9253,8153,26,5,황하와장강:중국역사의발자취
9254,8154,25,5,삼국지인문학
9255,8155,25,5,영화로보는스포츠문화
9256,8156,26,5,시민생활과법
9257,8157,25,5,그리스신화와철학
9258,8158,26,5,영화로읽는도시인문학:환동해도시와문화지리
9259,8159,26,5,유럽문화와도시문명
9260,8160,24,5,예측하는미래:통계와확률
9261,8161,24,5,통계의진실과오류
9262,8162,24,5,프로그래밍을통한논리적사유연습
9263,8163,27,5,빅데이터와스포츠산업
9264,8164,26,5,만화로세상보기
9265,8165,25,5,고전읽기:그리스비극
9266,8166,25,5,고전읽기:프로이트
9267,8167,25,5,고전읽기:박경리토지
9268,8168,26,5,국가폭력과트라우마
9269,8169,25,5,글로벌라틴아메리카
9270,8170,25,5,수사학과영작문
9271,8171,25,5,언어와문학의이해
9272,8172,25,5,하이쿠의세계
9273,8173,25,5,예술치료의원리와실제
9274,8174,25,5,패션디자인의세계
9275,8175,23,5,질병의진화적이해:우리는왜아픈걸까
9276,8176,27,5,좋은에너지나쁜에너지다른에너지
9277,8177,23,5,문명감염그리고진화
9278,8178,25,5,고전명작과예술의문명사
9279,8179,27,5,코딩하는아티스트
9280,8180,25,5,라틴어와서구문명
9281,8181,25,5,그림속의인문학
9282,8182,18,6,기초중국어
9283,8183,18,6,기초일본어
9284,8184,18,6,기초일본어
9285,8185,18,6,기초일본어
9286,8186,18,6,기초일본어
9287,8187,18,6,기초스페인어
9288,8188,18,6,기초스페인어
9289,8189,18,6,기초스페인어
9290,8190,18,6,기초스페인어
9291,8191,18,6,기초러시아어
9292,8192,18,6,기초프랑스어
9293,8193,18,6,기초프랑스어
9294,8194,18,6,기초프랑스어
9295,8195,28,6,공공미술과사회:공공미술프로젝트
9296,8196,28,6,색채와상상력
9297,8197,28,6,작곡의밑그림:화성학
9298,8198,28,6,클래식음악산책
9299,8199,28,6,합창의재발견
9300,8200,18,6,공학과경영
9301,8201,28,6,일상의공연학
9302,8202,18,6,사물인터넷과미래사회
9303,8203,18,6,사물인터넷과미래사회
9304,8204,18,6,한국어1(교양)
9305,8205,18,6,한국어2(교양)
9306,8206,18,6,글로벌세미나
9307,8207,18,6,글로벌세미나
9308,8208,18,6,글로벌세미나
9309,8209,18,6,글로벌세미나
9310,8210,18,6,글로벌세미나
9311,8211,18,6,후마니타스세미나
9312,8212,18,6,후마니타스세미나
9313,8213,18,6,후마니타스세미나
9314,8214,18,6,후마니타스세미나
9315,8215,18,6,후마니타스세미나
9316,8216,18,6,후마니타스세미나
9317,8217,18,6,후마니타스세미나
9318,8218,18,6,독립연구1
9319,8219,18,6,빅데이터를통한세상바로알기:R로배우는데이터분석코딩
9320,8220,18,6,앱인벤터로배우는코딩세상
9321,8221,18,6,앱인벤터로배우는코딩세상
9322,8222,18,6,파이썬으로배우는소프트웨어코딩
9323,8223,18,6,파이썬으로배우는소프트웨어코딩
9324,8224,19,6,동계스포츠:스노우보드
9325,8225,19,6,동계스포츠:스노우보드
9326,8226,19,6,동계스포츠:스노우보드
9327,8227,19,6,동계스포츠:스키
9328,8228,19,6,동계스포츠:스키
9329,8229,19,6,동계스포츠:스키
9330,8230,19,6,레크레이션
9331,8231,19,6,배드민턴
9332,8232,19,6,배드민턴
9333,8233,19,6,수상스포츠(교양)
9334,8234,19,6,승마
9335,8235,19,6,승마
9336,8236,19,6,요가
9337,8237,19,6,요가
9338,8238,19,6,요트
9339,8239,19,6,요트
9340,8240,19,6,웨이트트레이닝
9341,8241,19,6,웨이트트레이닝
9342,8242,19,6,윈드서핑
9343,8243,19,6,윈드서핑
9344,8244,19,6,탁구
9345,8245,19,6,탁구
9346,8246,19,6,태권도
9347,8247,19,6,테니스
9348,8248,19,6,필라테스
9349,8249,19,6,필라테스
9350,8250,19,6,현대생활과체육
9351,8251,19,6,현대생활과체육
9352,8252,19,6,행복한여가를위한야외활동
9353,8253,19,6,행복한여가를위한야외활동
9354,8254,19,6,인공암벽등반
9355,8255,19,6,호신술
9356,8256,18,6,운동과체중관리
9357,8257,18,6,새로운생명체:인공지능
9358,8258,18,6,소프트웨어적사유
9359,8259,18,6,소프트웨어적사유
9360,8260,18,6,신입생워크숍2:스타트업
9361,8261,18,6,신입생워크숍2:스타트업
9362,8262,18,6,신입생워크숍2:스타트업
9363,8263,18,6,한국어의이해1
9364,8264,18,6,한국어의이해1
9365,8265,18,6,한국어의이해2
9366,8266,18,6,한국어의이해2
9367,8267,18,6,한국어의이해3
9368,8268,18,6,한국어의이해3
9369,8269,18,6,한국어의이해4
9370,8270,18,6,한국어의이해4
9371,8271,18,6,파이썬과데이터마이닝
9372,8272,18,6,컴퓨터게임개론:이론과기술
9373,8273,18,6,소프트웨어개발자를위한C프로그래밍
9374,8274,18,6,소프트웨어개발자를위한C프로그래밍
9375,8275,18,6,지구를생각하는인공지능
9376,8276,18,6,인공지능을위한수학
9377,8277,28,6,새김과찍기:현대판화
9378,8278,28,6,아이디어를시각화하기
9379,8279,28,6,디지털사진촬영과표현
9380,8280,28,6,사운드와테크놀로지
9381,8281,28,6,생활속의공예:미와쓰임새
1827,1205,8,3,응용통계학(소프트웨어융합학)
1828,1206,8,3,응용통계학(소프트웨어융합학)
1829,1207,8,3,경영과학2(소프트웨어융합학)
9382,8282,18,6,기업윤리와사회적책임
9383,8283,27,5,4차산업의이해와IOT기술 활용과분석
9384,8284,18,6,지식재산창업
9385,8285,18,6,창업과기업가정신
1830,1208,8,3,동역학(소프트웨어융합학)
1831,1209,8,3,동역학(소프트웨어융합학)
1832,1210,8,3,동역학(소프트웨어융합학)
1833,1211,8,3,자동제어(소프트웨어융합학)
1834,1212,8,2,소프트웨어융합개론
1835,1213,8,2,디자인적사고
1836,1213,11,2,디자인적사고(컴퓨터공학과)
1837,1213,12,2,디자인적사고(인공지능학과)
1838,1214,8,2,디자인적사고
1839,1214,11,2,디자인적사고(컴퓨터공학과)
1840,1214,12,2,디자인적사고(인공지능학과)
1841,1215,8,2,디자인적사고
1842,1215,11,2,디자인적사고(컴퓨터공학과)
1843,1215,12,2,디자인적사고(인공지능학과)
1844,1216,8,2,디자인적사고
1845,1216,11,2,디자인적사고(컴퓨터공학과)
1846,1216,12,2,디자인적사고(인공지능학과)
1847,1217,8,2,웹/파이선프로그래밍
1848,1217,11,2,웹/파이선프로그래밍(컴퓨터공학과)
1849,1217,12,2,웹/파이선프로그래밍(인공지능학과)
1850,1218,8,2,웹/파이선프로그래밍
1851,1218,11,2,웹/파이선프로그래밍(컴퓨터공학과)
1852,1218,12,2,웹/파이선프로그래밍(인공지능학과)
1853,1219,8,2,웹/파이선프로그래밍
1854,1220,8,2,오픈소스SW개발방법및도구
1855,1220,11,2,오픈소스SW개발방법및도구(컴퓨터공학과)
1856,1220,12,3,오픈소스SW개발방법및도구(인공지능학과)
1857,1221,8,3,수치해석프로그래밍
1858,1221,12,3,수치해석프로그래밍(인공지능학과)
1859,1222,8,3,게임프로그래밍입문
1860,1222,11,3,게임프로그래밍입문(컴퓨터공학과)
1861,1223,8,3,게임엔진기초
1862,1223,11,3,게임엔진기초(컴퓨터공학과)
1863,1224,8,3,마이크로서비스프로그래밍
1864,1224,11,3,마이크로서비스프로그래밍(컴퓨터공학과)
1865,1224,12,3,마이크로서비스프로그래밍(인공지능학과)
1866,1225,8,3,융합연구2
1867,1226,8,3,기계학습
1868,1226,11,2,기계학습(컴퓨터공학과)
1869,1226,12,2,기계학습(인공지능학과)
1870,1227,8,3,기계학습
1871,1227,11,2,기계학습(컴퓨터공학과)
1872,1227,12,2,기계학습(인공지능학과)
1873,1228,8,3,기계학습
1874,1228,11,2,기계학습(컴퓨터공학과)
1875,1228,12,2,기계학습(인공지능학과)
1876,1229,8,2,최신기술콜로키움2
1877,1229,11,3,최신기술콜로키움2(컴퓨터공학과)
1878,1229,12,3,최신기술콜로키움2(인공지능학과)
1879,1230,8,3,가상/증강현실이론및실습
1880,1230,11,3,가상/증강현실이론및실습(컴퓨터공학과)
1881,1231,8,3,게임공학
1882,1232,8,3,데이터분석캡스톤디자인
1883,1233,8,3,데이터분석캡스톤디자인
1884,1234,8,3,데이터분석캡스톤디자인
1885,1235,8,3,데이터분석캡스톤디자인
1886,1236,8,3,데이터분석캡스톤디자인
1887,1237,8,3,데이터분석캡스톤디자인
1888,1238,8,3,데이터분석캡스톤디자인
1889,1239,8,3,데이터분석캡스톤디자인
1890,1240,8,3,데이터분석캡스톤디자인
1891,1241,8,3,데이터분석캡스톤디자인
1892,1242,8,3,데이터분석캡스톤디자인
1893,1243,8,3,데이터분석캡스톤디자인
1894,1244,8,3,데이터분석캡스톤디자인
1895,1245,8,3,데이터분석캡스톤디자인
1896,1246,8,3,로봇프로그래밍
1897,1246,11,3,로봇프로그래밍(컴퓨터공학과)
1898,1246,12,3,로봇프로그래밍(인공지능학과)
1899,1247,8,3,로봇·비전캡스톤디자인
1900,1248,8,3,로봇·비전캡스톤디자인
1901,1249,8,3,로봇·비전캡스톤디자인
1902,1250,8,3,로봇·비전캡스톤디자인
1903,1251,8,3,융합연구4
1904,1252,8,3,독립심화학습2(소프트웨어융합학과)
1905,1253,8,3,독립심화학습2(소프트웨어융합학과)
1906,1254,8,3,독립심화학습2(소프트웨어융합학과)
1907,1255,8,3,독립심화학습2(소프트웨어융합학과)
1908,1256,8,3,게임콘텐츠캡스톤디자인
1909,1257,8,3,게임콘텐츠캡스톤디자인
1910,1258,8,3,게임콘텐츠캡스톤디자인
1911,1259,8,3,게임콘텐츠캡스톤디자인
1912,1260,8,3,게임콘텐츠캡스톤디자인
1913,1261,8,3,게임콘텐츠캡스톤디자인
1914,1262,8,3,게임콘텐츠캡스톤디자인
1915,1263,8,3,게임콘텐츠캡스톤디자인
1916,1264,8,3,풀스택서비스프로그래밍
1917,1264,11,3,풀스택서비스프로그래밍(컴퓨터공학과)
1918,1265,8,2,소프트웨어융합캡스톤디자인
1919,1266,8,2,소프트웨어융합캡스톤디자인
1920,1267,8,2,소프트웨어융합캡스톤디자인
1921,1268,8,2,소프트웨어융합캡스톤디자인
1922,1269,8,2,소프트웨어융합캡스톤디자인
1923,1270,8,2,소프트웨어융합캡스톤디자인
1924,1271,8,2,소프트웨어융합캡스톤디자인
1925,1272,8,2,소프트웨어융합캡스톤디자인
1926,1273,8,2,소프트웨어융합캡스톤디자인
1927,1274,8,2,소프트웨어융합캡스톤디자인
1928,1275,8,2,소프트웨어융합캡스톤디자인
1929,1276,8,2,소프트웨어융합캡스톤디자인
1930,1277,8,2,소프트웨어융합캡스톤디자인
1931,1278,8,2,소프트웨어융합캡스톤디자인
1932,1279,8,2,소프트웨어융합캡스톤디자인
1933,1280,8,2,소프트웨어융합캡스톤디자인
1934,1281,8,2,졸업논문(소프트웨어융합)
1935,1282,8,3,데이터사이언스및시각화
1936,1282,12,3,데이터사이언스및시각화(인공지능학과)
1937,1283,8,3,융합연구6
1938,1284,8,3,풀스택서비스네트워킹
1939,1284,11,3,풀스택서비스네트워킹(컴퓨터공학과)
9386,8286,7,12,미분방정식
9387,8287,7,12,미분방정식
9388,8288,7,12,미분방정식
9389,8289,7,12,미분방정식
9390,8290,7,12,고급미분적분학
9391,8291,7,12,고급미분적분학
9392,8292,7,12,고급미분적분학
9393,8293,35,12,화학1
9394,8294,35,12,화학2
9395,8295,34,12,물리학1
9396,8296,34,12,물리학1
9397,8297,34,12,일반물리
9398,8298,37,12,생물1
9399,8299,37,12,일반생물
1940,1285,11,8,객체지향프로그래밍
1941,1286,11,9,실감미디어컴퓨팅기초
9400,8300,22,11,빅뱅에서문명까지
9401,8301,22,11,인간의가치탐색
9402,8302,22,11,인간의가치탐색
9403,8303,22,11,세계와시민
9404,8304,22,11,세계와시민
9405,8305,21,4,성찰과표현
9406,8306,21,4,성찰과표현
9407,8307,20,4,대학영어
9408,8308,20,4,대학영어
9409,8309,20,4,대학영어
9410,8310,20,4,대학영어
9411,8311,21,4,주제연구
9412,8312,21,4,주제연구
9413,8313,21,4,주제연구
9414,8314,21,4,주제연구
9415,8315,21,4,주제연구
9416,8316,21,4,주제연구
9417,8317,21,4,주제연구
9418,8318,21,4,주제연구
9419,8319,21,4,주제연구
9420,8320,21,4,주제연구
9421,8321,21,4,주제연구
9422,8322,21,4,주제연구
9423,8323,21,4,주제연구
9424,8324,27,5,인공지능을위한선형대수
9425,8325,23,5,진화와인간본성
9426,8326,25,5,의미의탄생:언어
9427,8327,26,5,십자가와초승달:기독교와이슬람
9428,8328,25,5,여행을통한인간의삶의가치증진
9429,8329,24,5,프로그래밍을통한논리적사유연습
9430,8330,28,6,컴퓨터그래픽기초
9431,8331,18,6,앱인벤터로배우는코딩세상
9432,8332,18,6,소프트웨어적사유
9433,8333,18,6,파이썬과데이터마이닝
1942,1287,8,8,웹/파이선프로그래밍
1943,1288,8,8,웹/파이선프로그래밍
1944,1289,8,9,풀스택서비스프로그래밍
9434,8334,7,12,선형대수
9435,8335,7,12,선형대수
9436,8336,7,12,선형대수
9437,8337,7,12,선형대수
9438,8338,7,12,미분적분학
9439,8339,7,12,미분적분학
9440,8340,7,12,미분적분학
9441,8341,7,12,미분적분학
9442,8342,34,12,물리학2
9443,8343,34,12,물리학2
9444,8344,37,12,생물1
9445,8345,37,12,일반생물
1945,1290,11,8,객체지향프로그래밍
1946,1291,11,9,실감미디어컴퓨팅기초
9446,8346,22,11,빅뱅에서문명까지
9447,8347,22,11,인간의가치탐색
9448,8348,22,11,인간의가치탐색
9449,8349,22,11,세계와시민
9450,8350,22,11,세계와시민
9451,8351,22,11,세계와시민
9452,8352,22,11,세계와시민
9453,8353,21,4,성찰과표현
9454,8354,21,4,성찰과표현
9455,8355,20,4,대학영어
9456,8356,20,4,대학영어
9457,8357,20,4,대학영어
9458,8358,21,4,주제연구
9459,8359,21,4,주제연구
9460,8360,21,4,주제연구
9461,8361,21,4,주제연구
9462,8362,21,4,주제연구
9463,8363,21,4,주제연구
9464,8364,21,4,주제연구
9465,8365,21,4,주제연구
9466,8366,21,4,주제연구
9467,8367,21,4,주제연구
9468,8368,26,5,마음챙김과비폭력대화
9469,8369,23,5,진화와인간본성
9470,8370,27,5,인간과생활속의로봇
9471,8371,25,5,불교와정신분석학
9472,8372,26,5,동아시아의서양문명수용론
9473,8373,25,5,언어와문학의이해
9474,8374,23,5,숨겨진패턴
9475,8375,18,6,앱인벤터로배우는코딩세상
9476,8376,19,6,동계스포츠:스키
9477,8377,19,6,승마
9478,8378,18,6,파이썬과데이터마이닝
1947,1292,8,8,웹/파이선프로그래밍
1948,1293,8,8,웹/파이선프로그래밍
1949,1294,8,9,풀스택서비스프로그래밍
1950,1295,12,2,인공지능개론
1951,1296,11,3,고급딥러닝(컴퓨터공학과)
1952,1296,12,2,고급딥러닝
1953,1297,12,2,인공지능과윤리
1954,1298,11,3,빅데이터마이닝(컴퓨터공학과)
1955,1298,12,3,빅데이터마이닝
1956,1299,12,3,독립심화학습(인공지능)1
9479,8379,7,1,선형대수
9480,8380,7,1,선형대수
9481,8381,7,1,선형대수
9482,8382,7,1,선형대수
9483,8383,7,1,선형대수
9484,8384,7,1,선형대수
9485,8385,7,1,선형대수
9486,8386,7,1,선형대수
9487,8387,7,1,선형대수
9488,8388,7,1,선형대수
9489,8389,7,1,선형대수
9490,8390,7,1,선형대수
9491,8391,7,1,통계학
9492,8392,7,1,통계학
9493,8393,7,1,미분적분학
9494,8394,7,1,미분적분학
9495,8395,7,1,미분적분학
9496,8396,7,1,미분적분학
9497,8397,7,1,미분적분학
9498,8398,7,1,미분적분학
9499,8399,7,1,미분적분학
9500,8400,7,1,미분적분학
9501,8401,7,1,미분적분학
9502,8402,7,1,미분적분학
9503,8403,7,1,미분적분학
9504,8404,7,1,미분적분학
9505,8405,7,1,미분적분학
9506,8406,7,1,미분적분학
9507,8407,7,1,미분적분학
9508,8408,7,1,미분적분학
9509,8409,7,1,미분적분학
9510,8410,7,1,미분적분학
9511,8411,7,1,미분적분학
9512,8412,7,1,미분적분학
9513,8413,7,1,미분적분학
9514,8414,7,1,미분적분학
9515,8415,7,1,미분적분학
9516,8416,7,1,미분적분학
9517,8417,7,1,미분적분학
9518,8418,7,1,미분적분학
9519,8419,7,1,미분적분학
9520,8420,7,1,미분적분학
9521,8421,7,1,미분적분학
9522,8422,7,1,미분적분학
9523,8423,7,1,미분적분학
9524,8424,7,1,미분적분학
9525,8425,7,1,미분적분학
9526,8426,7,1,미분적분학
9527,8427,35,1,화학및실험1
9528,8428,35,1,화학및실험1
9529,8429,35,1,화학및실험1
9530,8430,35,1,화학및실험1
9531,8431,35,1,화학및실험1
9532,8432,35,1,화학및실험1
9533,8433,35,1,화학및실험1
9534,8434,35,1,화학및실험1
9535,8435,35,1,화학1
9536,8436,35,1,화학1
9537,8437,35,1,화학1
9538,8438,35,1,화학1
9539,8439,35,1,화학1
9540,8440,35,1,화학1
9541,8441,35,1,화학1
9542,8442,35,1,일반화학
9543,8443,35,1,일반화학
9544,8444,35,1,일반화학
9545,8445,35,1,일반화학
9546,8446,35,1,일반화학
9547,8447,35,1,일반화학
9548,8448,34,1,물리학1
9549,8449,34,1,물리학1
9550,8450,34,1,물리학1
9551,8451,34,1,물리학1
9552,8452,34,1,물리학1
9553,8453,34,1,물리학1
9554,8454,34,1,물리학1
9555,8455,34,1,물리학1
9556,8456,34,1,물리학1
9557,8457,34,1,물리학1
9558,8458,34,1,물리학1
9559,8459,34,1,물리학및실험1
9560,8460,34,1,물리학및실험1
9561,8461,34,1,물리학및실험1
9562,8462,34,1,물리학및실험1
9563,8463,34,1,물리학및실험1
9564,8464,34,1,물리학및실험1
9565,8465,34,1,물리학및실험1
9566,8466,34,1,물리학및실험1
9567,8467,34,1,물리학및실험1
9568,8468,34,1,물리학및실험1
9569,8469,34,1,물리학및실험1
9570,8470,34,1,물리학및실험1
9571,8471,34,1,물리학및실험1
9572,8472,34,1,물리학및실험1
9573,8473,34,1,물리학및실험1
9574,8474,34,1,물리학및실험1
9575,8475,34,1,일반물리
9576,8476,34,1,일반물리
9577,8477,34,1,일반물리
9578,8478,34,1,일반물리
9579,8479,37,1,생물1
9580,8480,37,1,생물1
9581,8481,37,1,생물1
9582,8482,37,1,생물1
9583,8483,37,1,생물1
9584,8484,37,1,일반생물
9585,8485,37,1,일반생물
9586,8486,37,1,일반생물
9587,8487,37,1,일반생물
1957,1300,11,7,소프트웨어가치탐구
1958,1301,11,7,소프트웨어가치탐구
1959,1302,8,2,객체지향프로그래밍(소프트웨어융합학)
1960,1302,11,2,객체지향프로그래밍
1961,1302,12,2,객체지향프로그래밍(인공지능학과)
1962,1303,11,2,객체지향프로그래밍
1963,1304,8,2,객체지향프로그래밍(소프트웨어융합학)
1964,1304,11,2,객체지향프로그래밍
1965,1304,12,2,객체지향프로그래밍(인공지능학과)
1966,1305,11,3,실감미디어컴퓨팅기초
1967,1306,8,3,이산구조(소프트웨어융합학)
1968,1306,11,3,이산구조
1969,1306,12,3,이산구조(인공지능학과)
1970,1307,8,3,이산구조(소프트웨어융합학)
1971,1307,11,3,이산구조
1972,1307,12,3,이산구조(인공지능학과)
1973,1308,11,2,컴퓨터구조
1974,1308,12,3,컴퓨터구조(인공지능학과)
1975,1309,11,2,컴퓨터구조
1976,1309,12,3,컴퓨터구조(인공지능학과)
1977,1310,8,2,자료구조(소프트웨어융합학)
1978,1310,11,2,자료구조
1979,1310,12,2,자료구조(인공지능학과)
1980,1311,8,2,자료구조(소프트웨어융합학)
1981,1311,11,2,자료구조
1982,1311,12,2,자료구조(인공지능학과)
1983,1312,11,3,UI/UX프로그래밍
1984,1312,12,3,UI/UX프로그래밍(인공지능학과)
1985,1313,8,2,운영체제(소프트웨어융합학)
1986,1313,11,2,운영체제
1987,1313,12,2,운영체제(인공지능학과)
1988,1314,8,2,운영체제(소프트웨어융합학)
1989,1314,11,2,운영체제
1990,1314,12,2,운영체제(인공지능학과)
1991,1315,8,3,컴퓨터네트워크(소프트웨어융합학)
1992,1315,11,2,컴퓨터네트워크
1993,1315,12,3,컴퓨터네트워크(인공지능학과)
1994,1316,8,3,컴퓨터네트워크(소프트웨어융합학)
1995,1316,11,2,컴퓨터네트워크
1996,1317,8,3,컴퓨터네트워크(소프트웨어융합학)
1997,1317,11,2,컴퓨터네트워크
1998,1318,8,2,알고리즘(소프트웨어융합학)
1999,1318,11,2,알고리즘
2000,1318,12,2,알고리즘(인공지능학과)
2001,1319,8,2,알고리즘(소프트웨어융합학)
2002,1319,11,2,알고리즘
2003,1319,12,2,알고리즘(인공지능학과)
2004,1320,8,2,알고리즘(소프트웨어융합학)
2005,1320,11,2,알고리즘
2006,1320,12,2,알고리즘(인공지능학과)
2007,1321,8,2,데이터베이스(소프트웨어융합학)
2008,1321,11,2,데이터베이스
2009,1321,12,3,데이터베이스(인공지능학과)
2010,1322,8,2,데이터베이스(소프트웨어융합학)
2011,1322,11,2,데이터베이스
2012,1322,12,3,데이터베이스(인공지능학과)
2013,1323,11,3,컴파일러
2014,1323,12,3,컴파일러(인공지능학과)
2015,1324,8,2,소프트웨어공학(소프트웨어융합학)
2016,1324,11,2,소프트웨어공학
2017,1324,12,3,소프트웨어공학(인공지능학과)
2018,1325,8,3,SW스타트업비즈니스(소프트웨어융합학)
2019,1325,11,3,SW스타트업비즈니스
2020,1325,12,3,SW스타트업비즈니스(인공지능학과)
2021,1326,8,3,딥러닝(소프트웨어융합학)
2022,1326,11,3,딥러닝
2023,1326,12,2,딥러닝(인공지능학과)
2024,1327,8,3,클라우드컴퓨팅(소프트웨어융합학)
2025,1327,11,3,클라우드컴퓨팅
2026,1328,11,2,졸업논문(컴퓨터공학전공)
2027,1329,11,2,졸업프로젝트
2028,1329,12,2,졸업프로젝트(인공지능학과)
2029,1330,11,2,캡스톤디자인
2030,1330,12,2,캡스톤디자인(인공지능학과)
2031,1331,11,2,캡스톤디자인
2032,1331,12,2,캡스톤디자인(인공지능학과)
2033,1332,11,2,캡스톤디자인
2034,1333,11,2,캡스톤디자인
2035,1333,12,2,캡스톤디자인(인공지능학과)
2036,1334,11,2,캡스톤디자인
2037,1334,12,2,캡스톤디자인(인공지능학과)
2038,1335,11,2,캡스톤디자인
2039,1335,12,2,캡스톤디자인(인공지능학과)
2040,1336,11,2,캡스톤디자인
2041,1336,12,2,캡스톤디자인(인공지능학과)
2042,1337,11,2,캡스톤디자인
2043,1337,12,2,캡스톤디자인(인공지능학과)
2044,1338,11,2,캡스톤디자인
2045,1338,12,2,캡스톤디자인(인공지능학과)
2046,1339,11,2,캡스톤디자인
2047,1339,12,2,캡스톤디자인(인공지능학과)
2048,1340,11,2,캡스톤디자인
2049,1341,11,2,캡스톤디자인
2050,1341,12,2,캡스톤디자인(인공지능학과)
2051,1342,11,2,캡스톤디자인
2052,1342,12,2,캡스톤디자인(인공지능학과)
2053,1343,11,3,블록체인프로젝트
2054,1344,8,3,정보보호(소프트웨어융합학)
2055,1344,11,3,정보보호
2056,1344,12,3,정보보호(인공지능학과)
2057,1345,8,3,영상처리(소프트웨어융합학)
2058,1345,11,3,영상처리
2059,1345,12,3,영상처리(인공지능학과)
2060,1346,11,3,컴퓨터그래픽스
2061,1346,12,3,컴퓨터그래픽스(인공지능학과)
2062,1347,8,2,최신기술콜로키움1(소프트웨어융합학)
2063,1347,11,3,최신기술콜로키움1
2064,1347,12,3,최신기술콜로키움1(인공지능학과)
2065,1348,11,3,AI네트워킹
2066,1348,12,3,AI네트워킹(인공지능학과)
2067,1349,11,3,AIoT네트워크
2068,1350,8,3,모바일/웹서비스프로그래밍(소프트웨어융합학)
2069,1350,11,3,모바일/웹서비스프로그래밍
2070,1350,12,3,모바일/웹서비스프로그래밍(인공지능학과)
2071,1351,11,3,독립심화학습1(컴퓨터공학)
2072,1352,11,3,독립심화학습1(컴퓨터공학)
2073,1353,11,3,독립심화학습1(컴퓨터공학)
2074,1354,11,3,독립심화학습1(컴퓨터공학)
2075,1355,11,3,독립심화학습1(컴퓨터공학)
2076,1356,11,3,독립심화학습1(컴퓨터공학)
2077,1357,11,3,독립심화학습1(컴퓨터공학)
2078,1358,11,3,독립심화학습1(컴퓨터공학)
2079,1359,11,3,독립심화학습1(컴퓨터공학)
2080,1360,11,3,연구연수활동1(컴퓨터공학)
2081,1361,11,3,연구연수활동1(컴퓨터공학)
2082,1362,11,3,연구연수활동1(컴퓨터공학)
2083,1363,11,3,연구연수활동1(컴퓨터공학)
2084,1364,11,3,연구연수활동1(컴퓨터공학)
2085,1365,11,3,연구연수활동1(컴퓨터공학)
2086,1366,11,3,연구연수활동1(컴퓨터공학)
2087,1367,11,3,연구연수활동1(컴퓨터공학)
9588,8488,17,10,교육사회학
9589,8489,17,10,교육심리학
9590,8490,17,10,교육심리학
9591,8491,17,10,교육철학및교육사
9592,8492,17,10,교육학개론
9593,8493,17,10,학교폭력 예방 및 학생의 이해
9594,8494,17,10,교직적성및인성검사1
9595,8495,17,10,교직적성및인성검사2
9596,8496,17,10,응급처치및심폐소생술실습1
9597,8497,17,10,응급처치및심폐소생술실습2
9598,8498,17,10,성인지교육1
9599,8499,17,10,성인지교육2
9600,8500,17,10,교육과정
9601,8501,17,10,교육과정
9602,8502,17,10,교육방법및교육공학
9603,8503,17,10,교육평가
9604,8504,17,10,교직실무
9605,8505,17,10,교직실무
9606,8506,17,10,특수교육학개론
9607,8507,17,10,특수교육학개론
9608,8508,17,10,교육봉사활동1
9609,8509,17,10,교육봉사활동2
9610,8510,17,10,학교현장실습
9611,8511,17,10,학교현장실습
9612,8512,17,10,교육행정및교육경영
9613,8513,17,10,교육행정및교육경영
2088,1368,11,2,논리회로(컴퓨터공학과)
2089,1369,11,2,논리회로(컴퓨터공학과)
2090,1370,11,2,논리회로(컴퓨터공학과)
2091,1371,11,2,논리회로(컴퓨터공학과)
2092,1372,11,3,신호와시스템(컴퓨터공학과)
2093,1373,11,3,신호와시스템(컴퓨터공학과)
2094,1374,11,3,신호와시스템(컴퓨터공학과)
2095,1375,8,1,확률및랜덤변수(소프트웨어융합학)
2096,1375,11,1,확률및랜덤변수(컴퓨터공학과)
2097,1375,12,1,확률및랜덤변수(인공지능학과)
2098,1376,8,1,확률및랜덤변수(소프트웨어융합학)
2099,1376,11,1,확률및랜덤변수(컴퓨터공학과)
2100,1376,12,1,확률및랜덤변수(인공지능학과)
2101,1377,8,1,확률및랜덤변수(소프트웨어융합학)
2102,1377,11,1,확률및랜덤변수(컴퓨터공학과)
2103,1377,12,1,확률및랜덤변수(인공지능학과)
2104,1378,8,1,확률및랜덤변수(소프트웨어융합학)
2105,1378,11,1,확률및랜덤변수(컴퓨터공학과)
2106,1378,12,1,확률및랜덤변수(인공지능학과)
2107,1379,8,1,확률및랜덤변수(소프트웨어융합학)
2108,1379,11,1,확률및랜덤변수(컴퓨터공학과)
2109,1379,12,1,확률및랜덤변수(인공지능학과)
2110,1380,8,1,확률및랜덤변수(소프트웨어융합학)
2111,1380,11,1,확률및랜덤변수(컴퓨터공학과)
2112,1380,12,1,확률및랜덤변수(인공지능학과)
2113,1381,8,3,테크놀로지와디지털콘텐츠(소프트웨어융합학)
9614,8514,36,1,생물학및실험1
9615,8515,36,1,생물학및실험1
9616,8516,22,11,빅뱅에서문명까지
9617,8517,22,11,빅뱅에서문명까지
9618,8518,22,11,빅뱅에서문명까지
9619,8519,22,11,빅뱅에서문명까지
9620,8520,22,11,빅뱅에서문명까지
9621,8521,22,11,빅뱅에서문명까지
9622,8522,22,11,빅뱅에서문명까지
9623,8523,22,11,빅뱅에서문명까지
9624,8524,22,11,빅뱅에서문명까지
9625,8525,22,11,빅뱅에서문명까지
9626,8526,22,11,빅뱅에서문명까지
9627,8527,22,11,빅뱅에서문명까지
9628,8528,22,11,빅뱅에서문명까지
9629,8529,22,11,빅뱅에서문명까지
9630,8530,22,11,인간의가치탐색
9631,8531,22,11,인간의가치탐색
9632,8532,22,11,인간의가치탐색
9633,8533,22,11,인간의가치탐색
9634,8534,22,11,인간의가치탐색
9635,8535,22,11,인간의가치탐색
9636,8536,22,11,인간의가치탐색
9637,8537,22,11,인간의가치탐색
9638,8538,22,11,인간의가치탐색
9639,8539,22,11,인간의가치탐색
9640,8540,22,11,인간의가치탐색
9641,8541,22,11,인간의가치탐색
9642,8542,22,11,인간의가치탐색
9643,8543,22,11,인간의가치탐색
9644,8544,22,11,인간의가치탐색
9645,8545,22,11,인간의가치탐색
9646,8546,22,11,인간의가치탐색
9647,8547,22,11,인간의가치탐색
9648,8548,22,11,인간의가치탐색
9649,8549,22,11,인간의가치탐색
9650,8550,22,11,인간의가치탐색
9651,8551,22,11,인간의가치탐색
9652,8552,22,11,인간의가치탐색
9653,8553,22,11,인간의가치탐색
9654,8554,22,11,인간의가치탐색
9655,8555,22,11,인간의가치탐색
9656,8556,22,11,인간의가치탐색
9657,8557,22,11,인간의가치탐색
9658,8558,22,11,인간의가치탐색
9659,8559,22,11,인간의가치탐색
9660,8560,22,11,인간의가치탐색
9661,8561,22,11,인간의가치탐색
9662,8562,22,11,인간의가치탐색
9663,8563,22,11,인간의가치탐색
9664,8564,22,11,인간의가치탐색
9665,8565,22,11,인간의가치탐색
9666,8566,22,11,인간의가치탐색
9667,8567,22,11,인간의가치탐색
9668,8568,22,11,인간의가치탐색
9669,8569,22,11,인간의가치탐색
9670,8570,22,11,인간의가치탐색
9671,8571,22,11,인간의가치탐색
9672,8572,22,11,인간의가치탐색
9673,8573,22,11,인간의가치탐색
9674,8574,22,11,인간의가치탐색
9675,8575,22,11,인간의가치탐색
9676,8576,22,11,인간의가치탐색
9677,8577,22,11,인간의가치탐색
9678,8578,22,11,인간의가치탐색
9679,8579,22,11,인간의가치탐색
9680,8580,22,11,인간의가치탐색
9681,8581,22,11,세계와시민
9682,8582,22,11,세계와시민
9683,8583,22,11,세계와시민
9684,8584,22,11,세계와시민
9685,8585,22,11,세계와시민
9686,8586,22,11,세계와시민
9687,8587,22,11,세계와시민
9688,8588,22,11,세계와시민
9689,8589,22,11,세계와시민
9690,8590,22,11,세계와시민
9691,8591,22,11,세계와시민
9692,8592,22,11,세계와시민
9693,8593,22,11,세계와시민
9694,8594,22,11,세계와시민
9695,8595,22,11,세계와시민
9696,8596,22,11,세계와시민
9697,8597,22,11,세계와시민
9698,8598,22,11,세계와시민
9699,8599,22,11,세계와시민
9700,8600,22,11,세계와시민
9701,8601,22,11,세계와시민
9702,8602,22,11,세계와시민
9703,8603,22,11,세계와시민
9704,8604,22,11,세계와시민
9705,8605,22,11,세계와시민
9706,8606,22,11,세계와시민
9707,8607,22,11,세계와시민
9708,8608,22,11,세계와시민
9709,8609,22,11,세계와시민
9710,8610,22,11,세계와시민
9711,8611,22,11,세계와시민
9712,8612,22,11,세계와시민
9713,8613,22,11,세계와시민
9714,8614,22,11,세계와시민
9715,8615,22,11,세계와시민
9716,8616,22,11,세계와시민
9717,8617,22,11,세계와시민
9718,8618,22,11,세계와시민
9719,8619,22,11,세계와시민
9720,8620,22,11,세계와시민
9721,8621,22,11,세계와시민
9722,8622,22,11,세계와시민
9723,8623,22,11,세계와시민
9724,8624,22,11,세계와시민
9725,8625,22,11,세계와시민
9726,8626,22,11,세계와시민
9727,8627,22,11,세계와시민
9728,8628,22,11,세계와시민
9729,8629,22,11,세계와시민
9730,8630,22,11,세계와시민
9731,8631,22,11,세계와시민
9732,8632,22,11,세계와시민
9733,8633,21,4,성찰과표현
9734,8634,21,4,성찰과표현
9735,8635,21,4,성찰과표현
9736,8636,21,4,성찰과표현
9737,8637,21,4,성찰과표현
9738,8638,21,4,성찰과표현
9739,8639,21,4,성찰과표현
9740,8640,21,4,성찰과표현
9741,8641,21,4,성찰과표현
9742,8642,21,4,성찰과표현
9743,8643,21,4,성찰과표현
9744,8644,21,4,성찰과표현
9745,8645,21,4,성찰과표현
9746,8646,21,4,성찰과표현
9747,8647,21,4,성찰과표현
9748,8648,21,4,성찰과표현
9749,8649,21,4,성찰과표현
9750,8650,21,4,성찰과표현
9751,8651,21,4,성찰과표현
9752,8652,21,4,성찰과표현
9753,8653,21,4,성찰과표현
9754,8654,21,4,성찰과표현
9755,8655,21,4,성찰과표현
9756,8656,21,4,성찰과표현
9757,8657,21,4,성찰과표현
9758,8658,21,4,성찰과표현
9759,8659,21,4,성찰과표현
9760,8660,21,4,성찰과표현
9761,8661,21,4,성찰과표현
9762,8662,21,4,성찰과표현
9763,8663,21,4,성찰과표현
9764,8664,21,4,성찰과표현
9765,8665,21,4,성찰과표현
9766,8666,21,4,성찰과표현
9767,8667,21,4,성찰과표현
9768,8668,21,4,성찰과표현
9769,8669,21,4,성찰과표현
9770,8670,21,4,성찰과표현
9771,8671,21,4,성찰과표현
9772,8672,21,4,성찰과표현
9773,8673,21,4,성찰과표현
9774,8674,21,4,성찰과표현
9775,8675,21,4,성찰과표현
9776,8676,21,4,성찰과표현
9777,8677,21,4,성찰과표현
9778,8678,21,4,성찰과표현
9779,8679,21,4,성찰과표현
9780,8680,21,4,성찰과표현
9781,8681,21,4,성찰과표현
9782,8682,21,4,성찰과표현
9783,8683,20,4,대학영어
9784,8684,20,4,대학영어
9785,8685,20,4,대학영어
9786,8686,20,4,대학영어
9787,8687,20,4,대학영어
9788,8688,20,4,대학영어
9789,8689,20,4,대학영어
9790,8690,20,4,대학영어
9791,8691,20,4,대학영어
9792,8692,20,4,대학영어
9793,8693,20,4,대학영어
9794,8694,20,4,대학영어
9795,8695,20,4,대학영어
9796,8696,20,4,대학영어
9797,8697,20,4,대학영어
9798,8698,20,4,대학영어
9799,8699,20,4,대학영어
9800,8700,20,4,대학영어
9801,8701,20,4,대학영어
9802,8702,20,4,대학영어
9803,8703,20,4,대학영어
9804,8704,20,4,대학영어
9805,8705,20,4,대학영어
9806,8706,20,4,대학영어
9807,8707,20,4,대학영어
9808,8708,20,4,대학영어
9809,8709,20,4,대학영어
9810,8710,20,4,대학영어
9811,8711,20,4,대학영어
9812,8712,20,4,대학영어
9813,8713,21,4,주제연구
9814,8714,21,4,주제연구
9815,8715,21,4,주제연구
9816,8716,21,4,주제연구
9817,8717,21,4,주제연구
9818,8718,21,4,주제연구
9819,8719,21,4,주제연구
9820,8720,21,4,주제연구
9821,8721,21,4,주제연구
9822,8722,21,4,주제연구
9823,8723,21,4,주제연구
9824,8724,21,4,주제연구
9825,8725,21,4,주제연구
9826,8726,21,4,주제연구
9827,8727,21,4,주제연구
9828,8728,21,4,주제연구
9829,8729,21,4,주제연구
9830,8730,21,4,주제연구
9831,8731,21,4,주제연구
9832,8732,21,4,주제연구
9833,8733,21,4,주제연구
9834,8734,21,4,주제연구
9835,8735,21,4,주제연구
9836,8736,21,4,주제연구
9837,8737,21,4,주제연구
9838,8738,21,4,주제연구
9839,8739,21,4,주제연구
9840,8740,21,4,주제연구
9841,8741,21,4,주제연구
9842,8742,21,4,주제연구
9843,8743,21,4,주제연구
9844,8744,21,4,주제연구
9845,8745,21,4,주제연구
9846,8746,21,4,주제연구
9847,8747,21,4,주제연구
9848,8748,21,4,주제연구
9849,8749,21,4,주제연구
9850,8750,21,4,주제연구
9851,8751,21,4,주제연구
9852,8752,21,4,주제연구
9853,8753,21,4,주제연구
9854,8754,26,5,도덕의과학
9855,8755,26,5,마음챙김과비폭력대화
9856,8756,24,5,세상속의수학
9857,8757,23,5,만성질병과건강관리
9858,8758,25,5,"Exploring Industry, Ideology, and Identity through the Marvel Cinematic Universe"
9859,8759,25,5,Greek Mythology and Creative Writing
9860,8760,26,5,문명패러다임의혁명:서구근대화과정의현재적이해
9861,8761,26,5,청춘을위한영화예찬
9862,8762,25,5,"글,그림그리고문화콘텐츠"
9863,8763,23,5,숲과생활
9864,8764,25,5,한국고전문학과영상
9865,8765,25,5,근대의시선과공간:뮤지엄과엑스포
9866,8766,23,5,폭력의진화:통섭적관점
9867,8767,23,5,폭력의진화:통섭적관점
9868,8768,26,5,세계속한국의생존과파워
9869,8769,27,5,"미래,기술,경영"
9870,8770,27,5,모두를위한인공지능과윤리적실제
9871,8771,23,5,몸과생명
9872,8772,23,5,몸의발견
9873,8773,23,5,"생명,영원한블루오션"
9874,8774,27,5,생명과학의미래
9875,8775,24,5,이성의함정:마음은항상합리적인가
9876,8776,24,5,설득의기술
9877,8777,23,5,진화와인간본성
9878,8778,23,5,인체와생명
9879,8779,24,5,고양이의물리학:자연계의숨은법칙
9880,8780,24,5,고양이의물리학:자연계의숨은법칙
9881,8781,23,5,불편한진실:기후변화
9882,8782,23,5,원자의춤
9883,8783,27,5,인간과생활속의로봇
9884,8784,27,5,인간과생활속의로봇
9885,8785,24,5,특허와지적재산권
9886,8786,23,5,하천문화의이해와르네상스
9887,8787,23,5,우주:별을잊은그대에게
9888,8788,23,5,우주:별을잊은그대에게
9889,8789,24,5,큰맥락에서사고하기:시스템다이나믹스
9890,8790,25,5,가면의축제:동서양연희의문명사
9891,8791,25,5,의미의탄생:언어
9892,8792,25,5,인문학과문화콘텐츠
9893,8793,25,5,불교와정신분석학
9894,8794,25,5,영화와문학
9895,8795,25,5,고전과여성
9896,8796,25,5,명작에취하다:예술 감상법
9897,8797,23,5,인간행동의이해:심리학
9898,8798,26,5,경제학적사유의원리
9899,8799,26,5,"법,질서,국가"
9900,8800,26,5,"법,질서,국가"
9901,8801,26,5,예술을통한공동체만들기
9902,8802,26,5,정치학적사유의원리
9903,8803,26,5,행복이란무엇인가
9904,8804,26,5,디아스포라
9905,8805,24,5,기술혁신과전략의융합
9906,8806,26,5,대학생을위한실용금융
9907,8807,26,5,On Justice
9908,8808,27,5,SF영화의상상력:미래의평화와윤리
9909,8809,26,5,동아시아문명론
9910,8810,26,5,동아시아의서양문명수용론
9911,8811,26,5,두얼굴의인류사:전쟁과평화
9912,8812,26,5,평화와갈등
9913,8813,27,5,프로그래밍입문
9914,8814,24,5,기초 미분적분학
9915,8815,24,5,기초 미분적분학
9916,8816,24,5,수학과세상
9917,8817,24,5,수학과세상
9918,8818,23,5,생명의언어
9919,8819,25,5,국화와칼:만들어진일본의전통
9920,8820,26,5,문화유산과역사지리
9921,8821,26,5,설탕과소금:사소한것들의역사
9922,8822,26,5,황하와장강:중국역사의발자취
9923,8823,25,5,삼국지인문학
9924,8824,25,5,영화로보는스포츠문화
9925,8825,25,5,여행을통한인간의삶의가치증진
9926,8826,26,5,시민생활과법
9927,8827,25,5,그리스신화와철학
9928,8828,26,5,영화로읽는도시인문학:환동해도시와문화지리
9929,8829,27,5,빅데이터와스포츠산업
9930,8830,27,5,미래사회와도시계획
9931,8831,26,5,만화로세상보기
9932,8832,25,5,지구화시대의미학극장
9933,8833,25,5,고전읽기:그리스비극
9934,8834,25,5,고전읽기:김수영
9935,8835,25,5,고전읽기:프로이트
9936,8836,25,5,고전읽기:황순원
9937,8837,26,5,국가폭력과트라우마
9938,8838,25,5,글로벌라틴아메리카
9939,8839,25,5,라틴아메리카문학과예술
9940,8840,25,5,수사학과영작문
9941,8841,25,5,언어와문학의이해
9942,8842,25,5,언어와문학의이해
9943,8843,25,5,하이쿠의세계
9944,8844,25,5,예술치료의원리와실제
9945,8845,25,5,패션디자인의세계
9946,8846,23,5,숨겨진패턴
9947,8847,23,5,전기와자기의만남
9948,8848,25,5,라틴어와서구문명
9949,8849,25,5,그림속의인문학
9950,8850,18,6,기초일본어
9951,8851,18,6,기초일본어
9952,8852,18,6,기초일본어
9953,8853,18,6,기초일본어
9954,8854,18,6,기초스페인어
9955,8855,18,6,기초스페인어
9956,8856,18,6,기초스페인어
9957,8857,18,6,기초스페인어
9958,8858,18,6,기초러시아어
9959,8859,18,6,기초러시아어
9960,8860,18,6,기초프랑스어
9961,8861,18,6,기초프랑스어
9962,8862,18,6,기초프랑스어
9963,8863,28,6,공공미술과사회:공공미술프로젝트
9964,8864,28,6,색채와상상력
9965,8865,28,6,영화제작기초
9966,8866,28,6,작곡의밑그림:화성학
9967,8867,28,6,클래식음악산책
9968,8868,28,6,합창의재발견
9969,8869,18,6,공학과경영
9970,8870,28,6,일상의공연학
9971,8871,18,6,열린경영학
9972,8872,18,6,온라인커머스창업과라이브쇼핑
9973,8873,29,6,사물인터넷과미래사회
9974,8874,29,6,사물인터넷과미래사회
9975,8875,29,6,언어와컴퓨터
9976,8876,18,6,한국어1(교양)
9977,8877,18,6,한국어2(교양)
9978,8878,18,6,글로벌세미나
9979,8879,18,6,글로벌세미나
9980,8880,18,6,글로벌세미나
9981,8881,18,6,글로벌세미나
9982,8882,18,6,글로벌세미나
9983,8883,18,6,글로벌세미나
9984,8884,18,6,후마니타스세미나
9985,8885,18,6,후마니타스세미나
9986,8886,18,6,후마니타스세미나
9987,8887,18,6,후마니타스세미나
9988,8888,18,6,후마니타스세미나
9989,8889,18,6,독립연구1
9990,8890,29,6,빅데이터를통한세상바로알기:R로배우는데이터분석코딩
9991,8891,29,6,앱인벤터로배우는코딩세상
9992,8892,29,6,앱인벤터로배우는코딩세상
9993,8893,29,6,파이썬으로배우는소프트웨어코딩
9994,8894,29,6,파이썬으로배우는소프트웨어코딩
9995,8895,19,6,레크레이션
9996,8896,19,6,배드민턴
9997,8897,19,6,배드민턴
9998,8898,19,6,수상스포츠(교양)
9999,8899,19,6,수상스포츠(교양)
10000,8900,19,6,수상스포츠(교양)
10001,8901,19,6,수상스포츠(교양)
10002,8902,19,6,승마
10003,8903,19,6,승마
10004,8904,19,6,요가
10005,8905,19,6,요가
10006,8906,19,6,요트
10007,8907,19,6,요트
10008,8908,19,6,요트
10009,8909,19,6,웨이트트레이닝
10010,8910,19,6,윈드서핑
10011,8911,19,6,윈드서핑
10012,8912,19,6,윈드서핑
10013,8913,19,6,탁구
10014,8914,19,6,탁구
10015,8915,19,6,태권도
10016,8916,19,6,테니스
10017,8917,19,6,필라테스
10018,8918,19,6,필라테스
10019,8919,19,6,필라테스
10020,8920,19,6,현대생활과체육
10021,8921,19,6,현대생활과체육
10022,8922,19,6,행복한여가를위한야외활동
10023,8923,19,6,행복한여가를위한야외활동
10024,8924,19,6,행복한여가를위한야외활동
10025,8925,19,6,행복한여가를위한야외활동
10026,8926,19,6,인공암벽등반
10027,8927,19,6,호신술
10028,8928,18,6,운동과체중관리
10029,8929,18,6,전공탐색및기업가정신세미나
10030,8930,18,6,전공탐색및기업가정신세미나
10031,8931,18,6,전공탐색및기업가정신세미나
10032,8932,18,6,전공탐색및기업가정신세미나
10033,8933,18,6,전공탐색및기업가정신세미나
10034,8934,18,6,전공탐색및기업가정신세미나
10035,8935,18,6,전공탐색및기업가정신세미나
10036,8936,18,6,전공탐색및기업가정신세미나
10037,8937,18,6,전공탐색및기업가정신세미나
10038,8938,18,6,전공탐색및기업가정신세미나
10039,8939,18,6,전공탐색및기업가정신세미나
10040,8940,18,6,전공탐색및기업가정신세미나
10041,8941,18,6,전공탐색및기업가정신세미나
10042,8942,18,6,전공탐색및기업가정신세미나
10043,8943,18,6,전공탐색및기업가정신세미나
10044,8944,18,6,전공탐색및기업가정신세미나
10045,8945,18,6,전공탐색및기업가정신세미나
10046,8946,18,6,전공탐색및기업가정신세미나
10047,8947,18,6,전공탐색및기업가정신세미나
10048,8948,18,6,전공탐색및기업가정신세미나
10049,8949,18,6,전공탐색및기업가정신세미나
10050,8950,18,6,전공탐색및기업가정신세미나
10051,8951,18,6,전공탐색및기업가정신세미나
10052,8952,18,6,전공탐색및기업가정신세미나
10053,8953,18,6,전공탐색및기업가정신세미나
10054,8954,18,6,전공탐색및기업가정신세미나
10055,8955,18,6,전공탐색및기업가정신세미나
10056,8956,18,6,전공탐색및기업가정신세미나
10057,8957,18,6,전공탐색및기업가정신세미나
10058,8958,18,6,전공탐색및기업가정신세미나
10059,8959,18,6,전공탐색및기업가정신세미나
10060,8960,18,6,전공탐색및기업가정신세미나
10061,8961,18,6,전공탐색및기업가정신세미나
10062,8962,29,6,새로운생명체:인공지능
10063,8963,29,6,새로운생명체:인공지능
10064,8964,29,6,소프트웨어적사유
10065,8965,18,6,신입생워크숍1:워밍업
10066,8966,18,6,한국어의이해1
10067,8967,18,6,한국어의이해1
10068,8968,18,6,한국어의이해2
10069,8969,18,6,한국어의이해2
10070,8970,18,6,한국어의이해3
10071,8971,18,6,한국어의이해3
10072,8972,18,6,한국어의이해4
10073,8973,18,6,한국어의이해4
10074,8974,29,6,디지털전환과4차산업혁명:기술적접근
10075,8975,29,6,인공지능을위한기계학습
10076,8976,29,6,파이썬과데이터마이닝
10077,8977,18,6,공학도를위한소프트스킬
10078,8978,29,6,컴퓨터게임개론:이론과기술
10079,8979,29,6,인터넷과메타버스
10080,8980,29,6,소프트웨어개발자를위한C프로그래밍
10081,8981,29,6,소프트웨어개발자를위한C프로그래밍
10082,8982,18,6,지구를생각하는인공지능
10083,8983,18,6,창업세미나:스타트업에서빅테크까지
10084,8984,28,6,새김과찍기:현대판화
10085,8985,28,6,아이디어를시각화하기
10086,8986,28,6,디지털사진촬영과표현
10087,8987,28,6,사운드와테크놀로지
10088,8988,28,6,생활속의공예:미와쓰임새
2114,1382,8,3,UX디자인(소프트웨어융합학)
2115,1383,8,3,경영과학1(소프트웨어융합학)
2116,1384,8,3,금융공학(소프트웨어융합학)
10089,8989,18,6,기업윤리와사회적책임
10090,8990,27,5,4차산업의이해와IOT기술 활용과분석
2117,1385,8,3,메카트로닉스(소프트웨어융합학)
2118,1386,8,3,시스템동역학(소프트웨어융합학)
2119,1387,8,3,시스템동역학(소프트웨어융합학)
2120,1388,8,3,시스템동역학(소프트웨어융합학)
2121,1389,8,3,로봇공학(소프트웨어융합학)
2122,1390,8,3,로봇공학(소프트웨어융합학)
2123,1391,8,2,디자인적사고
2124,1391,11,3,디자인적사고(컴퓨터공학과)
2125,1391,12,3,디자인적사고(인공지능학과)
2126,1392,8,2,디자인적사고
2127,1392,11,3,디자인적사고(컴퓨터공학과)
2128,1392,12,3,디자인적사고(인공지능학과)
2129,1393,8,2,웹/파이선프로그래밍
2130,1393,11,2,웹/파이선프로그래밍(컴퓨터공학과)
2131,1393,12,2,웹/파이선프로그래밍(인공지능학과)
2132,1394,8,2,웹/파이선프로그래밍
2133,1394,11,2,웹/파이선프로그래밍(컴퓨터공학과)
2134,1394,12,2,웹/파이선프로그래밍(인공지능학과)
2135,1395,8,2,웹/파이선프로그래밍
2136,1395,11,2,웹/파이선프로그래밍(컴퓨터공학과)
2137,1395,12,2,웹/파이선프로그래밍(인공지능학과)
2138,1396,8,2,웹/파이선프로그래밍
2139,1396,12,2,웹/파이선프로그래밍(인공지능학과)
2140,1397,8,2,오픈소스SW개발방법및도구
2141,1397,11,2,오픈소스SW개발방법및도구(컴퓨터공학과)
2142,1397,12,3,오픈소스SW개발방법및도구(인공지능학과)
2143,1398,8,3,마이크로서비스프로그래밍
2144,1398,11,3,마이크로서비스프로그래밍(컴퓨터공학과)
2145,1398,12,3,마이크로서비스프로그래밍(인공지능학과)
2146,1399,8,3,융합연구1
2147,1400,8,3,기계학습
2148,1400,11,2,기계학습(컴퓨터공학과)
2149,1400,12,2,기계학습(인공지능학과)
2150,1401,8,3,기계학습
2151,1401,11,2,기계학습(컴퓨터공학과)
2152,1401,12,2,기계학습(인공지능학과)
2153,1402,8,3,기계학습
2154,1402,11,2,기계학습(컴퓨터공학과)
2155,1402,12,2,기계학습(인공지능학과)
2156,1403,8,3,회로와신호
2157,1403,11,3,회로와신호(컴퓨터공학과)
2158,1403,12,3,회로와신호(인공지능학과)
2159,1404,8,3,게임그래픽프로그래밍
2160,1404,11,3,게임그래픽프로그래밍(컴퓨터공학과)
2161,1404,12,3,게임그래픽프로그래밍(인공지능학과)
2162,1405,8,3,게임인터랙티브테크놀로지
2163,1405,11,3,게임인터랙티브테크놀로지(컴퓨터공학과)
2164,1406,8,3,데이터분석캡스톤디자인
2165,1407,8,3,데이터분석캡스톤디자인
2166,1408,8,3,데이터분석캡스톤디자인
2167,1409,8,3,데이터분석캡스톤디자인
2168,1410,8,3,로봇·비전캡스톤디자인
2169,1411,8,3,융합연구3
2170,1412,8,3,독립심화학습1(소프트웨어융합학과)
2171,1413,8,3,3D데이터처리
2172,1413,11,3,3D데이터처리(컴퓨터공학과)
2173,1413,12,3,3D데이터처리(인공지능학과)
2174,1414,8,3,게임콘텐츠캡스톤디자인
2175,1415,8,3,게임콘텐츠캡스톤디자인
2176,1416,8,3,풀스택서비스프로그래밍
2177,1416,11,3,풀스택서비스프로그래밍(컴퓨터공학과)
2178,1416,12,3,풀스택서비스프로그래밍(인공지능학과)
2179,1417,8,3,응용데이터분석
2180,1417,12,3,응용데이터분석(인공지능학과)
2181,1418,8,2,소프트웨어융합캡스톤디자인
2182,1419,8,2,소프트웨어융합캡스톤디자인
2183,1420,8,2,소프트웨어융합캡스톤디자인
2184,1421,8,2,소프트웨어융합캡스톤디자인
2185,1422,8,2,소프트웨어융합캡스톤디자인
2186,1423,8,2,소프트웨어융합캡스톤디자인
2187,1424,8,2,소프트웨어융합캡스톤디자인
2188,1425,8,2,소프트웨어융합캡스톤디자인
2189,1426,8,2,졸업논문(소프트웨어융합)
2190,1427,8,3,융합연구5
2191,1428,8,3,인공지능과게임프로그래밍
2192,1428,11,3,인공지능과게임프로그래밍(컴퓨터공학과)
2193,1428,12,3,인공지능과게임프로그래밍(인공지능학과)
2194,1429,8,3,풀스택서비스네트워킹
2195,1429,11,3,풀스택서비스네트워킹(컴퓨터공학과)
2196,1430,8,3,영상분석과패턴인식
2197,1430,12,3,영상분석과패턴인식(인공지능학과)
2198,1431,8,3,강화학습
2199,1431,11,3,강화학습(컴퓨터공학과)
2200,1431,12,3,강화학습(인공지능학과)
2201,1432,8,3,소프트웨어융합보안
2202,1432,11,3,소프트웨어융합보안(컴퓨터공학과)
2203,1432,12,3,소프트웨어융합보안(인공지능학과)
2204,1433,11,3,인공지능프로그래밍(컴퓨터공학과)
2205,1433,12,2,인공지능프로그래밍
2206,1434,12,1,인공지능수학
2207,1435,12,3,자연언어학습
2208,1436,12,3,설명및신뢰가능한AI
2209,1437,12,2,졸업논문(인공지능)
2210,1438,12,3,독립심화학습(인공지능)2
10091,8991,7,1,미분방정식
10092,8992,7,1,미분방정식
10093,8993,7,1,미분방정식
10094,8994,7,1,미분방정식
10095,8995,7,1,미분방정식
10096,8996,7,1,미분방정식
10097,8997,7,1,미분방정식
10098,8998,7,1,미분방정식
10099,8999,7,1,미분방정식
10100,9000,7,1,미분방정식
10101,9001,7,1,미분방정식
10102,9002,7,1,미분방정식
10103,9003,7,1,미분방정식
10104,9004,7,1,미분방정식
10105,9005,7,1,미분방정식
10106,9006,7,1,미분방정식
10107,9007,7,1,미분방정식
10108,9008,7,1,미분방정식
10109,9009,7,1,고급미분적분학
10110,9010,7,1,고급미분적분학
10111,9011,7,1,고급미분적분학
10112,9012,7,1,고급미분적분학
10113,9013,7,1,고급미분적분학
10114,9014,7,1,고급미분적분학
10115,9015,7,1,고급미분적분학
10116,9016,7,1,고급미분적분학
10117,9017,7,1,고급미분적분학
10118,9018,7,1,고급미분적분학
10119,9019,7,1,고급미분적분학
10120,9020,7,1,고급미분적분학
10121,9021,7,1,고급미분적분학
10122,9022,7,1,고급미분적분학
10123,9023,7,1,고급미분적분학
10124,9024,7,1,고급미분적분학
10125,9025,7,1,고급미분적분학
10126,9026,7,1,통계학
10127,9027,7,1,통계학
10128,9028,35,1,화학및실험2
10129,9029,35,1,화학및실험2
10130,9030,35,1,화학및실험2
10131,9031,35,1,화학및실험2
10132,9032,35,1,화학및실험2
10133,9033,35,1,화학및실험2
10134,9034,35,1,화학2
10135,9035,35,1,화학2
10136,9036,35,1,화학2
10137,9037,35,1,화학2
10138,9038,35,1,화학2
10139,9039,35,1,화학2
10140,9040,35,1,일반화학
10141,9041,35,1,일반화학
10142,9042,35,1,일반화학
10143,9043,35,1,일반화학
10144,9044,35,1,일반화학
10145,9045,35,1,일반화학
10146,9046,34,1,물리학2
10147,9047,34,1,물리학2
10148,9048,34,1,물리학2
10149,9049,34,1,물리학2
10150,9050,34,1,물리학2
10151,9051,34,1,물리학2
10152,9052,34,1,물리학2
10153,9053,34,1,물리학및실험2
10154,9054,34,1,물리학및실험2
10155,9055,34,1,물리학및실험2
10156,9056,34,1,물리학및실험2
10157,9057,34,1,물리학및실험2
10158,9058,34,1,물리학및실험2
10159,9059,34,1,물리학및실험2
10160,9060,34,1,물리학및실험2
10161,9061,34,1,물리학및실험2
10162,9062,34,1,물리학및실험2
10163,9063,34,1,일반물리
10164,9064,34,1,일반물리
10165,9065,34,1,일반물리
10166,9066,34,1,일반물리
10167,9067,34,1,일반물리
10168,9068,37,1,생물2
10169,9069,37,1,생물2
10170,9070,37,1,생물2
10171,9071,37,1,생물2
10172,9072,37,1,생물2
10173,9073,37,1,일반생물
2211,1439,8,2,객체지향프로그래밍(소프트웨어융합학)
2212,1439,11,2,객체지향프로그래밍
2213,1439,12,2,객체지향프로그래밍(인공지능학과)
2214,1440,8,2,객체지향프로그래밍(소프트웨어융합학)
2215,1440,11,2,객체지향프로그래밍
2216,1440,12,2,객체지향프로그래밍(인공지능학과)
2217,1441,11,2,객체지향프로그래밍
2218,1442,8,3,이산구조(소프트웨어융합학)
2219,1442,11,3,이산구조
2220,1442,12,3,이산구조(인공지능학과)
2221,1443,8,3,이산구조(소프트웨어융합학)
2222,1443,11,3,이산구조
2223,1443,12,3,이산구조(인공지능학과)
2224,1444,11,2,컴퓨터구조
2225,1444,12,3,컴퓨터구조(인공지능학과)
2226,1445,11,2,컴퓨터구조
2227,1445,12,3,컴퓨터구조(인공지능학과)
2228,1446,8,2,자료구조(소프트웨어융합학)
2229,1446,11,2,자료구조
2230,1446,12,2,자료구조(인공지능학과)
2231,1447,8,2,자료구조(소프트웨어융합학)
2232,1447,11,2,자료구조
2233,1447,12,2,자료구조(인공지능학과)
2234,1448,8,2,자료구조(소프트웨어융합학)
2235,1448,11,2,자료구조
2236,1448,12,2,자료구조(인공지능학과)
2237,1449,8,2,운영체제(소프트웨어융합학)
2238,1449,11,2,운영체제
2239,1449,12,2,운영체제(인공지능학과)
2240,1450,8,2,운영체제(소프트웨어융합학)
2241,1450,11,2,운영체제
2242,1450,12,2,운영체제(인공지능학과)
2243,1451,8,3,컴퓨터네트워크(소프트웨어융합학)
2244,1451,11,2,컴퓨터네트워크
2245,1452,8,3,컴퓨터네트워크(소프트웨어융합학)
2246,1452,11,2,컴퓨터네트워크
2247,1453,8,3,컴퓨터네트워크(소프트웨어융합학)
2248,1453,11,2,컴퓨터네트워크
2249,1454,8,3,컴퓨터네트워크(소프트웨어융합학)
2250,1454,11,2,컴퓨터네트워크
2251,1455,8,2,알고리즘(소프트웨어융합학)
2252,1455,11,2,알고리즘
2253,1455,12,2,알고리즘(인공지능학과)
2254,1456,8,2,알고리즘(소프트웨어융합학)
2255,1456,11,2,알고리즘
2256,1456,12,2,알고리즘(인공지능학과)
2257,1457,8,2,데이터베이스(소프트웨어융합학)
2258,1457,11,2,데이터베이스
2259,1457,12,3,데이터베이스(인공지능학과)
2260,1458,8,2,데이터베이스(소프트웨어융합학)
2261,1458,11,2,데이터베이스
2262,1458,12,3,데이터베이스(인공지능학과)
2263,1459,8,2,데이터베이스(소프트웨어융합학)
2264,1459,11,2,데이터베이스
2265,1459,12,3,데이터베이스(인공지능학과)
2266,1460,8,2,소프트웨어공학(소프트웨어융합학)
2267,1460,11,2,소프트웨어공학
2268,1460,12,3,소프트웨어공학(인공지능학과)
2269,1461,8,2,소프트웨어공학(소프트웨어융합학)
2270,1461,11,2,소프트웨어공학
2271,1461,12,3,소프트웨어공학(인공지능학과)
2272,1462,8,3,딥러닝(소프트웨어융합학)
2273,1462,11,3,딥러닝
2274,1462,12,2,딥러닝(인공지능학과)
2275,1463,8,3,딥러닝(소프트웨어융합학)
2276,1463,11,3,딥러닝
2277,1463,12,2,딥러닝(인공지능학과)
2278,1464,11,3,SW스타트업프로젝트
2279,1464,12,3,SW스타트업프로젝트(인공지능학과)
2280,1465,8,3,실전기계학습(소프트웨어융합학)
2281,1465,11,3,실전기계학습
2282,1465,12,2,실전기계학습(인공지능학과)
2283,1466,11,2,졸업논문(컴퓨터공학전공)
2284,1467,11,2,졸업프로젝트
2285,1467,12,2,졸업프로젝트(인공지능학과)
2286,1468,11,2,캡스톤디자인
2287,1468,12,2,캡스톤디자인(인공지능학과)
2288,1469,11,2,캡스톤디자인
2289,1469,12,2,캡스톤디자인(인공지능학과)
2290,1470,11,2,캡스톤디자인
2291,1470,12,2,캡스톤디자인(인공지능학과)
2292,1471,11,2,캡스톤디자인
2293,1471,12,2,캡스톤디자인(인공지능학과)
2294,1472,11,2,캡스톤디자인
2295,1472,12,2,캡스톤디자인(인공지능학과)
2296,1473,11,2,캡스톤디자인
2297,1473,12,2,캡스톤디자인(인공지능학과)
2298,1474,11,2,캡스톤디자인
2299,1474,12,2,캡스톤디자인(인공지능학과)
2300,1475,11,2,캡스톤디자인
2301,1475,12,2,캡스톤디자인(인공지능학과)
2302,1476,11,2,캡스톤디자인
2303,1476,12,2,캡스톤디자인(인공지능학과)
2304,1477,11,2,캡스톤디자인
2305,1477,12,2,캡스톤디자인(인공지능학과)
2306,1478,11,2,캡스톤디자인
2307,1478,12,2,캡스톤디자인(인공지능학과)
2308,1479,11,2,캡스톤디자인
2309,1479,12,2,캡스톤디자인(인공지능학과)
2310,1480,11,2,캡스톤디자인
2311,1480,12,2,캡스톤디자인(인공지능학과)
2312,1481,11,3,메타버스데이터처리
2313,1481,12,3,메타버스데이터처리(인공지능학과)
2314,1482,11,3,클라우드프로젝트
2315,1483,8,3,컴퓨터비젼(소프트웨어융합학)
2316,1483,11,3,컴퓨터비젼
2317,1483,12,3,컴퓨터비젼(인공지능학과)
2318,1484,8,3,블록체인(소프트웨어융합학)
2319,1484,11,3,블록체인
2320,1484,12,3,블록체인(인공지능학과)
2321,1485,11,3,모바일/웹서비스프로젝트
2322,1486,11,3,소프트웨어보안
2323,1487,11,3,연구연수활동2(컴퓨터공학)
2324,1488,11,3,연구연수활동2(컴퓨터공학)
2325,1489,11,3,연구연수활동2(컴퓨터공학)
2326,1490,11,3,독립심화학습2(컴퓨터공학과)
2327,1491,11,3,독립심화학습2(컴퓨터공학과)
2328,1492,11,3,독립심화학습2(컴퓨터공학과)
10174,9074,17,10,교육사회학
10175,9075,17,10,교육심리학
10176,9076,17,10,교육심리학
10177,9077,17,10,교육철학및교육사
10178,9078,17,10,교육학개론
10179,9079,17,10,학교폭력 예방 및 학생의 이해
10180,9080,17,10,학교폭력 예방 및 학생의 이해
10181,9081,17,10,교직적성및인성검사1
10182,9082,17,10,교직적성및인성검사2
10183,9083,17,10,응급처치및심폐소생술실습1
10184,9084,17,10,응급처치및심폐소생술실습2
10185,9085,17,10,성인지교육1
10186,9086,17,10,성인지교육2
10187,9087,17,10,디지털교육
10188,9088,17,10,디지털교육
10189,9089,17,10,교육과정
10190,9090,17,10,교육과정
10191,9091,17,10,교육방법및교육공학
10192,9092,17,10,교육평가
10193,9093,17,10,교직실무
10194,9094,17,10,교직실무
10195,9095,17,10,특수교육학개론
10196,9096,17,10,특수교육학개론
10197,9097,17,10,교육봉사활동1
10198,9098,17,10,교육봉사활동2
10199,9099,17,10,교육행정및교육경영
2329,1493,11,2,논리회로(컴퓨터공학과)
2330,1494,11,2,논리회로(컴퓨터공학과)
2331,1495,11,2,논리회로(컴퓨터공학과)
2332,1496,11,3,신호와시스템(컴퓨터공학과)
2333,1497,11,3,신호와시스템(컴퓨터공학과)
2334,1498,11,3,신호와시스템(컴퓨터공학과)
2335,1499,8,1,확률및랜덤변수(소프트웨어융합학)
2336,1499,11,1,확률및랜덤변수(컴퓨터공학과)
2337,1499,12,1,확률및랜덤변수(인공지능학과)
2338,1500,8,1,확률및랜덤변수(소프트웨어융합학)
2339,1500,11,1,확률및랜덤변수(컴퓨터공학과)
2340,1500,12,1,확률및랜덤변수(인공지능학과)
2341,1501,8,1,확률및랜덤변수(소프트웨어융합학)
2342,1501,11,1,확률및랜덤변수(컴퓨터공학과)
2343,1501,12,1,확률및랜덤변수(인공지능학과)
2344,1502,8,1,확률및랜덤변수(소프트웨어융합학)
2345,1502,11,1,확률및랜덤변수(컴퓨터공학과)
2346,1502,12,1,확률및랜덤변수(인공지능학과)
2347,1503,8,1,확률및랜덤변수(소프트웨어융합학)
2348,1503,11,1,확률및랜덤변수(컴퓨터공학과)
2349,1503,12,1,확률및랜덤변수(인공지능학과)
2350,1504,8,3,로봇제어공학(소프트웨어융합학)
2351,1505,8,3,세계신화읽기(소프트웨어융합학)
10200,9100,36,1,생물학및실험2
10201,9101,36,1,생물학및실험2
10202,9102,22,11,빅뱅에서문명까지
10203,9103,22,11,빅뱅에서문명까지
10204,9104,22,11,빅뱅에서문명까지
10205,9105,22,11,빅뱅에서문명까지
10206,9106,22,11,빅뱅에서문명까지
10207,9107,22,11,빅뱅에서문명까지
10208,9108,22,11,빅뱅에서문명까지
10209,9109,22,11,빅뱅에서문명까지
10210,9110,22,11,빅뱅에서문명까지
10211,9111,22,11,빅뱅에서문명까지
10212,9112,22,11,빅뱅에서문명까지
10213,9113,22,11,빅뱅에서문명까지
10214,9114,22,11,빅뱅에서문명까지
10215,9115,22,11,인간의가치탐색
10216,9116,22,11,인간의가치탐색
10217,9117,22,11,인간의가치탐색
10218,9118,22,11,인간의가치탐색
10219,9119,22,11,인간의가치탐색
10220,9120,22,11,인간의가치탐색
10221,9121,22,11,인간의가치탐색
10222,9122,22,11,인간의가치탐색
10223,9123,22,11,인간의가치탐색
10224,9124,22,11,인간의가치탐색
10225,9125,22,11,인간의가치탐색
10226,9126,22,11,인간의가치탐색
10227,9127,22,11,인간의가치탐색
10228,9128,22,11,인간의가치탐색
10229,9129,22,11,인간의가치탐색
10230,9130,22,11,인간의가치탐색
10231,9131,22,11,인간의가치탐색
10232,9132,22,11,인간의가치탐색
10233,9133,22,11,인간의가치탐색
10234,9134,22,11,인간의가치탐색
10235,9135,22,11,인간의가치탐색
10236,9136,22,11,인간의가치탐색
10237,9137,22,11,인간의가치탐색
10238,9138,22,11,인간의가치탐색
10239,9139,22,11,인간의가치탐색
10240,9140,22,11,인간의가치탐색
10241,9141,22,11,인간의가치탐색
10242,9142,22,11,인간의가치탐색
10243,9143,22,11,인간의가치탐색
10244,9144,22,11,인간의가치탐색
10245,9145,22,11,인간의가치탐색
10246,9146,22,11,인간의가치탐색
10247,9147,22,11,인간의가치탐색
10248,9148,22,11,인간의가치탐색
10249,9149,22,11,인간의가치탐색
10250,9150,22,11,인간의가치탐색
10251,9151,22,11,인간의가치탐색
10252,9152,22,11,인간의가치탐색
10253,9153,22,11,인간의가치탐색
10254,9154,22,11,인간의가치탐색
10255,9155,22,11,인간의가치탐색
10256,9156,22,11,인간의가치탐색
10257,9157,22,11,인간의가치탐색
10258,9158,22,11,인간의가치탐색
10259,9159,22,11,인간의가치탐색
10260,9160,22,11,인간의가치탐색
10261,9161,22,11,세계와시민
10262,9162,22,11,세계와시민
10263,9163,22,11,세계와시민
10264,9164,22,11,세계와시민
10265,9165,22,11,세계와시민
10266,9166,22,11,세계와시민
10267,9167,22,11,세계와시민
10268,9168,22,11,세계와시민
10269,9169,22,11,세계와시민
10270,9170,22,11,세계와시민
10271,9171,22,11,세계와시민
10272,9172,22,11,세계와시민
10273,9173,22,11,세계와시민
10274,9174,22,11,세계와시민
10275,9175,22,11,세계와시민
10276,9176,22,11,세계와시민
10277,9177,22,11,세계와시민
10278,9178,22,11,세계와시민
10279,9179,22,11,세계와시민
10280,9180,22,11,세계와시민
10281,9181,22,11,세계와시민
10282,9182,22,11,세계와시민
10283,9183,22,11,세계와시민
10284,9184,22,11,세계와시민
10285,9185,22,11,세계와시민
10286,9186,22,11,세계와시민
10287,9187,22,11,세계와시민
10288,9188,22,11,세계와시민
10289,9189,22,11,세계와시민
10290,9190,22,11,세계와시민
10291,9191,22,11,세계와시민
10292,9192,22,11,세계와시민
10293,9193,22,11,세계와시민
10294,9194,22,11,세계와시민
10295,9195,22,11,세계와시민
10296,9196,22,11,세계와시민
10297,9197,22,11,세계와시민
10298,9198,22,11,세계와시민
10299,9199,22,11,세계와시민
10300,9200,22,11,세계와시민
10301,9201,22,11,세계와시민
10302,9202,22,11,세계와시민
10303,9203,22,11,세계와시민
10304,9204,22,11,세계와시민
10305,9205,22,11,세계와시민
10306,9206,22,11,세계와시민
10307,9207,22,11,세계와시민
10308,9208,22,11,세계와시민
10309,9209,22,11,세계와시민
10310,9210,21,4,성찰과표현
10311,9211,21,4,성찰과표현
10312,9212,21,4,성찰과표현
10313,9213,21,4,성찰과표현
10314,9214,21,4,성찰과표현
10315,9215,21,4,성찰과표현
10316,9216,21,4,성찰과표현
10317,9217,21,4,성찰과표현
10318,9218,21,4,성찰과표현
10319,9219,21,4,성찰과표현
10320,9220,21,4,성찰과표현
10321,9221,21,4,성찰과표현
10322,9222,21,4,성찰과표현
10323,9223,21,4,성찰과표현
10324,9224,21,4,성찰과표현
10325,9225,21,4,성찰과표현
10326,9226,21,4,성찰과표현
10327,9227,21,4,성찰과표현
10328,9228,21,4,성찰과표현
10329,9229,21,4,성찰과표현
10330,9230,21,4,성찰과표현
10331,9231,21,4,성찰과표현
10332,9232,21,4,성찰과표현
10333,9233,21,4,성찰과표현
10334,9234,21,4,성찰과표현
10335,9235,21,4,성찰과표현
10336,9236,21,4,성찰과표현
10337,9237,21,4,성찰과표현
10338,9238,21,4,성찰과표현
10339,9239,21,4,성찰과표현
10340,9240,21,4,성찰과표현
10341,9241,21,4,성찰과표현
10342,9242,21,4,성찰과표현
10343,9243,21,4,성찰과표현
10344,9244,21,4,성찰과표현
10345,9245,21,4,성찰과표현
10346,9246,21,4,성찰과표현
10347,9247,20,4,대학영어
10348,9248,20,4,대학영어
10349,9249,20,4,대학영어
10350,9250,20,4,대학영어
10351,9251,20,4,대학영어
10352,9252,20,4,대학영어
10353,9253,20,4,대학영어
10354,9254,20,4,대학영어
10355,9255,20,4,대학영어
10356,9256,20,4,대학영어
10357,9257,20,4,대학영어
10358,9258,20,4,대학영어
10359,9259,20,4,대학영어
10360,9260,20,4,대학영어
10361,9261,20,4,대학영어
10362,9262,20,4,대학영어
10363,9263,20,4,대학영어
10364,9264,20,4,대학영어
10365,9265,20,4,대학영어
10366,9266,20,4,대학영어
10367,9267,20,4,대학영어
10368,9268,20,4,대학영어
10369,9269,20,4,대학영어
10370,9270,20,4,대학영어
10371,9271,20,4,대학영어
10372,9272,20,4,대학영어
10373,9273,21,4,주제연구
10374,9274,21,4,주제연구
10375,9275,21,4,주제연구
10376,9276,21,4,주제연구
10377,9277,21,4,주제연구
10378,9278,21,4,주제연구
10379,9279,21,4,주제연구
10380,9280,21,4,주제연구
10381,9281,21,4,주제연구
10382,9282,21,4,주제연구
10383,9283,21,4,주제연구
10384,9284,21,4,주제연구
10385,9285,21,4,주제연구
10386,9286,21,4,주제연구
10387,9287,21,4,주제연구
10388,9288,21,4,주제연구
10389,9289,21,4,주제연구
10390,9290,21,4,주제연구
10391,9291,21,4,주제연구
10392,9292,21,4,주제연구
10393,9293,21,4,주제연구
10394,9294,21,4,주제연구
10395,9295,21,4,주제연구
10396,9296,21,4,주제연구
10397,9297,21,4,주제연구
10398,9298,21,4,주제연구
10399,9299,21,4,주제연구
10400,9300,21,4,주제연구
10401,9301,21,4,주제연구
10402,9302,21,4,주제연구
10403,9303,21,4,주제연구
10404,9304,21,4,주제연구
10405,9305,21,4,주제연구
10406,9306,21,4,주제연구
10407,9307,21,4,주제연구
10408,9308,21,4,주제연구
10409,9309,21,4,주제연구
10410,9310,21,4,주제연구
10411,9311,21,4,주제연구
10412,9312,21,4,주제연구
10413,9313,21,4,주제연구
10414,9314,21,4,주제연구
10415,9315,21,4,주제연구
10416,9316,21,4,주제연구
10417,9317,21,4,주제연구
10418,9318,21,4,주제연구
10419,9319,21,4,주제연구
10420,9320,21,4,주제연구
10421,9321,21,4,주제연구
10422,9322,21,4,주제연구
10423,9323,21,4,주제연구
10424,9324,21,4,주제연구
10425,9325,21,4,주제연구
10426,9326,26,5,마음챙김과비폭력대화
10427,9327,27,5,인공지능을위한선형대수
10428,9328,23,5,운동과건강
10429,9329,25,5,"Exploring Industry, Ideology, and Identity through the Marvel Cinematic Universe"
10430,9330,26,5,문명패러다임의혁명:서구근대화과정의현재적이해
10431,9331,26,5,청춘을위한영화예찬
10432,9332,25,5,"글,그림그리고문화콘텐츠"
10433,9333,25,5,근대의시선과공간:뮤지엄과엑스포
10434,9334,23,5,폭력의진화:통섭적관점
10435,9335,23,5,폭력의진화:통섭적관점
10436,9336,26,5,SDG5성평등
10437,9337,26,5,21세기금융세계화와불평등
10438,9338,27,5,생활속의금융
10439,9339,26,5,세계속한국의생존과파워
10440,9340,23,5,"마음의탄생:뇌,의식,마음"
10441,9341,27,5,"미래,기술,경영"
10442,9342,23,5,몸과생명
10443,9343,23,5,몸의발견
10444,9344,27,5,고전읽기:SF소설
10445,9345,23,5,"생명,영원한블루오션"
10446,9346,27,5,이동의자유와원격사회
10447,9347,27,5,생명과학의미래
10448,9348,24,5,이성의함정:마음은항상합리적인가
10449,9349,24,5,설득의기술
10450,9350,23,5,진화와인간본성
10451,9351,24,5,고양이의물리학:자연계의숨은법칙
10452,9352,24,5,고양이의물리학:자연계의숨은법칙
10453,9353,24,5,과학적사고란무엇인가
10454,9354,23,5,불편한진실:기후변화
10455,9355,23,5,원자의춤
10456,9356,27,5,인간과생활속의로봇
10457,9357,27,5,인간과생활속의로봇
10458,9358,24,5,특허와지적재산권
10459,9359,24,5,현대사회와과학
10460,9360,23,5,하천문화의이해와르네상스
10461,9361,23,5,우주:별을잊은그대에게
10462,9362,23,5,우주:별을잊은그대에게
10463,9363,25,5,가면의축제:동서양연희의문명사
10464,9364,25,5,공감의인류학:감정이입과의인화
10465,9365,25,5,미디어아트와문화
10466,9366,25,5,불교와정신분석학
10467,9367,25,5,매체와메시지:미디어의이해
10468,9368,25,5,영화와문학
10469,9369,25,5,고전과여성
10470,9370,23,5,인간행동의이해:심리학
10471,9371,25,5,음식과문화:글로벌&로컬트렌드와이슈
10472,9372,26,5,경제학적사유의원리
10473,9373,26,5,"법,질서,국가"
10474,9374,26,5,"법,질서,국가"
10475,9375,26,5,예술을통한공동체만들기
10476,9376,26,5,정치학적사유의원리
10477,9377,26,5,행복이란무엇인가
10478,9378,24,5,기술혁신과전략의융합
10479,9379,26,5,On Justice
10480,9380,27,5,SF영화의상상력:미래의평화와윤리
10481,9381,26,5,동아시아문명론
10482,9382,26,5,두얼굴의인류사:전쟁과평화
10483,9383,24,5,기초 미분적분학
10484,9384,24,5,기초 미분적분학
10485,9385,23,5,생명의언어
10486,9386,25,5,국화와칼:만들어진일본의전통
10487,9387,26,5,문화유산과역사지리
10488,9388,26,5,설탕과소금:사소한것들의역사
10489,9389,26,5,황하와장강:중국역사의발자취
10490,9390,27,5,미래학과미래마인드
10491,9391,25,5,삼국지인문학
10492,9392,25,5,영화로보는스포츠문화
10493,9393,25,5,여행을통한인간의삶의가치증진
10494,9394,26,5,시민생활과법
10495,9395,25,5,그리스신화와철학
10496,9396,26,5,영화로읽는도시인문학:환동해도시와문화지리
10497,9397,26,5,유럽문화와도시문명
10498,9398,24,5,프로그래밍을통한논리적사유연습
10499,9399,27,5,빅데이터와스포츠산업
10500,9400,27,5,미래사회와도시계획
10501,9401,26,5,만화로세상보기
10502,9402,25,5,지구화시대의미학극장
10503,9403,25,5,고전읽기:그리스비극
10504,9404,25,5,고전읽기:프로이트
10505,9405,25,5,고전읽기:박경리토지
10506,9406,26,5,국가폭력과트라우마
10507,9407,25,5,글로벌라틴아메리카
10508,9408,25,5,라틴아메리카문학과예술
10509,9409,25,5,수사학과영작문
10510,9410,25,5,언어와문학의이해
10511,9411,25,5,언어와문학의이해
10512,9412,25,5,하이쿠의세계
10513,9413,25,5,예술치료의원리와실제
10514,9414,25,5,패션디자인의세계
10515,9415,26,5,마녀사냥:그광기의역사
10516,9416,23,5,질병의진화적이해:우리는왜아픈걸까
10517,9417,27,5,좋은에너지나쁜에너지다른에너지
10518,9418,23,5,문명감염그리고진화
10519,9419,25,5,고전명작과예술의문명사
10520,9420,27,5,코딩하는아티스트
10521,9421,25,5,그림속의인문학
10522,9422,18,6,기초중국어
10523,9423,18,6,기초중국어
10524,9424,18,6,기초일본어
10525,9425,18,6,기초일본어
10526,9426,18,6,기초일본어
10527,9427,18,6,기초일본어
10528,9428,18,6,기초스페인어
10529,9429,18,6,기초스페인어
10530,9430,18,6,기초스페인어
10531,9431,18,6,기초스페인어
10532,9432,18,6,기초러시아어
10533,9433,18,6,기초프랑스어
10534,9434,18,6,기초프랑스어
10535,9435,28,6,공공미술과사회:공공미술프로젝트
10536,9436,28,6,색채와상상력
10537,9437,28,6,영화제작기초
10538,9438,28,6,작곡의밑그림:화성학
10539,9439,28,6,컴퓨터그래픽기초
10540,9440,28,6,클래식음악산책
10541,9441,28,6,합창의재발견
10542,9442,18,6,공학과경영
10543,9443,28,6,일상의공연학
10544,9444,18,6,열린경영학
10545,9445,18,6,온라인커머스창업과라이브쇼핑
10546,9446,29,6,사물인터넷과미래사회
10547,9447,29,6,사물인터넷과미래사회
10548,9448,29,6,언어와컴퓨터
10549,9449,18,6,한국어1(교양)
10550,9450,18,6,한국어2(교양)
10551,9451,18,6,글로벌세미나
10552,9452,18,6,글로벌세미나
10553,9453,18,6,글로벌세미나
10554,9454,18,6,글로벌세미나
10555,9455,18,6,글로벌세미나
10556,9456,18,6,글로벌세미나
10557,9457,18,6,후마니타스세미나
10558,9458,18,6,후마니타스세미나
10559,9459,18,6,후마니타스세미나
10560,9460,18,6,후마니타스세미나
10561,9461,18,6,후마니타스세미나
10562,9462,18,6,독립연구1
10563,9463,18,6,독립연구2
10564,9464,29,6,빅데이터를통한세상바로알기:R로배우는데이터분석코딩
10565,9465,29,6,앱인벤터로배우는코딩세상
10566,9466,19,6,동계스포츠:스노우보드
10567,9467,19,6,동계스포츠:스노우보드
10568,9468,19,6,동계스포츠:스노우보드
10569,9469,19,6,동계스포츠:스키
10570,9470,19,6,동계스포츠:스키
10571,9471,19,6,동계스포츠:스키
10572,9472,19,6,배드민턴
10573,9473,19,6,배드민턴
10574,9474,19,6,배드민턴
10575,9475,19,6,수상스포츠(교양)
10576,9476,19,6,승마
10577,9477,19,6,승마
10578,9478,19,6,요가
10579,9479,19,6,요트
10580,9480,19,6,요트
10581,9481,19,6,요트
10582,9482,19,6,요트
10583,9483,19,6,웨이트트레이닝
10584,9484,19,6,윈드서핑
10585,9485,19,6,윈드서핑
10586,9486,19,6,조깅과워킹
10587,9487,19,6,조깅과워킹
10588,9488,19,6,태권도
10589,9489,19,6,테니스
10590,9490,19,6,필라테스
10591,9491,19,6,필라테스
10592,9492,19,6,현대생활과체육
10593,9493,19,6,현대생활과체육
10594,9494,19,6,행복한여가를위한야외활동
10595,9495,19,6,행복한여가를위한야외활동
10596,9496,19,6,행복한여가를위한야외활동
10597,9497,19,6,호신술
10598,9498,18,6,운동과체중관리
10599,9499,29,6,새로운생명체:인공지능
10600,9500,29,6,새로운생명체:인공지능
10601,9501,29,6,소프트웨어적사유
10602,9502,29,6,소프트웨어적사유
10603,9503,18,6,신입생워크숍2:스타트업
10604,9504,18,6,한국어의이해1
10605,9505,18,6,한국어의이해1
10606,9506,18,6,한국어의이해2
10607,9507,18,6,한국어의이해2
10608,9508,18,6,한국어의이해3
10609,9509,18,6,한국어의이해3
10610,9510,18,6,한국어의이해4
10611,9511,18,6,한국어의이해4
10612,9512,18,6,지구를생각하는예술
10613,9513,29,6,디지털전환과4차산업혁명:기술적접근
10614,9514,29,6,인공지능을위한기계학습
10615,9515,29,6,파이썬과데이터마이닝
10616,9516,29,6,컴퓨터게임개론:이론과기술
10617,9517,29,6,소프트웨어개발자를위한C프로그래밍
10618,9518,28,6,새김과찍기:현대판화
10619,9519,28,6,아이디어를시각화하기
10620,9520,28,6,디지털사진촬영과표현
10621,9521,28,6,사운드와테크놀로지
10622,9522,28,6,생활속의공예:미와쓰임새
2352,1506,8,3,응용통계학(소프트웨어융합학)
2353,1507,8,3,응용통계학(소프트웨어융합학)
2354,1508,8,3,데이터사이언스(소프트웨어융합학)
2355,1509,8,3,경영과학2(소프트웨어융합학)
2356,1510,8,3,데이터마이닝(소프트웨어융합학)
10623,9523,18,6,기업윤리와사회적책임
10624,9524,27,5,4차산업의이해와IOT기술 활용과분석
2357,1511,8,3,동역학(소프트웨어융합학)
2358,1512,8,3,동역학(소프트웨어융합학)
2359,1513,8,3,동역학(소프트웨어융합학)
2360,1514,8,3,자동제어(소프트웨어융합학)
2361,1515,8,2,소프트웨어융합개론
2362,1516,8,2,디자인적사고
2363,1516,11,3,디자인적사고(컴퓨터공학과)
2364,1516,12,3,디자인적사고(인공지능학과)
2365,1517,8,2,디자인적사고
2366,1517,11,3,디자인적사고(컴퓨터공학과)
2367,1517,12,3,디자인적사고(인공지능학과)
2368,1518,8,2,웹/파이선프로그래밍
2369,1518,11,2,웹/파이선프로그래밍(컴퓨터공학과)
2370,1518,12,2,웹/파이선프로그래밍(인공지능학과)
2371,1519,8,2,웹/파이선프로그래밍
2372,1519,11,2,웹/파이선프로그래밍(컴퓨터공학과)
2373,1519,12,2,웹/파이선프로그래밍(인공지능학과)
2374,1520,8,2,웹/파이선프로그래밍
2375,1521,8,2,오픈소스SW개발방법및도구
2376,1521,11,2,오픈소스SW개발방법및도구(컴퓨터공학과)
2377,1521,12,3,오픈소스SW개발방법및도구(인공지능학과)
2378,1522,8,3,수치해석프로그래밍
2379,1523,8,3,게임프로그래밍입문
2380,1523,11,3,게임프로그래밍입문(컴퓨터공학과)
2381,1523,12,3,게임프로그래밍입문(인공지능학과)
2382,1524,8,3,게임엔진기초
2383,1524,11,3,게임엔진기초(컴퓨터공학과)
2384,1525,8,3,마이크로서비스프로그래밍
2385,1525,11,3,마이크로서비스프로그래밍(컴퓨터공학과)
2386,1525,12,3,마이크로서비스프로그래밍(인공지능학과)
2387,1526,8,3,융합연구2
2388,1527,8,3,기계학습
2389,1527,11,2,기계학습(컴퓨터공학과)
2390,1527,12,2,기계학습(인공지능학과)
2391,1528,8,3,기계학습
2392,1528,11,2,기계학습(컴퓨터공학과)
2393,1528,12,2,기계학습(인공지능학과)
2394,1529,8,3,기계학습
2395,1529,11,2,기계학습(컴퓨터공학과)
2396,1529,12,2,기계학습(인공지능학과)
2397,1530,8,3,데이터분석입문
2398,1530,12,3,데이터분석입문(인공지능학과)
2399,1531,8,2,최신기술콜로키움2
2400,1531,11,3,최신기술콜로키움2(컴퓨터공학과)
2401,1531,12,3,최신기술콜로키움2(인공지능학과)
2402,1532,8,3,가상/증강현실이론및실습
2403,1532,11,3,가상/증강현실이론및실습(컴퓨터공학과)
2404,1533,8,3,게임공학
2405,1534,8,3,데이터분석캡스톤디자인
2406,1535,8,3,데이터분석캡스톤디자인
2407,1536,8,3,데이터분석캡스톤디자인
2408,1537,8,3,로봇프로그래밍
2409,1537,11,3,로봇프로그래밍(컴퓨터공학과)
2410,1537,12,3,로봇프로그래밍(인공지능학과)
2411,1538,8,3,로봇·비전캡스톤디자인
2412,1539,8,3,로봇·비전캡스톤디자인
2413,1540,8,3,융합연구4
2414,1541,8,3,게임콘텐츠캡스톤디자인
2415,1542,8,3,게임콘텐츠캡스톤디자인
2416,1543,8,3,풀스택서비스프로그래밍
2417,1543,11,3,풀스택서비스프로그래밍(컴퓨터공학과)
2418,1544,8,2,소프트웨어융합캡스톤디자인
2419,1545,8,2,소프트웨어융합캡스톤디자인
2420,1546,8,2,소프트웨어융합캡스톤디자인
2421,1547,8,2,소프트웨어융합캡스톤디자인
2422,1548,8,2,소프트웨어융합캡스톤디자인
2423,1549,8,2,소프트웨어융합캡스톤디자인
2424,1550,8,2,소프트웨어융합캡스톤디자인
2425,1551,8,2,소프트웨어융합캡스톤디자인
2426,1552,8,2,졸업논문(소프트웨어융합)
2427,1553,8,3,데이터사이언스및시각화
2428,1554,8,3,융합연구6
2429,1555,8,3,풀스택서비스네트워킹
2430,1555,11,3,풀스택서비스네트워킹(컴퓨터공학과)
10625,9525,7,12,미분방정식
10626,9526,7,12,미분방정식
10627,9527,7,12,미분방정식
10628,9528,7,12,미분방정식
10629,9529,7,12,고급미분적분학
10630,9530,7,12,고급미분적분학
10631,9531,7,12,고급미분적분학
10632,9532,35,12,화학1
10633,9533,35,12,화학2
10634,9534,34,12,물리학1
10635,9535,34,12,물리학1
2431,1556,11,8,객체지향프로그래밍
2432,1557,11,9,실감미디어컴퓨팅기초
10636,9536,22,11,빅뱅에서문명까지
10637,9537,22,11,인간의가치탐색
10638,9538,22,11,인간의가치탐색
10639,9539,22,11,세계와시민
10640,9540,22,11,세계와시민
10641,9541,22,11,세계와시민
10642,9542,21,4,성찰과표현
10643,9543,21,4,성찰과표현
10644,9544,20,4,대학영어
10645,9545,20,4,대학영어
10646,9546,20,4,대학영어
10647,9547,21,4,주제연구
10648,9548,21,4,주제연구
10649,9549,21,4,주제연구
10650,9550,21,4,주제연구
10651,9551,21,4,주제연구
10652,9552,21,4,주제연구
10653,9553,21,4,주제연구
10654,9554,21,4,주제연구
10655,9555,21,4,주제연구
10656,9556,21,4,주제연구
10657,9557,26,5,마음챙김과비폭력대화
10658,9558,23,5,진화와인간본성
10659,9559,27,5,인간과생활속의로봇
10660,9560,25,5,불교와정신분석학
10661,9561,25,5,영화와문학
10662,9562,26,5,동아시아의서양문명수용론
10663,9563,24,5,기초 미분적분학
10664,9564,25,5,언어와문학의이해
10665,9565,23,5,숨겨진패턴
10666,9566,29,6,앱인벤터로배우는코딩세상
10667,9567,19,6,행복한여가를위한야외활동
10668,9568,29,6,새로운생명체:인공지능
10669,9569,29,6,파이썬과데이터마이닝
2433,1558,8,8,웹/파이선프로그래밍
2434,1559,8,8,웹/파이선프로그래밍
2435,1560,8,9,풀스택서비스프로그래밍
10670,9570,7,12,선형대수
10671,9571,7,12,선형대수
10672,9572,7,12,선형대수
10673,9573,7,12,선형대수
10674,9574,7,12,미분적분학
10675,9575,7,12,미분적분학
10676,9576,7,12,미분적분학
10677,9577,7,12,미분적분학
10678,9578,34,12,물리학2
2436,1561,11,8,객체지향프로그래밍
2437,1562,11,9,실감미디어컴퓨팅기초
10679,9579,22,11,빅뱅에서문명까지
10680,9580,22,11,인간의가치탐색
10681,9581,22,11,인간의가치탐색
10682,9582,22,11,세계와시민
10683,9583,22,11,세계와시민
10684,9584,21,4,성찰과표현
10685,9585,21,4,성찰과표현
10686,9586,20,4,대학영어
10687,9587,20,4,대학영어
10688,9588,20,4,대학영어
10689,9589,21,4,주제연구
10690,9590,21,4,주제연구
10691,9591,21,4,주제연구
10692,9592,21,4,주제연구
10693,9593,21,4,주제연구
10694,9594,21,4,주제연구
10695,9595,21,4,주제연구
10696,9596,21,4,주제연구
10697,9597,21,4,주제연구
10698,9598,21,4,주제연구
10699,9599,26,5,마음챙김과비폭력대화
10700,9600,27,5,인간과생활속의로봇
10701,9601,25,5,영화와문학
10702,9602,26,5,동아시아의서양문명수용론
10703,9603,24,5,기초 미분적분학
10704,9604,25,5,언어와문학의이해
10705,9605,23,5,문명감염그리고진화
10706,9606,23,5,숨겨진패턴
10707,9607,29,6,빅데이터를통한세상바로알기:R로배우는데이터분석코딩
10708,9608,19,6,승마
10709,9609,29,6,인공지능을위한기계학습
2438,1563,8,8,웹/파이선프로그래밍
2439,1564,8,8,웹/파이선프로그래밍
2440,1565,12,2,인공지능개론
2441,1566,11,3,인공지능프로그래밍(컴퓨터공학과)
2442,1566,12,2,인공지능프로그래밍
2443,1567,12,1,인공지능수학
2444,1568,11,3,고급딥러닝(컴퓨터공학과)
2445,1568,12,2,고급딥러닝
2446,1569,12,2,인공지능과윤리
2447,1570,8,3,빅데이터마이닝(소프트웨어융합학)
2448,1570,11,3,빅데이터마이닝(컴퓨터공학과)
2449,1570,12,3,빅데이터마이닝
2450,1571,12,2,졸업논문(인공지능)
2451,1572,12,3,독립심화학습(인공지능)1
2452,1573,12,3,독립심화학습(인공지능)1
10710,9610,7,1,선형대수
10711,9611,7,1,선형대수
10712,9612,7,1,선형대수
10713,9613,7,1,선형대수
10714,9614,7,1,선형대수
10715,9615,7,1,선형대수
10716,9616,7,1,선형대수
10717,9617,7,1,선형대수
10718,9618,7,1,선형대수
10719,9619,7,1,선형대수
10720,9620,7,1,선형대수
10721,9621,7,1,선형대수
10722,9622,7,1,선형대수
10723,9623,7,1,선형대수
10724,9624,7,1,선형대수
10725,9625,7,1,통계학
10726,9626,7,1,통계학
10727,9627,7,1,미분적분학
10728,9628,7,1,미분적분학
10729,9629,7,1,미분적분학
10730,9630,7,1,미분적분학
10731,9631,7,1,미분적분학
10732,9632,7,1,미분적분학
10733,9633,7,1,미분적분학
10734,9634,7,1,미분적분학
10735,9635,7,1,미분적분학
10736,9636,7,1,미분적분학
10737,9637,7,1,미분적분학
10738,9638,7,1,미분적분학
10739,9639,7,1,미분적분학
10740,9640,7,1,미분적분학
10741,9641,7,1,미분적분학
10742,9642,7,1,미분적분학
10743,9643,7,1,미분적분학
10744,9644,7,1,미분적분학
10745,9645,7,1,미분적분학
10746,9646,7,1,미분적분학
10747,9647,7,1,미분적분학
10748,9648,7,1,미분적분학
10749,9649,7,1,미분적분학
10750,9650,7,1,미분적분학
10751,9651,7,1,미분적분학
10752,9652,7,1,미분적분학
10753,9653,7,1,미분적분학
10754,9654,7,1,미분적분학
10755,9655,7,1,미분적분학
10756,9656,7,1,미분적분학
10757,9657,7,1,미분적분학
10758,9658,7,1,미분적분학
10759,9659,35,1,화학및실험1
10760,9660,35,1,화학및실험1
10761,9661,35,1,화학및실험1
10762,9662,35,1,화학및실험1
10763,9663,35,1,화학및실험1
10764,9664,35,1,화학및실험1
10765,9665,35,1,화학및실험1
10766,9666,35,1,화학및실험1
10767,9667,35,1,화학1
10768,9668,35,1,화학1
10769,9669,35,1,화학1
10770,9670,35,1,화학1
10771,9671,35,1,화학1
10772,9672,35,1,화학1
10773,9673,35,1,화학1
10774,9674,35,1,화학1
10775,9675,35,1,일반화학
10776,9676,35,1,일반화학
10777,9677,35,1,일반화학
10778,9678,35,1,일반화학
10779,9679,35,1,일반화학
10780,9680,35,1,일반화학
10781,9681,34,1,물리학1
10782,9682,34,1,물리학1
10783,9683,34,1,물리학1
10784,9684,34,1,물리학1
10785,9685,34,1,물리학1
10786,9686,34,1,물리학1
10787,9687,34,1,물리학1
10788,9688,34,1,물리학1
10789,9689,34,1,물리학1
10790,9690,34,1,물리학1
10791,9691,34,1,물리학1
10792,9692,34,1,물리학및실험1
10793,9693,34,1,물리학및실험1
10794,9694,34,1,물리학및실험1
10795,9695,34,1,물리학및실험1
10796,9696,34,1,물리학및실험1
10797,9697,34,1,물리학및실험1
10798,9698,34,1,물리학및실험1
10799,9699,34,1,물리학및실험1
10800,9700,34,1,물리학및실험1
10801,9701,34,1,물리학및실험1
10802,9702,34,1,물리학및실험1
10803,9703,34,1,물리학및실험1
10804,9704,34,1,물리학및실험1
10805,9705,34,1,물리학및실험1
10806,9706,34,1,물리학및실험1
10807,9707,34,1,물리학및실험1
10808,9708,34,1,물리학및실험1
10809,9709,34,1,물리학및실험1
10810,9710,34,1,물리학및실험1
10811,9711,34,1,물리학및실험1
10812,9712,34,1,일반물리
10813,9713,34,1,일반물리
10814,9714,34,1,일반물리
10815,9715,34,1,일반물리
10816,9716,37,1,생물1
10817,9717,37,1,생물1
10818,9718,37,1,생물1
10819,9719,37,1,생물1
10820,9720,37,1,생물1
10821,9721,37,1,일반생물
10822,9722,37,1,일반생물
10823,9723,37,1,일반생물
2453,1574,11,7,소프트웨어가치탐구
2454,1575,11,7,소프트웨어가치탐구
2455,1576,8,2,객체지향프로그래밍(소프트웨어융합학)
2456,1576,11,2,객체지향프로그래밍
2457,1576,12,2,객체지향프로그래밍(인공지능학과)
2458,1577,8,2,객체지향프로그래밍(소프트웨어융합학)
2459,1577,11,2,객체지향프로그래밍
2460,1578,8,2,객체지향프로그래밍(소프트웨어융합학)
2461,1578,11,2,객체지향프로그래밍
2462,1578,12,2,객체지향프로그래밍(인공지능학과)
2463,1579,11,3,실감미디어컴퓨팅기초
2464,1580,8,3,이산구조(소프트웨어융합학)
2465,1580,11,3,이산구조
2466,1580,12,3,이산구조(인공지능학과)
2467,1581,8,3,이산구조(소프트웨어융합학)
2468,1581,11,3,이산구조
2469,1581,12,3,이산구조(인공지능학과)
2470,1582,11,2,컴퓨터구조
2471,1582,12,3,컴퓨터구조(인공지능학과)
2472,1583,11,2,컴퓨터구조
2473,1583,12,3,컴퓨터구조(인공지능학과)
2474,1584,8,2,자료구조(소프트웨어융합학)
2475,1584,11,2,자료구조
2476,1584,12,2,자료구조(인공지능학과)
2477,1585,8,2,자료구조(소프트웨어융합학)
2478,1585,11,2,자료구조
2479,1585,12,2,자료구조(인공지능학과)
2480,1586,8,2,자료구조(소프트웨어융합학)
2481,1586,11,2,자료구조
2482,1586,12,2,자료구조(인공지능학과)
2483,1587,8,2,운영체제(소프트웨어융합학)
2484,1587,11,2,운영체제
2485,1587,12,2,운영체제(인공지능학과)
2486,1588,8,2,운영체제(소프트웨어융합학)
2487,1588,11,2,운영체제
2488,1588,12,2,운영체제(인공지능학과)
2489,1589,8,3,컴퓨터네트워크(소프트웨어융합학)
2490,1589,11,2,컴퓨터네트워크
2491,1590,8,3,컴퓨터네트워크(소프트웨어융합학)
2492,1590,11,2,컴퓨터네트워크
2493,1591,8,3,컴퓨터네트워크(소프트웨어융합학)
2494,1591,11,2,컴퓨터네트워크
2495,1592,8,2,알고리즘(소프트웨어융합학)
2496,1592,11,2,알고리즘
2497,1592,12,2,알고리즘(인공지능학과)
2498,1593,8,2,알고리즘(소프트웨어융합학)
2499,1593,11,2,알고리즘
2500,1593,12,2,알고리즘(인공지능학과)
2501,1594,8,2,데이터베이스(소프트웨어융합학)
2502,1594,11,2,데이터베이스
2503,1594,12,3,데이터베이스(인공지능학과)
2504,1595,8,2,데이터베이스(소프트웨어융합학)
2505,1595,11,2,데이터베이스
2506,1595,12,3,데이터베이스(인공지능학과)
2507,1596,8,2,데이터베이스(소프트웨어융합학)
2508,1596,11,2,데이터베이스
2509,1596,12,3,데이터베이스(인공지능학과)
2510,1597,11,3,메타버스시스템
2511,1597,12,3,메타버스시스템(인공지능학과)
2512,1598,8,2,소프트웨어공학(소프트웨어융합학)
2513,1598,11,2,소프트웨어공학
2514,1598,12,3,소프트웨어공학(인공지능학과)
2515,1599,8,2,소프트웨어공학(소프트웨어융합학)
2516,1599,11,2,소프트웨어공학
2517,1599,12,3,소프트웨어공학(인공지능학과)
2518,1600,11,2,소프트웨어공학
2519,1601,8,3,SW스타트업비즈니스(소프트웨어융합학)
2520,1601,11,3,SW스타트업비즈니스
2521,1601,12,3,SW스타트업비즈니스(인공지능학과)
2522,1602,8,3,딥러닝(소프트웨어융합학)
2523,1602,11,3,딥러닝
2524,1602,12,2,딥러닝(인공지능학과)
2525,1603,8,3,클라우드컴퓨팅(소프트웨어융합학)
2526,1603,11,3,클라우드컴퓨팅
2527,1604,8,3,실전기계학습(소프트웨어융합학)
2528,1604,11,3,실전기계학습
2529,1604,12,2,실전기계학습(인공지능학과)
2530,1605,11,2,졸업논문(컴퓨터공학전공)
2531,1606,11,2,졸업프로젝트
2532,1606,12,2,졸업프로젝트(인공지능학과)
2533,1607,11,2,캡스톤디자인
2534,1607,12,2,캡스톤디자인(인공지능학과)
2535,1608,11,2,캡스톤디자인
2536,1608,12,2,캡스톤디자인(인공지능학과)
2537,1609,11,2,캡스톤디자인
2538,1609,12,2,캡스톤디자인(인공지능학과)
2539,1610,11,2,캡스톤디자인
2540,1610,12,2,캡스톤디자인(인공지능학과)
2541,1611,11,2,캡스톤디자인
2542,1611,12,2,캡스톤디자인(인공지능학과)
2543,1612,11,2,캡스톤디자인
2544,1612,12,2,캡스톤디자인(인공지능학과)
2545,1613,11,2,캡스톤디자인
2546,1613,12,2,캡스톤디자인(인공지능학과)
2547,1614,11,2,캡스톤디자인
2548,1614,12,2,캡스톤디자인(인공지능학과)
2549,1615,11,2,캡스톤디자인
2550,1615,12,2,캡스톤디자인(인공지능학과)
2551,1616,11,2,캡스톤디자인
2552,1616,12,2,캡스톤디자인(인공지능학과)
2553,1617,11,2,캡스톤디자인
2554,1617,12,2,캡스톤디자인(인공지능학과)
2555,1618,11,2,캡스톤디자인
2556,1618,12,2,캡스톤디자인(인공지능학과)
2557,1619,11,3,블록체인프로젝트
2558,1620,8,3,정보보호(소프트웨어융합학)
2559,1620,11,3,정보보호
2560,1621,11,3,컴퓨터그래픽스
2561,1621,12,3,컴퓨터그래픽스(인공지능학과)
2562,1622,8,3,최신기술콜로키움1(소프트웨어융합학)
2563,1622,11,3,최신기술콜로키움1
2564,1622,12,3,최신기술콜로키움1(인공지능학과)
2565,1623,11,3,AI네트워킹
2566,1623,12,3,AI네트워킹(인공지능학과)
2567,1624,11,3,AIoT네트워크
2568,1625,8,3,모바일/웹서비스프로그래밍(소프트웨어융합학)
2569,1625,11,3,모바일/웹서비스프로그래밍
2570,1625,12,3,모바일/웹서비스프로그래밍(인공지능학과)
2571,1626,11,3,독립심화학습1(컴퓨터공학)
2572,1627,11,3,독립심화학습1(컴퓨터공학)
2573,1628,11,3,독립심화학습1(컴퓨터공학)
2574,1629,11,3,독립심화학습1(컴퓨터공학)
2575,1630,11,3,독립심화학습1(컴퓨터공학)
2576,1631,11,3,독립심화학습1(컴퓨터공학)
2577,1632,11,3,연구연수활동1(컴퓨터공학)
2578,1633,11,3,연구연수활동1(컴퓨터공학)
2579,1634,11,3,연구연수활동1(컴퓨터공학)
10824,9724,17,10,교육사회학
10825,9725,17,10,교육심리학
10826,9726,17,10,교육심리학
10827,9727,17,10,교육철학및교육사
10828,9728,17,10,교육학개론
10829,9729,17,10,학교폭력 예방 및 학생의 이해
10830,9730,17,10,학교폭력 예방 및 학생의 이해
10831,9731,17,10,교직적성및인성검사1
10832,9732,17,10,교직적성및인성검사2
10833,9733,17,10,응급처치및심폐소생술실습1
10834,9734,17,10,응급처치및심폐소생술실습2
10835,9735,17,10,성인지교육1
10836,9736,17,10,성인지교육2
10837,9737,17,10,디지털교육
10838,9738,17,10,교육과정
10839,9739,17,10,교육과정
10840,9740,17,10,교육방법및교육공학
10841,9741,17,10,교육평가
10842,9742,17,10,교직실무
10843,9743,17,10,교직실무
10844,9744,17,10,특수교육학개론
10845,9745,17,10,특수교육학개론
10846,9746,17,10,교육봉사활동1
10847,9747,17,10,교육봉사활동2
10848,9748,17,10,학교현장실습
10849,9749,17,10,학교현장실습
10850,9750,17,10,교육행정및교육경영
2580,1635,11,3,논리회로(컴퓨터공학과)
2581,1636,11,3,논리회로(컴퓨터공학과)
2582,1637,11,3,논리회로(컴퓨터공학과)
2583,1638,11,3,논리회로(컴퓨터공학과)
2584,1639,11,3,신호와시스템(컴퓨터공학과)
2585,1640,11,3,신호와시스템(컴퓨터공학과)
2586,1641,11,3,신호와시스템(컴퓨터공학과)
2587,1642,8,1,확률및랜덤변수(소프트웨어융합학)
2588,1642,11,1,확률및랜덤변수(컴퓨터공학과)
2589,1642,12,1,확률및랜덤변수(인공지능학과)
2590,1643,8,1,확률및랜덤변수(소프트웨어융합학)
2591,1643,11,1,확률및랜덤변수(컴퓨터공학과)
2592,1643,12,1,확률및랜덤변수(인공지능학과)
2593,1644,8,1,확률및랜덤변수(소프트웨어융합학)
2594,1644,11,1,확률및랜덤변수(컴퓨터공학과)
2595,1644,12,1,확률및랜덤변수(인공지능학과)
2596,1645,8,1,확률및랜덤변수(소프트웨어융합학)
2597,1645,11,1,확률및랜덤변수(컴퓨터공학과)
2598,1645,12,1,확률및랜덤변수(인공지능학과)
2599,1646,8,1,확률및랜덤변수(소프트웨어융합학)
2600,1646,11,1,확률및랜덤변수(컴퓨터공학과)
2601,1646,12,1,확률및랜덤변수(인공지능학과)
2602,1647,8,3,테크놀로지와디지털콘텐츠(소프트웨어융합학)
10851,9751,36,1,생물학및실험1
10852,9752,36,1,생물학및실험1
10853,9753,22,11,빅뱅에서문명까지
10854,9754,22,11,빅뱅에서문명까지
10855,9755,22,11,빅뱅에서문명까지
10856,9756,22,11,빅뱅에서문명까지
10857,9757,22,11,빅뱅에서문명까지
10858,9758,22,11,빅뱅에서문명까지
10859,9759,22,11,빅뱅에서문명까지
10860,9760,22,11,빅뱅에서문명까지
10861,9761,22,11,빅뱅에서문명까지
10862,9762,22,11,빅뱅에서문명까지
10863,9763,22,11,빅뱅에서문명까지
10864,9764,22,11,빅뱅에서문명까지
10865,9765,22,11,빅뱅에서문명까지
10866,9766,22,11,빅뱅에서문명까지
10867,9767,22,11,인간의가치탐색
10868,9768,22,11,인간의가치탐색
10869,9769,22,11,인간의가치탐색
10870,9770,22,11,인간의가치탐색
10871,9771,22,11,인간의가치탐색
10872,9772,22,11,인간의가치탐색
10873,9773,22,11,인간의가치탐색
10874,9774,22,11,인간의가치탐색
10875,9775,22,11,인간의가치탐색
10876,9776,22,11,인간의가치탐색
10877,9777,22,11,인간의가치탐색
10878,9778,22,11,인간의가치탐색
10879,9779,22,11,인간의가치탐색
10880,9780,22,11,인간의가치탐색
10881,9781,22,11,인간의가치탐색
10882,9782,22,11,인간의가치탐색
10883,9783,22,11,인간의가치탐색
10884,9784,22,11,인간의가치탐색
10885,9785,22,11,인간의가치탐색
10886,9786,22,11,인간의가치탐색
10887,9787,22,11,인간의가치탐색
10888,9788,22,11,인간의가치탐색
10889,9789,22,11,인간의가치탐색
10890,9790,22,11,인간의가치탐색
10891,9791,22,11,인간의가치탐색
10892,9792,22,11,인간의가치탐색
10893,9793,22,11,인간의가치탐색
10894,9794,22,11,인간의가치탐색
10895,9795,22,11,인간의가치탐색
10896,9796,22,11,인간의가치탐색
10897,9797,22,11,인간의가치탐색
10898,9798,22,11,인간의가치탐색
10899,9799,22,11,인간의가치탐색
10900,9800,22,11,인간의가치탐색
10901,9801,22,11,인간의가치탐색
10902,9802,22,11,인간의가치탐색
10903,9803,22,11,인간의가치탐색
10904,9804,22,11,인간의가치탐색
10905,9805,22,11,인간의가치탐색
10906,9806,22,11,인간의가치탐색
10907,9807,22,11,인간의가치탐색
10908,9808,22,11,인간의가치탐색
10909,9809,22,11,인간의가치탐색
10910,9810,22,11,인간의가치탐색
10911,9811,22,11,인간의가치탐색
10912,9812,22,11,인간의가치탐색
10913,9813,22,11,인간의가치탐색
10914,9814,22,11,인간의가치탐색
10915,9815,22,11,인간의가치탐색
10916,9816,22,11,인간의가치탐색
10917,9817,22,11,인간의가치탐색
10918,9818,22,11,세계와시민
10919,9819,22,11,세계와시민
10920,9820,22,11,세계와시민
10921,9821,22,11,세계와시민
10922,9822,22,11,세계와시민
10923,9823,22,11,세계와시민
10924,9824,22,11,세계와시민
10925,9825,22,11,세계와시민
10926,9826,22,11,세계와시민
10927,9827,22,11,세계와시민
10928,9828,22,11,세계와시민
10929,9829,22,11,세계와시민
10930,9830,22,11,세계와시민
10931,9831,22,11,세계와시민
10932,9832,22,11,세계와시민
10933,9833,22,11,세계와시민
10934,9834,22,11,세계와시민
10935,9835,22,11,세계와시민
10936,9836,22,11,세계와시민
10937,9837,22,11,세계와시민
10938,9838,22,11,세계와시민
10939,9839,22,11,세계와시민
10940,9840,22,11,세계와시민
10941,9841,22,11,세계와시민
10942,9842,22,11,세계와시민
10943,9843,22,11,세계와시민
10944,9844,22,11,세계와시민
10945,9845,22,11,세계와시민
10946,9846,22,11,세계와시민
10947,9847,22,11,세계와시민
10948,9848,22,11,세계와시민
10949,9849,22,11,세계와시민
10950,9850,22,11,세계와시민
10951,9851,22,11,세계와시민
10952,9852,22,11,세계와시민
10953,9853,22,11,세계와시민
10954,9854,22,11,세계와시민
10955,9855,22,11,세계와시민
10956,9856,22,11,세계와시민
10957,9857,22,11,세계와시민
10958,9858,22,11,세계와시민
10959,9859,22,11,세계와시민
10960,9860,22,11,세계와시민
10961,9861,22,11,세계와시민
10962,9862,22,11,세계와시민
10963,9863,22,11,세계와시민
10964,9864,22,11,세계와시민
10965,9865,22,11,세계와시민
10966,9866,22,11,세계와시민
10967,9867,22,11,세계와시민
10968,9868,22,11,세계와시민
10969,9869,21,4,성찰과표현
10970,9870,21,4,성찰과표현
10971,9871,21,4,성찰과표현
10972,9872,21,4,성찰과표현
10973,9873,21,4,성찰과표현
10974,9874,21,4,성찰과표현
10975,9875,21,4,성찰과표현
10976,9876,21,4,성찰과표현
10977,9877,21,4,성찰과표현
10978,9878,21,4,성찰과표현
10979,9879,21,4,성찰과표현
10980,9880,21,4,성찰과표현
10981,9881,21,4,성찰과표현
10982,9882,21,4,성찰과표현
10983,9883,21,4,성찰과표현
10984,9884,21,4,성찰과표현
10985,9885,21,4,성찰과표현
10986,9886,21,4,성찰과표현
10987,9887,21,4,성찰과표현
10988,9888,21,4,성찰과표현
10989,9889,21,4,성찰과표현
10990,9890,21,4,성찰과표현
10991,9891,21,4,성찰과표현
10992,9892,21,4,성찰과표현
10993,9893,21,4,성찰과표현
10994,9894,21,4,성찰과표현
10995,9895,21,4,성찰과표현
10996,9896,21,4,성찰과표현
10997,9897,21,4,성찰과표현
10998,9898,21,4,성찰과표현
10999,9899,21,4,성찰과표현
11000,9900,21,4,성찰과표현
11001,9901,21,4,성찰과표현
11002,9902,21,4,성찰과표현
11003,9903,21,4,성찰과표현
11004,9904,21,4,성찰과표현
11005,9905,21,4,성찰과표현
11006,9906,21,4,성찰과표현
11007,9907,21,4,성찰과표현
11008,9908,21,4,성찰과표현
11009,9909,21,4,성찰과표현
11010,9910,21,4,성찰과표현
11011,9911,21,4,성찰과표현
11012,9912,21,4,성찰과표현
11013,9913,21,4,성찰과표현
11014,9914,21,4,성찰과표현
11015,9915,21,4,성찰과표현
11016,9916,21,4,성찰과표현
11017,9917,21,4,성찰과표현
11018,9918,21,4,성찰과표현
11019,9919,20,4,대학영어
11020,9920,20,4,대학영어
11021,9921,20,4,대학영어
11022,9922,20,4,대학영어
11023,9923,20,4,대학영어
11024,9924,20,4,대학영어
11025,9925,20,4,대학영어
11026,9926,20,4,대학영어
11027,9927,20,4,대학영어
11028,9928,20,4,대학영어
11029,9929,20,4,대학영어
11030,9930,20,4,대학영어
11031,9931,20,4,대학영어
11032,9932,20,4,대학영어
11033,9933,20,4,대학영어
11034,9934,20,4,대학영어
11035,9935,20,4,대학영어
11036,9936,20,4,대학영어
11037,9937,20,4,대학영어
11038,9938,20,4,대학영어
11039,9939,20,4,대학영어
11040,9940,20,4,대학영어
11041,9941,20,4,대학영어
11042,9942,20,4,대학영어
11043,9943,20,4,대학영어
11044,9944,20,4,대학영어
11045,9945,20,4,대학영어
11046,9946,20,4,대학영어
11047,9947,20,4,대학영어
11048,9948,20,4,대학영어
11049,9949,20,4,대학영어
11050,9950,20,4,대학영어
11051,9951,21,4,주제연구
11052,9952,21,4,주제연구
11053,9953,21,4,주제연구
11054,9954,21,4,주제연구
11055,9955,21,4,주제연구
11056,9956,21,4,주제연구
11057,9957,21,4,주제연구
11058,9958,21,4,주제연구
11059,9959,21,4,주제연구
11060,9960,21,4,주제연구
11061,9961,21,4,주제연구
11062,9962,21,4,주제연구
11063,9963,21,4,주제연구
11064,9964,21,4,주제연구
11065,9965,21,4,주제연구
11066,9966,21,4,주제연구
11067,9967,21,4,주제연구
11068,9968,21,4,주제연구
11069,9969,21,4,주제연구
11070,9970,21,4,주제연구
11071,9971,21,4,주제연구
11072,9972,21,4,주제연구
11073,9973,21,4,주제연구
11074,9974,21,4,주제연구
11075,9975,21,4,주제연구
11076,9976,21,4,주제연구
11077,9977,21,4,주제연구
11078,9978,21,4,주제연구
11079,9979,21,4,주제연구
11080,9980,21,4,주제연구
11081,9981,21,4,주제연구
11082,9982,21,4,주제연구
11083,9983,21,4,주제연구
11084,9984,21,4,주제연구
11085,9985,21,4,주제연구
11086,9986,21,4,주제연구
11087,9987,21,4,주제연구
11088,9988,21,4,주제연구
11089,9989,21,4,주제연구
11090,9990,21,4,주제연구
11091,9991,21,4,주제연구
11092,9992,21,4,주제연구
11093,9993,26,5,마음챙김과비폭력대화
11094,9994,25,5,"Exploring Industry, Ideology, and Identity through the Marvel Cinematic Universe"
11095,9995,26,5,문명패러다임의혁명:서구근대화과정의현재적이해
11096,9996,26,5,청춘을위한영화예찬
11097,9997,25,5,"글,그림그리고문화콘텐츠"
11098,9998,23,5,숲과생활
11099,9999,25,5,근대의시선과공간:뮤지엄과엑스포
11100,10000,23,5,폭력의진화:통섭적관점
11101,10001,23,5,폭력의진화:통섭적관점
11102,10002,27,5,"미래,기술,경영"
11103,10003,27,5,"미래,기술,경영"
11104,10004,27,5,모두를위한인공지능과윤리적실제
11105,10005,23,5,몸과생명
11106,10006,23,5,몸의발견
11107,10007,27,5,고전읽기:SF소설
11108,10008,23,5,"생명,영원한블루오션"
11109,10009,27,5,이동의자유와원격사회
11110,10010,27,5,생명과학의미래
11111,10011,24,5,이성의함정:마음은항상합리적인가
11112,10012,24,5,이성의함정:마음은항상합리적인가
11113,10013,24,5,설득의기술
11114,10014,24,5,설득의기술
11115,10015,25,5,"언어의경계:신성한가,속된가"
11116,10016,25,5,관계의기술
11117,10017,27,5,디지털협업과커뮤니케이션:AI시대의정보흐름과활용
11118,10018,27,5,배터리:문명을움직이는작은상자
11119,10019,23,5,진화와인간본성
11120,10020,23,5,행복의생명과학적이해
11121,10021,24,5,고양이의물리학:자연계의숨은법칙
11122,10022,24,5,고양이의물리학:자연계의숨은법칙
11123,10023,24,5,과학적사고란무엇인가
11124,10024,23,5,불편한진실:기후변화
11125,10025,23,5,원자의춤
11126,10026,27,5,인간과생활속의로봇
11127,10027,27,5,인간과생활속의로봇
11128,10028,24,5,특허와지적재산권
11129,10029,24,5,특허와지적재산권
11130,10030,23,5,우주:별을잊은그대에게
11131,10031,23,5,우주:별을잊은그대에게
11132,10032,25,5,가면의축제:동서양연희의문명사
11133,10033,25,5,공감의인류학:감정이입과의인화
11134,10034,25,5,미디어아트와문화
11135,10035,25,5,의미의탄생:언어
11136,10036,25,5,커뮤니케이션과디자인
11137,10037,25,5,불교와정신분석학
11138,10038,25,5,매체와메시지:미디어의이해
11139,10039,25,5,매체와메시지:미디어의이해
11140,10040,25,5,영화와문학
11141,10041,25,5,고전과여성
11142,10042,23,5,인간행동의이해:심리학
11143,10043,23,5,짝짓기의진화심리학
11144,10044,26,5,경제학적사유의원리
11145,10045,26,5,"법,질서,국가"
11146,10046,26,5,"법,질서,국가"
11147,10047,26,5,예술을통한공동체만들기
11148,10048,26,5,정치학적사유의원리
11149,10049,26,5,한국사회의주요이슈들
11150,10050,26,5,행복이란무엇인가
11151,10051,24,5,기술혁신과전략의융합
11152,10052,26,5,대학생을위한실용금융
11153,10053,26,5,On Justice
11154,10054,27,5,SF영화의상상력:미래의평화와윤리
11155,10055,26,5,동아시아의서양문명수용론
11156,10056,26,5,두얼굴의인류사:전쟁과평화
11157,10057,27,5,프로그래밍입문
11158,10058,24,5,공학기초수학
11159,10059,24,5,기초 미분적분학
11160,10060,24,5,기초 미분적분학
11161,10061,27,5,인공지능과예술
11162,10062,23,5,생명의언어
11163,10063,25,5,국화와칼:만들어진일본의전통
11164,10064,26,5,문화유산과역사지리
11165,10065,26,5,사농공상:역사의주연과조연
11166,10066,26,5,설탕과소금:사소한것들의역사
11167,10067,26,5,황하와장강:중국역사의발자취
11168,10068,26,5,다이나믹한국근현대사
11169,10069,27,5,미래학과미래마인드
11170,10070,26,5,세계금융사
11171,10071,25,5,삼국지인문학
11172,10072,25,5,영화로보는스포츠문화
11173,10073,26,5,시민생활과법
11174,10074,25,5,그리스신화와철학
11175,10075,26,5,영화로읽는도시인문학:환동해도시와문화지리
11176,10076,26,5,유럽문화와도시문명
11177,10077,27,5,빅데이터와스포츠산업
11178,10078,27,5,미래사회와도시계획
11179,10079,26,5,만화로세상보기
11180,10080,25,5,고전읽기:김수영
11181,10081,25,5,고전읽기:프로이트
11182,10082,25,5,고전읽기:황순원
11183,10083,25,5,라틴아메리카문학과예술
11184,10084,25,5,수사학과영작문
11185,10085,25,5,언어와문학의이해
11186,10086,25,5,하이쿠의세계
11187,10087,25,5,예술치료의원리와실제
11188,10088,25,5,패션디자인의세계
11189,10089,26,5,마녀사냥:그광기의역사
11190,10090,23,5,질병의진화적이해:우리는왜아픈걸까
11191,10091,23,5,문명감염그리고진화
11192,10092,25,5,고전명작과예술의문명사
11193,10093,27,5,코딩하는아티스트
11194,10094,23,5,전기와자기의만남
11195,10095,25,5,라틴어와서구문명
11196,10096,25,5,그림속의인문학
11197,10097,18,6,기초중국어
11198,10098,18,6,기초중국어
11199,10099,18,6,기초중국어
11200,10100,18,6,기초일본어
11201,10101,18,6,기초일본어
11202,10102,18,6,기초일본어
11203,10103,18,6,기초일본어
11204,10104,18,6,기초스페인어
11205,10105,18,6,기초스페인어
11206,10106,18,6,기초스페인어
11207,10107,18,6,기초러시아어
11208,10108,18,6,기초러시아어
11209,10109,18,6,기초러시아어
11210,10110,18,6,기초프랑스어
11211,10111,18,6,기초프랑스어
11212,10112,28,6,공공미술과사회:공공미술프로젝트
11213,10113,28,6,색채와상상력
11214,10114,28,6,영화제작기초
11215,10115,28,6,작곡의밑그림:화성학
11216,10116,28,6,컴퓨터그래픽기초
11217,10117,28,6,클래식음악산책
11218,10118,28,6,합창의재발견
11219,10119,18,6,한자의이해
11220,10120,18,6,공학과경영
11221,10121,28,6,일상의공연학
11222,10122,28,6,"인류세,공생,큐레이팅"
11223,10123,18,6,열린경영학
11224,10124,18,6,온라인커머스창업과라이브쇼핑
11225,10125,29,6,소프트웨어적사유와인공지능
11226,10126,28,6,드라마적예술의12원소
11227,10127,18,6,인문학을품은인공지능:미래를여는지성
11228,10128,29,6,사물인터넷과미래사회
11229,10129,29,6,사물인터넷과미래사회
11230,10130,18,6,한국어1(교양)
11231,10131,18,6,한국어2(교양)
11232,10132,18,6,글로벌세미나
11233,10133,18,6,글로벌세미나
11234,10134,18,6,글로벌세미나
11235,10135,18,6,글로벌세미나
11236,10136,18,6,글로벌세미나
11237,10137,18,6,글로벌세미나
11238,10138,18,6,후마니타스세미나
11239,10139,18,6,후마니타스세미나
11240,10140,18,6,후마니타스세미나
11241,10141,18,6,독립연구1
11242,10142,18,6,독립연구2
11243,10143,29,6,빅데이터를통한세상바로알기:R로배우는데이터분석코딩
11244,10144,29,6,앱인벤터로배우는코딩세상
11245,10145,29,6,파이썬으로배우는소프트웨어코딩
11246,10146,19,6,레크레이션
11247,10147,19,6,배드민턴
11248,10148,19,6,배드민턴
11249,10149,19,6,배드민턴
11250,10150,19,6,수상스포츠(교양)
11251,10151,19,6,수상스포츠(교양)
11252,10152,19,6,수상스포츠(교양)
11253,10153,19,6,승마
11254,10154,19,6,승마
11255,10155,19,6,승마
11256,10156,19,6,승마
11257,10157,19,6,요가
11258,10158,19,6,요트
11259,10159,19,6,요트
11260,10160,19,6,요트
11261,10161,19,6,요트
11262,10162,19,6,웨이트트레이닝
11263,10163,19,6,웨이트트레이닝
11264,10164,19,6,윈드서핑
11265,10165,19,6,윈드서핑
11266,10166,19,6,윈드서핑
11267,10167,19,6,윈드서핑
11268,10168,19,6,조깅과워킹
11269,10169,19,6,조깅과워킹
11270,10170,19,6,태권도
11271,10171,19,6,태권도
11272,10172,19,6,테니스
11273,10173,19,6,테니스
11274,10174,19,6,필라테스
11275,10175,19,6,필라테스
11276,10176,19,6,현대생활과체육
11277,10177,19,6,현대생활과체육
11278,10178,19,6,행복한여가를위한야외활동
11279,10179,19,6,행복한여가를위한야외활동
11280,10180,19,6,행복한여가를위한야외활동
11281,10181,19,6,행복한여가를위한야외활동
11282,10182,19,6,호신술
11283,10183,18,6,운동과체중관리
11284,10184,18,6,전공탐색및기업가정신세미나
11285,10185,18,6,전공탐색및기업가정신세미나
11286,10186,18,6,전공탐색및기업가정신세미나
11287,10187,18,6,전공탐색및기업가정신세미나
11288,10188,18,6,전공탐색및기업가정신세미나
11289,10189,18,6,전공탐색및기업가정신세미나
11290,10190,18,6,전공탐색및기업가정신세미나
11291,10191,18,6,전공탐색및기업가정신세미나
11292,10192,18,6,전공탐색및기업가정신세미나
11293,10193,18,6,전공탐색및기업가정신세미나
11294,10194,18,6,전공탐색및기업가정신세미나
11295,10195,18,6,전공탐색및기업가정신세미나
11296,10196,18,6,전공탐색및기업가정신세미나
11297,10197,18,6,전공탐색및기업가정신세미나
11298,10198,18,6,전공탐색및기업가정신세미나
11299,10199,18,6,전공탐색및기업가정신세미나
11300,10200,18,6,전공탐색및기업가정신세미나
11301,10201,18,6,전공탐색및기업가정신세미나
11302,10202,18,6,전공탐색및기업가정신세미나
11303,10203,18,6,전공탐색및기업가정신세미나
11304,10204,18,6,전공탐색및기업가정신세미나
11305,10205,18,6,전공탐색및기업가정신세미나
11306,10206,18,6,전공탐색및기업가정신세미나
11307,10207,18,6,전공탐색및기업가정신세미나
11308,10208,18,6,전공탐색및기업가정신세미나
11309,10209,18,6,전공탐색및기업가정신세미나
11310,10210,18,6,전공탐색및기업가정신세미나
11311,10211,18,6,전공탐색및기업가정신세미나
11312,10212,18,6,전공탐색및기업가정신세미나
11313,10213,18,6,전공탐색및기업가정신세미나
11314,10214,18,6,전공탐색및기업가정신세미나
11315,10215,18,6,전공탐색및기업가정신세미나
11316,10216,18,6,전공탐색및기업가정신세미나
11317,10217,18,6,전공탐색및기업가정신세미나
11318,10218,29,6,새로운생명체:인공지능
11319,10219,29,6,새로운생명체:인공지능
11320,10220,18,6,한국어의이해1
11321,10221,18,6,한국어의이해1
11322,10222,18,6,한국어의이해2
11323,10223,18,6,한국어의이해2
11324,10224,18,6,한국어의이해3
11325,10225,18,6,한국어의이해3
11326,10226,18,6,한국어의이해4
11327,10227,18,6,한국어의이해4
11328,10228,29,6,디지털전환과4차산업혁명:기술적접근
11329,10229,29,6,인공지능을위한기계학습
11330,10230,29,6,파이썬과데이터마이닝
11331,10231,29,6,컴퓨터게임개론:이론과기술
11332,10232,29,6,인터넷과메타버스
11333,10233,29,6,소프트웨어개발자를위한C프로그래밍
11334,10234,18,6,창업세미나:스타트업에서빅테크까지
11335,10235,28,6,새김과찍기:현대판화
11336,10236,28,6,아이디어를시각화하기
11337,10237,28,6,디지털사진촬영과표현
11338,10238,28,6,사운드와테크놀로지
11339,10239,28,6,생활속의공예:미와쓰임새
2603,1648,8,3,UX디자인(소프트웨어융합학)
2604,1649,8,3,데이터사이언스(소프트웨어융합학)
2605,1650,8,3,경영과학1(소프트웨어융합학)
2606,1651,8,3,데이터마이닝(소프트웨어융합학)
2607,1652,8,3,금융공학(소프트웨어융합학)
2608,1653,8,3,서비스데이터사이언스(소프트웨어융합학)
11340,10240,18,6,기업윤리와사회적책임
11341,10241,27,5,4차산업의이해와IOT기술 활용과분석
2609,1654,8,3,시스템동역학(소프트웨어융합학)
2610,1655,8,3,시스템동역학(소프트웨어융합학)
2611,1656,8,3,메카트로닉스(소프트웨어융합학)
2612,1657,8,3,로봇공학(소프트웨어융합학)
2613,1658,8,3,로봇공학(소프트웨어융합학)
2614,1659,8,2,디자인적사고
2615,1659,11,3,디자인적사고(컴퓨터공학과)
2616,1659,12,3,디자인적사고(인공지능학과)
2617,1660,8,2,디자인적사고
2618,1660,11,3,디자인적사고(컴퓨터공학과)
2619,1660,12,3,디자인적사고(인공지능학과)
2620,1661,8,2,디자인적사고
2621,1661,12,3,디자인적사고(인공지능학과)
2622,1662,8,2,웹/파이선프로그래밍
2623,1662,11,2,웹/파이선프로그래밍(컴퓨터공학과)
2624,1662,12,2,웹/파이선프로그래밍(인공지능학과)
2625,1663,8,2,웹/파이선프로그래밍
2626,1663,11,2,웹/파이선프로그래밍(컴퓨터공학과)
2627,1663,12,2,웹/파이선프로그래밍(인공지능학과)
2628,1664,8,2,웹/파이선프로그래밍
2629,1665,8,2,오픈소스SW개발방법및도구
2630,1665,11,2,오픈소스SW개발방법및도구(컴퓨터공학과)
2631,1666,8,3,융합연구1
2632,1667,8,3,기계학습
2633,1667,11,2,기계학습(컴퓨터공학과)
2634,1667,12,2,기계학습(인공지능학과)
2635,1668,8,3,기계학습
2636,1668,11,2,기계학습(컴퓨터공학과)
2637,1668,12,2,기계학습(인공지능학과)
2638,1669,8,3,회로와신호
2639,1669,11,3,회로와신호(컴퓨터공학과)
2640,1670,8,3,게임그래픽프로그래밍
2641,1670,11,3,게임그래픽프로그래밍(컴퓨터공학과)
2642,1671,8,3,게임인터랙티브테크놀로지
2643,1671,11,3,게임인터랙티브테크놀로지(컴퓨터공학과)
2644,1672,8,3,데이터분석캡스톤디자인
2645,1673,8,3,데이터분석캡스톤디자인
2646,1674,8,3,데이터분석캡스톤디자인
2647,1675,8,3,로봇·비전캡스톤디자인
2648,1676,8,3,로봇·비전캡스톤디자인
2649,1677,8,3,융합연구3
2650,1678,8,3,독립심화학습1(소프트웨어융합학과)
2651,1679,8,3,독립심화학습1(소프트웨어융합학과)
2652,1680,8,3,3D데이터처리
2653,1680,11,3,3D데이터처리(컴퓨터공학과)
2654,1681,8,3,게임콘텐츠캡스톤디자인
2655,1682,8,3,게임콘텐츠캡스톤디자인
2656,1683,8,3,응용데이터분석
2657,1683,12,3,응용데이터분석(인공지능학과)
2658,1684,8,2,소프트웨어융합캡스톤디자인
2659,1685,8,2,소프트웨어융합캡스톤디자인
2660,1686,8,2,소프트웨어융합캡스톤디자인
2661,1687,8,2,소프트웨어융합캡스톤디자인
2662,1688,8,2,소프트웨어융합캡스톤디자인
2663,1689,8,2,소프트웨어융합캡스톤디자인
2664,1690,8,2,소프트웨어융합캡스톤디자인
2665,1691,8,2,졸업논문(소프트웨어융합)
2666,1692,8,3,융합연구5
2667,1693,8,3,인공지능과게임프로그래밍
2668,1693,11,3,인공지능과게임프로그래밍(컴퓨터공학과)
2669,1693,12,3,인공지능과게임프로그래밍(인공지능학과)
2670,1694,8,3,영상분석과패턴인식
2671,1694,12,3,영상분석과패턴인식(인공지능학과)
2672,1695,8,3,강화학습
2673,1695,11,3,강화학습(컴퓨터공학과)
2674,1695,12,3,강화학습(인공지능학과)
2675,1696,8,3,소프트웨어융합보안
2676,1696,11,3,소프트웨어융합보안(컴퓨터공학과)
2677,1697,11,3,인공지능프로그래밍(컴퓨터공학과)
2678,1697,12,2,인공지능프로그래밍
2679,1698,12,1,인공지능수학
2680,1699,11,3,고급딥러닝(컴퓨터공학과)
2681,1699,12,2,고급딥러닝
2682,1700,12,2,인공지능과윤리
2683,1701,12,3,자연언어학습
2684,1702,8,3,설명및신뢰가능한AI(소프트웨어융합학)
2685,1702,11,3,설명및신뢰가능한AI(컴퓨터공학과)
2686,1702,12,3,설명및신뢰가능한AI
2687,1703,9,3,몰입심화학습(AI로봇)(소프트웨어융합학과)
2688,1703,11,3,몰입심화학습(AI로봇)(컴퓨터공학과)
2689,1703,12,3,몰입심화학습(AI로봇)
2690,1704,9,3,몰입심화학습(AI팩토리)(소프트웨어융합학과)
2691,1704,11,3,몰입심화학습(AI팩토리)(컴퓨터공학과)
2692,1704,12,3,몰입심화학습(AI팩토리)
2693,1705,9,3,몰입심화학습(AI데이터·클라우드디자인)(소프트웨어융합학과)
2694,1705,11,3,몰입심화학습(AI데이터·클라우드디자인)(컴퓨터공학과)
2695,1705,12,3,몰입심화학습(AI데이터·클라우드디자인)
2696,1706,9,3,몰입심화학습(온디바이스AI)(소프트웨어융합학과)
2697,1706,11,3,몰입심화학습(온디바이스AI)(컴퓨터공학과)
2698,1706,12,3,몰입심화학습(온디바이스AI)
2699,1707,9,3,몰입심화학습(지능형데이터)(소프트웨어융합학과)
2700,1707,11,3,몰입심화학습(지능형데이터)(컴퓨터공학과)
2701,1707,12,3,몰입심화학습(지능형데이터)
2702,1708,9,3,몰입심화학습(피지컬AI)(소프트웨어융합학과)
2703,1708,11,3,몰입심화학습(피지컬AI)(컴퓨터공학과)
2704,1708,12,3,몰입심화학습(피지컬AI)
2705,1709,12,2,졸업논문(인공지능)
2706,1710,12,3,독립심화학습(인공지능)2
2707,1711,12,3,독립심화학습(인공지능)2
2708,1712,12,3,독립심화학습(인공지능)2
2709,1713,12,3,독립심화학습(인공지능)2
2710,1714,12,3,독립심화학습(인공지능)2
2711,1715,12,3,독립심화학습(인공지능)2
2712,1716,12,3,독립심화학습(인공지능)2
2713,1717,12,3,독립심화학습(인공지능)2
2714,1718,12,3,독립심화학습(인공지능)2
2715,1719,12,3,독립심화학습(인공지능)2
11342,10242,7,1,미분방정식
11343,10243,7,1,미분방정식
11344,10244,7,1,미분방정식
11345,10245,7,1,미분방정식
11346,10246,7,1,미분방정식
11347,10247,7,1,미분방정식
11348,10248,7,1,미분방정식
11349,10249,7,1,미분방정식
11350,10250,7,1,미분방정식
11351,10251,7,1,미분방정식
11352,10252,7,1,미분방정식
11353,10253,7,1,미분방정식
11354,10254,7,1,미분방정식
11355,10255,7,1,미분방정식
11356,10256,7,1,미분방정식
11357,10257,7,1,고급미분적분학
11358,10258,7,1,고급미분적분학
11359,10259,7,1,고급미분적분학
11360,10260,7,1,고급미분적분학
11361,10261,7,1,고급미분적분학
11362,10262,7,1,고급미분적분학
11363,10263,7,1,고급미분적분학
11364,10264,7,1,고급미분적분학
11365,10265,7,1,고급미분적분학
11366,10266,7,1,고급미분적분학
11367,10267,7,1,고급미분적분학
11368,10268,7,1,고급미분적분학
11369,10269,7,1,고급미분적분학
11370,10270,7,1,고급미분적분학
11371,10271,7,1,고급미분적분학
11372,10272,7,1,선형대수
11373,10273,7,1,통계학
11374,10274,7,1,통계학
11375,10275,7,1,미분적분학
11376,10276,7,1,미분적분학
11377,10277,35,1,화학및실험2
11378,10278,35,1,화학및실험2
11379,10279,35,1,화학및실험2
11380,10280,35,1,화학및실험2
11381,10281,35,1,화학및실험2
11382,10282,35,1,화학및실험2
11383,10283,35,1,화학2
11384,10284,35,1,화학2
11385,10285,35,1,화학2
11386,10286,35,1,화학2
11387,10287,35,1,화학2
11388,10288,35,1,화학2
11389,10289,35,1,화학2
11390,10290,35,1,화학2
11391,10291,35,1,일반화학
11392,10292,35,1,일반화학
11393,10293,35,1,일반화학
11394,10294,35,1,일반화학
11395,10295,35,1,일반화학
11396,10296,35,1,일반화학
11397,10297,35,1,일반화학
11398,10298,34,1,물리학2
11399,10299,34,1,물리학2
11400,10300,34,1,물리학2
11401,10301,34,1,물리학2
11402,10302,34,1,물리학2
11403,10303,34,1,물리학2
11404,10304,34,1,물리학2
11405,10305,34,1,물리학2
11406,10306,34,1,물리학및실험1
11407,10307,34,1,물리학및실험1
11408,10308,34,1,물리학및실험2
11409,10309,34,1,물리학및실험2
11410,10310,34,1,물리학및실험2
11411,10311,34,1,물리학및실험2
11412,10312,34,1,물리학및실험2
11413,10313,34,1,물리학및실험2
11414,10314,34,1,물리학및실험2
11415,10315,34,1,물리학및실험2
11416,10316,34,1,물리학및실험2
11417,10317,34,1,물리학및실험2
11418,10318,34,1,물리학및실험2
11419,10319,34,1,물리학및실험2
11420,10320,34,1,물리학및실험2
11421,10321,34,1,물리학및실험2
11422,10322,34,1,물리학및실험2
11423,10323,34,1,물리학및실험2
11424,10324,34,1,일반물리
11425,10325,34,1,일반물리
11426,10326,34,1,일반물리
11427,10327,34,1,일반물리
11428,10328,34,1,일반물리
11429,10329,37,1,생물2
11430,10330,37,1,생물2
11431,10331,37,1,생물2
11432,10332,37,1,생물2
11433,10333,37,1,일반생물
11434,10334,37,1,일반생물
2716,1720,8,2,객체지향프로그래밍(소프트웨어융합학)
2717,1720,11,2,객체지향프로그래밍
2718,1720,12,2,객체지향프로그래밍(인공지능학과)
2719,1721,8,2,객체지향프로그래밍(소프트웨어융합학)
2720,1721,11,2,객체지향프로그래밍
2721,1721,12,2,객체지향프로그래밍(인공지능학과)
2722,1722,8,3,이산구조(소프트웨어융합학)
2723,1722,11,3,이산구조
2724,1722,12,3,이산구조(인공지능학과)
2725,1723,8,3,이산구조(소프트웨어융합학)
2726,1723,11,3,이산구조
2727,1723,12,3,이산구조(인공지능학과)
2728,1724,11,2,컴퓨터구조
2729,1724,12,3,컴퓨터구조(인공지능학과)
2730,1725,11,2,컴퓨터구조
2731,1725,12,3,컴퓨터구조(인공지능학과)
2732,1726,8,2,자료구조(소프트웨어융합학)
2733,1726,11,2,자료구조
2734,1726,12,2,자료구조(인공지능학과)
2735,1727,8,2,자료구조(소프트웨어융합학)
2736,1727,11,2,자료구조
2737,1727,12,2,자료구조(인공지능학과)
2738,1728,8,2,자료구조(소프트웨어융합학)
2739,1728,11,2,자료구조
2740,1728,12,2,자료구조(인공지능학과)
2741,1729,8,2,운영체제(소프트웨어융합학)
2742,1729,11,2,운영체제
2743,1729,12,2,운영체제(인공지능학과)
2744,1730,8,2,운영체제(소프트웨어융합학)
2745,1730,11,2,운영체제
2746,1730,12,2,운영체제(인공지능학과)
2747,1731,8,3,컴퓨터네트워크(소프트웨어융합학)
2748,1731,11,2,컴퓨터네트워크
2749,1732,8,3,컴퓨터네트워크(소프트웨어융합학)
2750,1732,11,2,컴퓨터네트워크
2751,1733,8,3,컴퓨터네트워크(소프트웨어융합학)
2752,1733,11,2,컴퓨터네트워크
2753,1734,8,2,알고리즘(소프트웨어융합학)
2754,1734,11,2,알고리즘
2755,1734,12,2,알고리즘(인공지능학과)
2756,1735,8,2,알고리즘(소프트웨어융합학)
2757,1735,11,2,알고리즘
2758,1735,12,2,알고리즘(인공지능학과)
2759,1736,8,2,데이터베이스(소프트웨어융합학)
2760,1736,11,2,데이터베이스
2761,1736,12,3,데이터베이스(인공지능학과)
2762,1737,8,2,데이터베이스(소프트웨어융합학)
2763,1737,11,2,데이터베이스
2764,1737,12,3,데이터베이스(인공지능학과)
2765,1738,11,3,컴파일러
2766,1738,12,3,컴파일러(인공지능학과)
2767,1739,8,2,소프트웨어공학(소프트웨어융합학)
2768,1739,11,2,소프트웨어공학
2769,1739,12,3,소프트웨어공학(인공지능학과)
2770,1740,8,2,소프트웨어공학(소프트웨어융합학)
2771,1740,11,2,소프트웨어공학
2772,1740,12,3,소프트웨어공학(인공지능학과)
2773,1741,11,3,프로그래밍언어론
2774,1742,8,3,딥러닝(소프트웨어융합학)
2775,1742,11,3,딥러닝
2776,1742,12,2,딥러닝(인공지능학과)
2777,1743,8,3,딥러닝(소프트웨어융합학)
2778,1743,11,3,딥러닝
2779,1743,12,2,딥러닝(인공지능학과)
2780,1744,11,3,SW스타트업프로젝트
2781,1744,12,3,SW스타트업프로젝트(인공지능학과)
2782,1745,8,3,실전기계학습(소프트웨어융합학)
2783,1745,11,3,실전기계학습
2784,1745,12,2,실전기계학습(인공지능학과)
2785,1746,11,2,졸업논문(컴퓨터공학전공)
2786,1747,11,2,졸업프로젝트
2787,1747,12,2,졸업프로젝트(인공지능학과)
2788,1748,11,2,캡스톤디자인
2789,1748,12,2,캡스톤디자인(인공지능학과)
2790,1749,11,2,캡스톤디자인
2791,1749,12,2,캡스톤디자인(인공지능학과)
2792,1750,11,2,캡스톤디자인
2793,1750,12,2,캡스톤디자인(인공지능학과)
2794,1751,11,2,캡스톤디자인
2795,1751,12,2,캡스톤디자인(인공지능학과)
2796,1752,11,2,캡스톤디자인
2797,1752,12,2,캡스톤디자인(인공지능학과)
2798,1753,11,2,캡스톤디자인
2799,1753,12,2,캡스톤디자인(인공지능학과)
2800,1754,11,2,캡스톤디자인
2801,1754,12,2,캡스톤디자인(인공지능학과)
2802,1755,11,2,캡스톤디자인
2803,1755,12,2,캡스톤디자인(인공지능학과)
2804,1756,11,2,캡스톤디자인
2805,1756,12,2,캡스톤디자인(인공지능학과)
2806,1757,11,2,캡스톤디자인
2807,1757,12,2,캡스톤디자인(인공지능학과)
2808,1758,11,2,캡스톤디자인
2809,1758,12,2,캡스톤디자인(인공지능학과)
2810,1759,11,2,캡스톤디자인
2811,1759,12,2,캡스톤디자인(인공지능학과)
2812,1760,11,3,메타버스데이터처리
2813,1760,12,3,메타버스데이터처리(인공지능학과)
2814,1761,8,3,빅데이터프로그래밍(소프트웨어융합학)
2815,1761,11,3,빅데이터프로그래밍
2816,1762,11,3,클라우드프로젝트
2817,1763,8,3,블록체인(소프트웨어융합학)
2818,1763,11,3,블록체인
2819,1763,12,3,블록체인(인공지능학과)
2820,1764,11,3,모바일/웹서비스프로젝트
2821,1765,11,3,소프트웨어보안
2822,1766,11,3,연구연수활동2(컴퓨터공학)
2823,1767,11,3,연구연수활동2(컴퓨터공학)
2824,1768,11,3,연구연수활동2(컴퓨터공학)
2825,1769,11,3,연구연수활동2(컴퓨터공학)
2826,1770,11,3,연구연수활동2(컴퓨터공학)
2827,1771,11,3,독립심화학습2(컴퓨터공학과)
2828,1772,11,3,독립심화학습2(컴퓨터공학과)
2829,1773,11,3,독립심화학습2(컴퓨터공학과)
11435,10335,17,10,교육사회학
11436,10336,17,10,교육심리학
11437,10337,17,10,교육심리학
11438,10338,17,10,교육철학및교육사
11439,10339,17,10,교육학개론
11440,10340,17,10,학교폭력 예방 및 학생의 이해
11441,10341,17,10,학교폭력 예방 및 학생의 이해
11442,10342,17,10,교직적성및인성검사1
11443,10343,17,10,교직적성및인성검사2
11444,10344,17,10,응급처치및심폐소생술실습1
11445,10345,17,10,응급처치및심폐소생술실습2
11446,10346,17,10,성인지교육1
11447,10347,17,10,성인지교육2
11448,10348,17,10,디지털교육
11449,10349,17,10,디지털교육
11450,10350,17,10,교육과정
11451,10351,17,10,교육과정
11452,10352,17,10,교육방법및교육공학
11453,10353,17,10,교직실무
11454,10354,17,10,교직실무
11455,10355,17,10,특수교육학개론
11456,10356,17,10,특수교육학개론
11457,10357,17,10,교육봉사활동1
11458,10358,17,10,교육봉사활동2
11459,10359,17,10,교육행정및교육경영
2830,1774,11,3,논리회로(컴퓨터공학과)
2831,1775,11,3,논리회로(컴퓨터공학과)
2832,1776,11,3,논리회로(컴퓨터공학과)
2833,1777,11,3,논리회로(컴퓨터공학과)
2834,1778,11,3,신호와시스템(컴퓨터공학과)
2835,1779,11,3,신호와시스템(컴퓨터공학과)
2836,1780,11,3,신호와시스템(컴퓨터공학과)
2837,1781,8,1,확률및랜덤변수(소프트웨어융합학)
2838,1781,11,1,확률및랜덤변수(컴퓨터공학과)
2839,1781,12,1,확률및랜덤변수(인공지능학과)
2840,1782,8,1,확률및랜덤변수(소프트웨어융합학)
2841,1782,11,1,확률및랜덤변수(컴퓨터공학과)
2842,1782,12,1,확률및랜덤변수(인공지능학과)
2843,1783,8,1,확률및랜덤변수(소프트웨어융합학)
2844,1783,11,1,확률및랜덤변수(컴퓨터공학과)
2845,1783,12,1,확률및랜덤변수(인공지능학과)
2846,1784,8,1,확률및랜덤변수(소프트웨어융합학)
2847,1784,11,1,확률및랜덤변수(컴퓨터공학과)
2848,1784,12,1,확률및랜덤변수(인공지능학과)
2849,1785,8,3,로봇제어공학(소프트웨어융합학)
2850,1786,8,3,세계신화읽기(소프트웨어융합학)
11460,10360,36,1,생물학및실험2
11461,10361,36,1,생물학및실험2
11462,10362,22,11,빅뱅에서문명까지
11463,10363,22,11,빅뱅에서문명까지
11464,10364,22,11,빅뱅에서문명까지
11465,10365,22,11,빅뱅에서문명까지
11466,10366,22,11,빅뱅에서문명까지
11467,10367,22,11,빅뱅에서문명까지
11468,10368,22,11,빅뱅에서문명까지
11469,10369,22,11,빅뱅에서문명까지
11470,10370,22,11,빅뱅에서문명까지
11471,10371,22,11,빅뱅에서문명까지
11472,10372,22,11,인간의가치탐색
11473,10373,22,11,인간의가치탐색
11474,10374,22,11,인간의가치탐색
11475,10375,22,11,인간의가치탐색
11476,10376,22,11,인간의가치탐색
11477,10377,22,11,인간의가치탐색
11478,10378,22,11,인간의가치탐색
11479,10379,22,11,인간의가치탐색
11480,10380,22,11,인간의가치탐색
11481,10381,22,11,인간의가치탐색
11482,10382,22,11,인간의가치탐색
11483,10383,22,11,인간의가치탐색
11484,10384,22,11,인간의가치탐색
11485,10385,22,11,인간의가치탐색
11486,10386,22,11,인간의가치탐색
11487,10387,22,11,인간의가치탐색
11488,10388,22,11,인간의가치탐색
11489,10389,22,11,인간의가치탐색
11490,10390,22,11,인간의가치탐색
11491,10391,22,11,인간의가치탐색
11492,10392,22,11,인간의가치탐색
11493,10393,22,11,인간의가치탐색
11494,10394,22,11,인간의가치탐색
11495,10395,22,11,인간의가치탐색
11496,10396,22,11,인간의가치탐색
11497,10397,22,11,인간의가치탐색
11498,10398,22,11,인간의가치탐색
11499,10399,22,11,인간의가치탐색
11500,10400,22,11,인간의가치탐색
11501,10401,22,11,인간의가치탐색
11502,10402,22,11,인간의가치탐색
11503,10403,22,11,인간의가치탐색
11504,10404,22,11,인간의가치탐색
11505,10405,22,11,인간의가치탐색
11506,10406,22,11,인간의가치탐색
11507,10407,22,11,인간의가치탐색
11508,10408,22,11,인간의가치탐색
11509,10409,22,11,인간의가치탐색
11510,10410,22,11,인간의가치탐색
11511,10411,22,11,인간의가치탐색
11512,10412,22,11,인간의가치탐색
11513,10413,22,11,인간의가치탐색
11514,10414,22,11,인간의가치탐색
11515,10415,22,11,인간의가치탐색
11516,10416,22,11,인간의가치탐색
11517,10417,22,11,인간의가치탐색
11518,10418,22,11,인간의가치탐색
11519,10419,22,11,세계와시민
11520,10420,22,11,세계와시민
11521,10421,22,11,세계와시민
11522,10422,22,11,세계와시민
11523,10423,22,11,세계와시민
11524,10424,22,11,세계와시민
11525,10425,22,11,세계와시민
11526,10426,22,11,세계와시민
11527,10427,22,11,세계와시민
11528,10428,22,11,세계와시민
11529,10429,22,11,세계와시민
11530,10430,22,11,세계와시민
11531,10431,22,11,세계와시민
11532,10432,22,11,세계와시민
11533,10433,22,11,세계와시민
11534,10434,22,11,세계와시민
11535,10435,22,11,세계와시민
11536,10436,22,11,세계와시민
11537,10437,22,11,세계와시민
11538,10438,22,11,세계와시민
11539,10439,22,11,세계와시민
11540,10440,22,11,세계와시민
11541,10441,22,11,세계와시민
11542,10442,22,11,세계와시민
11543,10443,22,11,세계와시민
11544,10444,22,11,세계와시민
11545,10445,22,11,세계와시민
11546,10446,22,11,세계와시민
11547,10447,22,11,세계와시민
11548,10448,22,11,세계와시민
11549,10449,22,11,세계와시민
11550,10450,22,11,세계와시민
11551,10451,22,11,세계와시민
11552,10452,22,11,세계와시민
11553,10453,22,11,세계와시민
11554,10454,22,11,세계와시민
11555,10455,22,11,세계와시민
11556,10456,22,11,세계와시민
11557,10457,22,11,세계와시민
11558,10458,22,11,세계와시민
11559,10459,22,11,세계와시민
11560,10460,22,11,세계와시민
11561,10461,22,11,세계와시민
11562,10462,22,11,세계와시민
11563,10463,22,11,세계와시민
11564,10464,22,11,세계와시민
11565,10465,22,11,세계와시민
11566,10466,22,11,세계와시민
11567,10467,21,4,성찰과표현
11568,10468,21,4,성찰과표현
11569,10469,21,4,성찰과표현
11570,10470,21,4,성찰과표현
11571,10471,21,4,성찰과표현
11572,10472,21,4,성찰과표현
11573,10473,21,4,성찰과표현
11574,10474,21,4,성찰과표현
11575,10475,21,4,성찰과표현
11576,10476,21,4,성찰과표현
11577,10477,21,4,성찰과표현
11578,10478,21,4,성찰과표현
11579,10479,21,4,성찰과표현
11580,10480,21,4,성찰과표현
11581,10481,21,4,성찰과표현
11582,10482,21,4,성찰과표현
11583,10483,21,4,성찰과표현
11584,10484,21,4,성찰과표현
11585,10485,21,4,성찰과표현
11586,10486,21,4,성찰과표현
11587,10487,21,4,성찰과표현
11588,10488,21,4,성찰과표현
11589,10489,21,4,성찰과표현
11590,10490,21,4,성찰과표현
11591,10491,21,4,성찰과표현
11592,10492,21,4,성찰과표현
11593,10493,21,4,성찰과표현
11594,10494,21,4,성찰과표현
11595,10495,21,4,성찰과표현
11596,10496,21,4,성찰과표현
11597,10497,21,4,성찰과표현
11598,10498,21,4,성찰과표현
11599,10499,21,4,성찰과표현
11600,10500,21,4,성찰과표현
11601,10501,21,4,성찰과표현
11602,10502,21,4,성찰과표현
11603,10503,21,4,성찰과표현
11604,10504,20,4,대학영어
11605,10505,20,4,대학영어
11606,10506,20,4,대학영어
11607,10507,20,4,대학영어
11608,10508,20,4,대학영어
11609,10509,20,4,대학영어
11610,10510,20,4,대학영어
11611,10511,20,4,대학영어
11612,10512,20,4,대학영어
11613,10513,20,4,대학영어
11614,10514,20,4,대학영어
11615,10515,20,4,대학영어
11616,10516,20,4,대학영어
11617,10517,20,4,대학영어
11618,10518,20,4,대학영어
11619,10519,20,4,대학영어
11620,10520,20,4,대학영어
11621,10521,20,4,대학영어
11622,10522,20,4,대학영어
11623,10523,20,4,대학영어
11624,10524,20,4,대학영어
11625,10525,20,4,대학영어
11626,10526,20,4,대학영어
11627,10527,20,4,대학영어
11628,10528,20,4,대학영어
11629,10529,20,4,대학영어
11630,10530,21,4,주제연구
11631,10531,21,4,주제연구
11632,10532,21,4,주제연구
11633,10533,21,4,주제연구
11634,10534,21,4,주제연구
11635,10535,21,4,주제연구
11636,10536,21,4,주제연구
11637,10537,21,4,주제연구
11638,10538,21,4,주제연구
11639,10539,21,4,주제연구
11640,10540,21,4,주제연구
11641,10541,21,4,주제연구
11642,10542,21,4,주제연구
11643,10543,21,4,주제연구
11644,10544,21,4,주제연구
11645,10545,21,4,주제연구
11646,10546,21,4,주제연구
11647,10547,21,4,주제연구
11648,10548,21,4,주제연구
11649,10549,21,4,주제연구
11650,10550,21,4,주제연구
11651,10551,21,4,주제연구
11652,10552,21,4,주제연구
11653,10553,21,4,주제연구
11654,10554,21,4,주제연구
11655,10555,21,4,주제연구
11656,10556,21,4,주제연구
11657,10557,21,4,주제연구
11658,10558,21,4,주제연구
11659,10559,21,4,주제연구
11660,10560,21,4,주제연구
11661,10561,21,4,주제연구
11662,10562,21,4,주제연구
11663,10563,21,4,주제연구
11664,10564,21,4,주제연구
11665,10565,21,4,주제연구
11666,10566,21,4,주제연구
11667,10567,21,4,주제연구
11668,10568,21,4,주제연구
11669,10569,21,4,주제연구
11670,10570,21,4,주제연구
11671,10571,21,4,주제연구
11672,10572,21,4,주제연구
11673,10573,21,4,주제연구
11674,10574,21,4,주제연구
11675,10575,21,4,주제연구
11676,10576,21,4,주제연구
11677,10577,21,4,주제연구
11678,10578,21,4,주제연구
11679,10579,21,4,주제연구
11680,10580,21,4,주제연구
11681,10581,21,4,주제연구
11682,10582,21,4,주제연구
11683,10583,21,4,주제연구
11684,10584,26,5,마음챙김과비폭력대화
11685,10585,25,5,"Exploring Industry, Ideology, and Identity through the Marvel Cinematic Universe"
11686,10586,25,5,Greek Mythology and Creative Writing
11687,10587,26,5,문명패러다임의혁명:서구근대화과정의현재적이해
11688,10588,26,5,청춘을위한영화예찬
11689,10589,25,5,"글,그림그리고문화콘텐츠"
11690,10590,23,5,숲과생활
11691,10591,25,5,근대의시선과공간:뮤지엄과엑스포
11692,10592,23,5,폭력의진화:통섭적관점
11693,10593,23,5,폭력의진화:통섭적관점
11694,10594,26,5,21세기금융세계화와불평등
11695,10595,23,5,"마음의탄생:뇌,의식,마음"
11696,10596,27,5,"미래,기술,경영"
11697,10597,27,5,"미래,기술,경영"
11698,10598,27,5,모두를위한인공지능과윤리적실제
11699,10599,23,5,몸의발견
11700,10600,27,5,고전읽기:SF소설
11701,10601,23,5,"생명,영원한블루오션"
11702,10602,27,5,이동의자유와원격사회
11703,10603,27,5,생명과학의미래
11704,10604,24,5,이성의함정:마음은항상합리적인가
11705,10605,24,5,이성의함정:마음은항상합리적인가
11706,10606,24,5,설득의기술
11707,10607,24,5,설득의기술
11708,10608,27,5,빛의물리학:세상을보는또다른눈
11709,10609,24,5,데이터분석과정보시각화
11710,10610,25,5,"언어의경계:신성한가,속된가"
11711,10611,26,5,현대한국사회의다양성이해:민족성과서브컬처
11712,10612,25,5,관계의기술
11713,10613,23,5,진화와인간본성
11714,10614,23,5,행복의생명과학적이해
11715,10615,24,5,고양이의물리학:자연계의숨은법칙
11716,10616,24,5,과학적사고란무엇인가
11717,10617,23,5,불편한진실:기후변화
11718,10618,23,5,원자의춤
11719,10619,27,5,인간과생활속의로봇
11720,10620,24,5,특허와지적재산권
11721,10621,24,5,특허와지적재산권
11722,10622,24,5,현대사회와과학
11723,10623,23,5,하천문화의이해와르네상스
11724,10624,25,5,가면의축제:동서양연희의문명사
11725,10625,25,5,미디어아트와문화
11726,10626,25,5,의미의탄생:언어
11727,10627,25,5,커뮤니케이션과디자인
11728,10628,25,5,불교와정신분석학
11729,10629,25,5,매체와메시지:미디어의이해
11730,10630,25,5,매체와메시지:미디어의이해
11731,10631,25,5,영화와문학
11732,10632,25,5,고전과여성
11733,10633,23,5,인간행동의이해:심리학
11734,10634,25,5,음식과문화:글로벌&로컬트렌드와이슈
11735,10635,26,5,경제학적사유의원리
11736,10636,26,5,"법,질서,국가"
11737,10637,26,5,예술을통한공동체만들기
11738,10638,26,5,정치학적사유의원리
11739,10639,26,5,한국사회의주요이슈들
11740,10640,26,5,행복이란무엇인가
11741,10641,24,5,기술혁신과전략의융합
11742,10642,26,5,대학생을위한실용금융
11743,10643,26,5,On Justice
11744,10644,27,5,SF영화의상상력:미래의평화와윤리
11745,10645,26,5,동아시아의서양문명수용론
11746,10646,26,5,두얼굴의인류사:전쟁과평화
11747,10647,26,5,평화와갈등
11748,10648,24,5,기초 미분적분학
11749,10649,24,5,기초 미분적분학
11750,10650,23,5,생명의언어
11751,10651,25,5,국화와칼:만들어진일본의전통
11752,10652,26,5,문화유산과역사지리
11753,10653,26,5,사농공상:역사의주연과조연
11754,10654,26,5,설탕과소금:사소한것들의역사
11755,10655,26,5,황하와장강:중국역사의발자취
11756,10656,26,5,다이나믹한국근현대사
11757,10657,27,5,미래학과미래마인드
11758,10658,25,5,삼국지인문학
11759,10659,25,5,영화로보는스포츠문화
11760,10660,25,5,여행을통한인간의삶의가치증진
11761,10661,25,5,그리스신화와철학
11762,10662,26,5,영화로읽는도시인문학:환동해도시와문화지리
11763,10663,26,5,유럽문화와도시문명
11764,10664,27,5,빅데이터와스포츠산업
11765,10665,27,5,미래사회와도시계획
11766,10666,26,5,만화로세상보기
11767,10667,25,5,고전읽기:그리스비극
11768,10668,25,5,고전읽기:프로이트
11769,10669,25,5,수사학과영작문
11770,10670,25,5,언어와문학의이해
11771,10671,25,5,예술치료의원리와실제
11772,10672,23,5,질병의진화적이해:우리는왜아픈걸까
11773,10673,27,5,좋은에너지나쁜에너지다른에너지
11774,10674,23,5,문명감염그리고진화
11775,10675,25,5,고전명작과예술의문명사
11776,10676,25,5,그림속의인문학
11777,10677,18,6,기초일본어
11778,10678,18,6,기초일본어
11779,10679,18,6,기초일본어
11780,10680,18,6,기초일본어
11781,10681,18,6,기초스페인어
11782,10682,18,6,기초스페인어
11783,10683,18,6,기초스페인어
11784,10684,18,6,기초러시아어
11785,10685,18,6,기초프랑스어
11786,10686,18,6,기초프랑스어
11787,10687,28,6,공공미술과사회:공공미술프로젝트
11788,10688,28,6,색채와상상력
11789,10689,28,6,영화제작기초
11790,10690,28,6,작곡의밑그림:화성학
11791,10691,28,6,컴퓨터그래픽기초
11792,10692,28,6,클래식음악산책
11793,10693,28,6,합창의재발견
11794,10694,18,6,초급중국어
11795,10695,18,6,한자의이해
11796,10696,18,6,공학과경영
11797,10697,28,6,일상의공연학
11798,10698,18,6,열린경영학
11799,10699,29,6,소프트웨어적사유와인공지능
11800,10700,28,6,드라마적예술의12원소
11801,10701,18,6,인문학을품은인공지능:미래를여는지성
11802,10702,29,6,사물인터넷과미래사회
11803,10703,29,6,사물인터넷과미래사회
11804,10704,18,6,한국어1(교양)
11805,10705,18,6,한국어2(교양)
11806,10706,18,6,글로벌세미나
11807,10707,18,6,글로벌세미나
11808,10708,18,6,글로벌세미나
11809,10709,18,6,글로벌세미나
11810,10710,18,6,후마니타스세미나
11811,10711,18,6,후마니타스세미나
11812,10712,18,6,독립연구1
11813,10713,29,6,빅데이터를통한세상바로알기:R로배우는데이터분석코딩
11814,10714,29,6,앱인벤터로배우는코딩세상
11815,10715,29,6,파이썬으로배우는소프트웨어코딩
11816,10716,19,6,동계스포츠:스노우보드
11817,10717,19,6,동계스포츠:스노우보드
11818,10718,19,6,동계스포츠:스키
11819,10719,19,6,동계스포츠:스키
11820,10720,19,6,동계스포츠:스키
11821,10721,19,6,레크레이션
11822,10722,19,6,배드민턴
11823,10723,19,6,배드민턴
11824,10724,19,6,배드민턴
11825,10725,19,6,승마
11826,10726,19,6,승마
11827,10727,19,6,승마
11828,10728,19,6,승마
11829,10729,19,6,요가
11830,10730,19,6,요트
11831,10731,19,6,요트
11832,10732,19,6,웨이트트레이닝
11833,10733,19,6,웨이트트레이닝
11834,10734,19,6,윈드서핑
11835,10735,19,6,윈드서핑
11836,10736,19,6,조깅과워킹
11837,10737,19,6,조깅과워킹
11838,10738,19,6,태권도
11839,10739,19,6,테니스
11840,10740,19,6,테니스
11841,10741,19,6,필라테스
11842,10742,19,6,필라테스
11843,10743,19,6,현대생활과체육
11844,10744,19,6,현대생활과체육
11845,10745,19,6,행복한여가를위한야외활동
11846,10746,19,6,행복한여가를위한야외활동
11847,10747,19,6,행복한여가를위한야외활동
11848,10748,19,6,행복한여가를위한야외활동
11849,10749,19,6,행복한여가를위한야외활동
11850,10750,19,6,호신술
11851,10751,29,6,새로운생명체:인공지능
11852,10752,29,6,새로운생명체:인공지능
11853,10753,18,6,한국어의이해1
11854,10754,18,6,한국어의이해1
11855,10755,18,6,한국어의이해2
11856,10756,18,6,한국어의이해2
11857,10757,18,6,한국어의이해3
11858,10758,18,6,한국어의이해3
11859,10759,18,6,한국어의이해4
11860,10760,18,6,한국어의이해4
11861,10761,29,6,디지털전환과4차산업혁명:기술적접근
11862,10762,29,6,인공지능을위한기계학습
11863,10763,29,6,파이썬과데이터마이닝
11864,10764,29,6,컴퓨터게임개론:이론과기술
11865,10765,29,6,인터넷과메타버스
11866,10766,29,6,소프트웨어개발자를위한C프로그래밍
11867,10767,28,6,새김과찍기:현대판화
11868,10768,28,6,아이디어를시각화하기
11869,10769,28,6,디지털사진촬영과표현
11870,10770,28,6,사운드와테크놀로지
11871,10771,28,6,생활속의공예:미와쓰임새
2851,1787,8,3,응용통계학(소프트웨어융합학)
2852,1788,8,3,데이터사이언스(소프트웨어융합학)
2853,1789,8,3,경영과학2(소프트웨어융합학)
2854,1790,8,3,데이터마이닝(소프트웨어융합학)
11872,10772,27,5,4차산업의이해와IOT기술 활용과분석
2855,1791,8,3,동역학(소프트웨어융합학)
2856,1792,8,3,동역학(소프트웨어융합학)
2857,1793,8,3,동역학(소프트웨어융합학)
2858,1794,8,3,자동제어(소프트웨어융합학)
2859,1795,8,2,소프트웨어융합개론
2860,1796,8,2,디자인적사고
2861,1796,11,3,디자인적사고(컴퓨터공학과)
2862,1796,12,3,디자인적사고(인공지능학과)
2863,1797,8,2,디자인적사고
2864,1797,11,3,디자인적사고(컴퓨터공학과)
2865,1797,12,3,디자인적사고(인공지능학과)
2866,1798,8,2,웹/파이선프로그래밍
2867,1798,11,2,웹/파이선프로그래밍(컴퓨터공학과)
2868,1798,12,2,웹/파이선프로그래밍(인공지능학과)
2869,1799,8,2,웹/파이선프로그래밍
2870,1799,11,2,웹/파이선프로그래밍(컴퓨터공학과)
2871,1799,12,2,웹/파이선프로그래밍(인공지능학과)
2872,1800,8,2,웹/파이선프로그래밍
2873,1801,8,2,오픈소스SW개발방법및도구
2874,1801,11,2,오픈소스SW개발방법및도구(컴퓨터공학과)
2875,1801,12,3,오픈소스SW개발방법및도구(인공지능학과)
2876,1802,8,3,수치해석프로그래밍
2877,1803,8,3,게임프로그래밍입문
2878,1803,11,3,게임프로그래밍입문(컴퓨터공학과)
2879,1804,8,3,게임엔진기초
2880,1804,11,3,게임엔진기초(컴퓨터공학과)
2881,1805,8,3,마이크로서비스프로그래밍
2882,1805,11,3,마이크로서비스프로그래밍(컴퓨터공학과)
2883,1805,12,3,마이크로서비스프로그래밍(인공지능학과)
2884,1806,8,3,기계학습
2885,1806,11,2,기계학습(컴퓨터공학과)
2886,1806,12,2,기계학습(인공지능학과)
2887,1807,8,3,기계학습
2888,1807,11,2,기계학습(컴퓨터공학과)
2889,1807,12,2,기계학습(인공지능학과)
2890,1808,8,3,데이터분석입문
2891,1808,11,3,데이터분석입문(컴퓨터공학과)
2892,1808,12,3,데이터분석입문(인공지능학과)
2893,1809,8,2,최신기술콜로키움2
2894,1809,11,3,최신기술콜로키움2(컴퓨터공학과)
2895,1809,12,3,최신기술콜로키움2(인공지능학과)
2896,1810,8,3,가상현실
2897,1810,11,3,가상현실(컴퓨터공학과)
2898,1811,8,3,게임공학
2899,1812,8,3,데이터분석캡스톤디자인
2900,1813,8,3,데이터분석캡스톤디자인
2901,1814,8,3,데이터분석캡스톤디자인
2902,1815,8,3,데이터분석캡스톤디자인
2903,1816,8,3,로봇프로그래밍
2904,1816,11,3,로봇프로그래밍(컴퓨터공학과)
2905,1816,12,3,로봇프로그래밍(인공지능학과)
2906,1817,8,3,로봇·비전캡스톤디자인
2907,1818,8,3,융합연구4
2908,1819,8,3,독립심화학습2(소프트웨어융합학과)
2909,1820,8,3,독립심화학습2(소프트웨어융합학과)
2910,1821,8,3,독립심화학습2(소프트웨어융합학과)
2911,1822,8,3,게임콘텐츠캡스톤디자인
2912,1823,8,3,게임콘텐츠캡스톤디자인
2913,1824,8,2,소프트웨어융합캡스톤디자인
2914,1825,8,2,소프트웨어융합캡스톤디자인
2915,1826,8,2,소프트웨어융합캡스톤디자인
2916,1827,8,2,소프트웨어융합캡스톤디자인
2917,1828,8,2,소프트웨어융합캡스톤디자인
2918,1829,8,2,소프트웨어융합캡스톤디자인
2919,1830,8,2,소프트웨어융합캡스톤디자인
2920,1831,8,2,졸업논문(소프트웨어융합)
2921,1832,8,3,데이터사이언스및시각화
2922,1833,8,3,융합연구6
2923,1834,8,3,풀스택서비스네트워킹
2924,1834,11,3,풀스택서비스네트워킹(컴퓨터공학과)
11873,10773,7,12,미분방정식
11874,10774,7,12,미분방정식
11875,10775,7,12,미분방정식
11876,10776,7,12,미분방정식
11877,10777,7,12,고급미분적분학
11878,10778,7,12,고급미분적분학
11879,10779,7,12,고급미분적분학
11880,10780,35,12,화학1
11881,10781,35,12,화학2
11882,10782,34,12,물리학1
11883,10783,34,12,물리학1
2925,1835,11,8,객체지향프로그래밍
2926,1836,11,9,실감미디어컴퓨팅기초
11884,10784,22,11,빅뱅에서문명까지
11885,10785,22,11,인간의가치탐색
11886,10786,22,11,인간의가치탐색
11887,10787,22,11,세계와시민
11888,10788,22,11,세계와시민
11889,10789,22,11,세계와시민
11890,10790,21,4,성찰과표현
11891,10791,21,4,성찰과표현
11892,10792,20,4,대학영어
11893,10793,20,4,대학영어
11894,10794,21,4,주제연구
11895,10795,21,4,주제연구
11896,10796,21,4,주제연구
11897,10797,21,4,주제연구
11898,10798,21,4,주제연구
11899,10799,21,4,주제연구
11900,10800,21,4,주제연구
11901,10801,21,4,주제연구
11902,10802,21,4,주제연구
11903,10803,21,4,주제연구
11904,10804,26,5,마음챙김과비폭력대화
11905,10805,25,5,관계의기술
11906,10806,23,5,진화와인간본성
11907,10807,27,5,인간과생활속의로봇
11908,10808,25,5,영화와문학
11909,10809,26,5,동아시아의서양문명수용론
11910,10810,24,5,기초 미분적분학
11911,10811,23,5,문명감염그리고진화
11912,10812,29,6,빅데이터를통한세상바로알기:R로배우는데이터분석코딩
11913,10813,19,6,행복한여가를위한야외활동
11914,10814,29,6,새로운생명체:인공지능
2927,1837,8,8,웹/파이선프로그래밍
