offering_id,course_code,course_name,target_year,year,semester,section,campus,capacity,industry_required,english_type,delivery_mode,schedule_status,schedule_note
1,CSE0001,소프트웨어가치탐구,1,2020,1,00,국제,3000,0,NONE,TBD,TBD,- (sw예비대학(국제캠퍼스학생))
2,CSE0001,소프트웨어가치탐구,1,2020,1,01,국제,3000,0,NONE,TBD,TBD,- (sw예비대학(서울캠퍼스학생)
3,CSE103,객체지향프로그래밍,1,2020,1,01,국제,200,0,NONE,OFFLINE,SCHEDULED,
4,CSE103,객체지향프로그래밍,1,2020,1,02,국제,40,0,NONE,OFFLINE,SCHEDULED,
5,CSE201,이산구조,2,2020,1,01,국제,60,0,NONE,OFFLINE,SCHEDULED,
6,CSE201,이산구조,2,2020,1,02,국제,80,0,PARTIAL,OFFLINE,SCHEDULED,
7,CSE201,이산구조,2,2020,1,03,국제,20,0,PARTIAL,OFFLINE,SCHEDULED,
8,CSE203,컴퓨터구조,2,2020,1,01,국제,40,0,NONE,OFFLINE,SCHEDULED,
9,CSE203,컴퓨터구조,2,2020,1,02,국제,40,0,NONE,OFFLINE,SCHEDULED,
10,CSE203,컴퓨터구조,2,2020,1,03,국제,40,0,PARTIAL,OFFLINE,SCHEDULED,
11,CSE203,컴퓨터구조,2,2020,1,04,국제,40,0,PARTIAL,OFFLINE,SCHEDULED,
12,CSE204,자료구조,2,2020,1,01,국제,52,0,NONE,OFFLINE,SCHEDULED,
13,CSE204,자료구조,2,2020,1,02,국제,42,0,PARTIAL,OFFLINE,SCHEDULED,
14,CSE204,자료구조,2,2020,1,03,국제,30,0,PARTIAL,OFFLINE,SCHEDULED,
15,CSE223,오픈소스SW개발,2,2020,1,00,국제,70,0,NONE,OFFLINE,SCHEDULED,
16,CSE224,UI/UX프로그래밍,,2020,1,00,국제,40,0,PARTIAL,OFFLINE,SCHEDULED,
17,CSE301,운영체제,3,2020,1,01,국제,60,0,PARTIAL,OFFLINE,SCHEDULED,
18,CSE301,운영체제,3,2020,1,02,국제,60,0,NONE,OFFLINE,SCHEDULED,
19,CSE302,컴퓨터네트워크,3,2020,1,01,국제,50,0,NONE,OFFLINE,SCHEDULED,
20,CSE302,컴퓨터네트워크,3,2020,1,02,국제,60,0,PARTIAL,OFFLINE,SCHEDULED,
21,CSE304,알고리즘분석,3,2020,1,01,국제,50,0,NONE,OFFLINE,SCHEDULED,
22,CSE304,알고리즘분석,3,2020,1,02,국제,50,0,NONE,OFFLINE,SCHEDULED,
23,CSE305,데이터베이스,3,2020,1,00,국제,60,0,NONE,OFFLINE,SCHEDULED,
24,CSE305,데이터베이스,3,2020,1,01,국제,60,0,NONE,OFFLINE,SCHEDULED,
25,CSE308,IT기술영어2,3,2020,1,00,국제,80,0,FULL,OFFLINE,SCHEDULED,
26,CSE324,멀티미디어시스템,3,2020,1,00,국제,40,0,NONE,OFFLINE,SCHEDULED,
27,CSE327,소프트웨어공학,3,2020,1,00,국제,90,0,NONE,OFFLINE,SCHEDULED,
28,CSE330,SW스타트업비즈니스,3,2020,1,00,국제,50,0,NONE,OFFLINE,SCHEDULED,
29,CSE335,클라우드컴퓨팅,3,2020,1,00,국제,40,0,NONE,OFFLINE,SCHEDULED,
30,CSE338,인공지능,,2020,1,00,국제,60,0,NONE,OFFLINE,SCHEDULED,
31,CSE403,졸업논문(컴퓨터공학전공),4,2020,1,00,국제,200,0,NONE,TBD,TBD,금 - ()
32,CSE405,캡스톤디자인2,4,2020,1,00,국제,100,0,NONE,OFFLINE,SCHEDULED,
33,CSE406,캡스톤디자인1,4,2020,1,00,국제,97,0,NONE,OFFLINE,SCHEDULED,
34,CSE426,영상처리,4,2020,1,00,국제,40,0,NONE,OFFLINE,SCHEDULED,
35,CSE433,웹서비스프로그래밍,4,2020,1,00,국제,40,0,NONE,OFFLINE,SCHEDULED,
36,CSE436,최신기술프로젝트1,4,2020,1,00,국제,40,0,NONE,OFFLINE,SCHEDULED,
37,CSE438,최신기술콜로키움1,4,2020,1,00,국제,80,0,NONE,OFFLINE,SCHEDULED,
38,CSE440,IoT소프트웨어,4,2020,1,00,국제,40,0,NONE,OFFLINE,SCHEDULED,
39,CSE444,IoT네트워크,,2020,1,00,국제,40,0,NONE,OFFLINE,SCHEDULED,
40,CSE496,연구연수활동1(컴퓨터공학),,2020,1,00,국제,10,0,NONE,TBD,TBD,- ()
41,DC201,3D모델링(소프트웨어융합학),2,2020,1,00,국제,30,0,NONE,OFFLINE,SCHEDULED,
42,DC201,3D모델링(소프트웨어융합학),2,2020,1,01,국제,30,0,NONE,OFFLINE,SCHEDULED,
43,DC205,스토리텔링(소프트웨어융합학),2,2020,1,00,국제,30,0,NONE,OFFLINE,SCHEDULED,
44,DC207,사운드디자인(소프트웨어융합학),2,2020,1,00,국제,30,0,NONE,OFFLINE,SCHEDULED,
45,DC207,사운드디자인(소프트웨어융합학),2,2020,1,01,국제,30,0,NONE,OFFLINE,SCHEDULED,
46,DC302,모션그래픽스(소프트웨어융합학),3,2020,1,00,국제,30,0,NONE,OFFLINE,SCHEDULED,
47,DC302,모션그래픽스(소프트웨어융합학),3,2020,1,01,국제,35,0,NONE,OFFLINE,SCHEDULED,
48,DC304,게임학(소프트웨어융합학),3,2020,1,00,국제,55,0,NONE,OFFLINE,SCHEDULED,
49,EE209,논리회로(컴퓨터공학),2,2020,1,00,국제,55,0,NONE,OFFLINE,SCHEDULED,
50,EE209,논리회로(컴퓨터공학),2,2020,1,01,국제,55,0,NONE,OFFLINE,SCHEDULED,
51,EE209,논리회로(컴퓨터공학),2,2020,1,02,국제,50,0,FULL,OFFLINE,SCHEDULED,
52,EE209,논리회로(컴퓨터공학),2,2020,1,04,국제,55,0,NONE,OFFLINE,SCHEDULED,
53,EE209,논리회로(컴퓨터공학),2,2020,1,06,국제,55,0,NONE,OFFLINE,SCHEDULED,
54,EE209,논리회로(컴퓨터공학),2,2020,1,07,국제,42,0,NONE,OFFLINE,SCHEDULED,
55,EE209,논리회로(컴퓨터공학),2,2020,1,08,국제,42,0,NONE,OFFLINE,SCHEDULED,
56,EE210,신호와시스템(컴퓨터공학),3,2020,1,00,국제,60,0,FULL,OFFLINE,SCHEDULED,
57,EE210,신호와시스템(컴퓨터공학),2,2020,1,01,국제,50,0,NONE,OFFLINE,SCHEDULED,
58,EE210,신호와시스템(컴퓨터공학),2,2020,1,03,국제,50,0,NONE,OFFLINE,SCHEDULED,
59,EE210,신호와시스템(컴퓨터공학),2,2020,1,04,국제,50,0,NONE,OFFLINE,SCHEDULED,
60,EE211,확률및랜덤변수(컴퓨터공학),2,2020,1,00,국제,50,0,NONE,OFFLINE,SCHEDULED,
61,EE211,확률및랜덤변수(컴퓨터공학),2,2020,1,01,국제,50,0,NONE,OFFLINE,SCHEDULED,
62,EE211,확률및랜덤변수(컴퓨터공학),2,2020,1,02,국제,42,0,NONE,OFFLINE,SCHEDULED,
63,EE211,확률및랜덤변수(컴퓨터공학),2,2020,1,03,국제,50,0,NONE,OFFLINE,SCHEDULED,
64,EE211,확률및랜덤변수(컴퓨터공학),2,2020,1,04,국제,50,0,NONE,OFFLINE,SCHEDULED,
65,EE211,확률및랜덤변수(컴퓨터공학),2,2020,1,05,국제,50,0,NONE,OFFLINE,SCHEDULED,
66,EE341,디지털통신(소프트웨어융합학),3,2020,1,00,국제,40,0,NONE,OFFLINE,SCHEDULED,
67,EE341,디지털통신(소프트웨어융합학),3,2020,1,01,국제,40,0,NONE,OFFLINE,SCHEDULED,
68,EE341,디지털통신(소프트웨어융합학),3,2020,1,02,국제,40,0,NONE,OFFLINE,SCHEDULED,
69,EE342,디지털신호처리(소프트웨어융합학),3,2020,1,00,국제,30,0,NONE,OFFLINE,SCHEDULED,
70,EE342,디지털신호처리(소프트웨어융합학),3,2020,1,01,국제,50,0,NONE,OFFLINE,SCHEDULED,
71,IE301,경영과학1(소프트웨어융합학),3,2020,1,00,국제,50,0,NONE,OFFLINE,SCHEDULED,
72,IE306,데이터마이닝(소프트웨어융합학),3,2020,1,00,국제,20,0,PARTIAL,OFFLINE,SCHEDULED,
73,IE414,금융공학(소프트웨어융합학),4,2020,1,00,국제,60,0,FULL,OFFLINE,SCHEDULED,
74,ME271,동역학(소프트웨어융합학),2,2020,1,01,국제,60,0,NONE,OFFLINE,SCHEDULED,
75,ME271,동역학(소프트웨어융합학),2,2020,1,02,국제,65,0,NONE,OFFLINE,SCHEDULED,
76,ME271,동역학(소프트웨어융합학),2,2020,1,03,국제,60,0,NONE,OFFLINE,SCHEDULED,
77,ME271,동역학(소프트웨어융합학),2,2020,1,04,국제,60,0,PARTIAL,OFFLINE,SCHEDULED,
78,ME275,전기전자회로(소프트웨어융합학),23,2020,1,01,국제,45,0,NONE,OFFLINE,SCHEDULED,
79,ME275,전기전자회로(소프트웨어융합학),23,2020,1,02,국제,45,0,NONE,OFFLINE,SCHEDULED,
80,ME375,메카트로닉스(소프트웨어융합학),3,2020,1,01,국제,60,0,NONE,OFFLINE,SCHEDULED,
81,ME380,시스템동역학(소프트웨어융합학),3,2020,1,01,국제,30,0,NONE,OFFLINE,SCHEDULED,
82,ME380,시스템동역학(소프트웨어융합학),3,2020,1,02,국제,30,0,FULL,OFFLINE,SCHEDULED,
83,ME475,로봇공학(소프트웨어융합학),4,2020,1,01,국제,60,0,NONE,OFFLINE,SCHEDULED,
84,SWCON103,디자인적사고,1,2020,1,00,국제,40,0,NONE,OFFLINE,SCHEDULED,
85,SWCON104,웹/파이선프로그래밍,1,2020,1,00,국제,180,0,PARTIAL,OFFLINE,SCHEDULED,
86,SWCON104,웹/파이선프로그래밍,1,2020,1,01,국제,180,0,PARTIAL,OFFLINE,SCHEDULED,
87,SWCON201,소프트웨어개발방법및도구,2,2020,1,00,국제,80,0,PARTIAL,OFFLINE,SCHEDULED,
88,SWCON221,데이터센터프로그래밍,2,2020,1,00,국제,40,0,PARTIAL,OFFLINE,SCHEDULED,
89,SWCON241,융합연구1,2,2020,1,00,국제,20,0,NONE,OFFLINE,SCHEDULED,
90,SWCON311,게임그래픽프로그래밍,3,2020,1,00,국제,40,0,PARTIAL,OFFLINE,SCHEDULED,
91,SWCON321,데이터분석캡스톤디자인,3,2020,1,00,국제,40,0,NONE,OFFLINE,SCHEDULED,
92,SWCON363,독립심화학습1(소프트웨어융합학과),3,2020,1,00,국제,1,0,PARTIAL,OFFLINE,SCHEDULED,
93,SWCON363,독립심화학습1(소프트웨어융합학과),3,2020,1,01,국제,2,0,NONE,OFFLINE,SCHEDULED,
94,SWCON401,소프트웨어융합캡스톤디자인,4,2020,1,00,국제,60,0,NONE,OFFLINE,SCHEDULED,
95,SWCON423,프로세스마이닝,4,2020,1,00,국제,40,0,NONE,OFFLINE,SCHEDULED,
96,SWCON441,융합연구5,4,2020,1,00,국제,20,0,NONE,OFFLINE,SCHEDULED,
97,CSE103,객체지향프로그래밍,1,2020,2,00,국제,200,0,PARTIAL,OFFLINE,SCHEDULED,
98,CSE201,이산구조,2,2020,2,00,국제,40,0,NONE,OFFLINE,SCHEDULED,
99,CSE201,이산구조,2,2020,2,01,국제,40,0,NONE,OFFLINE,SCHEDULED,
100,CSE203,컴퓨터구조,2,2020,2,00,국제,120,0,PARTIAL,OFFLINE,SCHEDULED,
101,CSE203,컴퓨터구조,2,2020,2,01,국제,120,0,PARTIAL,OFFLINE,SCHEDULED,
102,CSE203,컴퓨터구조,2,2020,2,02,국제,40,0,NONE,OFFLINE,SCHEDULED,
103,CSE204,자료구조,2,2020,2,00,국제,50,0,NONE,OFFLINE,SCHEDULED,
104,CSE204,자료구조,2,2020,2,01,국제,60,0,PARTIAL,OFFLINE,SCHEDULED,
105,CSE204,자료구조,2,2020,2,02,국제,60,0,PARTIAL,OFFLINE,SCHEDULED,
106,CSE204,자료구조,2,2020,2,03,국제,60,0,NONE,OFFLINE,SCHEDULED,
107,CSE208,IT기술영어1,2,2020,2,00,국제,80,0,FULL,OFFLINE,SCHEDULED,
108,CSE223,오픈소스SW개발,2,2020,2,00,국제,80,0,NONE,OFFLINE,SCHEDULED,
109,CSE301,운영체제,3,2020,2,00,국제,110,0,NONE,OFFLINE,SCHEDULED,
110,CSE302,컴퓨터네트워크,3,2020,2,00,국제,80,0,PARTIAL,OFFLINE,SCHEDULED,
111,CSE302,컴퓨터네트워크,3,2020,2,01,국제,50,0,NONE,OFFLINE,SCHEDULED,
112,CSE302,컴퓨터네트워크,3,2020,2,02,국제,40,0,NONE,OFFLINE,SCHEDULED,
113,CSE304,알고리즘분석,3,2020,2,00,국제,50,0,NONE,OFFLINE,SCHEDULED,
114,CSE304,알고리즘분석,3,2020,2,01,국제,50,0,NONE,OFFLINE,SCHEDULED,
115,CSE305,데이터베이스,3,2020,2,00,국제,50,0,NONE,OFFLINE,SCHEDULED,
116,CSE305,데이터베이스,3,2020,2,01,국제,50,0,NONE,OFFLINE,SCHEDULED,
117,CSE309,IT기술영어3,3,2020,2,01,국제,80,0,FULL,OFFLINE,SCHEDULED,
118,CSE327,소프트웨어공학,3,2020,2,00,국제,60,0,NONE,OFFLINE,SCHEDULED,
119,CSE327,소프트웨어공학,3,2020,2,01,국제,60,0,NONE,OFFLINE,SCHEDULED,
120,CSE331,머신러닝,3,2020,2,00,국제,60,0,PARTIAL,OFFLINE,SCHEDULED,
121,CSE334,SW스타트업프로젝트,3,2020,2,00,국제,40,0,NONE,OFFLINE,SCHEDULED,
122,CSE403,졸업논문(컴퓨터공학전공),4,2020,2,00,국제,200,0,NONE,TBD,TBD,목 - () | 화 - ()
123,CSE405,캡스톤디자인2,4,2020,2,00,국제,120,0,NONE,OFFLINE,SCHEDULED,
124,CSE405,캡스톤디자인2,4,2020,2,01,국제,0,0,NONE,OFFLINE,SCHEDULED,
125,CSE406,캡스톤디자인1,4,2020,2,00,국제,100,0,NONE,OFFLINE,SCHEDULED,
126,CSE431,인간-컴퓨터상호작용,4,2020,2,00,국제,40,0,PARTIAL,OFFLINE,SCHEDULED,
127,CSE434,빅데이터프로그래밍,4,2020,2,00,국제,40,0,NONE,OFFLINE,SCHEDULED,
128,CSE435,모바일프로그래밍,4,2020,2,00,국제,40,0,NONE,OFFLINE,SCHEDULED,
129,CSE437,최신기술프로젝트2,4,2020,2,00,국제,40,0,NONE,OFFLINE,SCHEDULED,
130,CSE441,컴퓨터비젼,4,2020,2,00,국제,40,0,NONE,OFFLINE,SCHEDULED,
131,DC203,인터랙션디자인(소프트웨어융합학),2,2020,2,00,국제,30,0,PARTIAL,OFFLINE,SCHEDULED,
132,DC211,3D애니메이션(소프트웨어융합학),2,2020,2,00,국제,30,0,PARTIAL,OFFLINE,SCHEDULED,
133,DC211,3D애니메이션(소프트웨어융합학),2,2020,2,01,국제,30,0,PARTIAL,OFFLINE,SCHEDULED,
134,DC318,게임디자인(소프트웨어융합학),3,2020,2,00,국제,30,0,NONE,OFFLINE,SCHEDULED,
135,EE209,논리회로(컴퓨터공학),1,2020,2,00,국제,49,0,NONE,OFFLINE,SCHEDULED,
136,EE209,논리회로(컴퓨터공학),1,2020,2,01,국제,49,0,NONE,OFFLINE,SCHEDULED,
137,EE209,논리회로(컴퓨터공학),1,2020,2,02,국제,49,0,NONE,OFFLINE,SCHEDULED,
138,EE209,논리회로(컴퓨터공학),1,2020,2,03,국제,49,0,FULL,OFFLINE,SCHEDULED,
139,EE210,신호와시스템(컴퓨터공학),2,2020,2,00,국제,60,0,NONE,OFFLINE,SCHEDULED,
140,EE210,신호와시스템(컴퓨터공학),2,2020,2,01,국제,45,0,NONE,OFFLINE,SCHEDULED,
141,EE210,신호와시스템(컴퓨터공학),2,2020,2,02,국제,60,0,NONE,OFFLINE,SCHEDULED,
142,EE210,신호와시스템(컴퓨터공학),2,2020,2,03,국제,45,0,NONE,OFFLINE,SCHEDULED,
143,EE211,확률및랜덤변수(컴퓨터공학),2,2020,2,01,국제,60,0,NONE,OFFLINE,SCHEDULED,
144,EE211,확률및랜덤변수(컴퓨터공학),2,2020,2,02,국제,60,0,NONE,OFFLINE,SCHEDULED,
145,EE211,확률및랜덤변수(컴퓨터공학),2,2020,2,03,국제,60,0,NONE,OFFLINE,SCHEDULED,
146,EE211,확률및랜덤변수(컴퓨터공학),2,2020,2,04,국제,60,0,NONE,OFFLINE,SCHEDULED,
147,EE341,디지털통신(소프트웨어융합학),3,2020,2,00,국제,40,0,NONE,OFFLINE,SCHEDULED,
148,EE341,디지털통신(소프트웨어융합학),3,2020,2,01,국제,40,0,NONE,OFFLINE,SCHEDULED,
149,EE342,디지털신호처리(소프트웨어융합학),3,2020,2,00,국제,35,0,NONE,OFFLINE,SCHEDULED,
150,EE342,디지털신호처리(소프트웨어융합학),3,2020,2,01,국제,40,0,NONE,OFFLINE,SCHEDULED,
151,EE342,디지털신호처리(소프트웨어융합학),3,2020,2,02,국제,40,0,NONE,OFFLINE,SCHEDULED,
152,EE461,로봇제어공학(소프트웨어융합학),4,2020,2,00,국제,30,0,NONE,OFFLINE,SCHEDULED,
153,IE208,응용통계학(소프트웨어융합학),2,2020,2,00,국제,59,0,FULL,OFFLINE,SCHEDULED,
154,IE208,응용통계학(소프트웨어융합학),2,2020,2,01,국제,75,0,FULL,OFFLINE,SCHEDULED,
155,IE215,데이터사이언스(소프트웨어융합학),2,2020,2,00,국제,0,0,PARTIAL,OFFLINE,SCHEDULED,
156,IE215,데이터사이언스(소프트웨어융합학),2,2020,2,01,국제,0,0,PARTIAL,OFFLINE,SCHEDULED,
157,IE301,경영과학1(소프트웨어융합학),3,2020,2,00,국제,75,0,NONE,OFFLINE,SCHEDULED,
158,IE302,경영과학2(소프트웨어융합학),3,2020,2,00,국제,60,0,NONE,OFFLINE,SCHEDULED,
159,IE425,의사결정론(소프트웨어융합학),4,2020,2,00,국제,60,0,NONE,OFFLINE,SCHEDULED,
160,ME275,전기전자회로(소프트웨어융합학),23,2020,2,01,국제,53,0,NONE,OFFLINE,SCHEDULED,
161,ME275,전기전자회로(소프트웨어융합학),23,2020,2,02,국제,55,0,NONE,OFFLINE,SCHEDULED,
162,ME276,계측공학(소프트웨어융합학),2,2020,2,01,국제,65,0,NONE,OFFLINE,SCHEDULED,
163,ME276,계측공학(소프트웨어융합학),2,2020,2,02,국제,65,0,NONE,OFFLINE,SCHEDULED,
164,ME376,자동제어(소프트웨어융합학),3,2020,2,01,국제,50,0,NONE,OFFLINE,SCHEDULED,
165,SWCON101,소프트웨어융합개론,1,2020,2,00,국제,97,0,PARTIAL,OFFLINE,SCHEDULED,
166,SWCON103,디자인적사고,1,2020,2,00,국제,40,0,NONE,OFFLINE,SCHEDULED,
167,SWCON103,디자인적사고,1,2020,2,01,국제,40,0,NONE,OFFLINE,SCHEDULED,
168,SWCON103,디자인적사고,1,2020,2,02,국제,40,0,NONE,OFFLINE,SCHEDULED,
169,SWCON103,디자인적사고,1,2020,2,03,국제,40,0,PARTIAL,OFFLINE,SCHEDULED,
170,SWCON104,웹/파이선프로그래밍,1,2020,2,00,국제,180,0,PARTIAL,OFFLINE,SCHEDULED,
171,SWCON104,웹/파이선프로그래밍,1,2020,2,01,국제,180,0,PARTIAL,OFFLINE,SCHEDULED,
172,SWCON207,수치해석프로그래밍,2,2020,2,00,국제,30,0,NONE,OFFLINE,SCHEDULED,
173,SWCON211,게임프로그래밍입문,2,2020,2,00,국제,40,0,NONE,OFFLINE,SCHEDULED,
174,SWCON212,게임PX디자인,2,2020,2,00,국제,40,0,PARTIAL,OFFLINE,SCHEDULED,
175,SWCON221,데이터센터프로그래밍,2,2020,2,00,국제,40,0,PARTIAL,OFFLINE,SCHEDULED,
176,SWCON242,융합연구2,2,2020,2,00,국제,20,0,NONE,OFFLINE,SCHEDULED,
177,SWCON302,최신기술콜로키움2,3,2020,2,00,국제,90,0,NONE,OFFLINE,SCHEDULED,
178,SWCON313,가상/증강현실이론및실습,3,2020,2,00,국제,40,0,PARTIAL,OFFLINE,SCHEDULED,
179,SWCON321,데이터분석캡스톤디자인,3,2020,2,00,국제,40,0,NONE,OFFLINE,SCHEDULED,
180,SWCON322,고급데이터마이닝,3,2020,2,01,국제,40,0,PARTIAL,OFFLINE,SCHEDULED,
181,SWCON331,미래자동차·로봇프로그래밍,3,2020,2,00,국제,40,0,PARTIAL,OFFLINE,SCHEDULED,
182,SWCON332,미래자동차·로봇캡스톤디자인,3,2020,2,00,국제,20,0,NONE,OFFLINE,SCHEDULED,
183,SWCON342,융합연구4,3,2020,2,00,국제,20,0,NONE,OFFLINE,SCHEDULED,
184,SWCON364,독립심화학습2,,2020,2,00,국제,1,0,PARTIAL,OFFLINE,SCHEDULED,
185,SWCON401,소프트웨어융합캡스톤디자인,4,2020,2,00,국제,40,0,NONE,OFFLINE,SCHEDULED,
186,SWCON402,졸업논문(소프트웨어융합),4,2020,2,00,국제,30,0,NONE,OFFLINE,SCHEDULED,
187,SWCON424,금융데이터분석,4,2020,2,01,국제,30,0,PARTIAL,OFFLINE,SCHEDULED,
188,SWCON425,데이터사이언스및시각화,4,2020,2,00,국제,30,0,PARTIAL,OFFLINE,SCHEDULED,
189,CSE103,객체지향프로그래밍,1,2020,summer,00,국제,40,0,NONE,OFFLINE,INTENSIVE,13:00-15:45 ()
190,SWCON104,웹/파이선프로그래밍,1,2020,summer,00,국제,50,0,NONE,OFFLINE,INTENSIVE,13:00-15:45 ()
191,CSE103,객체지향프로그래밍,,2020,winter,00,국제,40,0,NONE,OFFLINE,INTENSIVE,13:00-15:45 ()
192,SWCON104,웹/파이선프로그래밍,,2020,winter,00,국제,50,0,NONE,OFFLINE,INTENSIVE,13:00-15:45 ()
193,CSE0001,소프트웨어가치탐구,1,2021,1,00,국제,3000,0,NONE,TBD,TBD,- (SW예비대학(국제캠퍼스 학생))
194,CSE0001,소프트웨어가치탐구,1,2021,1,01,국제,3000,0,NONE,TBD,TBD,- (SW예비대학(서울캠퍼스 학생))
195,CSE103,객체지향프로그래밍,1,2021,1,01,국제,200,0,NONE,OFFLINE,SCHEDULED,
196,CSE103,객체지향프로그래밍,1,2021,1,02,국제,90,0,NONE,OFFLINE,SCHEDULED,
197,CSE103,객체지향프로그래밍,1,2021,1,03,국제,50,0,NONE,OFFLINE,SCHEDULED,
198,CSE201,이산구조,2,2021,1,01,국제,60,0,NONE,OFFLINE,SCHEDULED,
199,CSE201,이산구조,2,2021,1,02,국제,60,0,PARTIAL,OFFLINE,SCHEDULED,
200,CSE203,컴퓨터구조,2,2021,1,01,국제,40,0,NONE,OFFLINE,SCHEDULED,
201,CSE203,컴퓨터구조,2,2021,1,02,국제,40,0,NONE,OFFLINE,SCHEDULED,
202,CSE203,컴퓨터구조,2,2021,1,03,국제,40,0,PARTIAL,OFFLINE,SCHEDULED,
203,CSE203,컴퓨터구조,2,2021,1,04,국제,40,0,PARTIAL,OFFLINE,SCHEDULED,
204,CSE204,자료구조,2,2021,1,01,국제,50,0,NONE,OFFLINE,SCHEDULED,
205,CSE204,자료구조,2,2021,1,02,국제,60,0,PARTIAL,OFFLINE,SCHEDULED,
206,CSE204,자료구조,2,2021,1,03,국제,54,0,PARTIAL,OFFLINE,SCHEDULED,
207,CSE223,오픈소스SW개발,2,2021,1,00,국제,70,0,NONE,OFFLINE,SCHEDULED,
208,CSE224,UI/UX프로그래밍,2,2021,1,00,국제,40,0,PARTIAL,OFFLINE,SCHEDULED,
209,CSE301,운영체제,3,2021,1,01,국제,60,0,PARTIAL,OFFLINE,SCHEDULED,
210,CSE301,운영체제,3,2021,1,02,국제,60,0,NONE,OFFLINE,SCHEDULED,
211,CSE302,컴퓨터네트워크,3,2021,1,01,국제,50,0,NONE,OFFLINE,SCHEDULED,
212,CSE302,컴퓨터네트워크,3,2021,1,02,국제,50,0,NONE,OFFLINE,SCHEDULED,
213,CSE302,컴퓨터네트워크,3,2021,1,03,국제,60,0,NONE,OFFLINE,SCHEDULED,
214,CSE304,알고리즘분석,3,2021,1,01,국제,70,0,NONE,OFFLINE,SCHEDULED,
215,CSE304,알고리즘분석,3,2021,1,02,국제,54,0,NONE,OFFLINE,SCHEDULED,
216,CSE305,데이터베이스,3,2021,1,00,국제,60,0,NONE,OFFLINE,SCHEDULED,
217,CSE305,데이터베이스,3,2021,1,01,국제,60,0,NONE,OFFLINE,SCHEDULED,
218,CSE308,IT기술영어2,3,2021,1,00,국제,80,0,FULL,OFFLINE,SCHEDULED,
219,CSE322,형식언어및컴파일러,3,2021,1,00,국제,40,0,NONE,OFFLINE,SCHEDULED,
220,CSE324,멀티미디어시스템,3,2021,1,00,국제,40,0,NONE,OFFLINE,SCHEDULED,
221,CSE327,소프트웨어공학,3,2021,1,00,국제,100,0,NONE,OFFLINE,SCHEDULED,
222,CSE330,SW스타트업비즈니스,3,2021,1,00,국제,50,0,NONE,OFFLINE,SCHEDULED,
223,CSE331,딥러닝,3,2021,1,00,국제,40,0,NONE,OFFLINE,SCHEDULED,
224,CSE335,클라우드컴퓨팅,3,2021,1,00,국제,40,0,NONE,OFFLINE,SCHEDULED,
225,CSE340,실전기계학습,3,2021,1,00,국제,40,0,NONE,OFFLINE,SCHEDULED,
226,CSE403,졸업논문(컴퓨터공학전공),4,2021,1,00,국제,200,0,NONE,TBD,TBD,- ()
227,CSE405,캡스톤디자인2,4,2021,1,00,국제,100,0,NONE,OFFLINE,SCHEDULED,
228,CSE406,캡스톤디자인1,4,2021,1,00,국제,97,0,NONE,OFFLINE,SCHEDULED,
229,CSE423,정보보호,4,2021,1,00,국제,40,0,NONE,OFFLINE,SCHEDULED,
230,CSE426,영상처리,4,2021,1,00,국제,40,0,PARTIAL,OFFLINE,SCHEDULED,
231,CSE428,컴퓨터그래픽스,4,2021,1,00,국제,60,0,NONE,OFFLINE,SCHEDULED,
232,CSE433,웹서비스프로그래밍,4,2021,1,00,국제,40,0,NONE,OFFLINE,SCHEDULED,
233,CSE436,최신기술프로젝트1,4,2021,1,00,국제,40,0,NONE,OFFLINE,SCHEDULED,
234,CSE438,최신기술콜로키움1,4,2021,1,00,국제,80,0,NONE,OFFLINE,SCHEDULED,
235,CSE440,IoT소프트웨어,4,2021,1,00,국제,40,0,FULL,OFFLINE,SCHEDULED,
236,CSE444,IoT네트워크,4,2021,1,00,국제,40,0,NONE,OFFLINE,SCHEDULED,
237,CSE495,독립심화학습1(컴퓨터공학),3,2021,1,00,국제,40,0,NONE,OFFLINE,SCHEDULED,
238,CSE496,연구연수활동1(컴퓨터공학),,2021,1,00,국제,10,0,NONE,TBD,TBD,- ()
239,DC201,3D모델링(소프트웨어융합학),2,2021,1,00,국제,30,0,PARTIAL,OFFLINE,SCHEDULED,
240,DC201,3D모델링(소프트웨어융합학),2,2021,1,01,국제,30,0,PARTIAL,OFFLINE,SCHEDULED,
241,DC205,스토리텔링(소프트웨어융합학),2,2021,1,00,국제,30,0,NONE,OFFLINE,SCHEDULED,
242,DC205,스토리텔링(소프트웨어융합학),2,2021,1,01,국제,30,0,NONE,OFFLINE,SCHEDULED,
243,DC207,사운드디자인(소프트웨어융합학),2,2021,1,00,국제,30,0,NONE,OFFLINE,SCHEDULED,
244,DC207,사운드디자인(소프트웨어융합학),2,2021,1,01,국제,30,0,NONE,OFFLINE,SCHEDULED,
245,DC302,모션그래픽스(소프트웨어융합학),3,2021,1,00,국제,35,0,NONE,OFFLINE,SCHEDULED,
246,DC304,게임학(소프트웨어융합학),3,2021,1,00,국제,55,0,NONE,OFFLINE,SCHEDULED,
247,DC304,게임학(소프트웨어융합학),3,2021,1,01,국제,45,0,NONE,OFFLINE,SCHEDULED,
248,EE209,논리회로(컴퓨터공학),2,2021,1,00,국제,55,0,NONE,OFFLINE,SCHEDULED,
249,EE209,논리회로(컴퓨터공학),2,2021,1,01,국제,50,0,NONE,OFFLINE,SCHEDULED,
250,EE209,논리회로(컴퓨터공학),2,2021,1,02,국제,60,0,NONE,OFFLINE,SCHEDULED,
251,EE209,논리회로(컴퓨터공학),2,2021,1,03,국제,55,0,NONE,OFFLINE,SCHEDULED,
252,EE209,논리회로(컴퓨터공학),2,2021,1,04,국제,60,0,NONE,OFFLINE,SCHEDULED,
253,EE209,논리회로(컴퓨터공학),2,2021,1,05,국제,60,0,NONE,OFFLINE,SCHEDULED,
254,EE210,신호와시스템(컴퓨터공학),2,2021,1,00,국제,45,0,NONE,OFFLINE,SCHEDULED,
255,EE210,신호와시스템(컴퓨터공학),2,2021,1,01,국제,45,0,NONE,OFFLINE,SCHEDULED,
256,EE210,신호와시스템(컴퓨터공학),2,2021,1,02,국제,45,0,NONE,OFFLINE,SCHEDULED,
257,EE210,신호와시스템(컴퓨터공학),2,2021,1,03,국제,45,0,NONE,OFFLINE,SCHEDULED,
258,EE211,확률및랜덤변수(컴퓨터공학),2,2021,1,00,국제,52,0,NONE,OFFLINE,SCHEDULED,
259,EE211,확률및랜덤변수(컴퓨터공학),2,2021,1,01,국제,52,0,NONE,OFFLINE,SCHEDULED,
260,EE211,확률및랜덤변수(컴퓨터공학),2,2021,1,02,국제,52,0,NONE,OFFLINE,SCHEDULED,
261,EE211,확률및랜덤변수(컴퓨터공학),2,2021,1,03,국제,52,0,NONE,OFFLINE,SCHEDULED,
262,EE211,확률및랜덤변수(컴퓨터공학),2,2021,1,04,국제,52,0,NONE,OFFLINE,SCHEDULED,
263,EE211,확률및랜덤변수(컴퓨터공학),2,2021,1,05,국제,52,0,NONE,OFFLINE,SCHEDULED,
264,EE341,디지털통신(소프트웨어융합학),3,2021,1,00,국제,45,0,NONE,OFFLINE,SCHEDULED,
265,EE341,디지털통신(소프트웨어융합학),3,2021,1,01,국제,45,0,NONE,OFFLINE,SCHEDULED,
266,EE341,디지털통신(소프트웨어융합학),3,2021,1,02,국제,45,0,NONE,OFFLINE,SCHEDULED,
267,EE342,디지털신호처리(소프트웨어융합학),3,2021,1,00,국제,48,0,NONE,OFFLINE,SCHEDULED,
268,EE342,디지털신호처리(소프트웨어융합학),3,2021,1,01,국제,40,0,NONE,OFFLINE,SCHEDULED,
269,IE301,경영과학1(소프트웨어융합학),3,2021,1,00,국제,50,0,NONE,OFFLINE,SCHEDULED,
270,IE301,경영과학1(소프트웨어융합학),3,2021,1,01,국제,50,0,NONE,OFFLINE,SCHEDULED,
271,IE306,데이터마이닝(소프트웨어융합학),3,2021,1,00,국제,30,0,PARTIAL,OFFLINE,SCHEDULED,
272,IE306,데이터마이닝(소프트웨어융합학),3,2021,1,01,국제,30,0,PARTIAL,OFFLINE,SCHEDULED,
273,IE414,금융공학(소프트웨어융합학),4,2021,1,00,국제,91,0,FULL,OFFLINE,SCHEDULED,
274,IE419,서비스데이터사이언스(소프트웨어융합학),,2021,1,00,국제,30,0,NONE,OFFLINE,SCHEDULED,
275,ME375,메카트로닉스(소프트웨어융합학),3,2021,1,01,국제,60,0,NONE,OFFLINE,SCHEDULED,
276,ME380,시스템동역학(소프트웨어융합학),3,2021,1,01,국제,35,0,NONE,OFFLINE,SCHEDULED,
277,ME380,시스템동역학(소프트웨어융합학),3,2021,1,02,국제,35,0,FULL,OFFLINE,SCHEDULED,
278,ME475,로봇공학(소프트웨어융합학),4,2021,1,01,국제,60,0,NONE,OFFLINE,SCHEDULED,
279,SWCON103,디자인적사고,1,2021,1,00,국제,40,0,NONE,OFFLINE,SCHEDULED,
280,SWCON104,웹/파이선프로그래밍,1,2021,1,00,국제,180,0,PARTIAL,OFFLINE,SCHEDULED,
281,SWCON104,웹/파이선프로그래밍,1,2021,1,01,국제,180,0,PARTIAL,OFFLINE,SCHEDULED,
282,SWCON201,소프트웨어개발방법및도구,2,2021,1,00,국제,100,0,PARTIAL,OFFLINE,SCHEDULED,
283,SWCON221,데이터센터프로그래밍,2,2021,1,00,국제,50,0,PARTIAL,OFFLINE,SCHEDULED,
284,SWCON253,기계학습,2,2021,1,00,국제,40,0,PARTIAL,OFFLINE,SCHEDULED,
285,SWCON253,기계학습,2,2021,1,01,국제,40,0,NONE,OFFLINE,SCHEDULED,
286,SWCON254,회로와신호,2,2021,1,00,국제,20,0,PARTIAL,OFFLINE,SCHEDULED,
287,SWCON311,게임그래픽프로그래밍,3,2021,1,00,국제,40,0,PARTIAL,OFFLINE,SCHEDULED,
288,SWCON314,게임공학,3,2021,1,00,국제,40,0,PARTIAL,OFFLINE,SCHEDULED,
289,SWCON321,데이터분석캡스톤디자인,3,2021,1,00,국제,50,0,NONE,OFFLINE,SCHEDULED,
290,SWCON332,미래자동차·로봇캡스톤디자인,3,2021,1,00,국제,10,0,NONE,OFFLINE,SCHEDULED,
291,SWCON341,융합연구3,3,2021,1,00,국제,20,0,NONE,OFFLINE,SCHEDULED,
292,SWCON363,독립심화학습1(소프트웨어융합학과),3,2021,1,01,국제,1,0,NONE,OFFLINE,SCHEDULED,
293,SWCON366,로봇센서데이터처리,3,2021,1,00,국제,20,0,PARTIAL,OFFLINE,SCHEDULED,
294,SWCON367,게임콘텐츠캡스톤디자인,3,2021,1,00,국제,40,0,PARTIAL,OFFLINE,SCHEDULED,
295,SWCON401,소프트웨어융합캡스톤디자인,4,2021,1,00,국제,50,0,NONE,OFFLINE,SCHEDULED,
296,SWCON402,졸업논문(소프트웨어융합),4,2021,1,00,국제,50,0,NONE,OFFLINE,SCHEDULED,
297,CSE103,객체지향프로그래밍,1,2021,2,00,국제,140,0,NONE,OFFLINE,SCHEDULED,
298,CSE103,객체지향프로그래밍,1,2021,2,01,국제,100,0,NONE,OFFLINE,SCHEDULED,
299,CSE201,이산구조,2,2021,2,00,국제,40,0,NONE,OFFLINE,SCHEDULED,
300,CSE201,이산구조,2,2021,2,01,국제,40,0,PARTIAL,OFFLINE,SCHEDULED,
301,CSE203,컴퓨터구조,2,2021,2,00,국제,80,0,PARTIAL,OFFLINE,SCHEDULED,
302,CSE203,컴퓨터구조,2,2021,2,01,국제,80,0,PARTIAL,OFFLINE,SCHEDULED,
303,CSE204,자료구조,2,2021,2,00,국제,60,0,PARTIAL,OFFLINE,SCHEDULED,
304,CSE204,자료구조,2,2021,2,01,국제,60,0,PARTIAL,OFFLINE,SCHEDULED,
305,CSE204,자료구조,2,2021,2,02,국제,60,0,NONE,OFFLINE,SCHEDULED,
306,CSE208,IT기술영어1,2,2021,2,00,국제,80,0,FULL,OFFLINE,SCHEDULED,
307,CSE223,오픈소스SW개발,2,2021,2,00,국제,80,0,NONE,OFFLINE,SCHEDULED,
308,CSE301,운영체제,3,2021,2,00,국제,60,0,NONE,OFFLINE,SCHEDULED,
309,CSE301,운영체제,3,2021,2,01,국제,70,0,PARTIAL,OFFLINE,SCHEDULED,
310,CSE302,컴퓨터네트워크,3,2021,2,00,국제,60,0,PARTIAL,OFFLINE,SCHEDULED,
311,CSE302,컴퓨터네트워크,3,2021,2,01,국제,60,0,NONE,OFFLINE,SCHEDULED,
312,CSE302,컴퓨터네트워크,3,2021,2,02,국제,60,0,NONE,OFFLINE,SCHEDULED,
313,CSE303,시스템분석및설계,3,2021,2,00,국제,40,0,NONE,OFFLINE,SCHEDULED,
314,CSE304,알고리즘분석,3,2021,2,00,국제,60,0,NONE,OFFLINE,SCHEDULED,
315,CSE304,알고리즘분석,3,2021,2,01,국제,60,0,NONE,OFFLINE,SCHEDULED,
316,CSE305,데이터베이스,3,2021,2,00,국제,60,0,NONE,OFFLINE,SCHEDULED,
317,CSE305,데이터베이스,3,2021,2,01,국제,60,0,NONE,OFFLINE,SCHEDULED,
318,CSE309,IT기술영어3,3,2021,2,00,국제,80,0,FULL,OFFLINE,SCHEDULED,
319,CSE327,소프트웨어공학,3,2021,2,00,국제,120,0,PARTIAL,OFFLINE,SCHEDULED,
320,CSE328,프로그래밍언어구조론,3,2021,2,00,국제,40,0,NONE,OFFLINE,SCHEDULED,
321,CSE331,딥러닝,3,2021,2,00,국제,50,0,PARTIAL,OFFLINE,SCHEDULED,
322,CSE332,리눅스시스템프로그래밍,3,2021,2,00,국제,54,0,NONE,OFFLINE,SCHEDULED,
323,CSE334,SW스타트업프로젝트,3,2021,2,00,국제,40,0,NONE,OFFLINE,SCHEDULED,
324,CSE340,실전기계학습,3,2021,2,00,국제,40,0,NONE,OFFLINE,SCHEDULED,
325,CSE403,졸업논문(컴퓨터공학전공),4,2021,2,00,국제,200,0,NONE,TBD,TBD,- ()
326,CSE405,캡스톤디자인2,4,2021,2,00,국제,100,0,NONE,OFFLINE,SCHEDULED,
327,CSE406,캡스톤디자인1,4,2021,2,00,국제,120,0,NONE,OFFLINE,SCHEDULED,
328,CSE430,멀티미디어처리,4,2021,2,00,국제,40,0,NONE,OFFLINE,SCHEDULED,
329,CSE431,인간-컴퓨터상호작용,4,2021,2,00,국제,40,0,PARTIAL,OFFLINE,SCHEDULED,
330,CSE434,빅데이터프로그래밍,4,2021,2,00,국제,40,0,NONE,OFFLINE,SCHEDULED,
331,CSE435,모바일프로그래밍,4,2021,2,00,국제,40,0,NONE,OFFLINE,SCHEDULED,
332,CSE437,최신기술프로젝트2,4,2021,2,00,국제,40,0,NONE,OFFLINE,SCHEDULED,
333,CSE441,컴퓨터비젼,4,2021,2,00,국제,50,0,NONE,OFFLINE,SCHEDULED,
334,CSE497,연구연수활동2(컴퓨터공학),4,2021,2,00,국제,200,0,NONE,TBD,TBD,- ()
335,CSE499,독립심화학습2(컴퓨터공학과),3,2021,2,00,국제,3,0,NONE,OFFLINE,SCHEDULED,
336,DC203,인터랙션디자인(소프트웨어융합학),2,2021,2,00,국제,30,0,NONE,OFFLINE,SCHEDULED,
337,DC211,3D애니메이션(소프트웨어융합학),2,2021,2,00,국제,20,0,PARTIAL,OFFLINE,SCHEDULED,
338,DC211,3D애니메이션(소프트웨어융합학),2,2021,2,01,국제,20,0,NONE,OFFLINE,SCHEDULED,
339,DC318,게임디자인(소프트웨어융합학),3,2021,2,00,국제,30,0,NONE,OFFLINE,SCHEDULED,
340,EE209,논리회로(컴퓨터공학),2,2021,2,00,국제,50,0,NONE,OFFLINE,SCHEDULED,
341,EE209,논리회로(컴퓨터공학),2,2021,2,02,국제,50,0,NONE,OFFLINE,SCHEDULED,
342,EE209,논리회로(컴퓨터공학),2,2021,2,03,국제,51,0,FULL,OFFLINE,SCHEDULED,
343,EE210,신호와시스템(컴퓨터공학),3,2021,2,00,국제,60,0,NONE,OFFLINE,SCHEDULED,
344,EE210,신호와시스템(컴퓨터공학),3,2021,2,01,국제,60,0,NONE,OFFLINE,SCHEDULED,
345,EE210,신호와시스템(컴퓨터공학),3,2021,2,02,국제,60,0,PARTIAL,OFFLINE,SCHEDULED,
346,EE211,확률및랜덤변수(컴퓨터공학),2,2021,2,00,국제,60,0,NONE,OFFLINE,SCHEDULED,
347,EE211,확률및랜덤변수(컴퓨터공학),2,2021,2,01,국제,50,0,NONE,OFFLINE,SCHEDULED,
348,EE211,확률및랜덤변수(컴퓨터공학),2,2021,2,02,국제,60,0,NONE,OFFLINE,SCHEDULED,
349,EE341,디지털통신(소프트웨어융합학),3,2021,2,00,국제,50,0,NONE,OFFLINE,SCHEDULED,
350,EE341,디지털통신(소프트웨어융합학),3,2021,2,01,국제,50,0,NONE,OFFLINE,SCHEDULED,
351,EE342,디지털신호처리(소프트웨어융합학),3,2021,2,00,국제,50,0,NONE,OFFLINE,SCHEDULED,
352,EE342,디지털신호처리(소프트웨어융합학),3,2021,2,01,국제,50,0,NONE,OFFLINE,SCHEDULED,
353,EE342,디지털신호처리(소프트웨어융합학),3,2021,2,02,국제,50,0,NONE,OFFLINE,SCHEDULED,
354,IE208,응용통계학(소프트웨어융합학),2,2021,2,00,국제,80,0,PARTIAL,OFFLINE,SCHEDULED,
355,IE215,데이터사이언스(소프트웨어융합학),2,2021,2,00,국제,30,0,PARTIAL,OFFLINE,SCHEDULED,
356,IE215,데이터사이언스(소프트웨어융합학),2,2021,2,01,국제,30,0,PARTIAL,OFFLINE,SCHEDULED,
357,IE302,경영과학2(소프트웨어융합학),3,2021,2,00,국제,68,0,NONE,OFFLINE,SCHEDULED,
358,IE425,의사결정론(소프트웨어융합학),4,2021,2,00,국제,60,0,NONE,OFFLINE,SCHEDULED,
359,ME271,동역학(소프트웨어융합학),2,2021,2,01,국제,55,0,NONE,OFFLINE,SCHEDULED,
360,ME271,동역학(소프트웨어융합학),2,2021,2,02,국제,55,0,NONE,OFFLINE,SCHEDULED,
361,ME271,동역학(소프트웨어융합학),2,2021,2,03,국제,55,0,PARTIAL,OFFLINE,SCHEDULED,
362,ME271,동역학(소프트웨어융합학),2,2021,2,04,국제,55,0,NONE,OFFLINE,SCHEDULED,
363,ME275,전기전자회로(소프트웨어융합학),23,2021,2,01,국제,53,0,NONE,OFFLINE,SCHEDULED,
364,ME275,전기전자회로(소프트웨어융합학),23,2021,2,02,국제,55,0,NONE,OFFLINE,SCHEDULED,
365,ME276,계측공학(소프트웨어융합학),2,2021,2,01,국제,70,0,NONE,OFFLINE,SCHEDULED,
366,ME276,계측공학(소프트웨어융합학),2,2021,2,02,국제,70,0,NONE,OFFLINE,SCHEDULED,
367,ME376,자동제어(소프트웨어융합학),3,2021,2,01,국제,50,0,PARTIAL,OFFLINE,SCHEDULED,
368,SWCON101,소프트웨어융합개론,1,2021,2,00,국제,80,0,PARTIAL,OFFLINE,SCHEDULED,
369,SWCON103,디자인적사고,1,2021,2,00,국제,40,0,NONE,OFFLINE,SCHEDULED,
370,SWCON103,디자인적사고,1,2021,2,01,국제,40,0,NONE,OFFLINE,SCHEDULED,
371,SWCON103,디자인적사고,1,2021,2,02,국제,40,0,NONE,OFFLINE,SCHEDULED,
372,SWCON103,디자인적사고,1,2021,2,03,국제,40,0,NONE,OFFLINE,SCHEDULED,
373,SWCON104,웹/파이선프로그래밍,1,2021,2,00,국제,180,0,PARTIAL,OFFLINE,SCHEDULED,
374,SWCON104,웹/파이선프로그래밍,1,2021,2,01,국제,180,0,PARTIAL,OFFLINE,SCHEDULED,
375,SWCON211,게임프로그래밍입문,2,2021,2,00,국제,50,0,NONE,OFFLINE,SCHEDULED,
376,SWCON212,게임PX디자인,2,2021,2,00,국제,50,0,PARTIAL,OFFLINE,SCHEDULED,
377,SWCON221,데이터센터프로그래밍,2,2021,2,00,국제,40,0,PARTIAL,OFFLINE,SCHEDULED,
378,SWCON242,융합연구2,2,2021,2,00,국제,20,0,NONE,OFFLINE,SCHEDULED,
379,SWCON253,기계학습,2,2021,2,00,국제,60,0,PARTIAL,OFFLINE,SCHEDULED,
380,SWCON253,기계학습,2,2021,2,01,국제,40,0,PARTIAL,OFFLINE,SCHEDULED,
381,SWCON255,기초실감미디어프로그래밍,2,2021,2,00,국제,30,0,PARTIAL,OFFLINE,SCHEDULED,
382,SWCON302,최신기술콜로키움2,3,2021,2,00,국제,120,0,NONE,OFFLINE,SCHEDULED,
383,SWCON313,가상/증강현실이론및실습,3,2021,2,00,국제,40,0,PARTIAL,OFFLINE,SCHEDULED,
384,SWCON321,데이터분석캡스톤디자인,3,2021,2,00,국제,40,0,NONE,OFFLINE,SCHEDULED,
385,SWCON321,데이터분석캡스톤디자인,3,2021,2,01,국제,40,0,NONE,OFFLINE,SCHEDULED,
386,SWCON322,고급데이터마이닝,3,2021,2,00,국제,40,0,PARTIAL,OFFLINE,SCHEDULED,
387,SWCON331,로봇프로그래밍,3,2021,2,00,국제,20,0,PARTIAL,OFFLINE,SCHEDULED,
388,SWCON332,미래자동차·로봇캡스톤디자인,3,2021,2,00,국제,10,0,NONE,OFFLINE,SCHEDULED,
389,SWCON364,독립심화학습2(소프트웨어융합학과),3,2021,2,00,국제,1,0,NONE,OFFLINE,SCHEDULED,
390,SWCON367,게임콘텐츠캡스톤디자인,3,2021,2,00,국제,30,0,NONE,OFFLINE,SCHEDULED,
391,SWCON401,소프트웨어융합캡스톤디자인,4,2021,2,00,국제,40,0,NONE,OFFLINE,SCHEDULED,
392,SWCON402,졸업논문(소프트웨어융합),4,2021,2,00,국제,50,0,NONE,OFFLINE,SCHEDULED,
393,SWCON425,데이터사이언스및시각화,4,2021,2,00,국제,30,0,PARTIAL,OFFLINE,SCHEDULED,
394,SWCON442,융합연구6,4,2021,2,00,국제,20,0,NONE,OFFLINE,SCHEDULED,
395,SWCON492,풀스택서비스네트워킹,2,2021,2,00,국제,40,0,NONE,OFFLINE,SCHEDULED,
396,CSE103,객체지향프로그래밍,1,2021,summer,00,국제,40,0,NONE,OFFLINE,SCHEDULED,
397,SWCON104,웹/파이선프로그래밍,1,2021,summer,00,국제,50,0,NONE,OFFLINE,SCHEDULED,
398,CSE103,객체지향프로그래밍,1,2021,winter,00,국제,40,0,NONE,OFFLINE,SCHEDULED,
399,SWCON104,웹/파이선프로그래밍,1,2021,winter,00,국제,50,0,NONE,OFFLINE,SCHEDULED,
400,AI1001,인공지능개론,1,2022,1,00,국제,40,0,NONE,OFFLINE,SCHEDULED,
401,CSE0001,소프트웨어가치탐구,1,2022,1,00,국제,3000,0,NONE,TBD,TBD,- (SW예비대학(국제캠퍼스 학생))
402,CSE0001,소프트웨어가치탐구,1,2022,1,01,국제,3000,0,NONE,TBD,TBD,- (SW예비대학(서울캠퍼스 학생))
403,CSE103,객체지향프로그래밍,1,2022,1,00,국제,155,0,NONE,OFFLINE,SCHEDULED,
404,CSE103,객체지향프로그래밍,1,2022,1,01,국제,105,0,NONE,OFFLINE,SCHEDULED,
405,CSE201,이산구조,2,2022,1,00,국제,50,0,PARTIAL,OFFLINE,SCHEDULED,
406,CSE201,이산구조,2,2022,1,01,국제,60,0,NONE,OFFLINE,SCHEDULED,
407,CSE203,컴퓨터구조,2,2022,1,00,국제,80,0,PARTIAL,OFFLINE,SCHEDULED,
408,CSE203,컴퓨터구조,2,2022,1,01,국제,80,0,PARTIAL,OFFLINE,SCHEDULED,
409,CSE203,컴퓨터구조,2,2022,1,02,국제,40,0,NONE,OFFLINE,SCHEDULED,
410,CSE204,자료구조,2,2022,1,00,국제,40,0,PARTIAL,OFFLINE,SCHEDULED,
411,CSE204,자료구조,2,2022,1,01,국제,40,0,PARTIAL,OFFLINE,SCHEDULED,
412,CSE204,자료구조,2,2022,1,02,국제,40,0,NONE,OFFLINE,SCHEDULED,
413,CSE223,오픈소스SW개발,2,2022,1,00,국제,80,0,NONE,OFFLINE,SCHEDULED,
414,CSE224,UI/UX프로그래밍,2,2022,1,00,국제,60,0,PARTIAL,OFFLINE,SCHEDULED,
415,CSE301,운영체제,3,2022,1,00,국제,60,0,NONE,OFFLINE,SCHEDULED,
416,CSE301,운영체제,3,2022,1,01,국제,60,0,PARTIAL,OFFLINE,SCHEDULED,
417,CSE301,운영체제,3,2022,1,02,국제,60,0,PARTIAL,OFFLINE,SCHEDULED,
418,CSE302,컴퓨터네트워크,3,2022,1,00,국제,60,0,PARTIAL,OFFLINE,SCHEDULED,
419,CSE302,컴퓨터네트워크,3,2022,1,01,국제,60,0,NONE,OFFLINE,SCHEDULED,
420,CSE302,컴퓨터네트워크,3,2022,1,02,국제,60,0,NONE,OFFLINE,SCHEDULED,
421,CSE304,알고리즘분석,3,2022,1,00,국제,60,0,NONE,OFFLINE,SCHEDULED,
422,CSE304,알고리즘분석,3,2022,1,01,국제,60,0,NONE,OFFLINE,SCHEDULED,
423,CSE305,데이터베이스,3,2022,1,00,국제,60,0,NONE,OFFLINE,SCHEDULED,
424,CSE305,데이터베이스,3,2022,1,01,국제,60,0,NONE,OFFLINE,SCHEDULED,
425,CSE308,IT기술영어2,3,2022,1,00,국제,80,0,FULL,OFFLINE,SCHEDULED,
426,CSE324,멀티미디어시스템,3,2022,1,00,국제,40,0,NONE,OFFLINE,SCHEDULED,
427,CSE327,소프트웨어공학,3,2022,1,00,국제,100,0,PARTIAL,OFFLINE,SCHEDULED,
428,CSE330,SW스타트업비즈니스,3,2022,1,00,국제,50,0,NONE,OFFLINE,SCHEDULED,
429,CSE331,딥러닝,3,2022,1,00,국제,50,0,PARTIAL,OFFLINE,SCHEDULED,
430,CSE335,클라우드컴퓨팅,3,2022,1,00,국제,48,0,NONE,OFFLINE,SCHEDULED,
431,CSE340,실전기계학습,3,2022,1,00,국제,40,0,PARTIAL,OFFLINE,SCHEDULED,
432,CSE403,졸업논문(컴퓨터공학전공),4,2022,1,00,국제,200,0,NONE,TBD,TBD,월 - ()
433,CSE405,캡스톤디자인2,4,2022,1,00,국제,100,0,NONE,OFFLINE,SCHEDULED,
434,CSE406,캡스톤디자인1,4,2022,1,00,국제,100,0,NONE,OFFLINE,SCHEDULED,
435,CSE423,정보보호,4,2022,1,00,국제,40,0,NONE,OFFLINE,SCHEDULED,
436,CSE426,영상처리,4,2022,1,00,국제,40,0,PARTIAL,OFFLINE,SCHEDULED,
437,CSE428,컴퓨터그래픽스,4,2022,1,00,국제,60,0,NONE,OFFLINE,SCHEDULED,
438,CSE433,웹서비스프로그래밍,4,2022,1,00,국제,40,0,NONE,OFFLINE,SCHEDULED,
439,CSE436,최신기술프로젝트1,4,2022,1,00,국제,40,0,NONE,OFFLINE,SCHEDULED,
440,CSE438,최신기술콜로키움1,4,2022,1,00,국제,110,0,NONE,OFFLINE,SCHEDULED,
441,CSE440,IoT소프트웨어,4,2022,1,00,국제,40,0,NONE,OFFLINE,SCHEDULED,
442,CSE495,독립심화학습1(컴퓨터공학),3,2022,1,00,국제,3,0,NONE,OFFLINE,SCHEDULED,
443,CSE495,독립심화학습1(컴퓨터공학),3,2022,1,01,국제,3,0,NONE,OFFLINE,SCHEDULED,
444,CSE496,연구연수활동1(컴퓨터공학),4,2022,1,00,국제,10,0,NONE,TBD,TBD,수 - ()
445,DC201,3D모델링(소프트웨어융합학),2,2022,1,00,국제,40,0,PARTIAL,OFFLINE,SCHEDULED,
446,DC201,3D모델링(소프트웨어융합학),2,2022,1,01,국제,40,0,PARTIAL,OFFLINE,SCHEDULED,
447,DC205,스토리텔링(소프트웨어융합학),2,2022,1,00,국제,20,0,NONE,OFFLINE,SCHEDULED,
448,DC205,스토리텔링(소프트웨어융합학),2,2022,1,01,국제,20,0,NONE,OFFLINE,SCHEDULED,
449,DC207,사운드디자인(소프트웨어융합학),2,2022,1,00,국제,30,0,NONE,OFFLINE,SCHEDULED,
450,DC302,모션그래픽스(소프트웨어융합학),3,2022,1,00,국제,35,0,NONE,OFFLINE,SCHEDULED,
451,DC304,게임학(소프트웨어융합학),3,2022,1,00,국제,20,0,NONE,OFFLINE,SCHEDULED,
452,DC304,게임학(소프트웨어융합학),3,2022,1,01,국제,20,0,NONE,OFFLINE,SCHEDULED,
453,EE209,논리회로(컴퓨터공학),2,2022,1,00,국제,50,0,NONE,OFFLINE,SCHEDULED,
454,EE209,논리회로(컴퓨터공학),2,2022,1,01,국제,50,0,PARTIAL,OFFLINE,SCHEDULED,
455,EE209,논리회로(컴퓨터공학),2,2022,1,02,국제,45,0,NONE,OFFLINE,SCHEDULED,
456,EE209,논리회로(컴퓨터공학),2,2022,1,03,국제,50,0,NONE,OFFLINE,SCHEDULED,
457,EE209,논리회로(컴퓨터공학),2,2022,1,04,국제,60,0,FULL,OFFLINE,SCHEDULED,
458,EE209,논리회로(컴퓨터공학),2,2022,1,05,국제,60,0,NONE,OFFLINE,SCHEDULED,
459,EE210,신호와시스템(컴퓨터공학),2,2022,1,00,국제,45,0,PARTIAL,OFFLINE,SCHEDULED,
460,EE210,신호와시스템(컴퓨터공학),2,2022,1,01,국제,45,0,PARTIAL,OFFLINE,SCHEDULED,
461,EE210,신호와시스템(컴퓨터공학),2,2022,1,02,국제,45,0,NONE,OFFLINE,SCHEDULED,
462,EE210,신호와시스템(컴퓨터공학),2,2022,1,03,국제,45,0,NONE,OFFLINE,SCHEDULED,
463,EE211,확률및랜덤변수(컴퓨터공학),2,2022,1,00,국제,52,0,NONE,OFFLINE,SCHEDULED,
464,EE211,확률및랜덤변수(컴퓨터공학),2,2022,1,01,국제,52,0,NONE,OFFLINE,SCHEDULED,
465,EE211,확률및랜덤변수(컴퓨터공학),2,2022,1,02,국제,52,0,NONE,OFFLINE,SCHEDULED,
466,EE211,확률및랜덤변수(컴퓨터공학),2,2022,1,03,국제,52,0,NONE,OFFLINE,SCHEDULED,
467,EE211,확률및랜덤변수(컴퓨터공학),2,2022,1,04,국제,52,0,NONE,OFFLINE,SCHEDULED,
468,EE211,확률및랜덤변수(컴퓨터공학),2,2022,1,05,국제,52,0,PARTIAL,OFFLINE,SCHEDULED,
469,EE341,디지털통신(소프트웨어융합학),3,2022,1,00,국제,45,0,NONE,OFFLINE,SCHEDULED,
470,EE341,디지털통신(소프트웨어융합학),3,2022,1,01,국제,45,0,NONE,OFFLINE,SCHEDULED,
471,EE341,디지털통신(소프트웨어융합학),3,2022,1,02,국제,45,0,NONE,OFFLINE,SCHEDULED,
472,EE342,디지털신호처리(소프트웨어융합학),3,2022,1,00,국제,48,0,NONE,OFFLINE,SCHEDULED,
473,EE342,디지털신호처리(소프트웨어융합학),3,2022,1,01,국제,40,0,NONE,OFFLINE,SCHEDULED,
474,IE301,경영과학1(소프트웨어융합학),3,2022,1,00,국제,55,0,NONE,OFFLINE,SCHEDULED,
475,IE301,경영과학1(소프트웨어융합학),3,2022,1,01,국제,55,0,NONE,OFFLINE,SCHEDULED,
476,IE306,데이터마이닝(소프트웨어융합학),3,2022,1,00,국제,20,0,PARTIAL,OFFLINE,SCHEDULED,
477,IE306,데이터마이닝(소프트웨어융합학),3,2022,1,01,국제,20,0,PARTIAL,OFFLINE,SCHEDULED,
478,IE419,서비스데이터사이언스(소프트웨어융합학),4,2022,1,00,국제,20,0,NONE,OFFLINE,SCHEDULED,
479,ME375,메카트로닉스(소프트웨어융합학),3,2022,1,01,국제,60,0,NONE,OFFLINE,SCHEDULED,
480,ME380,시스템동역학(소프트웨어융합학),3,2022,1,01,국제,33,0,NONE,OFFLINE,SCHEDULED,
481,ME380,시스템동역학(소프트웨어융합학),3,2022,1,02,국제,45,0,PARTIAL,OFFLINE,SCHEDULED,
482,ME475,로봇공학(소프트웨어융합학),34,2022,1,01,국제,65,0,NONE,OFFLINE,SCHEDULED,
483,SWCON103,디자인적사고,1,2022,1,00,국제,40,0,NONE,OFFLINE,SCHEDULED,
484,SWCON104,웹/파이선프로그래밍,1,2022,1,00,국제,180,0,PARTIAL,OFFLINE,SCHEDULED,
485,SWCON104,웹/파이선프로그래밍,1,2022,1,01,국제,180,0,PARTIAL,OFFLINE,SCHEDULED,
486,SWCON201,소프트웨어개발방법및도구,2,2022,1,00,국제,100,0,PARTIAL,OFFLINE,SCHEDULED,
487,SWCON221,데이터센터프로그래밍,2,2022,1,00,국제,50,0,PARTIAL,OFFLINE,SCHEDULED,
488,SWCON241,융합연구1,2,2022,1,00,국제,20,0,NONE,OFFLINE,SCHEDULED,
489,SWCON253,기계학습,2,2022,1,00,국제,40,0,PARTIAL,OFFLINE,SCHEDULED,
490,SWCON253,기계학습,2,2022,1,01,국제,50,0,PARTIAL,OFFLINE,SCHEDULED,
491,SWCON254,회로와신호,2,2022,1,00,국제,40,0,NONE,OFFLINE,SCHEDULED,
492,SWCON311,게임그래픽프로그래밍,3,2022,1,00,국제,40,0,PARTIAL,OFFLINE,SCHEDULED,
493,SWCON312,체감형기술이론및실습,3,2022,1,00,국제,20,0,PARTIAL,OFFLINE,SCHEDULED,
494,SWCON314,게임공학,3,2022,1,00,국제,40,0,PARTIAL,OFFLINE,SCHEDULED,
495,SWCON321,데이터분석캡스톤디자인,3,2022,1,00,국제,50,0,NONE,OFFLINE,SCHEDULED,
496,SWCON321,데이터분석캡스톤디자인,3,2022,1,01,국제,5,0,NONE,OFFLINE,SCHEDULED,
497,SWCON332,미래자동차·로봇캡스톤디자인,3,2022,1,00,국제,10,0,NONE,OFFLINE,SCHEDULED,
498,SWCON341,융합연구3,3,2022,1,00,국제,20,0,NONE,OFFLINE,SCHEDULED,
499,SWCON363,독립심화학습1(소프트웨어융합학과),3,2022,1,00,국제,1,0,NONE,OFFLINE,SCHEDULED,
500,SWCON363,독립심화학습1(소프트웨어융합학과),3,2022,1,01,국제,1,0,NONE,OFFLINE,SCHEDULED,
501,SWCON366,로봇센서데이터처리,3,2022,1,00,국제,20,0,PARTIAL,OFFLINE,SCHEDULED,
502,SWCON367,게임콘텐츠캡스톤디자인,3,2022,1,00,국제,40,0,PARTIAL,OFFLINE,SCHEDULED,
503,SWCON368,실감미디어캡스톤디자인,3,2022,1,00,국제,20,0,NONE,OFFLINE,SCHEDULED,
504,SWCON401,소프트웨어융합캡스톤디자인,4,2022,1,00,국제,40,0,NONE,OFFLINE,SCHEDULED,
505,SWCON401,소프트웨어융합캡스톤디자인,4,2022,1,01,국제,40,0,NONE,OFFLINE,SCHEDULED,
506,SWCON402,졸업논문(소프트웨어융합),4,2022,1,00,국제,60,0,NONE,OFFLINE,SCHEDULED,
507,SWCON441,융합연구5,4,2022,1,00,국제,40,0,NONE,OFFLINE,SCHEDULED,
508,SWCON491,인공지능과게임프로그래밍,3,2022,1,00,국제,40,0,NONE,OFFLINE,SCHEDULED,
509,SWCON492,풀스택서비스네트워킹,2,2022,1,00,국제,40,0,NONE,OFFLINE,SCHEDULED,
510,AI1002,인공지능프로그래밍,1,2022,2,00,국제,40,0,NONE,OFFLINE,SCHEDULED,
511,AI1003,인공지능수학,1,2022,2,00,국제,50,0,NONE,OFFLINE,SCHEDULED,
512,CSE103,객체지향프로그래밍,1,2022,2,00,국제,120,0,NONE,OFFLINE,SCHEDULED,
513,CSE103,객체지향프로그래밍,1,2022,2,01,국제,100,0,NONE,OFFLINE,SCHEDULED,
514,CSE201,이산구조,2,2022,2,01,국제,80,0,PARTIAL,OFFLINE,SCHEDULED,
515,CSE203,컴퓨터구조,2,2022,2,00,국제,80,0,PARTIAL,OFFLINE,SCHEDULED,
516,CSE203,컴퓨터구조,2,2022,2,01,국제,80,0,PARTIAL,OFFLINE,SCHEDULED,
517,CSE204,자료구조,2,2022,2,00,국제,80,0,NONE,OFFLINE,SCHEDULED,
518,CSE204,자료구조,2,2022,2,01,국제,80,0,PARTIAL,OFFLINE,SCHEDULED,
519,CSE208,IT기술영어1,2,2022,2,00,국제,80,0,FULL,OFFLINE,SCHEDULED,
520,CSE223,오픈소스SW개발,2,2022,2,00,국제,80,0,NONE,OFFLINE,SCHEDULED,
521,CSE301,운영체제,3,2022,2,00,국제,60,0,NONE,OFFLINE,SCHEDULED,
522,CSE301,운영체제,3,2022,2,01,국제,60,0,PARTIAL,OFFLINE,SCHEDULED,
523,CSE302,컴퓨터네트워크,3,2022,2,00,국제,60,0,NONE,OFFLINE,SCHEDULED,
524,CSE302,컴퓨터네트워크,3,2022,2,01,국제,60,0,NONE,OFFLINE,SCHEDULED,
525,CSE302,컴퓨터네트워크,3,2022,2,02,국제,60,0,PARTIAL,OFFLINE,SCHEDULED,
526,CSE302,컴퓨터네트워크,3,2022,2,03,국제,60,0,NONE,OFFLINE,SCHEDULED,
527,CSE304,알고리즘분석,3,2022,2,00,국제,60,0,NONE,OFFLINE,SCHEDULED,
528,CSE304,알고리즘분석,3,2022,2,01,국제,60,0,NONE,OFFLINE,SCHEDULED,
529,CSE305,데이터베이스,3,2022,2,00,국제,60,0,NONE,OFFLINE,SCHEDULED,
530,CSE305,데이터베이스,3,2022,2,01,국제,60,0,NONE,OFFLINE,SCHEDULED,
531,CSE309,IT기술영어3,3,2022,2,00,국제,80,0,FULL,OFFLINE,SCHEDULED,
532,CSE327,소프트웨어공학,3,2022,2,00,국제,120,0,NONE,OFFLINE,SCHEDULED,
533,CSE328,프로그래밍언어구조론,3,2022,2,00,국제,40,0,NONE,OFFLINE,SCHEDULED,
534,CSE331,딥러닝,3,2022,2,00,국제,40,0,NONE,OFFLINE,SCHEDULED,
535,CSE332,리눅스시스템프로그래밍,3,2022,2,00,국제,40,0,NONE,OFFLINE,SCHEDULED,
536,CSE334,SW스타트업프로젝트,3,2022,2,00,국제,40,0,NONE,OFFLINE,SCHEDULED,
537,CSE403,졸업논문(컴퓨터공학전공),4,2022,2,00,국제,200,0,NONE,TBD,TBD,금 - ()
538,CSE405,캡스톤디자인2,4,2022,2,00,국제,100,0,NONE,OFFLINE,SCHEDULED,
539,CSE405,캡스톤디자인2,4,2022,2,01,국제,100,0,NONE,OFFLINE,SCHEDULED,
540,CSE405,캡스톤디자인2,4,2022,2,02,국제,100,0,NONE,OFFLINE,SCHEDULED,
541,CSE405,캡스톤디자인2,4,2022,2,03,국제,100,0,NONE,OFFLINE,SCHEDULED,
542,CSE405,캡스톤디자인2,4,2022,2,04,국제,100,0,NONE,OFFLINE,SCHEDULED,
543,CSE406,캡스톤디자인1,4,2022,2,00,국제,100,0,NONE,OFFLINE,SCHEDULED,
544,CSE406,캡스톤디자인1,4,2022,2,01,국제,100,0,NONE,OFFLINE,SCHEDULED,
545,CSE430,멀티미디어처리,4,2022,2,00,국제,40,0,NONE,OFFLINE,SCHEDULED,
546,CSE434,빅데이터프로그래밍,3,2022,2,00,국제,40,0,NONE,OFFLINE,SCHEDULED,
547,CSE435,모바일프로그래밍,4,2022,2,00,국제,40,0,NONE,OFFLINE,SCHEDULED,
548,CSE437,최신기술프로젝트2,4,2022,2,00,국제,40,0,NONE,OFFLINE,SCHEDULED,
549,CSE441,컴퓨터비젼,4,2022,2,00,국제,50,0,NONE,OFFLINE,SCHEDULED,
550,CSE497,연구연수활동2(컴퓨터공학),4,2022,2,00,국제,10,0,NONE,OFFLINE,SCHEDULED,
551,CSE499,독립심화학습2(컴퓨터공학과),3,2022,2,00,국제,2,0,NONE,OFFLINE,SCHEDULED,
552,DC203,인터랙션디자인(소프트웨어융합학),2,2022,2,00,국제,30,0,NONE,OFFLINE,SCHEDULED,
553,DC211,3D애니메이션(소프트웨어융합학),2,2022,2,00,국제,20,0,PARTIAL,OFFLINE,SCHEDULED,
554,DC318,게임디자인(소프트웨어융합학),3,2022,2,00,국제,30,0,NONE,OFFLINE,SCHEDULED,
555,EE209,논리회로(컴퓨터공학과),2,2022,2,00,국제,40,0,NONE,OFFLINE,SCHEDULED,
556,EE209,논리회로(컴퓨터공학과),2,2022,2,01,국제,40,0,NONE,OFFLINE,SCHEDULED,
557,EE209,논리회로(컴퓨터공학과),2,2022,2,02,국제,40,0,PARTIAL,OFFLINE,SCHEDULED,
558,EE210,신호와시스템(컴퓨터공학과),3,2022,2,00,국제,40,0,PARTIAL,OFFLINE,SCHEDULED,
559,EE210,신호와시스템(컴퓨터공학과),3,2022,2,01,국제,40,0,PARTIAL,OFFLINE,SCHEDULED,
560,EE210,신호와시스템(컴퓨터공학과),3,2022,2,02,국제,40,0,NONE,OFFLINE,SCHEDULED,
561,EE210,신호와시스템(컴퓨터공학과),3,2022,2,03,국제,40,0,NONE,OFFLINE,SCHEDULED,
562,EE211,확률및랜덤변수(인공지능학과),2,2022,2,00,국제,40,0,NONE,OFFLINE,SCHEDULED,
563,EE211,확률및랜덤변수(인공지능학과),2,2022,2,01,국제,40,0,NONE,OFFLINE,SCHEDULED,
564,EE211,확률및랜덤변수(인공지능학과),2,2022,2,02,국제,40,0,NONE,OFFLINE,SCHEDULED,
565,EE211,확률및랜덤변수(인공지능학과),2,2022,2,03,국제,40,0,NONE,OFFLINE,SCHEDULED,
566,EE341,디지털통신(소프트웨어융합학),3,2022,2,00,국제,40,0,NONE,OFFLINE,SCHEDULED,
567,EE341,디지털통신(소프트웨어융합학),3,2022,2,01,국제,40,0,NONE,OFFLINE,SCHEDULED,
568,EE342,디지털신호처리(소프트웨어융합학),3,2022,2,00,국제,40,0,NONE,OFFLINE,SCHEDULED,
569,EE342,디지털신호처리(소프트웨어융합학),3,2022,2,01,국제,40,0,NONE,OFFLINE,SCHEDULED,
570,EE342,디지털신호처리(소프트웨어융합학),3,2022,2,02,국제,40,0,NONE,OFFLINE,SCHEDULED,
571,IE208,응용통계학(소프트웨어융합학),2,2022,2,00,국제,75,0,PARTIAL,OFFLINE,SCHEDULED,
572,IE215,데이터사이언스(소프트웨어융합학),2,2022,2,00,국제,35,0,NONE,OFFLINE,SCHEDULED,
573,IE215,데이터사이언스(소프트웨어융합학),2,2022,2,01,국제,35,0,NONE,OFFLINE,SCHEDULED,
574,IE302,경영과학2(소프트웨어융합학),3,2022,2,00,국제,75,0,NONE,OFFLINE,SCHEDULED,
575,ME271,동역학(소프트웨어융합학),2,2022,2,01,국제,61,0,NONE,OFFLINE,SCHEDULED,
576,ME271,동역학(소프트웨어융합학),2,2022,2,02,국제,61,0,NONE,OFFLINE,SCHEDULED,
577,ME271,동역학(소프트웨어융합학),2,2022,2,03,국제,61,0,NONE,OFFLINE,SCHEDULED,
578,ME275,전기전자회로(소프트웨어융합학),23,2022,2,01,국제,61,0,NONE,OFFLINE,SCHEDULED,
579,ME275,전기전자회로(소프트웨어융합학),23,2022,2,02,국제,61,0,NONE,OFFLINE,SCHEDULED,
580,ME276,계측공학(소프트웨어융합학),2,2022,2,01,국제,75,0,NONE,OFFLINE,SCHEDULED,
581,ME376,자동제어(소프트웨어융합학),3,2022,2,01,국제,61,0,NONE,OFFLINE,SCHEDULED,
582,SWCON101,소프트웨어융합개론,1,2022,2,00,국제,80,0,PARTIAL,OFFLINE,SCHEDULED,
583,SWCON103,디자인적사고,1,2022,2,00,국제,40,0,PARTIAL,OFFLINE,SCHEDULED,
584,SWCON103,디자인적사고,1,2022,2,01,국제,51,0,NONE,OFFLINE,SCHEDULED,
585,SWCON103,디자인적사고,1,2022,2,02,국제,40,0,NONE,OFFLINE,SCHEDULED,
586,SWCON103,디자인적사고,1,2022,2,03,국제,40,0,NONE,OFFLINE,SCHEDULED,
587,SWCON104,웹/파이선프로그래밍,1,2022,2,00,국제,180,0,PARTIAL,OFFLINE,SCHEDULED,
588,SWCON104,웹/파이선프로그래밍,1,2022,2,01,국제,179,0,PARTIAL,OFFLINE,SCHEDULED,
589,SWCON201,소프트웨어개발방법및도구,2,2022,2,00,국제,30,0,PARTIAL,OFFLINE,SCHEDULED,
590,SWCON211,게임프로그래밍입문,2,2022,2,00,국제,50,0,NONE,OFFLINE,SCHEDULED,
591,SWCON212,게임엔진기초,2,2022,2,00,국제,40,0,PARTIAL,OFFLINE,SCHEDULED,
592,SWCON221,데이터센터프로그래밍,2,2022,2,00,국제,40,0,PARTIAL,OFFLINE,SCHEDULED,
593,SWCON253,기계학습,2,2022,2,00,국제,40,0,PARTIAL,OFFLINE,SCHEDULED,
594,SWCON253,기계학습,2,2022,2,01,국제,60,0,PARTIAL,OFFLINE,SCHEDULED,
595,SWCON255,기초실감미디어프로그래밍,2,2022,2,00,국제,30,0,NONE,OFFLINE,SCHEDULED,
596,SWCON302,최신기술콜로키움2,3,2022,2,00,국제,150,0,NONE,OFFLINE,SCHEDULED,
597,SWCON313,가상/증강현실이론및실습,3,2022,2,00,국제,40,0,PARTIAL,OFFLINE,SCHEDULED,
598,SWCON321,데이터분석캡스톤디자인,3,2022,2,00,국제,20,0,NONE,OFFLINE,SCHEDULED,
599,SWCON321,데이터분석캡스톤디자인,3,2022,2,01,국제,20,0,NONE,OFFLINE,SCHEDULED,
600,SWCON322,고급데이터마이닝,3,2022,2,00,국제,40,0,NONE,OFFLINE,SCHEDULED,
601,SWCON331,로봇프로그래밍,3,2022,2,00,국제,20,0,PARTIAL,OFFLINE,SCHEDULED,
602,SWCON332,미래자동차·로봇캡스톤디자인,3,2022,2,00,국제,15,0,NONE,OFFLINE,SCHEDULED,
603,SWCON342,융합연구4,3,2022,2,00,국제,20,0,NONE,OFFLINE,SCHEDULED,
604,SWCON364,독립심화학습2(소프트웨어융합학과),3,2022,2,00,국제,1,0,NONE,OFFLINE,SCHEDULED,
605,SWCON364,독립심화학습2(소프트웨어융합학과),3,2022,2,01,국제,1,0,NONE,OFFLINE,SCHEDULED,
606,SWCON367,게임콘텐츠캡스톤디자인,3,2022,2,00,국제,20,0,PARTIAL,OFFLINE,SCHEDULED,
607,SWCON367,게임콘텐츠캡스톤디자인,3,2022,2,01,국제,20,0,NONE,OFFLINE,SCHEDULED,
608,SWCON401,소프트웨어융합캡스톤디자인,4,2022,2,00,국제,20,0,NONE,OFFLINE,SCHEDULED,
609,SWCON401,소프트웨어융합캡스톤디자인,4,2022,2,01,국제,20,0,NONE,OFFLINE,SCHEDULED,
610,SWCON402,졸업논문(소프트웨어융합),4,2022,2,00,국제,100,0,NONE,OFFLINE,SCHEDULED,
611,SWCON424,금융데이터분석,4,2022,2,00,국제,40,0,PARTIAL,OFFLINE,SCHEDULED,
612,SWCON425,데이터사이언스및시각화,4,2022,2,00,국제,30,0,PARTIAL,OFFLINE,SCHEDULED,
613,SWCON442,융합연구6,4,2022,2,00,국제,20,0,NONE,OFFLINE,SCHEDULED,
614,SWCON492,풀스택서비스네트워킹,2,2022,2,00,국제,40,0,PARTIAL,OFFLINE,SCHEDULED,
615,CSE103,객체지향프로그래밍,1,2022,summer,00,국제,40,0,NONE,OFFLINE,SCHEDULED,
616,SWCON104,웹/파이선프로그래밍,1,2022,summer,00,국제,50,0,PARTIAL,OFFLINE,SCHEDULED,
617,CSE103,객체지향프로그래밍,1,2022,winter,00,국제,40,0,NONE,OFFLINE,SCHEDULED,
618,SWCON104,웹/파이선프로그래밍,1,2022,winter,00,국제,40,0,PARTIAL,OFFLINE,SCHEDULED,
619,SWCON104,웹/파이선프로그래밍,1,2022,winter,01,국제,40,0,PARTIAL,OFFLINE,SCHEDULED,
620,AI1001,인공지능개론,1,2023,1,00,국제,44,0,NONE,OFFLINE,SCHEDULED,
621,AMTH1004,선형대수(인공지능학과),1,2023,1,00,국제,50,0,NONE,OFFLINE,SCHEDULED,
622,AMTH1004,선형대수(인공지능학과),1,2023,1,01,국제,50,0,NONE,OFFLINE,SCHEDULED,
623,AMTH1009,미분적분학(인공지능학과),1,2023,1,00,국제,52,0,NONE,OFFLINE,SCHEDULED,
624,AMTH1009,미분적분학(인공지능학과),1,2023,1,01,국제,50,0,NONE,OFFLINE,SCHEDULED,
625,CSE0001,소프트웨어가치탐구,,2023,1,00,국제,3000,0,NONE,TBD,TBD,- (SW예비대학(국제캠퍼스 학생))
626,CSE0001,소프트웨어가치탐구,,2023,1,01,국제,3000,0,NONE,TBD,TBD,- ()
627,CSE103,객체지향프로그래밍,1,2023,1,00,국제,100,0,NONE,OFFLINE,SCHEDULED,
628,CSE103,객체지향프로그래밍,1,2023,1,01,국제,100,0,NONE,OFFLINE,SCHEDULED,
629,CSE103,객체지향프로그래밍,1,2023,1,02,국제,120,0,NONE,ONLINE,ASYNCHRONOUS,- ((온라인))
630,CSE104,실감미디어컴퓨팅기초,1,2023,1,00,국제,400,0,NONE,OFFLINE,SCHEDULED,
631,CSE201,이산구조,2,2023,1,00,국제,70,0,PARTIAL,OFFLINE,SCHEDULED,
632,CSE201,이산구조,2,2023,1,01,국제,60,0,NONE,OFFLINE,SCHEDULED,
633,CSE203,컴퓨터구조,2,2023,1,00,국제,60,0,NONE,OFFLINE,SCHEDULED,
634,CSE203,컴퓨터구조,2,2023,1,01,국제,60,0,NONE,OFFLINE,SCHEDULED,
635,CSE203,컴퓨터구조,2,2023,1,02,국제,60,0,NONE,OFFLINE,SCHEDULED,
636,CSE204,자료구조,2,2023,1,00,국제,60,0,NONE,OFFLINE,SCHEDULED,
637,CSE204,자료구조,2,2023,1,01,국제,60,0,NONE,OFFLINE,SCHEDULED,
638,CSE204,자료구조,2,2023,1,02,국제,60,0,NONE,OFFLINE,SCHEDULED,
639,CSE224,UI/UX프로그래밍,2,2023,1,00,국제,48,0,PARTIAL,OFFLINE,SCHEDULED,
640,CSE301,운영체제,3,2023,1,00,국제,60,0,NONE,OFFLINE,SCHEDULED,
641,CSE301,운영체제,3,2023,1,01,국제,60,0,PARTIAL,OFFLINE,SCHEDULED,
642,CSE301,운영체제,3,2023,1,02,국제,60,0,NONE,OFFLINE,SCHEDULED,
643,CSE302,컴퓨터네트워크,3,2023,1,00,국제,60,0,PARTIAL,OFFLINE,SCHEDULED,
644,CSE302,컴퓨터네트워크,3,2023,1,01,국제,60,0,NONE,OFFLINE,SCHEDULED,
645,CSE302,컴퓨터네트워크,3,2023,1,03,국제,60,0,NONE,OFFLINE,SCHEDULED,
646,CSE304,알고리즘,3,2023,1,00,국제,62,0,NONE,OFFLINE,SCHEDULED,
647,CSE304,알고리즘,3,2023,1,01,국제,62,0,NONE,OFFLINE,SCHEDULED,
648,CSE305,데이터베이스,3,2023,1,00,국제,60,0,NONE,OFFLINE,SCHEDULED,
649,CSE305,데이터베이스,3,2023,1,01,국제,60,0,NONE,OFFLINE,SCHEDULED,
650,CSE322,컴파일러,3,2023,1,00,국제,40,0,PARTIAL,OFFLINE,SCHEDULED,
651,CSE324,메타버스시스템,3,2023,1,00,국제,40,0,NONE,OFFLINE,SCHEDULED,
652,CSE327,소프트웨어공학,3,2023,1,00,국제,60,0,NONE,OFFLINE,SCHEDULED,
653,CSE330,SW스타트업비즈니스,3,2023,1,00,국제,50,1,NONE,OFFLINE,SCHEDULED,
654,CSE331,딥러닝,3,2023,1,00,국제,80,0,PARTIAL,OFFLINE,SCHEDULED,
655,CSE335,클라우드컴퓨팅,3,2023,1,00,국제,40,1,NONE,OFFLINE,SCHEDULED,
656,CSE340,실전기계학습,3,2023,1,00,국제,80,0,PARTIAL,OFFLINE,SCHEDULED,
657,CSE403,졸업논문(컴퓨터공학전공),4,2023,1,00,국제,200,0,NONE,OFFLINE,SCHEDULED,
658,CSE405,졸업프로젝트,4,2023,1,00,국제,100,0,NONE,OFFLINE,SCHEDULED,
659,CSE406,캡스톤디자인,4,2023,1,00,국제,4,0,NONE,OFFLINE,SCHEDULED,
660,CSE406,캡스톤디자인,4,2023,1,01,국제,4,0,NONE,OFFLINE,SCHEDULED,
661,CSE406,캡스톤디자인,4,2023,1,02,국제,4,0,NONE,OFFLINE,SCHEDULED,
662,CSE406,캡스톤디자인,4,2023,1,03,국제,4,0,NONE,OFFLINE,SCHEDULED,
663,CSE406,캡스톤디자인,4,2023,1,04,국제,4,0,NONE,OFFLINE,SCHEDULED,
664,CSE406,캡스톤디자인,4,2023,1,05,국제,4,0,NONE,OFFLINE,SCHEDULED,
665,CSE406,캡스톤디자인,4,2023,1,06,국제,4,0,NONE,OFFLINE,SCHEDULED,
666,CSE406,캡스톤디자인,4,2023,1,08,국제,4,0,NONE,OFFLINE,SCHEDULED,
667,CSE406,캡스톤디자인,4,2023,1,09,국제,4,0,NONE,OFFLINE,SCHEDULED,
668,CSE406,캡스톤디자인,4,2023,1,10,국제,4,0,NONE,OFFLINE,SCHEDULED,
669,CSE406,캡스톤디자인,4,2023,1,11,국제,4,0,NONE,OFFLINE,SCHEDULED,
670,CSE406,캡스톤디자인,4,2023,1,12,국제,4,0,NONE,OFFLINE,SCHEDULED,
671,CSE406,캡스톤디자인,4,2023,1,13,국제,4,0,NONE,OFFLINE,SCHEDULED,
672,CSE406,캡스톤디자인,4,2023,1,14,국제,4,0,NONE,OFFLINE,SCHEDULED,
673,CSE406,캡스톤디자인,4,2023,1,15,국제,4,0,NONE,OFFLINE,SCHEDULED,
674,CSE406,캡스톤디자인,4,2023,1,16,국제,4,0,NONE,OFFLINE,SCHEDULED,
675,CSE406,캡스톤디자인,4,2023,1,17,국제,4,0,NONE,OFFLINE,SCHEDULED,
676,CSE406,캡스톤디자인,4,2023,1,18,국제,4,0,NONE,OFFLINE,SCHEDULED,
677,CSE406,캡스톤디자인,4,2023,1,19,국제,4,0,NONE,OFFLINE,SCHEDULED,
678,CSE406,캡스톤디자인,4,2023,1,20,국제,4,0,NONE,OFFLINE,SCHEDULED,
679,CSE406,캡스톤디자인,4,2023,1,21,국제,4,0,NONE,OFFLINE,SCHEDULED,
680,CSE406,캡스톤디자인,4,2023,1,22,국제,4,0,NONE,OFFLINE,SCHEDULED,
681,CSE406,캡스톤디자인,4,2023,1,23,국제,4,0,NONE,OFFLINE,SCHEDULED,
682,CSE406,캡스톤디자인,4,2023,1,24,국제,4,0,NONE,OFFLINE,SCHEDULED,
683,CSE406,캡스톤디자인,4,2023,1,25,국제,4,0,NONE,OFFLINE,SCHEDULED,
684,CSE406,캡스톤디자인,4,2023,1,26,국제,4,0,NONE,OFFLINE,SCHEDULED,
685,CSE406,캡스톤디자인,4,2023,1,27,국제,4,0,NONE,OFFLINE,SCHEDULED,
686,CSE423,정보보호,4,2023,1,00,국제,40,0,PARTIAL,OFFLINE,SCHEDULED,
687,CSE426,영상처리,4,2023,1,00,국제,50,0,PARTIAL,OFFLINE,SCHEDULED,
688,CSE428,컴퓨터그래픽스,4,2023,1,00,국제,50,0,NONE,OFFLINE,SCHEDULED,
689,CSE438,최신기술콜로키움1,4,2023,1,00,국제,150,1,NONE,OFFLINE,SCHEDULED,
690,CSE440,AIoT소프트웨어,4,2023,1,00,국제,40,0,NONE,OFFLINE,SCHEDULED,
691,CSE444,AIoT네트워크,4,2023,1,00,국제,40,0,NONE,OFFLINE,SCHEDULED,
692,CSE450,모바일/웹서비스프로그래밍,4,2023,1,00,국제,40,1,NONE,OFFLINE,SCHEDULED,
693,CSE495,독립심화학습1(컴퓨터공학),3,2023,1,00,국제,2,0,NONE,OFFLINE,SCHEDULED,
694,CSE495,독립심화학습1(컴퓨터공학),3,2023,1,01,국제,1,0,NONE,OFFLINE,SCHEDULED,
695,CSE495,독립심화학습1(컴퓨터공학),3,2023,1,02,국제,1,0,NONE,OFFLINE,SCHEDULED,
696,CSE496,연구연수활동1(컴퓨터공학),4,2023,1,00,국제,10,0,NONE,OFFLINE,SCHEDULED,
697,EE209,논리회로(컴퓨터공학과),2,2023,1,00,국제,50,0,PARTIAL,OFFLINE,SCHEDULED,
698,EE209,논리회로(컴퓨터공학과),2,2023,1,01,국제,50,0,NONE,OFFLINE,SCHEDULED,
699,EE209,논리회로(컴퓨터공학과),2,2023,1,02,국제,50,0,NONE,OFFLINE,SCHEDULED,
700,EE209,논리회로(컴퓨터공학과),2,2023,1,04,국제,50,0,NONE,OFFLINE,SCHEDULED,
701,EE210,신호와시스템(컴퓨터공학과),2,2023,1,00,국제,40,0,NONE,OFFLINE,SCHEDULED,
702,EE210,신호와시스템(컴퓨터공학과),2,2023,1,01,국제,40,0,PARTIAL,OFFLINE,SCHEDULED,
703,EE210,신호와시스템(컴퓨터공학과),2,2023,1,02,국제,40,0,NONE,OFFLINE,SCHEDULED,
704,EE210,신호와시스템(컴퓨터공학과),2,2023,1,03,국제,40,0,PARTIAL,OFFLINE,SCHEDULED,
705,EE211,확률및랜덤변수(인공지능학과),2,2023,1,00,국제,40,0,NONE,OFFLINE,SCHEDULED,
706,EE211,확률및랜덤변수(인공지능학과),2,2023,1,01,국제,40,0,NONE,OFFLINE,SCHEDULED,
707,EE211,확률및랜덤변수(인공지능학과),2,2023,1,02,국제,40,0,PARTIAL,OFFLINE,SCHEDULED,
708,EE211,확률및랜덤변수(인공지능학과),2,2023,1,03,국제,40,0,NONE,OFFLINE,SCHEDULED,
709,EE211,확률및랜덤변수(인공지능학과),2,2023,1,04,국제,40,0,NONE,OFFLINE,SCHEDULED,
710,EE211,확률및랜덤변수(인공지능학과),2,2023,1,05,국제,40,0,NONE,OFFLINE,SCHEDULED,
711,ELC471,테크놀로지와디지털콘텐츠(소프트웨어융합학),4,2023,1,00,국제,24,0,FULL,OFFLINE,SCHEDULED,
712,IE301,경영과학1(소프트웨어융합학),3,2023,1,00,국제,55,0,NONE,OFFLINE,SCHEDULED,
713,IE301,경영과학1(소프트웨어융합학),3,2023,1,01,국제,55,0,NONE,OFFLINE,SCHEDULED,
714,IE306,데이터마이닝(소프트웨어융합학),3,2023,1,00,국제,65,0,NONE,OFFLINE,SCHEDULED,
715,IE414,금융공학(소프트웨어융합학),4,2023,1,00,국제,70,0,PARTIAL,OFFLINE,SCHEDULED,
716,IE419,서비스데이터사이언스(소프트웨어융합학),4,2023,1,00,국제,60,0,NONE,OFFLINE,SCHEDULED,
717,ME375,메카트로닉스(소프트웨어융합학),3,2023,1,01,국제,65,0,NONE,OFFLINE,SCHEDULED,
718,ME380,시스템동역학(소프트웨어융합학),3,2023,1,01,국제,33,0,NONE,OFFLINE,SCHEDULED,
719,ME380,시스템동역학(소프트웨어융합학),3,2023,1,02,국제,70,0,PARTIAL,OFFLINE,SCHEDULED,
720,ME475,로봇공학(소프트웨어융합학),34,2023,1,01,국제,65,0,NONE,OFFLINE,SCHEDULED,
721,SWCON103,디자인적사고,1,2023,1,00,국제,40,0,NONE,OFFLINE,SCHEDULED,
722,SWCON103,디자인적사고,1,2023,1,01,국제,40,0,NONE,OFFLINE,SCHEDULED,
723,SWCON104,웹/파이선프로그래밍,1,2023,1,00,국제,180,0,PARTIAL,OFFLINE,SCHEDULED,
724,SWCON104,웹/파이선프로그래밍,1,2023,1,01,국제,180,0,PARTIAL,OFFLINE,SCHEDULED,
725,SWCON104,웹/파이선프로그래밍,1,2023,1,02,국제,180,0,PARTIAL,TBD,TBD,- ()
726,SWCON201,오픈소스SW개발방법및도구,2,2023,1,00,국제,180,0,PARTIAL,OFFLINE,SCHEDULED,
727,SWCON221,마이크로서비스프로그래밍,2,2023,1,00,국제,70,0,PARTIAL,OFFLINE,SCHEDULED,
728,SWCON241,융합연구1,2,2023,1,00,국제,20,0,PARTIAL,OFFLINE,SCHEDULED,
729,SWCON253,기계학습,2,2023,1,00,국제,50,0,PARTIAL,OFFLINE,SCHEDULED,
730,SWCON253,기계학습,2,2023,1,01,국제,60,0,PARTIAL,OFFLINE,SCHEDULED,
731,SWCON253,기계학습,2,2023,1,02,국제,80,0,PARTIAL,OFFLINE,SCHEDULED,
732,SWCON254,회로와신호,2,2023,1,00,국제,25,0,PARTIAL,OFFLINE,SCHEDULED,
733,SWCON311,게임그래픽프로그래밍,3,2023,1,00,국제,40,0,PARTIAL,OFFLINE,SCHEDULED,
734,SWCON312,체감형기술이론및실습,3,2023,1,00,국제,40,0,PARTIAL,OFFLINE,SCHEDULED,
735,SWCON314,게임공학,3,2023,1,00,국제,40,0,PARTIAL,OFFLINE,SCHEDULED,
736,SWCON321,데이터분석캡스톤디자인,3,2023,1,00,국제,15,0,NONE,OFFLINE,SCHEDULED,
737,SWCON321,데이터분석캡스톤디자인,3,2023,1,01,국제,15,0,NONE,OFFLINE,SCHEDULED,
738,SWCON321,데이터분석캡스톤디자인,3,2023,1,02,국제,10,0,NONE,OFFLINE,SCHEDULED,
739,SWCON321,데이터분석캡스톤디자인,3,2023,1,03,국제,10,0,NONE,OFFLINE,SCHEDULED,
740,SWCON332,로봇·비전캡스톤디자인,3,2023,1,00,국제,10,0,NONE,OFFLINE,SCHEDULED,
741,SWCON341,융합연구3,3,2023,1,00,국제,20,0,NONE,OFFLINE,SCHEDULED,
742,SWCON363,독립심화학습1(소프트웨어융합학과),3,2023,1,00,국제,1,0,NONE,OFFLINE,SCHEDULED,
743,SWCON366,3D데이터처리,3,2023,1,00,국제,40,0,NONE,OFFLINE,SCHEDULED,
744,SWCON367,게임콘텐츠캡스톤디자인,3,2023,1,00,국제,20,0,PARTIAL,OFFLINE,SCHEDULED,
745,SWCON367,게임콘텐츠캡스톤디자인,3,2023,1,01,국제,20,0,NONE,OFFLINE,SCHEDULED,
746,SWCON367,게임콘텐츠캡스톤디자인,3,2023,1,02,국제,20,0,NONE,OFFLINE,SCHEDULED,
747,SWCON367,게임콘텐츠캡스톤디자인,3,2023,1,03,국제,20,0,PARTIAL,OFFLINE,SCHEDULED,
748,SWCON367,게임콘텐츠캡스톤디자인,3,2023,1,04,국제,20,0,PARTIAL,OFFLINE,SCHEDULED,
749,SWCON367,게임콘텐츠캡스톤디자인,3,2023,1,05,국제,20,0,PARTIAL,OFFLINE,SCHEDULED,
750,SWCON401,소프트웨어융합캡스톤디자인,4,2023,1,00,국제,10,0,NONE,OFFLINE,SCHEDULED,
751,SWCON401,소프트웨어융합캡스톤디자인,4,2023,1,01,국제,20,0,NONE,OFFLINE,SCHEDULED,
752,SWCON401,소프트웨어융합캡스톤디자인,4,2023,1,02,국제,10,0,PARTIAL,OFFLINE,SCHEDULED,
753,SWCON401,소프트웨어융합캡스톤디자인,4,2023,1,03,국제,10,0,NONE,OFFLINE,SCHEDULED,
754,SWCON401,소프트웨어융합캡스톤디자인,4,2023,1,04,국제,10,0,NONE,OFFLINE,SCHEDULED,
755,SWCON401,소프트웨어융합캡스톤디자인,4,2023,1,05,국제,10,0,NONE,OFFLINE,SCHEDULED,
756,SWCON401,소프트웨어융합캡스톤디자인,4,2023,1,06,국제,10,0,NONE,OFFLINE,SCHEDULED,
757,SWCON401,소프트웨어융합캡스톤디자인,4,2023,1,07,국제,10,0,NONE,OFFLINE,SCHEDULED,
758,SWCON401,소프트웨어융합캡스톤디자인,4,2023,1,08,국제,10,0,NONE,OFFLINE,SCHEDULED,
759,SWCON401,소프트웨어융합캡스톤디자인,4,2023,1,09,국제,10,0,NONE,OFFLINE,SCHEDULED,
760,SWCON401,소프트웨어융합캡스톤디자인,4,2023,1,10,국제,10,0,PARTIAL,OFFLINE,SCHEDULED,
761,SWCON401,소프트웨어융합캡스톤디자인,4,2023,1,11,국제,10,0,PARTIAL,OFFLINE,SCHEDULED,
762,SWCON401,소프트웨어융합캡스톤디자인,4,2023,1,12,국제,10,0,PARTIAL,OFFLINE,SCHEDULED,
763,SWCON401,소프트웨어융합캡스톤디자인,4,2023,1,13,국제,10,0,PARTIAL,OFFLINE,SCHEDULED,
764,SWCON401,소프트웨어융합캡스톤디자인,4,2023,1,14,국제,10,0,NONE,OFFLINE,SCHEDULED,
765,SWCON401,소프트웨어융합캡스톤디자인,4,2023,1,15,국제,10,0,NONE,OFFLINE,SCHEDULED,
766,SWCON401,소프트웨어융합캡스톤디자인,4,2023,1,16,국제,10,0,NONE,OFFLINE,SCHEDULED,
767,SWCON401,소프트웨어융합캡스톤디자인,4,2023,1,17,국제,10,0,NONE,OFFLINE,SCHEDULED,
768,SWCON401,소프트웨어융합캡스톤디자인,4,2023,1,18,국제,10,0,NONE,OFFLINE,SCHEDULED,
769,SWCON401,소프트웨어융합캡스톤디자인,4,2023,1,19,국제,10,0,NONE,OFFLINE,SCHEDULED,
770,SWCON401,소프트웨어융합캡스톤디자인,4,2023,1,20,국제,10,0,NONE,OFFLINE,SCHEDULED,
771,SWCON401,소프트웨어융합캡스톤디자인,4,2023,1,21,국제,10,0,NONE,OFFLINE,SCHEDULED,
772,SWCON401,소프트웨어융합캡스톤디자인,4,2023,1,22,국제,10,0,NONE,OFFLINE,SCHEDULED,
773,SWCON402,졸업논문(소프트웨어융합),4,2023,1,00,국제,80,0,NONE,OFFLINE,SCHEDULED,
774,SWCON441,융합연구5,4,2023,1,00,국제,20,0,NONE,OFFLINE,SCHEDULED,
775,SWCON491,인공지능과게임프로그래밍,3,2023,1,00,국제,60,0,NONE,OFFLINE,SCHEDULED,
776,SWCON492,풀스택서비스네트워킹,2,2023,1,00,국제,40,0,NONE,OFFLINE,SCHEDULED,
777,SWCON495,강화학습,4,2023,1,00,국제,40,0,NONE,OFFLINE,SCHEDULED,
778,AI1002,인공지능프로그래밍,1,2023,2,00,국제,40,0,NONE,OFFLINE,SCHEDULED,
779,AI1003,인공지능수학,1,2023,2,00,국제,50,0,NONE,OFFLINE,SCHEDULED,
780,AMTH1001,미분방정식(컴퓨터공학과),1,2023,2,07,국제,35,0,NONE,OFFLINE,SCHEDULED,
781,AMTH1001,미분방정식(컴퓨터공학과),1,2023,2,08,국제,35,0,NONE,OFFLINE,SCHEDULED,
782,AMTH1001,미분방정식(컴퓨터공학과),1,2023,2,09,국제,35,0,NONE,OFFLINE,SCHEDULED,
783,AMTH1001,미분방정식(컴퓨터공학과),1,2023,2,10,국제,35,0,NONE,OFFLINE,SCHEDULED,
784,AMTH1001,미분방정식(컴퓨터공학과),1,2023,2,11,국제,35,0,NONE,OFFLINE,SCHEDULED,
785,AMTH1001,미분방정식(컴퓨터공학과),1,2023,2,12,국제,35,0,NONE,OFFLINE,SCHEDULED,
786,CSE103,객체지향프로그래밍,1,2023,2,00,국제,100,0,NONE,OFFLINE,SCHEDULED,
787,CSE103,객체지향프로그래밍,1,2023,2,01,국제,100,0,PARTIAL,OFFLINE,SCHEDULED,
788,CSE103,객체지향프로그래밍,1,2023,2,02,국제,150,0,NONE,ONLINE,ASYNCHRONOUS,- (온라인)
789,CSE104,실감미디어컴퓨팅기초,1,2023,2,00,국제,100,0,NONE,ONLINE,ASYNCHRONOUS,- (온라인)
790,CSE201,이산구조,2,2023,2,00,국제,60,0,NONE,OFFLINE,SCHEDULED,
791,CSE203,컴퓨터구조,2,2023,2,00,국제,60,0,PARTIAL,OFFLINE,SCHEDULED,
792,CSE203,컴퓨터구조,2,2023,2,01,국제,60,0,PARTIAL,OFFLINE,SCHEDULED,
793,CSE203,컴퓨터구조,2,2023,2,02,국제,60,0,PARTIAL,OFFLINE,SCHEDULED,
794,CSE204,자료구조,2,2023,2,00,국제,60,0,NONE,OFFLINE,SCHEDULED,
795,CSE204,자료구조,2,2023,2,01,국제,60,0,NONE,OFFLINE,SCHEDULED,
796,CSE204,자료구조,2,2023,2,02,국제,60,0,NONE,OFFLINE,SCHEDULED,
797,CSE301,운영체제,3,2023,2,00,국제,60,0,PARTIAL,OFFLINE,SCHEDULED,
798,CSE301,운영체제,3,2023,2,01,국제,60,0,NONE,OFFLINE,SCHEDULED,
799,CSE302,컴퓨터네트워크,3,2023,2,00,국제,60,0,PARTIAL,OFFLINE,SCHEDULED,
800,CSE302,컴퓨터네트워크,3,2023,2,01,국제,60,0,NONE,OFFLINE,SCHEDULED,
801,CSE302,컴퓨터네트워크,3,2023,2,02,국제,60,0,NONE,OFFLINE,SCHEDULED,
802,CSE302,컴퓨터네트워크,3,2023,2,03,국제,60,0,NONE,OFFLINE,SCHEDULED,
803,CSE304,알고리즘,3,2023,2,00,국제,60,0,NONE,OFFLINE,SCHEDULED,
804,CSE304,알고리즘,3,2023,2,01,국제,60,0,NONE,OFFLINE,SCHEDULED,
805,CSE305,데이터베이스,3,2023,2,00,국제,60,0,NONE,OFFLINE,SCHEDULED,
806,CSE305,데이터베이스,3,2023,2,01,국제,60,0,NONE,OFFLINE,SCHEDULED,
807,CSE327,소프트웨어공학,3,2023,2,00,국제,130,0,NONE,OFFLINE,SCHEDULED,
808,CSE328,프로그래밍언어론,3,2023,2,00,국제,60,0,NONE,OFFLINE,SCHEDULED,
809,CSE331,딥러닝,3,2023,2,00,국제,40,0,PARTIAL,OFFLINE,SCHEDULED,
810,CSE332,리눅스시스템프로그래밍,3,2023,2,00,국제,40,0,NONE,OFFLINE,SCHEDULED,
811,CSE334,SW스타트업프로젝트,3,2023,2,00,국제,40,1,NONE,OFFLINE,SCHEDULED,
812,CSE403,졸업논문(컴퓨터공학전공),4,2023,2,00,국제,200,0,NONE,TBD,TBD,금 - ()
813,CSE405,졸업프로젝트,4,2023,2,00,국제,100,0,NONE,OFFLINE,SCHEDULED,
814,CSE405,졸업프로젝트,4,2023,2,01,국제,100,0,NONE,OFFLINE,SCHEDULED,
815,CSE406,캡스톤디자인,4,2023,2,00,국제,100,0,NONE,OFFLINE,SCHEDULED,
816,CSE406,캡스톤디자인,4,2023,2,01,국제,100,0,NONE,OFFLINE,SCHEDULED,
817,CSE406,캡스톤디자인,4,2023,2,02,국제,100,0,NONE,OFFLINE,SCHEDULED,
818,CSE406,캡스톤디자인,4,2023,2,03,국제,100,0,NONE,OFFLINE,SCHEDULED,
819,CSE406,캡스톤디자인,4,2023,2,04,국제,100,0,NONE,OFFLINE,SCHEDULED,
820,CSE406,캡스톤디자인,4,2023,2,05,국제,100,0,NONE,OFFLINE,SCHEDULED,
821,CSE406,캡스톤디자인,4,2023,2,06,국제,100,0,NONE,OFFLINE,SCHEDULED,
822,CSE406,캡스톤디자인,4,2023,2,07,국제,100,0,NONE,OFFLINE,SCHEDULED,
823,CSE406,캡스톤디자인,4,2023,2,08,국제,100,0,NONE,OFFLINE,SCHEDULED,
824,CSE406,캡스톤디자인,4,2023,2,09,국제,100,0,NONE,OFFLINE,SCHEDULED,
825,CSE406,캡스톤디자인,4,2023,2,10,국제,100,0,NONE,OFFLINE,SCHEDULED,
826,CSE406,캡스톤디자인,4,2023,2,11,국제,100,0,NONE,OFFLINE,SCHEDULED,
827,CSE406,캡스톤디자인,4,2023,2,12,국제,100,0,NONE,OFFLINE,SCHEDULED,
828,CSE406,캡스톤디자인,4,2023,2,13,국제,100,0,NONE,OFFLINE,SCHEDULED,
829,CSE406,캡스톤디자인,4,2023,2,14,국제,100,0,NONE,OFFLINE,SCHEDULED,
830,CSE406,캡스톤디자인,4,2023,2,15,국제,100,0,NONE,OFFLINE,SCHEDULED,
831,CSE406,캡스톤디자인,4,2023,2,16,국제,100,0,NONE,OFFLINE,SCHEDULED,
832,CSE430,메타버스데이터처리,4,2023,2,00,국제,40,0,NONE,OFFLINE,SCHEDULED,
833,CSE437,클라우드프로젝트,4,2023,2,00,국제,40,1,NONE,OFFLINE,SCHEDULED,
834,CSE441,컴퓨터비젼,4,2023,2,00,국제,40,0,NONE,OFFLINE,SCHEDULED,
835,CSE451,모바일/웹서비스프로젝트,4,2023,2,00,국제,40,1,NONE,OFFLINE,SCHEDULED,
836,CSE452,소프트웨어보안,4,2023,2,00,국제,60,0,NONE,OFFLINE,SCHEDULED,
837,CSE497,연구연수활동2(컴퓨터공학),4,2023,2,00,국제,100,0,NONE,OFFLINE,SCHEDULED,
838,CSE499,독립심화학습2(컴퓨터공학과),3,2023,2,00,국제,1,0,NONE,OFFLINE,SCHEDULED,
839,CSE499,독립심화학습2(컴퓨터공학과),3,2023,2,01,국제,2,0,NONE,OFFLINE,SCHEDULED,
840,CSE499,독립심화학습2(컴퓨터공학과),3,2023,2,02,국제,1,0,NONE,OFFLINE,SCHEDULED,
841,EE209,논리회로(컴퓨터공학과),2,2023,2,00,국제,40,0,NONE,OFFLINE,SCHEDULED,
842,EE209,논리회로(컴퓨터공학과),2,2023,2,01,국제,40,0,NONE,OFFLINE,SCHEDULED,
843,EE209,논리회로(컴퓨터공학과),2,2023,2,02,국제,40,0,FULL,OFFLINE,SCHEDULED,
844,EE210,신호와시스템(컴퓨터공학과),3,2023,2,00,국제,40,0,PARTIAL,OFFLINE,SCHEDULED,
845,EE210,신호와시스템(컴퓨터공학과),3,2023,2,01,국제,40,0,NONE,OFFLINE,SCHEDULED,
846,EE210,신호와시스템(컴퓨터공학과),3,2023,2,02,국제,40,0,PARTIAL,OFFLINE,SCHEDULED,
847,EE210,신호와시스템(컴퓨터공학과),3,2023,2,03,국제,40,0,NONE,OFFLINE,SCHEDULED,
848,EE211,확률및랜덤변수(인공지능학과),2,2023,2,00,국제,40,0,NONE,OFFLINE,SCHEDULED,
849,EE211,확률및랜덤변수(인공지능학과),2,2023,2,01,국제,40,0,NONE,OFFLINE,SCHEDULED,
850,EE211,확률및랜덤변수(인공지능학과),2,2023,2,02,국제,40,0,NONE,OFFLINE,SCHEDULED,
851,EE211,확률및랜덤변수(인공지능학과),2,2023,2,03,국제,40,0,NONE,OFFLINE,SCHEDULED,
852,EE461,로봇제어공학(소프트웨어융합학),4,2023,2,00,국제,40,0,PARTIAL,OFFLINE,SCHEDULED,
853,IE208,응용통계학(소프트웨어융합학),2,2023,2,00,국제,104,0,PARTIAL,OFFLINE,SCHEDULED,
854,IE215,데이터사이언스(소프트웨어융합학),2,2023,2,00,국제,48,0,PARTIAL,OFFLINE,SCHEDULED,
855,IE215,데이터사이언스(소프트웨어융합학),2,2023,2,01,국제,42,0,PARTIAL,OFFLINE,SCHEDULED,
856,IE302,경영과학2(소프트웨어융합학),3,2023,2,00,국제,85,0,NONE,OFFLINE,SCHEDULED,
857,ME271,동역학(소프트웨어융합학),2,2023,2,01,국제,58,0,NONE,OFFLINE,SCHEDULED,
858,ME271,동역학(소프트웨어융합학),2,2023,2,02,국제,58,0,NONE,OFFLINE,SCHEDULED,
859,ME271,동역학(소프트웨어융합학),2,2023,2,03,국제,58,0,NONE,OFFLINE,SCHEDULED,
860,ME376,자동제어(소프트웨어융합학),3,2023,2,01,국제,40,0,NONE,OFFLINE,SCHEDULED,
861,SWCON101,소프트웨어융합개론,1,2023,2,00,국제,90,0,PARTIAL,OFFLINE,SCHEDULED,
862,SWCON103,디자인적사고,1,2023,2,00,국제,40,0,PARTIAL,OFFLINE,SCHEDULED,
863,SWCON103,디자인적사고,1,2023,2,01,국제,30,0,NONE,OFFLINE,SCHEDULED,
864,SWCON103,디자인적사고,1,2023,2,02,국제,40,0,NONE,OFFLINE,SCHEDULED,
865,SWCON103,디자인적사고,1,2023,2,03,국제,40,0,NONE,OFFLINE,SCHEDULED,
866,SWCON103,디자인적사고,1,2023,2,04,국제,40,0,NONE,OFFLINE,SCHEDULED,
867,SWCON104,웹/파이선프로그래밍,1,2023,2,00,국제,180,0,PARTIAL,OFFLINE,SCHEDULED,
868,SWCON104,웹/파이선프로그래밍,1,2023,2,01,국제,180,0,PARTIAL,OFFLINE,SCHEDULED,
869,SWCON104,웹/파이선프로그래밍,1,2023,2,02,국제,180,0,PARTIAL,ONLINE,ASYNCHRONOUS,- (온라인)
870,SWCON201,오픈소스SW개발방법및도구,2,2023,2,00,국제,150,0,PARTIAL,OFFLINE,SCHEDULED,
871,SWCON211,게임프로그래밍입문,2,2023,2,00,국제,70,0,PARTIAL,OFFLINE,SCHEDULED,
872,SWCON212,게임엔진기초,2,2023,2,00,국제,50,0,PARTIAL,OFFLINE,SCHEDULED,
873,SWCON221,마이크로서비스프로그래밍,2,2023,2,00,국제,50,0,PARTIAL,OFFLINE,SCHEDULED,
874,SWCON242,융합연구2,2,2023,2,00,국제,20,0,NONE,OFFLINE,SCHEDULED,
875,SWCON253,기계학습,2,2023,2,00,국제,40,0,PARTIAL,OFFLINE,SCHEDULED,
876,SWCON253,기계학습,2,2023,2,01,국제,40,0,PARTIAL,OFFLINE,SCHEDULED,
877,SWCON253,기계학습,2,2023,2,02,국제,60,0,PARTIAL,OFFLINE,SCHEDULED,
878,SWCON302,최신기술콜로키움2,3,2023,2,00,국제,120,0,NONE,OFFLINE,SCHEDULED,
879,SWCON313,가상/증강현실이론및실습,3,2023,2,00,국제,40,0,PARTIAL,OFFLINE,SCHEDULED,
880,SWCON321,데이터분석캡스톤디자인,3,2023,2,00,국제,5,0,NONE,OFFLINE,SCHEDULED,
881,SWCON321,데이터분석캡스톤디자인,3,2023,2,01,국제,20,0,NONE,OFFLINE,SCHEDULED,
882,SWCON321,데이터분석캡스톤디자인,3,2023,2,02,국제,10,0,NONE,OFFLINE,SCHEDULED,
883,SWCON321,데이터분석캡스톤디자인,3,2023,2,03,국제,5,0,NONE,OFFLINE,SCHEDULED,
884,SWCON321,데이터분석캡스톤디자인,3,2023,2,04,국제,10,0,NONE,OFFLINE,SCHEDULED,
885,SWCON321,데이터분석캡스톤디자인,3,2023,2,05,국제,20,0,NONE,OFFLINE,SCHEDULED,
886,SWCON321,데이터분석캡스톤디자인,3,2023,2,06,국제,20,0,NONE,OFFLINE,SCHEDULED,
887,SWCON321,데이터분석캡스톤디자인,3,2023,2,07,국제,20,0,NONE,OFFLINE,SCHEDULED,
888,SWCON321,데이터분석캡스톤디자인,3,2023,2,08,국제,20,0,NONE,OFFLINE,SCHEDULED,
889,SWCON321,데이터분석캡스톤디자인,3,2023,2,09,국제,20,0,NONE,OFFLINE,SCHEDULED,
890,SWCON321,데이터분석캡스톤디자인,3,2023,2,10,국제,5,0,NONE,OFFLINE,SCHEDULED,
891,SWCON322,고급데이터마이닝,3,2023,2,00,국제,60,0,NONE,OFFLINE,SCHEDULED,
892,SWCON331,로봇프로그래밍,3,2023,2,00,국제,20,0,NONE,OFFLINE,SCHEDULED,
893,SWCON332,로봇·비전캡스톤디자인,3,2023,2,00,국제,15,0,NONE,OFFLINE,SCHEDULED,
894,SWCON332,로봇·비전캡스톤디자인,3,2023,2,01,국제,15,0,NONE,OFFLINE,SCHEDULED,
895,SWCON332,로봇·비전캡스톤디자인,3,2023,2,02,국제,15,0,NONE,OFFLINE,SCHEDULED,
896,SWCON332,로봇·비전캡스톤디자인,3,2023,2,03,국제,15,0,NONE,OFFLINE,SCHEDULED,
897,SWCON342,융합연구4,3,2023,2,00,국제,20,0,NONE,OFFLINE,SCHEDULED,
898,SWCON364,독립심화학습2(소프트웨어융합학과),3,2023,2,00,국제,1,0,NONE,OFFLINE,SCHEDULED,
899,SWCON367,게임콘텐츠캡스톤디자인,3,2023,2,00,국제,20,0,PARTIAL,OFFLINE,SCHEDULED,
900,SWCON367,게임콘텐츠캡스톤디자인,3,2023,2,01,국제,20,0,PARTIAL,OFFLINE,SCHEDULED,
901,SWCON367,게임콘텐츠캡스톤디자인,3,2023,2,02,국제,20,0,PARTIAL,OFFLINE,SCHEDULED,
902,SWCON367,게임콘텐츠캡스톤디자인,3,2023,2,03,국제,20,0,PARTIAL,OFFLINE,SCHEDULED,
903,SWCON367,게임콘텐츠캡스톤디자인,3,2023,2,04,국제,20,0,PARTIAL,OFFLINE,SCHEDULED,
904,SWCON367,게임콘텐츠캡스톤디자인,3,2023,2,05,국제,20,0,PARTIAL,OFFLINE,SCHEDULED,
905,SWCON367,게임콘텐츠캡스톤디자인,3,2023,2,06,국제,20,0,PARTIAL,OFFLINE,SCHEDULED,
906,SWCON367,게임콘텐츠캡스톤디자인,3,2023,2,07,국제,20,0,PARTIAL,OFFLINE,SCHEDULED,
907,SWCON370,풀스택서비스프로그래밍,3,2023,2,00,국제,30,0,NONE,OFFLINE,SCHEDULED,
908,SWCON401,소프트웨어융합캡스톤디자인,4,2023,2,00,국제,5,0,NONE,OFFLINE,SCHEDULED,
909,SWCON401,소프트웨어융합캡스톤디자인,4,2023,2,01,국제,10,0,NONE,OFFLINE,SCHEDULED,
910,SWCON401,소프트웨어융합캡스톤디자인,4,2023,2,02,국제,10,0,NONE,OFFLINE,SCHEDULED,
911,SWCON401,소프트웨어융합캡스톤디자인,4,2023,2,03,국제,10,0,NONE,OFFLINE,SCHEDULED,
912,SWCON401,소프트웨어융합캡스톤디자인,4,2023,2,04,국제,10,0,NONE,OFFLINE,SCHEDULED,
913,SWCON401,소프트웨어융합캡스톤디자인,4,2023,2,05,국제,10,0,NONE,OFFLINE,SCHEDULED,
914,SWCON401,소프트웨어융합캡스톤디자인,4,2023,2,06,국제,10,0,NONE,OFFLINE,SCHEDULED,
915,SWCON401,소프트웨어융합캡스톤디자인,4,2023,2,07,국제,5,0,NONE,OFFLINE,SCHEDULED,
916,SWCON401,소프트웨어융합캡스톤디자인,4,2023,2,08,국제,10,0,NONE,OFFLINE,SCHEDULED,
917,SWCON401,소프트웨어융합캡스톤디자인,4,2023,2,09,국제,5,0,NONE,OFFLINE,SCHEDULED,
918,SWCON401,소프트웨어융합캡스톤디자인,4,2023,2,10,국제,10,0,NONE,OFFLINE,SCHEDULED,
919,SWCON402,졸업논문(소프트웨어융합),4,2023,2,00,국제,100,0,NONE,OFFLINE,SCHEDULED,
920,SWCON424,금융데이터분석,4,2023,2,00,국제,40,0,PARTIAL,OFFLINE,SCHEDULED,
921,SWCON425,데이터사이언스및시각화,4,2023,2,00,국제,30,0,PARTIAL,OFFLINE,SCHEDULED,
922,SWCON442,융합연구6,4,2023,2,00,국제,20,0,NONE,OFFLINE,SCHEDULED,
923,SWCON492,풀스택서비스네트워킹,2,2023,2,00,국제,40,0,PARTIAL,OFFLINE,SCHEDULED,
924,CSE103,객체지향프로그래밍,1,2023,summer,00,국제,40,0,NONE,OFFLINE,SCHEDULED,
925,CSE104,실감미디어컴퓨팅기초,1,2023,summer,00,국제,150,0,NONE,ONLINE,ASYNCHRONOUS,온라인
926,SWCON104,웹/파이선프로그래밍,1,2023,summer,00,국제,50,0,PARTIAL,OFFLINE,SCHEDULED,
927,SWCON104,웹/파이선프로그래밍,1,2023,summer,01,국제,50,0,PARTIAL,ONLINE,ASYNCHRONOUS,온라인
928,CSE103,객체지향프로그래밍,1,2023,winter,00,국제,40,0,NONE,OFFLINE,SCHEDULED,
929,CSE104,실감미디어컴퓨팅기초,1,2023,winter,00,국제,150,0,NONE,ONLINE,ASYNCHRONOUS,온라인
930,SWCON104,웹/파이선프로그래밍,1,2023,winter,00,국제,45,0,PARTIAL,OFFLINE,SCHEDULED,
931,SWCON104,웹/파이선프로그래밍,1,2023,winter,01,국제,45,0,PARTIAL,TBD,TBD,미정
932,AI1001,인공지능개론,1,2024,1,00,국제,50,0,NONE,OFFLINE,SCHEDULED,
933,AI3001,고급딥러닝,3,2024,1,00,국제,40,0,PARTIAL,OFFLINE,SCHEDULED,
934,AI3002,인공지능과윤리,3,2024,1,00,국제,50,0,PARTIAL,OFFLINE,SCHEDULED,
935,CSE0001,소프트웨어가치탐구,1,2024,1,00,국제,3000,0,NONE,TBD,TBD,- (SW예비대학(국제캠))
936,CSE0001,소프트웨어가치탐구,1,2024,1,01,국제,3000,0,NONE,TBD,TBD,- (SW예비대학(서울캠))
937,CSE103,객체지향프로그래밍,1,2024,1,00,국제,100,0,NONE,OFFLINE,SCHEDULED,
938,CSE103,객체지향프로그래밍,1,2024,1,01,국제,150,0,NONE,ONLINE,ASYNCHRONOUS,- (온라인)
939,CSE103,객체지향프로그래밍,1,2024,1,02,국제,84,0,PARTIAL,OFFLINE,SCHEDULED,
940,CSE104,실감미디어컴퓨팅기초,1,2024,1,00,국제,400,0,NONE,ONLINE,SCHEDULED,
941,CSE201,이산구조,2,2024,1,00,국제,71,0,NONE,OFFLINE,SCHEDULED,
942,CSE201,이산구조,2,2024,1,01,국제,65,0,NONE,OFFLINE,SCHEDULED,
943,CSE203,컴퓨터구조,2,2024,1,00,국제,60,0,PARTIAL,OFFLINE,SCHEDULED,
944,CSE203,컴퓨터구조,2,2024,1,01,국제,50,0,PARTIAL,OFFLINE,SCHEDULED,
945,CSE203,컴퓨터구조,2,2024,1,02,국제,70,0,PARTIAL,OFFLINE,SCHEDULED,
946,CSE204,자료구조,2,2024,1,00,국제,60,0,NONE,OFFLINE,SCHEDULED,
947,CSE204,자료구조,2,2024,1,01,국제,44,0,NONE,OFFLINE,SCHEDULED,
948,CSE204,자료구조,2,2024,1,02,국제,80,0,PARTIAL,OFFLINE,SCHEDULED,
949,CSE224,UI/UX프로그래밍,2,2024,1,00,국제,46,0,PARTIAL,OFFLINE,SCHEDULED,
950,CSE301,운영체제,3,2024,1,00,국제,54,0,PARTIAL,OFFLINE,SCHEDULED,
951,CSE301,운영체제,3,2024,1,01,국제,54,0,NONE,OFFLINE,SCHEDULED,
952,CSE301,운영체제,3,2024,1,02,국제,54,0,NONE,OFFLINE,SCHEDULED,
953,CSE302,컴퓨터네트워크,3,2024,1,00,국제,60,0,PARTIAL,OFFLINE,SCHEDULED,
954,CSE302,컴퓨터네트워크,3,2024,1,01,국제,40,0,NONE,OFFLINE,SCHEDULED,
955,CSE302,컴퓨터네트워크,3,2024,1,02,국제,38,0,NONE,OFFLINE,SCHEDULED,
956,CSE302,컴퓨터네트워크,3,2024,1,03,국제,60,0,NONE,OFFLINE,SCHEDULED,
957,CSE304,알고리즘,3,2024,1,00,국제,40,0,NONE,OFFLINE,SCHEDULED,
958,CSE304,알고리즘,3,2024,1,01,국제,81,0,NONE,OFFLINE,SCHEDULED,
959,CSE305,데이터베이스,3,2024,1,00,국제,60,0,NONE,OFFLINE,SCHEDULED,
960,CSE305,데이터베이스,3,2024,1,01,국제,50,0,NONE,OFFLINE,SCHEDULED,
961,CSE322,컴파일러,3,2024,1,00,국제,41,0,PARTIAL,OFFLINE,SCHEDULED,
962,CSE324,메타버스시스템,3,2024,1,00,국제,40,0,NONE,OFFLINE,SCHEDULED,
963,CSE327,소프트웨어공학,3,2024,1,00,국제,100,0,NONE,OFFLINE,SCHEDULED,
964,CSE330,SW스타트업비즈니스,3,2024,1,00,국제,80,1,NONE,OFFLINE,SCHEDULED,
965,CSE331,딥러닝,3,2024,1,00,국제,80,0,PARTIAL,OFFLINE,SCHEDULED,
966,CSE335,클라우드컴퓨팅,3,2024,1,00,국제,43,0,NONE,OFFLINE,SCHEDULED,
967,CSE403,졸업논문(컴퓨터공학전공),4,2024,1,00,국제,200,0,NONE,OFFLINE,SCHEDULED,
968,CSE405,졸업프로젝트,4,2024,1,00,국제,100,0,NONE,OFFLINE,SCHEDULED,
969,CSE406,캡스톤디자인,4,2024,1,01,국제,6,0,NONE,OFFLINE,SCHEDULED,
970,CSE406,캡스톤디자인,4,2024,1,02,국제,6,0,NONE,OFFLINE,SCHEDULED,
971,CSE406,캡스톤디자인,4,2024,1,03,국제,6,0,NONE,OFFLINE,SCHEDULED,
972,CSE406,캡스톤디자인,4,2024,1,04,국제,6,0,NONE,OFFLINE,SCHEDULED,
973,CSE406,캡스톤디자인,4,2024,1,05,국제,6,0,NONE,OFFLINE,SCHEDULED,
974,CSE406,캡스톤디자인,4,2024,1,06,국제,6,0,NONE,OFFLINE,SCHEDULED,
975,CSE406,캡스톤디자인,4,2024,1,08,국제,6,0,NONE,OFFLINE,SCHEDULED,
976,CSE406,캡스톤디자인,4,2024,1,09,국제,6,0,NONE,OFFLINE,SCHEDULED,
977,CSE406,캡스톤디자인,4,2024,1,10,국제,6,0,NONE,OFFLINE,SCHEDULED,
978,CSE406,캡스톤디자인,4,2024,1,11,국제,14,0,NONE,OFFLINE,SCHEDULED,
979,CSE406,캡스톤디자인,4,2024,1,12,국제,6,0,NONE,OFFLINE,SCHEDULED,
980,CSE406,캡스톤디자인,4,2024,1,13,국제,6,0,NONE,OFFLINE,SCHEDULED,
981,CSE406,캡스톤디자인,4,2024,1,14,국제,6,0,NONE,OFFLINE,SCHEDULED,
982,CSE406,캡스톤디자인,4,2024,1,15,국제,10,0,NONE,OFFLINE,SCHEDULED,
983,CSE406,캡스톤디자인,4,2024,1,17,국제,6,0,NONE,OFFLINE,SCHEDULED,
984,CSE406,캡스톤디자인,4,2024,1,18,국제,6,0,NONE,OFFLINE,SCHEDULED,
985,CSE406,캡스톤디자인,4,2024,1,19,국제,6,0,NONE,OFFLINE,SCHEDULED,
986,CSE406,캡스톤디자인,4,2024,1,20,국제,10,0,NONE,OFFLINE,SCHEDULED,
987,CSE406,캡스톤디자인,4,2024,1,21,국제,6,0,NONE,OFFLINE,SCHEDULED,
988,CSE406,캡스톤디자인,4,2024,1,22,국제,6,0,NONE,OFFLINE,SCHEDULED,
989,CSE406,캡스톤디자인,4,2024,1,23,국제,6,0,NONE,OFFLINE,SCHEDULED,
990,CSE406,캡스톤디자인,4,2024,1,24,국제,6,0,NONE,OFFLINE,SCHEDULED,
991,CSE406,캡스톤디자인,4,2024,1,25,국제,6,0,NONE,OFFLINE,SCHEDULED,
992,CSE406,캡스톤디자인,4,2024,1,26,국제,6,0,NONE,OFFLINE,SCHEDULED,
993,CSE406,캡스톤디자인,4,2024,1,27,국제,6,0,NONE,OFFLINE,SCHEDULED,
994,CSE406,캡스톤디자인,4,2024,1,28,국제,6,0,NONE,OFFLINE,SCHEDULED,
995,CSE406,캡스톤디자인,4,2024,1,29,국제,6,0,NONE,OFFLINE,SCHEDULED,
996,CSE406,캡스톤디자인,4,2024,1,30,국제,6,0,NONE,OFFLINE,SCHEDULED,
997,CSE406,캡스톤디자인,4,2024,1,31,국제,6,0,NONE,OFFLINE,SCHEDULED,
998,CSE423,정보보호,4,2024,1,00,국제,40,0,PARTIAL,OFFLINE,SCHEDULED,
999,CSE426,영상처리,4,2024,1,00,국제,60,0,PARTIAL,OFFLINE,SCHEDULED,
1000,CSE428,컴퓨터그래픽스,4,2024,1,00,국제,36,0,NONE,OFFLINE,SCHEDULED,
1001,CSE436,빅데이터프로젝트,4,2024,1,00,국제,40,1,NONE,OFFLINE,SCHEDULED,
1002,CSE438,최신기술콜로키움1,4,2024,1,00,국제,160,1,NONE,OFFLINE,SCHEDULED,
1003,CSE440,AIoT소프트웨어,4,2024,1,00,국제,40,0,NONE,OFFLINE,SCHEDULED,
1004,CSE442,블록체인,4,2024,1,00,국제,60,0,NONE,OFFLINE,SCHEDULED,
1005,CSE444,AIoT네트워크,4,2024,1,00,국제,40,0,NONE,OFFLINE,SCHEDULED,
1006,CSE450,모바일/웹서비스프로그래밍,4,2024,1,00,국제,40,1,NONE,OFFLINE,SCHEDULED,
1007,CSE495,독립심화학습1(컴퓨터공학),3,2024,1,00,국제,1,0,NONE,OFFLINE,SCHEDULED,
1008,CSE495,독립심화학습1(컴퓨터공학),3,2024,1,01,국제,2,0,NONE,OFFLINE,SCHEDULED,
1009,CSE495,독립심화학습1(컴퓨터공학),3,2024,1,02,국제,1,0,NONE,OFFLINE,SCHEDULED,
1010,CSE496,연구연수활동1(컴퓨터공학),4,2024,1,01,국제,2,0,NONE,OFFLINE,SCHEDULED,
1011,CSE496,연구연수활동1(컴퓨터공학),4,2024,1,02,국제,3,0,NONE,OFFLINE,SCHEDULED,
1012,CSE496,연구연수활동1(컴퓨터공학),4,2024,1,03,국제,1,0,NONE,OFFLINE,SCHEDULED,
1013,CSE496,연구연수활동1(컴퓨터공학),4,2024,1,04,국제,1,0,NONE,OFFLINE,SCHEDULED,
1014,CSE496,연구연수활동1(컴퓨터공학),4,2024,1,05,국제,1,0,NONE,OFFLINE,SCHEDULED,
1015,CSE496,연구연수활동1(컴퓨터공학),4,2024,1,06,국제,1,0,NONE,OFFLINE,SCHEDULED,
1016,DC205,스토리텔링(소프트웨어융합학),2,2024,1,00,국제,30,0,NONE,OFFLINE,SCHEDULED,
1017,DC205,스토리텔링(소프트웨어융합학),2,2024,1,01,국제,30,0,NONE,OFFLINE,SCHEDULED,
1018,EE209,논리회로(컴퓨터공학과),2,2024,1,00,국제,50,0,NONE,OFFLINE,SCHEDULED,
1019,EE209,논리회로(컴퓨터공학과),2,2024,1,01,국제,50,0,NONE,OFFLINE,SCHEDULED,
1020,EE209,논리회로(컴퓨터공학과),2,2024,1,02,국제,50,0,NONE,OFFLINE,SCHEDULED,
1021,EE209,논리회로(컴퓨터공학부),2,2024,1,03,국제,50,0,NONE,OFFLINE,SCHEDULED,
1022,EE210,신호와시스템(컴퓨터공학과),2,2024,1,00,국제,40,0,NONE,OFFLINE,SCHEDULED,
1023,EE210,신호와시스템(컴퓨터공학과),2,2024,1,01,국제,40,0,NONE,OFFLINE,SCHEDULED,
1024,EE210,신호와시스템(컴퓨터공학과),2,2024,1,02,국제,40,0,PARTIAL,OFFLINE,SCHEDULED,
1025,EE210,신호와시스템(컴퓨터공학과),2,2024,1,03,국제,40,0,NONE,OFFLINE,SCHEDULED,
1026,EE211,확률및랜덤변수(인공지능학과),2,2024,1,00,국제,50,0,NONE,OFFLINE,SCHEDULED,
1027,EE211,확률및랜덤변수(인공지능학과),2,2024,1,01,국제,50,0,NONE,OFFLINE,SCHEDULED,
1028,EE211,확률및랜덤변수(인공지능학과),2,2024,1,02,국제,50,0,NONE,OFFLINE,SCHEDULED,
1029,EE211,확률및랜덤변수(인공지능학과),2,2024,1,03,국제,42,0,NONE,OFFLINE,SCHEDULED,
1030,EE211,확률및랜덤변수(인공지능학과),2,2024,1,04,국제,50,0,NONE,OFFLINE,SCHEDULED,
1031,EE211,확률및랜덤변수(인공지능학과),2,2024,1,05,국제,50,0,NONE,OFFLINE,SCHEDULED,
1032,ELC471,테크놀로지와디지털콘텐츠(소프트웨어융합학),4,2024,1,00,국제,25,0,FULL,OFFLINE,SCHEDULED,
1033,ID3012,UX디자인(소프트웨어융합학),3,2024,1,00,국제,35,0,PARTIAL,OFFLINE,SCHEDULED,
1034,IE215,데이터사이언스(소프트웨어융합학),2,2024,1,00,국제,35,0,NONE,OFFLINE,SCHEDULED,
1035,IE215,데이터사이언스(소프트웨어융합학),2,2024,1,01,국제,40,0,NONE,OFFLINE,SCHEDULED,
1036,IE301,경영과학1(소프트웨어융합학),3,2024,1,00,국제,50,0,NONE,OFFLINE,SCHEDULED,
1037,IE301,경영과학1(소프트웨어융합학),3,2024,1,01,국제,45,0,NONE,OFFLINE,SCHEDULED,
1038,IE306,데이터마이닝(소프트웨어융합학),3,2024,1,00,국제,52,0,NONE,OFFLINE,SCHEDULED,
1039,IE329,금융공학(소프트웨어융합학),3,2024,1,00,국제,60,0,NONE,OFFLINE,SCHEDULED,
1040,ME375,메카트로닉스(소프트웨어융합학),3,2024,1,01,국제,55,0,NONE,OFFLINE,SCHEDULED,
1041,ME380,시스템동역학(소프트웨어융합학),3,2024,1,01,국제,40,0,NONE,OFFLINE,SCHEDULED,
1042,ME380,시스템동역학(소프트웨어융합학),3,2024,1,02,국제,70,0,PARTIAL,OFFLINE,SCHEDULED,
1043,ME391,로봇공학(소프트웨어융합학),34,2024,1,01,국제,50,0,NONE,OFFLINE,SCHEDULED,
1044,ME391,로봇공학(소프트웨어융합학),34,2024,1,02,국제,50,0,PARTIAL,OFFLINE,SCHEDULED,
1045,SWCON103,디자인적사고,1,2024,1,00,국제,50,0,NONE,OFFLINE,SCHEDULED,
1046,SWCON103,디자인적사고,1,2024,1,01,국제,50,0,NONE,OFFLINE,SCHEDULED,
1047,SWCON104,웹/파이선프로그래밍,1,2024,1,00,국제,150,0,PARTIAL,OFFLINE,SCHEDULED,
1048,SWCON104,웹/파이선프로그래밍,1,2024,1,01,국제,150,0,PARTIAL,OFFLINE,SCHEDULED,
1049,SWCON104,웹/파이선프로그래밍,1,2024,1,02,국제,130,0,PARTIAL,ONLINE,SCHEDULED,
1050,SWCON201,오픈소스SW개발방법및도구,2,2024,1,00,국제,150,0,PARTIAL,OFFLINE,SCHEDULED,
1051,SWCON221,마이크로서비스프로그래밍,2,2024,1,00,국제,50,0,PARTIAL,OFFLINE,SCHEDULED,
1052,SWCON241,융합연구1,2,2024,1,00,국제,10,0,PARTIAL,OFFLINE,SCHEDULED,
1053,SWCON253,기계학습,2,2024,1,00,국제,60,0,PARTIAL,OFFLINE,SCHEDULED,
1054,SWCON253,기계학습,2,2024,1,01,국제,60,0,PARTIAL,OFFLINE,SCHEDULED,
1055,SWCON253,기계학습,2,2024,1,02,국제,60,0,PARTIAL,OFFLINE,SCHEDULED,
1056,SWCON254,회로와신호,2,2024,1,00,국제,30,0,PARTIAL,OFFLINE,SCHEDULED,
1057,SWCON311,게임그래픽프로그래밍,3,2024,1,00,국제,50,0,PARTIAL,OFFLINE,SCHEDULED,
1058,SWCON312,게임인터랙티브테크놀로지,4,2024,1,00,국제,30,0,PARTIAL,OFFLINE,SCHEDULED,
1059,SWCON321,데이터분석캡스톤디자인,3,2024,1,00,국제,5,0,NONE,OFFLINE,SCHEDULED,
1060,SWCON321,데이터분석캡스톤디자인,3,2024,1,01,국제,10,0,NONE,OFFLINE,SCHEDULED,
1061,SWCON321,데이터분석캡스톤디자인,3,2024,1,02,국제,5,0,NONE,OFFLINE,SCHEDULED,
1062,SWCON321,데이터분석캡스톤디자인,3,2024,1,03,국제,10,0,NONE,OFFLINE,SCHEDULED,
1063,SWCON321,데이터분석캡스톤디자인,3,2024,1,04,국제,10,0,NONE,OFFLINE,SCHEDULED,
1064,SWCON321,데이터분석캡스톤디자인,3,2024,1,05,국제,10,0,NONE,OFFLINE,SCHEDULED,
1065,SWCON332,로봇·비전캡스톤디자인,3,2024,1,02,국제,10,0,NONE,OFFLINE,SCHEDULED,
1066,SWCON332,로봇·비전캡스톤디자인,3,2024,1,03,국제,10,0,NONE,OFFLINE,SCHEDULED,
1067,SWCON341,융합연구3,3,2024,1,00,국제,10,0,PARTIAL,OFFLINE,SCHEDULED,
1068,SWCON363,독립심화학습1(소프트웨어융합학과),3,2024,1,00,국제,1,0,NONE,OFFLINE,SCHEDULED,
1069,SWCON363,독립심화학습1(소프트웨어융합학과),3,2024,1,01,국제,1,0,NONE,OFFLINE,SCHEDULED,
1070,SWCON366,3D데이터처리,3,2024,1,00,국제,40,0,PARTIAL,OFFLINE,SCHEDULED,
1071,SWCON367,게임콘텐츠캡스톤디자인,3,2024,1,00,국제,10,0,NONE,OFFLINE,SCHEDULED,
1072,SWCON367,게임콘텐츠캡스톤디자인,3,2024,1,01,국제,10,0,NONE,OFFLINE,SCHEDULED,
1073,SWCON367,게임콘텐츠캡스톤디자인,3,2024,1,02,국제,10,0,NONE,OFFLINE,SCHEDULED,
1074,SWCON367,게임콘텐츠캡스톤디자인,3,2024,1,03,국제,10,0,NONE,OFFLINE,SCHEDULED,
1075,SWCON367,게임콘텐츠캡스톤디자인,3,2024,1,04,국제,10,0,NONE,OFFLINE,SCHEDULED,
1076,SWCON367,게임콘텐츠캡스톤디자인,3,2024,1,05,국제,10,0,NONE,OFFLINE,SCHEDULED,
1077,SWCON370,풀스택서비스프로그래밍,3,2024,1,00,국제,30,0,NONE,OFFLINE,SCHEDULED,
1078,SWCON372,응용데이터분석,3,2024,1,00,국제,60,0,PARTIAL,OFFLINE,SCHEDULED,
1079,SWCON401,소프트웨어융합캡스톤디자인,4,2024,1,00,국제,5,0,NONE,OFFLINE,SCHEDULED,
1080,SWCON401,소프트웨어융합캡스톤디자인,4,2024,1,01,국제,5,0,NONE,OFFLINE,SCHEDULED,
1081,SWCON401,소프트웨어융합캡스톤디자인,4,2024,1,02,국제,10,0,NONE,OFFLINE,SCHEDULED,
1082,SWCON401,소프트웨어융합캡스톤디자인,4,2024,1,03,국제,5,0,NONE,OFFLINE,SCHEDULED,
1083,SWCON401,소프트웨어융합캡스톤디자인,4,2024,1,04,국제,10,0,NONE,OFFLINE,SCHEDULED,
1084,SWCON401,소프트웨어융합캡스톤디자인,4,2024,1,05,국제,10,0,NONE,OFFLINE,SCHEDULED,
1085,SWCON401,소프트웨어융합캡스톤디자인,4,2024,1,06,국제,10,0,NONE,OFFLINE,SCHEDULED,
1086,SWCON401,소프트웨어융합캡스톤디자인,4,2024,1,07,국제,10,0,NONE,OFFLINE,SCHEDULED,
1087,SWCON401,소프트웨어융합캡스톤디자인,4,2024,1,08,국제,10,0,NONE,OFFLINE,SCHEDULED,
1088,SWCON401,소프트웨어융합캡스톤디자인,4,2024,1,09,국제,10,0,NONE,OFFLINE,SCHEDULED,
1089,SWCON401,소프트웨어융합캡스톤디자인,4,2024,1,10,국제,10,0,NONE,OFFLINE,SCHEDULED,
1090,SWCON401,소프트웨어융합캡스톤디자인,4,2024,1,11,국제,10,0,NONE,OFFLINE,SCHEDULED,
1091,SWCON401,소프트웨어융합캡스톤디자인,4,2024,1,12,국제,10,0,NONE,OFFLINE,SCHEDULED,
1092,SWCON401,소프트웨어융합캡스톤디자인,4,2024,1,13,국제,10,0,NONE,OFFLINE,SCHEDULED,
1093,SWCON401,소프트웨어융합캡스톤디자인,4,2024,1,14,국제,10,0,NONE,OFFLINE,SCHEDULED,
1094,SWCON401,소프트웨어융합캡스톤디자인,4,2024,1,15,국제,10,0,NONE,OFFLINE,SCHEDULED,
1095,SWCON401,소프트웨어융합캡스톤디자인,4,2024,1,16,국제,10,0,NONE,OFFLINE,SCHEDULED,
1096,SWCON401,소프트웨어융합캡스톤디자인,4,2024,1,17,국제,10,0,NONE,OFFLINE,SCHEDULED,
1097,SWCON401,소프트웨어융합캡스톤디자인,4,2024,1,18,국제,10,0,NONE,OFFLINE,SCHEDULED,
1098,SWCON401,소프트웨어융합캡스톤디자인,4,2024,1,19,국제,10,0,NONE,OFFLINE,SCHEDULED,
1099,SWCON401,소프트웨어융합캡스톤디자인,4,2024,1,20,국제,10,0,NONE,OFFLINE,SCHEDULED,
1100,SWCON401,소프트웨어융합캡스톤디자인,4,2024,1,21,국제,10,0,NONE,OFFLINE,SCHEDULED,
1101,SWCON401,소프트웨어융합캡스톤디자인,4,2024,1,22,국제,10,0,NONE,OFFLINE,SCHEDULED,
1102,SWCON401,소프트웨어융합캡스톤디자인,4,2024,1,23,국제,10,0,NONE,OFFLINE,SCHEDULED,
1103,SWCON401,소프트웨어융합캡스톤디자인,4,2024,1,24,국제,10,0,NONE,OFFLINE,SCHEDULED,
1104,SWCON401,소프트웨어융합캡스톤디자인,4,2024,1,25,국제,10,0,NONE,OFFLINE,SCHEDULED,
1105,SWCON402,졸업논문(소프트웨어융합),4,2024,1,00,국제,100,0,NONE,OFFLINE,SCHEDULED,
1106,SWCON441,융합연구5,4,2024,1,00,국제,10,0,PARTIAL,OFFLINE,SCHEDULED,
1107,SWCON491,인공지능과게임프로그래밍,3,2024,1,00,국제,60,0,PARTIAL,OFFLINE,SCHEDULED,
1108,SWCON492,풀스택서비스네트워킹,2,2024,1,00,국제,40,0,NONE,OFFLINE,SCHEDULED,
1109,SWCON493,자연언어처리,4,2024,1,00,국제,60,0,NONE,OFFLINE,SCHEDULED,
1110,SWCON494,영상분석과패턴인식,4,2024,1,00,국제,40,0,NONE,OFFLINE,SCHEDULED,
1111,SWCON495,강화학습,4,2024,1,00,국제,60,0,PARTIAL,OFFLINE,SCHEDULED,
1112,AI1002,인공지능프로그래밍,1,2024,2,00,국제,54,0,NONE,OFFLINE,SCHEDULED,
1113,AI1003,인공지능수학,1,2024,2,00,국제,45,0,NONE,OFFLINE,SCHEDULED,
1114,AI3003,자연언어학습,3,2024,2,00,국제,24,0,PARTIAL,OFFLINE,SCHEDULED,
1115,AI3008,설명및신뢰가능한AI,3,2024,2,00,국제,40,0,NONE,OFFLINE,SCHEDULED,
1116,AI4001,캡스톤디자인,4,2024,2,00,국제,40,0,NONE,OFFLINE,SCHEDULED,
1117,CSE103,객체지향프로그래밍,1,2024,2,00,국제,150,0,NONE,OFFLINE,SCHEDULED,
1118,CSE103,객체지향프로그래밍,1,2024,2,01,국제,100,0,PARTIAL,OFFLINE,SCHEDULED,
1119,CSE103,객체지향프로그래밍,1,2024,2,02,국제,100,0,NONE,ONLINE,ASYNCHRONOUS,- (온라인)
1120,CSE104,실감미디어컴퓨팅기초,1,2024,2,00,국제,200,0,NONE,ONLINE,ASYNCHRONOUS,- (온라인)
1121,CSE201,이산구조,2,2024,2,00,국제,60,0,PARTIAL,OFFLINE,SCHEDULED,
1122,CSE201,이산구조,2,2024,2,01,국제,60,0,PARTIAL,OFFLINE,SCHEDULED,
1123,CSE203,컴퓨터구조,2,2024,2,00,국제,62,0,PARTIAL,OFFLINE,SCHEDULED,
1124,CSE203,컴퓨터구조,2,2024,2,01,국제,70,0,PARTIAL,OFFLINE,SCHEDULED,
1125,CSE203,컴퓨터구조,2,2024,2,02,국제,60,0,PARTIAL,OFFLINE,SCHEDULED,
1126,CSE204,자료구조,2,2024,2,00,국제,54,0,NONE,OFFLINE,SCHEDULED,
1127,CSE204,자료구조,2,2024,2,01,국제,60,0,NONE,OFFLINE,SCHEDULED,
1128,CSE204,자료구조,2,2024,2,02,국제,100,0,PARTIAL,OFFLINE,SCHEDULED,
1129,CSE301,운영체제,3,2024,2,00,국제,60,0,PARTIAL,OFFLINE,SCHEDULED,
1130,CSE301,운영체제,3,2024,2,01,국제,70,0,NONE,OFFLINE,SCHEDULED,
1131,CSE302,컴퓨터네트워크,3,2024,2,00,국제,50,0,NONE,OFFLINE,SCHEDULED,
1132,CSE302,컴퓨터네트워크,3,2024,2,01,국제,40,0,NONE,OFFLINE,SCHEDULED,
1133,CSE302,컴퓨터네트워크,3,2024,2,02,국제,60,0,NONE,OFFLINE,SCHEDULED,
1134,CSE302,컴퓨터네트워크,3,2024,2,03,국제,60,0,NONE,OFFLINE,SCHEDULED,
1135,CSE302,컴퓨터네트워크,3,2024,2,04,국제,50,0,NONE,OFFLINE,SCHEDULED,
1136,CSE302,컴퓨터네트워크,3,2024,2,05,국제,50,0,NONE,OFFLINE,SCHEDULED,
1137,CSE304,알고리즘,3,2024,2,00,국제,90,0,NONE,OFFLINE,SCHEDULED,
1138,CSE304,알고리즘,3,2024,2,01,국제,60,0,NONE,OFFLINE,SCHEDULED,
1139,CSE305,데이터베이스,3,2024,2,00,국제,60,0,NONE,OFFLINE,SCHEDULED,
1140,CSE305,데이터베이스,3,2024,2,01,국제,70,0,NONE,OFFLINE,SCHEDULED,
1141,CSE327,소프트웨어공학,3,2024,2,00,국제,70,0,NONE,OFFLINE,SCHEDULED,
1142,CSE327,소프트웨어공학,3,2024,2,01,국제,60,0,NONE,OFFLINE,SCHEDULED,
1143,CSE328,프로그래밍언어론,3,2024,2,00,국제,40,0,NONE,OFFLINE,SCHEDULED,
1144,CSE331,딥러닝,3,2024,2,00,국제,50,0,NONE,OFFLINE,SCHEDULED,
1145,CSE331,딥러닝,3,2024,2,01,국제,40,0,NONE,OFFLINE,SCHEDULED,
1146,CSE332,리눅스시스템프로그래밍,3,2024,2,00,국제,40,0,NONE,OFFLINE,SCHEDULED,
1147,CSE334,SW스타트업프로젝트,3,2024,2,00,국제,50,1,NONE,OFFLINE,SCHEDULED,
1148,CSE340,실전기계학습,3,2024,2,00,국제,40,0,NONE,OFFLINE,SCHEDULED,
1149,CSE403,졸업논문(컴퓨터공학전공),4,2024,2,00,국제,120,0,NONE,OFFLINE,ROOM_ONLY,- (B09)
1150,CSE405,졸업프로젝트,4,2024,2,00,국제,100,0,NONE,OFFLINE,SCHEDULED,
1151,CSE405,졸업프로젝트,4,2024,2,01,국제,50,0,NONE,OFFLINE,SCHEDULED,
1152,CSE405,졸업프로젝트,4,2024,2,02,국제,1,0,NONE,OFFLINE,SCHEDULED,
1153,CSE406,캡스톤디자인,4,2024,2,01,국제,3,0,NONE,OFFLINE,SCHEDULED,
1154,CSE406,캡스톤디자인,4,2024,2,02,국제,3,0,NONE,OFFLINE,SCHEDULED,
1155,CSE406,캡스톤디자인,4,2024,2,04,국제,3,0,NONE,OFFLINE,SCHEDULED,
1156,CSE406,캡스톤디자인,4,2024,2,05,국제,3,0,NONE,OFFLINE,SCHEDULED,
1157,CSE406,캡스톤디자인,4,2024,2,06,국제,3,0,NONE,OFFLINE,SCHEDULED,
1158,CSE406,캡스톤디자인,4,2024,2,07,국제,3,0,NONE,OFFLINE,SCHEDULED,
1159,CSE406,캡스톤디자인,4,2024,2,09,국제,3,0,NONE,OFFLINE,SCHEDULED,
1160,CSE406,캡스톤디자인,4,2024,2,10,국제,3,0,NONE,OFFLINE,SCHEDULED,
1161,CSE406,캡스톤디자인,4,2024,2,11,국제,3,0,NONE,OFFLINE,SCHEDULED,
1162,CSE406,캡스톤디자인,4,2024,2,13,국제,3,0,NONE,OFFLINE,SCHEDULED,
1163,CSE406,캡스톤디자인,4,2024,2,14,국제,3,0,NONE,OFFLINE,SCHEDULED,
1164,CSE406,캡스톤디자인,4,2024,2,15,국제,3,0,NONE,OFFLINE,SCHEDULED,
1165,CSE406,캡스톤디자인,4,2024,2,16,국제,3,0,NONE,OFFLINE,SCHEDULED,
1166,CSE406,캡스톤디자인,4,2024,2,17,국제,3,0,NONE,OFFLINE,SCHEDULED,
1167,CSE406,캡스톤디자인,4,2024,2,18,국제,3,0,NONE,OFFLINE,SCHEDULED,
1168,CSE406,캡스톤디자인,4,2024,2,19,국제,3,0,NONE,OFFLINE,SCHEDULED,
1169,CSE406,캡스톤디자인,4,2024,2,20,국제,2,0,NONE,OFFLINE,SCHEDULED,
1170,CSE430,메타버스데이터처리,4,2024,2,00,국제,40,0,NONE,OFFLINE,SCHEDULED,
1171,CSE437,클라우드프로젝트,4,2024,2,00,국제,40,1,NONE,OFFLINE,SCHEDULED,
1172,CSE441,컴퓨터비젼,4,2024,2,00,국제,40,0,NONE,OFFLINE,SCHEDULED,
1173,CSE442,블록체인,4,2024,2,00,국제,50,1,NONE,OFFLINE,SCHEDULED,
1174,CSE451,모바일/웹서비스프로젝트,4,2024,2,00,국제,40,1,NONE,OFFLINE,SCHEDULED,
1175,CSE452,소프트웨어보안,4,2024,2,00,국제,60,0,NONE,OFFLINE,SCHEDULED,
1176,CSE497,연구연수활동2(컴퓨터공학),4,2024,2,00,국제,1,0,NONE,OFFLINE,SCHEDULED,
1177,CSE497,연구연수활동2(컴퓨터공학),4,2024,2,01,국제,1,0,NONE,OFFLINE,SCHEDULED,
1178,CSE497,연구연수활동2(컴퓨터공학),4,2024,2,02,국제,1,0,NONE,OFFLINE,SCHEDULED,
1179,CSE497,연구연수활동2(컴퓨터공학),4,2024,2,03,국제,1,0,NONE,OFFLINE,SCHEDULED,
1180,CSE497,연구연수활동2(컴퓨터공학),4,2024,2,04,국제,1,0,NONE,OFFLINE,SCHEDULED,
1181,CSE497,연구연수활동2(컴퓨터공학),4,2024,2,05,국제,1,0,NONE,OFFLINE,SCHEDULED,
1182,CSE497,연구연수활동2(컴퓨터공학),4,2024,2,06,국제,1,0,NONE,OFFLINE,SCHEDULED,
1183,CSE497,연구연수활동2(컴퓨터공학),4,2024,2,07,국제,1,0,NONE,OFFLINE,SCHEDULED,
1184,CSE497,연구연수활동2(컴퓨터공학),4,2024,2,08,국제,1,0,NONE,OFFLINE,SCHEDULED,
1185,CSE499,독립심화학습2(컴퓨터공학과),3,2024,2,00,국제,1,0,NONE,OFFLINE,SCHEDULED,
1186,CSE499,독립심화학습2(컴퓨터공학과),3,2024,2,01,국제,1,0,NONE,OFFLINE,SCHEDULED,
1187,CSE499,독립심화학습2(컴퓨터공학과),3,2024,2,02,국제,1,0,NONE,OFFLINE,SCHEDULED,
1188,CSE499,독립심화학습2(컴퓨터공학과),3,2024,2,03,국제,1,0,NONE,OFFLINE,SCHEDULED,
1189,CSE499,독립심화학습2(컴퓨터공학과),3,2024,2,04,국제,1,0,NONE,OFFLINE,SCHEDULED,
1190,CSE499,독립심화학습2(컴퓨터공학과),3,2024,2,05,국제,3,0,NONE,OFFLINE,SCHEDULED,
1191,CSE499,독립심화학습2(컴퓨터공학과),3,2024,2,06,국제,1,0,NONE,OFFLINE,SCHEDULED,
1192,EE209,논리회로(컴퓨터공학과),2,2024,2,00,국제,165,0,NONE,OFFLINE,SCHEDULED,
1193,EE209,논리회로(컴퓨터공학과),2,2024,2,01,국제,55,0,NONE,OFFLINE,SCHEDULED,
1194,EE209,논리회로(컴퓨터공학과),2,2024,2,02,국제,55,0,NONE,OFFLINE,SCHEDULED,
1195,EE210,신호와시스템(컴퓨터공학과),3,2024,2,00,국제,50,0,NONE,OFFLINE,SCHEDULED,
1196,EE210,신호와시스템(컴퓨터공학과),3,2024,2,01,국제,50,0,NONE,OFFLINE,SCHEDULED,
1197,EE210,신호와시스템(컴퓨터공학과),3,2024,2,02,국제,54,0,NONE,OFFLINE,SCHEDULED,
1198,EE210,신호와시스템(컴퓨터공학과),3,2024,2,03,국제,57,0,NONE,OFFLINE,SCHEDULED,
1199,EE211,확률및랜덤변수(인공지능학과),2,2024,2,00,국제,57,0,NONE,OFFLINE,SCHEDULED,
1200,EE211,확률및랜덤변수(인공지능학과),2,2024,2,01,국제,58,0,NONE,OFFLINE,SCHEDULED,
1201,EE211,확률및랜덤변수(인공지능학과),2,2024,2,02,국제,70,0,NONE,OFFLINE,SCHEDULED,
1202,EE211,확률및랜덤변수(인공지능학과),2,2024,2,03,국제,60,0,NONE,OFFLINE,SCHEDULED,
1203,EE461,로봇제어공학(소프트웨어융합학),4,2024,2,00,국제,20,0,PARTIAL,OFFLINE,SCHEDULED,
1204,ELC281,세계신화읽기(소프트웨어융합학),2,2024,2,00,국제,35,0,NONE,OFFLINE,SCHEDULED,
1205,IE208,응용통계학(소프트웨어융합학),2,2024,2,00,국제,48,0,PARTIAL,OFFLINE,SCHEDULED,
1206,IE208,응용통계학(소프트웨어융합학),2,2024,2,01,국제,47,0,PARTIAL,OFFLINE,SCHEDULED,
1207,IE302,경영과학2(소프트웨어융합학),3,2024,2,00,국제,85,0,NONE,OFFLINE,SCHEDULED,
1208,ME271,동역학(소프트웨어융합학),2,2024,2,01,국제,50,0,NONE,OFFLINE,SCHEDULED,
1209,ME271,동역학(소프트웨어융합학),2,2024,2,02,국제,50,0,NONE,OFFLINE,SCHEDULED,
1210,ME271,동역학(소프트웨어융합학),2,2024,2,03,국제,50,0,NONE,OFFLINE,SCHEDULED,
1211,ME376,자동제어(소프트웨어융합학),3,2024,2,01,국제,52,0,NONE,OFFLINE,SCHEDULED,
1212,SWCON101,소프트웨어융합개론,1,2024,2,00,국제,90,0,NONE,OFFLINE,SCHEDULED,
1213,SWCON103,디자인적사고,1,2024,2,00,국제,50,0,NONE,OFFLINE,SCHEDULED,
1214,SWCON103,디자인적사고,1,2024,2,01,국제,30,0,NONE,OFFLINE,SCHEDULED,
1215,SWCON103,디자인적사고,1,2024,2,02,국제,42,0,NONE,OFFLINE,SCHEDULED,
1216,SWCON103,디자인적사고,1,2024,2,03,국제,40,0,NONE,OFFLINE,SCHEDULED,
1217,SWCON104,웹/파이선프로그래밍,1,2024,2,00,국제,150,0,PARTIAL,OFFLINE,SCHEDULED,
1218,SWCON104,웹/파이선프로그래밍,1,2024,2,01,국제,150,0,PARTIAL,OFFLINE,SCHEDULED,
1219,SWCON104,웹/파이선프로그래밍,1,2024,2,02,국제,130,0,PARTIAL,ONLINE,ASYNCHRONOUS,- (온라인)
1220,SWCON201,오픈소스SW개발방법및도구,2,2024,2,00,국제,100,0,PARTIAL,OFFLINE,SCHEDULED,
1221,SWCON207,수치해석프로그래밍,2,2024,2,00,국제,40,0,PARTIAL,OFFLINE,SCHEDULED,
1222,SWCON211,게임프로그래밍입문,2,2024,2,00,국제,65,0,PARTIAL,OFFLINE,SCHEDULED,
1223,SWCON212,게임엔진기초,2,2024,2,00,국제,60,0,NONE,OFFLINE,SCHEDULED,
1224,SWCON221,마이크로서비스프로그래밍,2,2024,2,00,국제,60,0,PARTIAL,OFFLINE,SCHEDULED,
1225,SWCON242,융합연구2,2,2024,2,00,국제,10,0,NONE,OFFLINE,SCHEDULED,
1226,SWCON253,기계학습,2,2024,2,00,국제,60,0,PARTIAL,OFFLINE,SCHEDULED,
1227,SWCON253,기계학습,2,2024,2,01,국제,60,0,PARTIAL,OFFLINE,SCHEDULED,
1228,SWCON253,기계학습,2,2024,2,02,국제,60,0,PARTIAL,OFFLINE,SCHEDULED,
1229,SWCON302,최신기술콜로키움2,3,2024,2,00,국제,160,0,NONE,OFFLINE,SCHEDULED,
1230,SWCON313,가상/증강현실이론및실습,3,2024,2,00,국제,60,0,NONE,OFFLINE,SCHEDULED,
1231,SWCON314,게임공학,3,2024,2,00,국제,50,0,PARTIAL,OFFLINE,SCHEDULED,
1232,SWCON321,데이터분석캡스톤디자인,3,2024,2,00,국제,5,0,NONE,OFFLINE,SCHEDULED,
1233,SWCON321,데이터분석캡스톤디자인,3,2024,2,01,국제,10,0,NONE,OFFLINE,SCHEDULED,
1234,SWCON321,데이터분석캡스톤디자인,3,2024,2,02,국제,10,0,NONE,OFFLINE,SCHEDULED,
1235,SWCON321,데이터분석캡스톤디자인,3,2024,2,03,국제,10,0,NONE,OFFLINE,SCHEDULED,
1236,SWCON321,데이터분석캡스톤디자인,3,2024,2,04,국제,10,0,NONE,OFFLINE,SCHEDULED,
1237,SWCON321,데이터분석캡스톤디자인,3,2024,2,05,국제,10,0,NONE,OFFLINE,SCHEDULED,
1238,SWCON321,데이터분석캡스톤디자인,3,2024,2,06,국제,10,0,NONE,OFFLINE,SCHEDULED,
1239,SWCON321,데이터분석캡스톤디자인,3,2024,2,07,국제,10,0,NONE,OFFLINE,SCHEDULED,
1240,SWCON321,데이터분석캡스톤디자인,3,2024,2,08,국제,10,0,NONE,OFFLINE,SCHEDULED,
1241,SWCON321,데이터분석캡스톤디자인,3,2024,2,09,국제,10,0,NONE,OFFLINE,SCHEDULED,
1242,SWCON321,데이터분석캡스톤디자인,3,2024,2,10,국제,10,0,NONE,OFFLINE,SCHEDULED,
1243,SWCON321,데이터분석캡스톤디자인,3,2024,2,11,국제,10,0,NONE,OFFLINE,SCHEDULED,
1244,SWCON321,데이터분석캡스톤디자인,3,2024,2,12,국제,10,0,NONE,OFFLINE,SCHEDULED,
1245,SWCON321,데이터분석캡스톤디자인,3,2024,2,13,국제,10,0,NONE,OFFLINE,SCHEDULED,
1246,SWCON331,로봇프로그래밍,3,2024,2,00,국제,40,0,NONE,OFFLINE,SCHEDULED,
1247,SWCON332,로봇·비전캡스톤디자인,3,2024,2,00,국제,10,0,NONE,OFFLINE,SCHEDULED,
1248,SWCON332,로봇·비전캡스톤디자인,3,2024,2,01,국제,10,0,NONE,OFFLINE,SCHEDULED,
1249,SWCON332,로봇·비전캡스톤디자인,3,2024,2,02,국제,10,0,NONE,OFFLINE,SCHEDULED,
1250,SWCON332,로봇·비전캡스톤디자인,3,2024,2,03,국제,10,0,NONE,OFFLINE,SCHEDULED,
1251,SWCON342,융합연구4,3,2024,2,00,국제,20,0,NONE,OFFLINE,SCHEDULED,
1252,SWCON364,독립심화학습2(소프트웨어융합학과),3,2024,2,00,국제,1,0,NONE,OFFLINE,SCHEDULED,
1253,SWCON364,독립심화학습2(소프트웨어융합학과),3,2024,2,01,국제,1,0,NONE,OFFLINE,SCHEDULED,
1254,SWCON364,독립심화학습2(소프트웨어융합학과),3,2024,2,02,국제,1,0,NONE,OFFLINE,SCHEDULED,
1255,SWCON364,독립심화학습2(소프트웨어융합학과),3,2024,2,03,국제,1,0,NONE,OFFLINE,SCHEDULED,
1256,SWCON367,게임콘텐츠캡스톤디자인,3,2024,2,00,국제,20,0,NONE,OFFLINE,SCHEDULED,
1257,SWCON367,게임콘텐츠캡스톤디자인,3,2024,2,01,국제,20,0,NONE,OFFLINE,SCHEDULED,
1258,SWCON367,게임콘텐츠캡스톤디자인,3,2024,2,02,국제,20,0,NONE,OFFLINE,SCHEDULED,
1259,SWCON367,게임콘텐츠캡스톤디자인,3,2024,2,03,국제,20,0,NONE,OFFLINE,SCHEDULED,
1260,SWCON367,게임콘텐츠캡스톤디자인,3,2024,2,04,국제,20,0,NONE,OFFLINE,SCHEDULED,
1261,SWCON367,게임콘텐츠캡스톤디자인,3,2024,2,05,국제,20,0,NONE,OFFLINE,SCHEDULED,
1262,SWCON367,게임콘텐츠캡스톤디자인,3,2024,2,06,국제,20,0,NONE,OFFLINE,SCHEDULED,
1263,SWCON367,게임콘텐츠캡스톤디자인,3,2024,2,07,국제,20,0,NONE,OFFLINE,SCHEDULED,
1264,SWCON370,풀스택서비스프로그래밍,3,2024,2,00,국제,30,0,NONE,OFFLINE,SCHEDULED,
1265,SWCON401,소프트웨어융합캡스톤디자인,4,2024,2,00,국제,10,0,NONE,OFFLINE,SCHEDULED,
1266,SWCON401,소프트웨어융합캡스톤디자인,4,2024,2,02,국제,5,0,NONE,OFFLINE,SCHEDULED,
1267,SWCON401,소프트웨어융합캡스톤디자인,4,2024,2,04,국제,10,0,NONE,OFFLINE,SCHEDULED,
1268,SWCON401,소프트웨어융합캡스톤디자인,4,2024,2,05,국제,10,0,NONE,OFFLINE,SCHEDULED,
1269,SWCON401,소프트웨어융합캡스톤디자인,4,2024,2,06,국제,10,0,NONE,OFFLINE,SCHEDULED,
1270,SWCON401,소프트웨어융합캡스톤디자인,4,2024,2,07,국제,10,0,NONE,OFFLINE,SCHEDULED,
1271,SWCON401,소프트웨어융합캡스톤디자인,4,2024,2,08,국제,10,0,NONE,OFFLINE,SCHEDULED,
1272,SWCON401,소프트웨어융합캡스톤디자인,4,2024,2,09,국제,10,0,NONE,OFFLINE,SCHEDULED,
1273,SWCON401,소프트웨어융합캡스톤디자인,4,2024,2,10,국제,10,0,NONE,OFFLINE,SCHEDULED,
1274,SWCON401,소프트웨어융합캡스톤디자인,4,2024,2,11,국제,10,0,NONE,OFFLINE,SCHEDULED,
1275,SWCON401,소프트웨어융합캡스톤디자인,4,2024,2,12,국제,10,0,NONE,OFFLINE,SCHEDULED,
1276,SWCON401,소프트웨어융합캡스톤디자인,4,2024,2,13,국제,10,0,NONE,OFFLINE,SCHEDULED,
1277,SWCON401,소프트웨어융합캡스톤디자인,4,2024,2,14,국제,10,0,NONE,OFFLINE,SCHEDULED,
1278,SWCON401,소프트웨어융합캡스톤디자인,4,2024,2,15,국제,10,0,NONE,OFFLINE,SCHEDULED,
1279,SWCON401,소프트웨어융합캡스톤디자인,4,2024,2,16,국제,10,0,NONE,OFFLINE,SCHEDULED,
1280,SWCON401,소프트웨어융합캡스톤디자인,4,2024,2,17,국제,10,0,NONE,OFFLINE,SCHEDULED,
1281,SWCON402,졸업논문(소프트웨어융합),4,2024,2,00,국제,100,0,NONE,OFFLINE,ROOM_ONLY,- (B09)
1282,SWCON425,데이터사이언스및시각화,4,2024,2,00,국제,30,0,PARTIAL,OFFLINE,SCHEDULED,
1283,SWCON442,융합연구6,4,2024,2,00,국제,20,0,NONE,OFFLINE,SCHEDULED,
1284,SWCON492,풀스택서비스네트워킹,2,2024,2,00,국제,60,0,PARTIAL,OFFLINE,SCHEDULED,
1285,CSE103,객체지향프로그래밍,1,2024,summer,00,국제,40,0,NONE,OFFLINE,SCHEDULED,
1286,CSE104,실감미디어컴퓨팅기초,1,2024,summer,00,국제,200,0,NONE,TBD,TBD,미정
1287,SWCON104,웹/파이선프로그래밍,1,2024,summer,00,국제,40,0,PARTIAL,OFFLINE,SCHEDULED,
1288,SWCON104,웹/파이선프로그래밍,1,2024,summer,01,국제,40,0,PARTIAL,TBD,TBD,미정
1289,SWCON370,풀스택서비스프로그래밍,3,2024,summer,00,국제,40,0,NONE,OFFLINE,SCHEDULED,
1290,CSE103,객체지향프로그래밍,1,2024,winter,00,국제,40,0,NONE,OFFLINE,SCHEDULED,
1291,CSE104,실감미디어컴퓨팅기초,1,2024,winter,00,국제,200,0,NONE,TBD,TBD,미정
1292,SWCON104,웹/파이선프로그래밍,1,2024,winter,00,국제,40,0,PARTIAL,OFFLINE,SCHEDULED,
1293,SWCON104,웹/파이선프로그래밍,1,2024,winter,01,국제,40,0,PARTIAL,TBD,TBD,미정
1294,SWCON370,풀스택서비스프로그래밍,3,2024,winter,00,국제,30,0,NONE,OFFLINE,SCHEDULED,
1295,AI1001,인공지능개론,1,2025,1,00,국제,60,0,NONE,OFFLINE,SCHEDULED,
1296,AI3001,고급딥러닝,3,2025,1,00,국제,60,0,PARTIAL,OFFLINE,SCHEDULED,
1297,AI3002,인공지능과윤리,3,2025,1,00,국제,60,0,PARTIAL,OFFLINE,SCHEDULED,
1298,AI3004,빅데이터마이닝,3,2025,1,00,국제,60,0,NONE,OFFLINE,SCHEDULED,
1299,AI4006,독립심화학습(인공지능)1,4,2025,1,00,국제,1,0,NONE,OFFLINE,SCHEDULED,
1300,CSE0001,소프트웨어가치탐구,1,2025,1,00,국제,3000,0,NONE,TBD,TBD,- (SW예비대학(국제캠))
1301,CSE0001,소프트웨어가치탐구,1,2025,1,01,국제,3000,0,NONE,TBD,TBD,- (SW예비대학(서울캠))
1302,CSE103,객체지향프로그래밍,1,2025,1,00,국제,150,0,NONE,OFFLINE,SCHEDULED,
1303,CSE103,객체지향프로그래밍,1,2025,1,01,국제,150,0,NONE,ONLINE,ASYNCHRONOUS,- (온라인)
1304,CSE103,객체지향프로그래밍,1,2025,1,02,국제,150,0,PARTIAL,OFFLINE,SCHEDULED,
1305,CSE104,실감미디어컴퓨팅기초,1,2025,1,00,국제,400,0,NONE,ONLINE,ASYNCHRONOUS,- (온라인)
1306,CSE201,이산구조,1,2025,1,00,국제,70,0,PARTIAL,OFFLINE,SCHEDULED,
1307,CSE201,이산구조,1,2025,1,01,국제,70,0,NONE,OFFLINE,SCHEDULED,
1308,CSE203,컴퓨터구조,2,2025,1,00,국제,120,0,PARTIAL,OFFLINE,SCHEDULED,
1309,CSE203,컴퓨터구조,2,2025,1,02,국제,105,0,PARTIAL,OFFLINE,SCHEDULED,
1310,CSE204,자료구조,2,2025,1,00,국제,60,0,NONE,OFFLINE,SCHEDULED,
1311,CSE204,자료구조,2,2025,1,02,국제,149,0,PARTIAL,OFFLINE,SCHEDULED,
1312,CSE224,UI/UX프로그래밍,2,2025,1,00,국제,65,0,PARTIAL,OFFLINE,SCHEDULED,
1313,CSE301,운영체제,3,2025,1,00,국제,98,0,PARTIAL,OFFLINE,SCHEDULED,
1314,CSE301,운영체제,3,2025,1,01,국제,90,0,NONE,OFFLINE,SCHEDULED,
1315,CSE302,컴퓨터네트워크,3,2025,1,00,국제,61,0,PARTIAL,OFFLINE,SCHEDULED,
1316,CSE302,컴퓨터네트워크,3,2025,1,01,국제,44,0,NONE,OFFLINE,SCHEDULED,
1317,CSE302,컴퓨터네트워크,3,2025,1,02,국제,40,0,NONE,OFFLINE,SCHEDULED,
1318,CSE304,알고리즘,3,2025,1,00,국제,52,0,NONE,OFFLINE,SCHEDULED,
1319,CSE304,알고리즘,3,2025,1,01,국제,54,0,NONE,OFFLINE,SCHEDULED,
1320,CSE304,알고리즘,3,2025,1,02,국제,50,0,NONE,OFFLINE,SCHEDULED,
1321,CSE305,데이터베이스,3,2025,1,00,국제,67,0,NONE,OFFLINE,SCHEDULED,
1322,CSE305,데이터베이스,3,2025,1,01,국제,54,0,NONE,OFFLINE,SCHEDULED,
1323,CSE322,컴파일러,3,2025,1,00,국제,50,0,PARTIAL,OFFLINE,SCHEDULED,
1324,CSE327,소프트웨어공학,3,2025,1,00,국제,120,0,NONE,OFFLINE,SCHEDULED,
1325,CSE330,SW스타트업비즈니스,3,2025,1,00,국제,60,1,NONE,OFFLINE,SCHEDULED,
1326,CSE331,딥러닝,3,2025,1,00,국제,60,0,PARTIAL,OFFLINE,SCHEDULED,
1327,CSE335,클라우드컴퓨팅,3,2025,1,00,국제,65,1,NONE,OFFLINE,SCHEDULED,
1328,CSE403,졸업논문(컴퓨터공학전공),4,2025,1,00,국제,154,0,NONE,OFFLINE,ROOM_ONLY,- (전205)
1329,CSE405,졸업프로젝트,4,2025,1,00,국제,120,0,NONE,OFFLINE,SCHEDULED,
1330,CSE406,캡스톤디자인,4,2025,1,00,국제,8,0,NONE,OFFLINE,SCHEDULED,
1331,CSE406,캡스톤디자인,4,2025,1,01,국제,8,0,NONE,OFFLINE,SCHEDULED,
1332,CSE406,캡스톤디자인,4,2025,1,02,국제,8,0,NONE,OFFLINE,SCHEDULED,
1333,CSE406,캡스톤디자인,4,2025,1,03,국제,8,0,NONE,OFFLINE,SCHEDULED,
1334,CSE406,캡스톤디자인,4,2025,1,04,국제,14,0,NONE,OFFLINE,SCHEDULED,
1335,CSE406,캡스톤디자인,4,2025,1,05,국제,8,0,NONE,OFFLINE,SCHEDULED,
1336,CSE406,캡스톤디자인,4,2025,1,06,국제,8,0,NONE,OFFLINE,SCHEDULED,
1337,CSE406,캡스톤디자인,4,2025,1,07,국제,8,0,NONE,OFFLINE,SCHEDULED,
1338,CSE406,캡스톤디자인,4,2025,1,09,국제,8,0,NONE,OFFLINE,SCHEDULED,
1339,CSE406,캡스톤디자인,4,2025,1,10,국제,8,0,NONE,OFFLINE,SCHEDULED,
1340,CSE406,캡스톤디자인,4,2025,1,12,국제,9,0,NONE,OFFLINE,SCHEDULED,
1341,CSE406,캡스톤디자인,4,2025,1,13,국제,10,0,NONE,OFFLINE,SCHEDULED,
1342,CSE406,캡스톤디자인,4,2025,1,14,국제,8,0,NONE,OFFLINE,SCHEDULED,
1343,CSE4100,블록체인프로젝트,4,2025,1,00,국제,50,1,NONE,OFFLINE,SCHEDULED,
1344,CSE423,정보보호,4,2025,1,00,국제,40,0,PARTIAL,OFFLINE,SCHEDULED,
1345,CSE426,영상처리,4,2025,1,00,국제,60,0,PARTIAL,OFFLINE,SCHEDULED,
1346,CSE428,컴퓨터그래픽스,4,2025,1,00,국제,40,0,NONE,OFFLINE,SCHEDULED,
1347,CSE438,최신기술콜로키움1,4,2025,1,00,국제,154,1,NONE,OFFLINE,SCHEDULED,
1348,CSE443,AI네트워킹,4,2025,1,00,국제,50,0,NONE,OFFLINE,SCHEDULED,
1349,CSE444,AIoT네트워크,4,2025,1,00,국제,40,0,NONE,OFFLINE,SCHEDULED,
1350,CSE450,모바일/웹서비스프로그래밍,4,2025,1,00,국제,40,1,NONE,OFFLINE,SCHEDULED,
1351,CSE495,독립심화학습1(컴퓨터공학),4,2025,1,00,국제,1,0,NONE,OFFLINE,SCHEDULED,
1352,CSE495,독립심화학습1(컴퓨터공학),4,2025,1,01,국제,1,0,NONE,OFFLINE,SCHEDULED,
1353,CSE495,독립심화학습1(컴퓨터공학),3,2025,1,02,국제,1,0,NONE,OFFLINE,SCHEDULED,
1354,CSE495,독립심화학습1(컴퓨터공학),3,2025,1,03,국제,1,0,NONE,OFFLINE,SCHEDULED,
1355,CSE495,독립심화학습1(컴퓨터공학),4,2025,1,04,국제,1,0,NONE,OFFLINE,SCHEDULED,
1356,CSE495,독립심화학습1(컴퓨터공학),4,2025,1,05,국제,1,0,NONE,OFFLINE,SCHEDULED,
1357,CSE495,독립심화학습1(컴퓨터공학),4,2025,1,06,국제,1,0,NONE,OFFLINE,SCHEDULED,
1358,CSE495,독립심화학습1(컴퓨터공학),4,2025,1,07,국제,1,0,NONE,OFFLINE,SCHEDULED,
1359,CSE495,독립심화학습1(컴퓨터공학),4,2025,1,09,국제,1,0,NONE,OFFLINE,SCHEDULED,
1360,CSE496,연구연수활동1(컴퓨터공학),4,2025,1,00,국제,1,0,NONE,OFFLINE,SCHEDULED,
1361,CSE496,연구연수활동1(컴퓨터공학),3,2025,1,01,국제,1,0,NONE,OFFLINE,SCHEDULED,
1362,CSE496,연구연수활동1(컴퓨터공학),4,2025,1,02,국제,1,0,NONE,OFFLINE,SCHEDULED,
1363,CSE496,연구연수활동1(컴퓨터공학),4,2025,1,03,국제,1,0,NONE,OFFLINE,SCHEDULED,
1364,CSE496,연구연수활동1(컴퓨터공학),4,2025,1,04,국제,1,0,NONE,OFFLINE,SCHEDULED,
1365,CSE496,연구연수활동1(컴퓨터공학),4,2025,1,05,국제,1,0,NONE,OFFLINE,SCHEDULED,
1366,CSE496,연구연수활동1(컴퓨터공학),4,2025,1,06,국제,1,0,NONE,OFFLINE,SCHEDULED,
1367,CSE496,연구연수활동1(컴퓨터공학),4,2025,1,07,국제,1,0,NONE,OFFLINE,SCHEDULED,
1368,EE209,논리회로(컴퓨터공학과),2,2025,1,00,국제,50,0,NONE,OFFLINE,SCHEDULED,
1369,EE209,논리회로(컴퓨터공학과),2,2025,1,01,국제,55,0,PARTIAL,OFFLINE,SCHEDULED,
1370,EE209,논리회로(컴퓨터공학과),2,2025,1,02,국제,55,0,NONE,OFFLINE,SCHEDULED,
1371,EE209,논리회로(컴퓨터공학과),2,2025,1,03,국제,55,0,NONE,OFFLINE,SCHEDULED,
1372,EE210,신호와시스템(컴퓨터공학과),3,2025,1,00,국제,60,0,NONE,OFFLINE,SCHEDULED,
1373,EE210,신호와시스템(컴퓨터공학과),3,2025,1,01,국제,60,0,NONE,OFFLINE,SCHEDULED,
1374,EE210,신호와시스템(컴퓨터공학과),3,2025,1,02,국제,60,0,PARTIAL,OFFLINE,SCHEDULED,
1375,EE211,확률및랜덤변수(인공지능학과),2,2025,1,00,국제,60,0,NONE,OFFLINE,SCHEDULED,
1376,EE211,확률및랜덤변수(인공지능학과),2,2025,1,01,국제,60,0,NONE,OFFLINE,SCHEDULED,
1377,EE211,확률및랜덤변수(인공지능학과),2,2025,1,02,국제,60,0,NONE,OFFLINE,SCHEDULED,
1378,EE211,확률및랜덤변수(인공지능학과),2,2025,1,03,국제,60,0,NONE,OFFLINE,SCHEDULED,
1379,EE211,확률및랜덤변수(인공지능학과),2,2025,1,04,국제,70,0,PARTIAL,OFFLINE,SCHEDULED,
1380,EE211,확률및랜덤변수(인공지능학과),2,2025,1,05,국제,60,0,NONE,OFFLINE,SCHEDULED,
1381,ELC471,테크놀로지와디지털콘텐츠(소프트웨어융합학),,2025,1,01,국제,24,0,FULL,OFFLINE,SCHEDULED,
1382,ID3012,UX디자인(소프트웨어융합학),3,2025,1,00,국제,30,0,PARTIAL,OFFLINE,SCHEDULED,
1383,IE301,경영과학1(소프트웨어융합학),3,2025,1,00,국제,90,0,NONE,OFFLINE,SCHEDULED,
1384,IE329,금융공학(소프트웨어융합학),3,2025,1,00,국제,80,0,NONE,OFFLINE,SCHEDULED,
1385,ME375,메카트로닉스(소프트웨어융합학),3,2025,1,01,국제,65,0,NONE,OFFLINE,SCHEDULED,
1386,ME380,시스템동역학(소프트웨어융합학),3,2025,1,01,국제,35,0,NONE,OFFLINE,SCHEDULED,
1387,ME380,시스템동역학(소프트웨어융합학),3,2025,1,02,국제,50,0,FULL,OFFLINE,SCHEDULED,
1388,ME380,시스템동역학(소프트웨어융합학),3,2025,1,03,국제,40,0,NONE,OFFLINE,SCHEDULED,
1389,ME391,로봇공학(소프트웨어융합학),34,2025,1,01,국제,40,0,NONE,OFFLINE,SCHEDULED,
1390,ME391,로봇공학(소프트웨어융합학),34,2025,1,02,국제,40,0,PARTIAL,OFFLINE,SCHEDULED,
1391,SWCON103,디자인적사고,1,2025,1,00,국제,54,0,NONE,OFFLINE,SCHEDULED,
1392,SWCON103,디자인적사고,1,2025,1,01,국제,50,0,NONE,OFFLINE,SCHEDULED,
1393,SWCON104,웹/파이선프로그래밍,1,2025,1,00,국제,150,0,PARTIAL,OFFLINE,SCHEDULED,
1394,SWCON104,웹/파이선프로그래밍,1,2025,1,01,국제,150,0,PARTIAL,OFFLINE,SCHEDULED,
1395,SWCON104,웹/파이선프로그래밍,1,2025,1,02,국제,150,0,PARTIAL,OFFLINE,SCHEDULED,
1396,SWCON104,웹/파이선프로그래밍,1,2025,1,03,국제,100,0,PARTIAL,ONLINE,ASYNCHRONOUS,- (온라인)
1397,SWCON201,오픈소스SW개발방법및도구,2,2025,1,00,국제,150,0,PARTIAL,OFFLINE,SCHEDULED,
1398,SWCON221,마이크로서비스프로그래밍,2,2025,1,00,국제,60,0,PARTIAL,OFFLINE,SCHEDULED,
1399,SWCON241,융합연구1,2,2025,1,00,국제,10,0,PARTIAL,OFFLINE,SCHEDULED,
1400,SWCON253,기계학습,2,2025,1,00,국제,60,0,PARTIAL,OFFLINE,SCHEDULED,
1401,SWCON253,기계학습,2,2025,1,01,국제,80,0,PARTIAL,OFFLINE,SCHEDULED,
1402,SWCON253,기계학습,2,2025,1,02,국제,60,0,PARTIAL,OFFLINE,SCHEDULED,
1403,SWCON254,회로와신호,2,2025,1,00,국제,30,0,PARTIAL,OFFLINE,SCHEDULED,
1404,SWCON311,게임그래픽프로그래밍,3,2025,1,00,국제,50,0,NONE,OFFLINE,SCHEDULED,
1405,SWCON312,게임인터랙티브테크놀로지,4,2025,1,00,국제,30,0,PARTIAL,OFFLINE,SCHEDULED,
1406,SWCON321,데이터분석캡스톤디자인,3,2025,1,00,국제,5,0,NONE,OFFLINE,SCHEDULED,
1407,SWCON321,데이터분석캡스톤디자인,3,2025,1,01,국제,10,0,NONE,OFFLINE,SCHEDULED,
1408,SWCON321,데이터분석캡스톤디자인,3,2025,1,02,국제,10,0,NONE,OFFLINE,SCHEDULED,
1409,SWCON321,데이터분석캡스톤디자인,3,2025,1,03,국제,10,0,NONE,OFFLINE,SCHEDULED,
1410,SWCON332,로봇·비전캡스톤디자인,3,2025,1,00,국제,10,0,NONE,OFFLINE,SCHEDULED,
1411,SWCON341,융합연구3,3,2025,1,00,국제,10,0,PARTIAL,OFFLINE,SCHEDULED,
1412,SWCON363,독립심화학습1(소프트웨어융합학과),3,2025,1,00,국제,1,0,NONE,OFFLINE,SCHEDULED,
1413,SWCON366,3D데이터처리,3,2025,1,00,국제,40,0,PARTIAL,OFFLINE,SCHEDULED,
1414,SWCON367,게임콘텐츠캡스톤디자인,3,2025,1,00,국제,10,0,NONE,OFFLINE,SCHEDULED,
1415,SWCON367,게임콘텐츠캡스톤디자인,3,2025,1,01,국제,10,0,NONE,OFFLINE,SCHEDULED,
1416,SWCON370,풀스택서비스프로그래밍,3,2025,1,00,국제,30,0,NONE,OFFLINE,SCHEDULED,
1417,SWCON372,응용데이터분석,3,2025,1,00,국제,40,0,PARTIAL,OFFLINE,SCHEDULED,
1418,SWCON401,소프트웨어융합캡스톤디자인,4,2025,1,00,국제,5,0,NONE,OFFLINE,SCHEDULED,
1419,SWCON401,소프트웨어융합캡스톤디자인,4,2025,1,01,국제,5,0,NONE,OFFLINE,SCHEDULED,
1420,SWCON401,소프트웨어융합캡스톤디자인,4,2025,1,02,국제,5,0,NONE,OFFLINE,SCHEDULED,
1421,SWCON401,소프트웨어융합캡스톤디자인,4,2025,1,03,국제,10,0,NONE,OFFLINE,SCHEDULED,
1422,SWCON401,소프트웨어융합캡스톤디자인,4,2025,1,04,국제,10,0,NONE,OFFLINE,SCHEDULED,
1423,SWCON401,소프트웨어융합캡스톤디자인,4,2025,1,05,국제,15,0,NONE,OFFLINE,SCHEDULED,
1424,SWCON401,소프트웨어융합캡스톤디자인,4,2025,1,06,국제,15,0,NONE,OFFLINE,SCHEDULED,
1425,SWCON401,소프트웨어융합캡스톤디자인,4,2025,1,07,국제,10,0,NONE,OFFLINE,SCHEDULED,
1426,SWCON402,졸업논문(소프트웨어융합),4,2025,1,00,국제,100,0,NONE,OFFLINE,ROOM_ONLY,- (B09)
1427,SWCON441,융합연구5,4,2025,1,00,국제,10,0,PARTIAL,OFFLINE,SCHEDULED,
1428,SWCON491,인공지능과게임프로그래밍,3,2025,1,00,국제,60,0,PARTIAL,OFFLINE,SCHEDULED,
1429,SWCON492,풀스택서비스네트워킹,4,2025,1,00,국제,60,0,NONE,OFFLINE,SCHEDULED,
1430,SWCON494,영상분석과패턴인식,4,2025,1,00,국제,40,0,NONE,OFFLINE,SCHEDULED,
1431,SWCON495,강화학습,4,2025,1,00,국제,40,0,PARTIAL,OFFLINE,SCHEDULED,
1432,SWCON496,소프트웨어융합보안,4,2025,1,00,국제,40,0,PARTIAL,OFFLINE,SCHEDULED,
1433,AI1002,인공지능프로그래밍,1,2025,2,00,국제,50,0,NONE,OFFLINE,SCHEDULED,
1434,AI1003,인공지능수학,1,2025,2,00,국제,45,0,NONE,OFFLINE,SCHEDULED,
1435,AI3003,자연언어학습,3,2025,2,00,국제,24,0,PARTIAL,OFFLINE,SCHEDULED,
1436,AI3008,설명및신뢰가능한AI,3,2025,2,00,국제,40,0,NONE,OFFLINE,SCHEDULED,
1437,AI4003,졸업논문(인공지능),4,2025,2,00,국제,40,0,NONE,TBD,TBD,- ()
1438,AI4007,독립심화학습(인공지능)2,4,2025,2,00,국제,1,0,NONE,OFFLINE,SCHEDULED,
1439,CSE103,객체지향프로그래밍,1,2025,2,00,국제,100,0,NONE,OFFLINE,SCHEDULED,
1440,CSE103,객체지향프로그래밍,1,2025,2,01,국제,150,0,PARTIAL,OFFLINE,SCHEDULED,
1441,CSE103,객체지향프로그래밍,1,2025,2,02,국제,100,0,NONE,ONLINE,ASYNCHRONOUS,- (온라인)
1442,CSE201,이산구조,1,2025,2,00,국제,60,0,PARTIAL,OFFLINE,SCHEDULED,
1443,CSE201,이산구조,1,2025,2,01,국제,60,0,NONE,OFFLINE,SCHEDULED,
1444,CSE203,컴퓨터구조,2,2025,2,00,국제,66,0,PARTIAL,OFFLINE,SCHEDULED,
1445,CSE203,컴퓨터구조,2,2025,2,01,국제,135,0,PARTIAL,OFFLINE,SCHEDULED,
1446,CSE204,자료구조,2,2025,2,00,국제,70,0,NONE,OFFLINE,SCHEDULED,
1447,CSE204,자료구조,2,2025,2,01,국제,130,0,PARTIAL,OFFLINE,SCHEDULED,
1448,CSE204,자료구조,2,2025,2,02,국제,44,0,PARTIAL,OFFLINE,SCHEDULED,
1449,CSE301,운영체제,3,2025,2,00,국제,60,0,PARTIAL,OFFLINE,SCHEDULED,
1450,CSE301,운영체제,3,2025,2,01,국제,60,0,NONE,OFFLINE,SCHEDULED,
1451,CSE302,컴퓨터네트워크,3,2025,2,00,국제,50,0,NONE,OFFLINE,SCHEDULED,
1452,CSE302,컴퓨터네트워크,3,2025,2,01,국제,40,0,NONE,OFFLINE,SCHEDULED,
1453,CSE302,컴퓨터네트워크,3,2025,2,02,국제,60,0,NONE,OFFLINE,SCHEDULED,
1454,CSE302,컴퓨터네트워크,3,2025,2,03,국제,60,0,NONE,OFFLINE,SCHEDULED,
1455,CSE304,알고리즘,3,2025,2,00,국제,75,0,NONE,OFFLINE,SCHEDULED,
1456,CSE304,알고리즘,3,2025,2,01,국제,60,0,NONE,OFFLINE,SCHEDULED,
1457,CSE305,데이터베이스,3,2025,2,00,국제,60,0,NONE,OFFLINE,SCHEDULED,
1458,CSE305,데이터베이스,3,2025,2,01,국제,60,0,NONE,OFFLINE,SCHEDULED,
1459,CSE305,데이터베이스,3,2025,2,02,국제,60,0,NONE,ONLINE,ASYNCHRONOUS,- (온라인)
1460,CSE327,소프트웨어공학,3,2025,2,00,국제,60,0,NONE,OFFLINE,SCHEDULED,
1461,CSE327,소프트웨어공학,3,2025,2,01,국제,60,0,NONE,OFFLINE,SCHEDULED,
1462,CSE331,딥러닝,3,2025,2,00,국제,50,0,NONE,OFFLINE,SCHEDULED,
1463,CSE331,딥러닝,3,2025,2,01,국제,50,0,NONE,OFFLINE,SCHEDULED,
1464,CSE334,SW스타트업프로젝트,3,2025,2,00,국제,40,1,NONE,OFFLINE,SCHEDULED,
1465,CSE340,실전기계학습,3,2025,2,00,국제,40,0,NONE,OFFLINE,SCHEDULED,
1466,CSE403,졸업논문(컴퓨터공학전공),4,2025,2,00,국제,130,0,NONE,TBD,TBD,- ()
1467,CSE405,졸업프로젝트,4,2025,2,00,국제,130,0,NONE,OFFLINE,SCHEDULED,
1468,CSE406,캡스톤디자인,3,2025,2,00,국제,6,0,NONE,OFFLINE,SCHEDULED,
1469,CSE406,캡스톤디자인,3,2025,2,01,국제,6,0,NONE,OFFLINE,SCHEDULED,
1470,CSE406,캡스톤디자인,3,2025,2,02,국제,6,0,NONE,OFFLINE,SCHEDULED,
1471,CSE406,캡스톤디자인,3,2025,2,03,국제,6,0,NONE,OFFLINE,SCHEDULED,
1472,CSE406,캡스톤디자인,3,2025,2,04,국제,6,0,NONE,OFFLINE,SCHEDULED,
1473,CSE406,캡스톤디자인,3,2025,2,05,국제,6,0,NONE,OFFLINE,SCHEDULED,
1474,CSE406,캡스톤디자인,3,2025,2,06,국제,6,0,NONE,OFFLINE,SCHEDULED,
1475,CSE406,캡스톤디자인,3,2025,2,07,국제,6,0,NONE,OFFLINE,SCHEDULED,
1476,CSE406,캡스톤디자인,3,2025,2,08,국제,6,0,NONE,OFFLINE,SCHEDULED,
1477,CSE406,캡스톤디자인,3,2025,2,09,국제,6,0,NONE,OFFLINE,SCHEDULED,
1478,CSE406,캡스톤디자인,3,2025,2,10,국제,6,0,NONE,OFFLINE,SCHEDULED,
1479,CSE406,캡스톤디자인,3,2025,2,11,국제,6,0,NONE,OFFLINE,SCHEDULED,
1480,CSE406,캡스톤디자인,3,2025,2,12,국제,6,0,NONE,OFFLINE,SCHEDULED,
1481,CSE430,메타버스데이터처리,4,2025,2,00,국제,40,0,NONE,OFFLINE,SCHEDULED,
1482,CSE437,클라우드프로젝트,4,2025,2,00,국제,40,1,NONE,OFFLINE,SCHEDULED,
1483,CSE441,컴퓨터비젼,4,2025,2,00,국제,40,0,NONE,OFFLINE,SCHEDULED,
1484,CSE442,블록체인,4,2025,2,00,국제,50,1,NONE,OFFLINE,SCHEDULED,
1485,CSE451,모바일/웹서비스프로젝트,4,2025,2,00,국제,40,1,NONE,OFFLINE,SCHEDULED,
1486,CSE452,소프트웨어보안,4,2025,2,00,국제,60,0,NONE,OFFLINE,SCHEDULED,
1487,CSE497,연구연수활동2(컴퓨터공학),,2025,2,01,국제,1,0,NONE,OFFLINE,SCHEDULED,
1488,CSE497,연구연수활동2(컴퓨터공학),,2025,2,02,국제,1,0,NONE,OFFLINE,SCHEDULED,
1489,CSE497,연구연수활동2(컴퓨터공학),,2025,2,03,국제,1,0,NONE,OFFLINE,SCHEDULED,
1490,CSE499,독립심화학습2(컴퓨터공학과),3,2025,2,00,국제,1,0,NONE,OFFLINE,SCHEDULED,
1491,CSE499,독립심화학습2(컴퓨터공학과),3,2025,2,01,국제,1,0,NONE,OFFLINE,SCHEDULED,
1492,CSE499,독립심화학습2(컴퓨터공학과),3,2025,2,02,국제,1,0,NONE,OFFLINE,SCHEDULED,
1493,EE209,논리회로(컴퓨터공학과),2,2025,2,00,국제,50,0,NONE,OFFLINE,SCHEDULED,
1494,EE209,논리회로(컴퓨터공학과),2,2025,2,01,국제,50,0,NONE,OFFLINE,SCHEDULED,
1495,EE209,논리회로(컴퓨터공학과),2,2025,2,02,국제,50,0,NONE,TBD,TBD,- ()
1496,EE210,신호와시스템(컴퓨터공학과),3,2025,2,00,국제,60,0,NONE,OFFLINE,SCHEDULED,
1497,EE210,신호와시스템(컴퓨터공학과),3,2025,2,01,국제,60,0,NONE,OFFLINE,SCHEDULED,
1498,EE210,신호와시스템(컴퓨터공학과),3,2025,2,02,국제,60,0,PARTIAL,OFFLINE,SCHEDULED,
1499,EE211,확률및랜덤변수(인공지능학과),2,2025,2,00,국제,60,0,NONE,OFFLINE,SCHEDULED,
1500,EE211,확률및랜덤변수(인공지능학과),2,2025,2,01,국제,60,0,PARTIAL,OFFLINE,SCHEDULED,
1501,EE211,확률및랜덤변수(인공지능학과),2,2025,2,02,국제,60,0,PARTIAL,OFFLINE,SCHEDULED,
1502,EE211,확률및랜덤변수(인공지능학과),2,2025,2,03,국제,60,0,NONE,OFFLINE,SCHEDULED,
1503,EE211,확률및랜덤변수(인공지능학과),2,2025,2,04,국제,60,0,NONE,OFFLINE,SCHEDULED,
1504,EE461,로봇제어공학(소프트웨어융합학),4,2025,2,00,국제,50,0,PARTIAL,OFFLINE,SCHEDULED,
1505,ELC281,세계신화읽기(소프트웨어융합학),2,2025,2,00,국제,35,0,NONE,OFFLINE,SCHEDULED,
1506,IE208,응용통계학(소프트웨어융합학),2,2025,2,00,국제,55,0,PARTIAL,OFFLINE,SCHEDULED,
1507,IE208,응용통계학(소프트웨어융합학),2,2025,2,01,국제,55,0,PARTIAL,OFFLINE,SCHEDULED,
1508,IE215,데이터사이언스(소프트웨어융합학),2,2025,2,00,국제,50,0,NONE,OFFLINE,SCHEDULED,
1509,IE302,경영과학2(소프트웨어융합학),3,2025,2,00,국제,85,0,PARTIAL,OFFLINE,SCHEDULED,
1510,IE306,데이터마이닝(소프트웨어융합학),3,2025,2,00,국제,30,0,NONE,OFFLINE,SCHEDULED,
1511,ME271,동역학(소프트웨어융합학),2,2025,2,01,국제,65,0,NONE,OFFLINE,SCHEDULED,
1512,ME271,동역학(소프트웨어융합학),2,2025,2,02,국제,65,0,NONE,OFFLINE,SCHEDULED,
1513,ME271,동역학(소프트웨어융합학),2,2025,2,03,국제,90,0,NONE,OFFLINE,SCHEDULED,
1514,ME376,자동제어(소프트웨어융합학),3,2025,2,01,국제,40,0,NONE,OFFLINE,SCHEDULED,
1515,SWCON101,소프트웨어융합개론,1,2025,2,00,국제,90,0,NONE,OFFLINE,SCHEDULED,
1516,SWCON103,디자인적사고,1,2025,2,00,국제,60,0,NONE,OFFLINE,SCHEDULED,
1517,SWCON103,디자인적사고,1,2025,2,02,국제,60,0,NONE,OFFLINE,SCHEDULED,
1518,SWCON104,웹/파이선프로그래밍,1,2025,2,00,국제,150,0,PARTIAL,OFFLINE,SCHEDULED,
1519,SWCON104,웹/파이선프로그래밍,1,2025,2,01,국제,150,0,PARTIAL,OFFLINE,SCHEDULED,
1520,SWCON104,웹/파이선프로그래밍,1,2025,2,02,국제,100,0,PARTIAL,ONLINE,ASYNCHRONOUS,- (온라인)
1521,SWCON201,오픈소스SW개발방법및도구,2,2025,2,00,국제,150,0,PARTIAL,OFFLINE,SCHEDULED,
1522,SWCON207,수치해석프로그래밍,2,2025,2,00,국제,40,0,PARTIAL,OFFLINE,SCHEDULED,
1523,SWCON211,게임프로그래밍입문,2,2025,2,00,국제,60,0,PARTIAL,OFFLINE,SCHEDULED,
1524,SWCON212,게임엔진기초,2,2025,2,00,국제,50,0,NONE,OFFLINE,SCHEDULED,
1525,SWCON221,마이크로서비스프로그래밍,2,2025,2,00,국제,60,0,PARTIAL,OFFLINE,SCHEDULED,
1526,SWCON242,융합연구2,2,2025,2,00,국제,10,0,NONE,OFFLINE,SCHEDULED,
1527,SWCON253,기계학습,2,2025,2,00,국제,60,0,PARTIAL,OFFLINE,SCHEDULED,
1528,SWCON253,기계학습,2,2025,2,01,국제,80,0,PARTIAL,OFFLINE,SCHEDULED,
1529,SWCON253,기계학습,2,2025,2,02,국제,60,0,PARTIAL,OFFLINE,SCHEDULED,
1530,SWCON256,데이터분석입문,2,2025,2,00,국제,40,0,PARTIAL,OFFLINE,SCHEDULED,
1531,SWCON302,최신기술콜로키움2,2,2025,2,00,국제,110,0,NONE,OFFLINE,SCHEDULED,
1532,SWCON313,가상/증강현실이론및실습,3,2025,2,00,국제,30,0,NONE,OFFLINE,SCHEDULED,
1533,SWCON314,게임공학,3,2025,2,00,국제,50,0,PARTIAL,OFFLINE,SCHEDULED,
1534,SWCON321,데이터분석캡스톤디자인,3,2025,2,01,국제,10,0,NONE,OFFLINE,SCHEDULED,
1535,SWCON321,데이터분석캡스톤디자인,3,2025,2,02,국제,10,0,NONE,OFFLINE,SCHEDULED,
1536,SWCON321,데이터분석캡스톤디자인,3,2025,2,03,국제,10,0,NONE,OFFLINE,SCHEDULED,
1537,SWCON331,로봇프로그래밍,3,2025,2,00,국제,40,0,NONE,OFFLINE,SCHEDULED,
1538,SWCON332,로봇·비전캡스톤디자인,3,2025,2,00,국제,10,0,NONE,OFFLINE,SCHEDULED,
1539,SWCON332,로봇·비전캡스톤디자인,3,2025,2,01,국제,10,0,NONE,OFFLINE,SCHEDULED,
1540,SWCON342,융합연구4,3,2025,2,00,국제,10,0,NONE,OFFLINE,SCHEDULED,
1541,SWCON367,게임콘텐츠캡스톤디자인,3,2025,2,00,국제,15,0,NONE,OFFLINE,SCHEDULED,
1542,SWCON367,게임콘텐츠캡스톤디자인,3,2025,2,01,국제,15,0,NONE,OFFLINE,SCHEDULED,
1543,SWCON370,풀스택서비스프로그래밍,3,2025,2,00,국제,30,0,NONE,OFFLINE,SCHEDULED,
1544,SWCON401,소프트웨어융합캡스톤디자인,4,2025,2,01,국제,10,0,NONE,OFFLINE,SCHEDULED,
1545,SWCON401,소프트웨어융합캡스톤디자인,4,2025,2,02,국제,10,0,NONE,OFFLINE,SCHEDULED,
1546,SWCON401,소프트웨어융합캡스톤디자인,4,2025,2,03,국제,10,0,NONE,OFFLINE,SCHEDULED,
1547,SWCON401,소프트웨어융합캡스톤디자인,4,2025,2,04,국제,10,0,NONE,OFFLINE,SCHEDULED,
1548,SWCON401,소프트웨어융합캡스톤디자인,4,2025,2,05,국제,15,0,NONE,OFFLINE,SCHEDULED,
1549,SWCON401,소프트웨어융합캡스톤디자인,4,2025,2,06,국제,10,0,NONE,OFFLINE,SCHEDULED,
1550,SWCON401,소프트웨어융합캡스톤디자인,4,2025,2,07,국제,10,0,NONE,OFFLINE,SCHEDULED,
1551,SWCON401,소프트웨어융합캡스톤디자인,4,2025,2,08,국제,10,0,NONE,OFFLINE,SCHEDULED,
1552,SWCON402,졸업논문(소프트웨어융합),4,2025,2,00,국제,100,0,NONE,TBD,TBD,- ()
1553,SWCON425,데이터사이언스및시각화,3,2025,2,00,국제,30,0,PARTIAL,OFFLINE,SCHEDULED,
1554,SWCON442,융합연구6,4,2025,2,00,국제,10,0,NONE,OFFLINE,SCHEDULED,
1555,SWCON492,풀스택서비스네트워킹,2,2025,2,00,국제,60,0,PARTIAL,OFFLINE,SCHEDULED,
1556,CSE103,객체지향프로그래밍,1,2025,summer,00,국제,40,0,NONE,OFFLINE,SCHEDULED,
1557,CSE104,실감미디어컴퓨팅기초,1,2025,summer,00,국제,200,0,NONE,TBD,TBD,미정
1558,SWCON104,웹/파이선프로그래밍,,2025,summer,00,국제,40,0,PARTIAL,OFFLINE,SCHEDULED,
1559,SWCON104,웹/파이선프로그래밍,,2025,summer,01,국제,40,0,PARTIAL,ONLINE,ASYNCHRONOUS,온라인
1560,SWCON370,풀스택서비스프로그래밍,,2025,summer,00,국제,30,0,NONE,OFFLINE,SCHEDULED,
1561,CSE103,객체지향프로그래밍,1,2025,winter,00,국제,50,0,NONE,ONLINE,ASYNCHRONOUS,온라인
1562,CSE104,실감미디어컴퓨팅기초,1,2025,winter,00,국제,200,0,NONE,ONLINE,ASYNCHRONOUS,온라인
1563,SWCON104,웹/파이선프로그래밍,1,2025,winter,00,국제,40,0,PARTIAL,OFFLINE,SCHEDULED,
1564,SWCON104,웹/파이선프로그래밍,1,2025,winter,01,국제,40,0,PARTIAL,ONLINE,ASYNCHRONOUS,온라인
1565,AI1001,인공지능개론,1,2026,1,00,국제,45,0,NONE,OFFLINE,SCHEDULED,
1566,AI1002,인공지능프로그래밍,1,2026,1,00,국제,40,0,NONE,OFFLINE,SCHEDULED,
1567,AI1003,인공지능수학,1,2026,1,00,국제,60,0,PARTIAL,OFFLINE,SCHEDULED,
1568,AI3001,고급딥러닝,3,2026,1,00,국제,50,0,PARTIAL,OFFLINE,SCHEDULED,
1569,AI3002,인공지능과윤리,3,2026,1,00,국제,50,0,PARTIAL,OFFLINE,SCHEDULED,
1570,AI3004,빅데이터마이닝,3,2026,1,00,국제,50,0,NONE,OFFLINE,SCHEDULED,
1571,AI4003,졸업논문(인공지능),4,2026,1,00,국제,40,0,NONE,TBD,TBD,- ()
1572,AI4006,독립심화학습(인공지능)1,4,2026,1,00,국제,1,0,NONE,OFFLINE,SCHEDULED,
1573,AI4006,독립심화학습(인공지능)1,4,2026,1,01,국제,2,0,NONE,OFFLINE,SCHEDULED,
1574,CSE0001,소프트웨어가치탐구,1,2026,1,00,국제,3000,0,NONE,TBD,TBD,- (SW예비대학(국제캠))
1575,CSE0001,소프트웨어가치탐구,1,2026,1,01,국제,3000,0,NONE,TBD,TBD,- (SW예비대학(서울캠))
1576,CSE103,객체지향프로그래밍,1,2026,1,00,국제,150,0,NONE,OFFLINE,SCHEDULED,
1577,CSE103,객체지향프로그래밍,1,2026,1,01,국제,100,0,NONE,ONLINE,ASYNCHRONOUS,- (온라인)
1578,CSE103,객체지향프로그래밍,1,2026,1,02,국제,150,0,PARTIAL,OFFLINE,SCHEDULED,
1579,CSE104,실감미디어컴퓨팅기초,1,2026,1,00,국제,400,0,NONE,ONLINE,ASYNCHRONOUS,- (온라인)
1580,CSE201,이산구조,1,2026,1,00,국제,70,0,PARTIAL,OFFLINE,SCHEDULED,
1581,CSE201,이산구조,1,2026,1,01,국제,70,0,NONE,OFFLINE,SCHEDULED,
1582,CSE203,컴퓨터구조,2,2026,1,00,국제,110,0,PARTIAL,OFFLINE,SCHEDULED,
1583,CSE203,컴퓨터구조,2,2026,1,01,국제,110,0,PARTIAL,OFFLINE,SCHEDULED,
1584,CSE204,자료구조,2,2026,1,00,국제,100,0,NONE,OFFLINE,SCHEDULED,
1585,CSE204,자료구조,2,2026,1,01,국제,62,0,PARTIAL,OFFLINE,SCHEDULED,
1586,CSE204,자료구조,2,2026,1,02,국제,130,0,PARTIAL,OFFLINE,SCHEDULED,
1587,CSE301,운영체제,3,2026,1,00,국제,84,0,PARTIAL,OFFLINE,SCHEDULED,
1588,CSE301,운영체제,3,2026,1,01,국제,80,0,NONE,OFFLINE,SCHEDULED,
1589,CSE302,컴퓨터네트워크,3,2026,1,03,국제,60,0,PARTIAL,OFFLINE,SCHEDULED,
1590,CSE302,컴퓨터네트워크,3,2026,1,04,국제,70,0,NONE,OFFLINE,SCHEDULED,
1591,CSE302,컴퓨터네트워크,3,2026,1,05,국제,70,0,PARTIAL,OFFLINE,SCHEDULED,
1592,CSE304,알고리즘,3,2026,1,00,국제,70,0,NONE,OFFLINE,SCHEDULED,
1593,CSE304,알고리즘,3,2026,1,01,국제,70,0,NONE,OFFLINE,SCHEDULED,
1594,CSE305,데이터베이스,3,2026,1,00,국제,60,0,NONE,OFFLINE,SCHEDULED,
1595,CSE305,데이터베이스,3,2026,1,01,국제,54,0,NONE,OFFLINE,SCHEDULED,
1596,CSE305,데이터베이스,3,2026,1,02,국제,60,0,NONE,ONLINE,ASYNCHRONOUS,- (온라인)
1597,CSE324,메타버스시스템,3,2026,1,00,국제,50,0,NONE,OFFLINE,SCHEDULED,
1598,CSE327,소프트웨어공학,3,2026,1,00,국제,60,0,NONE,OFFLINE,SCHEDULED,
1599,CSE327,소프트웨어공학,3,2026,1,01,국제,62,0,NONE,OFFLINE,SCHEDULED,
1600,CSE327,소프트웨어공학,3,2026,1,02,국제,60,0,NONE,OFFLINE,SCHEDULED,
1601,CSE330,SW스타트업비즈니스,3,2026,1,00,국제,60,1,NONE,OFFLINE,SCHEDULED,
1602,CSE331,딥러닝,3,2026,1,00,국제,60,0,PARTIAL,OFFLINE,SCHEDULED,
1603,CSE335,클라우드컴퓨팅,3,2026,1,00,국제,60,1,NONE,OFFLINE,SCHEDULED,
1604,CSE340,실전기계학습,3,2026,1,00,국제,40,0,PARTIAL,OFFLINE,SCHEDULED,
1605,CSE403,졸업논문(컴퓨터공학전공),4,2026,1,00,국제,154,0,NONE,OFFLINE,ROOM_ONLY,- (전205)
1606,CSE405,졸업프로젝트,4,2026,1,00,국제,120,0,NONE,OFFLINE,SCHEDULED,
1607,CSE406,캡스톤디자인,4,2026,1,00,국제,8,0,NONE,TBD,TBD,- ()
1608,CSE406,캡스톤디자인,4,2026,1,01,국제,8,0,NONE,TBD,TBD,- ()
1609,CSE406,캡스톤디자인,4,2026,1,02,국제,8,0,NONE,TBD,TBD,- ()
1610,CSE406,캡스톤디자인,4,2026,1,04,국제,8,0,NONE,TBD,TBD,- ()
1611,CSE406,캡스톤디자인,4,2026,1,05,국제,8,0,NONE,TBD,TBD,- ()
1612,CSE406,캡스톤디자인,4,2026,1,06,국제,8,0,NONE,TBD,TBD,- ()
1613,CSE406,캡스톤디자인,4,2026,1,07,국제,8,0,NONE,TBD,TBD,- ()
1614,CSE406,캡스톤디자인,4,2026,1,08,국제,8,0,NONE,TBD,TBD,- ()
1615,CSE406,캡스톤디자인,4,2026,1,10,국제,8,0,NONE,TBD,TBD,- ()
1616,CSE406,캡스톤디자인,4,2026,1,11,국제,8,0,NONE,TBD,TBD,- ()
1617,CSE406,캡스톤디자인,4,2026,1,12,국제,8,0,NONE,TBD,TBD,- ()
1618,CSE406,캡스톤디자인,4,2026,1,13,국제,8,0,NONE,TBD,TBD,- ()
1619,CSE4100,블록체인프로젝트,4,2026,1,00,국제,50,1,NONE,OFFLINE,SCHEDULED,
1620,CSE423,정보보호,4,2026,1,00,국제,40,0,PARTIAL,OFFLINE,SCHEDULED,
1621,CSE428,컴퓨터그래픽스,4,2026,1,00,국제,40,0,NONE,OFFLINE,SCHEDULED,
1622,CSE438,최신기술콜로키움1,4,2026,1,00,국제,154,1,NONE,OFFLINE,SCHEDULED,
1623,CSE443,AI네트워킹,4,2026,1,00,국제,50,0,NONE,OFFLINE,SCHEDULED,
1624,CSE444,AIoT네트워크,4,2026,1,00,국제,40,0,NONE,OFFLINE,SCHEDULED,
1625,CSE450,모바일/웹서비스프로그래밍,4,2026,1,00,국제,40,1,NONE,OFFLINE,SCHEDULED,
1626,CSE495,독립심화학습1(컴퓨터공학),3,2026,1,00,국제,1,0,NONE,TBD,TBD,- ()
1627,CSE495,독립심화학습1(컴퓨터공학),3,2026,1,01,국제,1,0,NONE,TBD,TBD,- ()
1628,CSE495,독립심화학습1(컴퓨터공학),3,2026,1,02,국제,1,0,NONE,TBD,TBD,- ()
1629,CSE495,독립심화학습1(컴퓨터공학),3,2026,1,03,국제,1,0,NONE,TBD,TBD,- ()
1630,CSE495,독립심화학습1(컴퓨터공학),3,2026,1,04,국제,1,0,NONE,TBD,TBD,- ()
1631,CSE495,독립심화학습1(컴퓨터공학),3,2026,1,05,국제,2,0,NONE,TBD,TBD,- ()
1632,CSE496,연구연수활동1(컴퓨터공학),2,2026,1,00,국제,1,0,NONE,TBD,TBD,- ()
1633,CSE496,연구연수활동1(컴퓨터공학),2,2026,1,01,국제,1,0,NONE,TBD,TBD,- ()
1634,CSE496,연구연수활동1(컴퓨터공학),2,2026,1,02,국제,1,0,NONE,TBD,TBD,- ()
1635,EE209,논리회로(컴퓨터공학과),2,2026,1,00,국제,100,0,NONE,OFFLINE,SCHEDULED,
1636,EE209,논리회로(컴퓨터공학과),2,2026,1,01,국제,50,0,NONE,OFFLINE,SCHEDULED,
1637,EE209,논리회로(컴퓨터공학과),2,2026,1,02,국제,50,0,NONE,OFFLINE,SCHEDULED,
1638,EE209,논리회로(컴퓨터공학과),2,2026,1,03,국제,50,0,NONE,OFFLINE,SCHEDULED,
1639,EE210,신호와시스템(컴퓨터공학과),3,2026,1,00,국제,50,0,NONE,OFFLINE,SCHEDULED,
1640,EE210,신호와시스템(컴퓨터공학과),3,2026,1,01,국제,50,0,NONE,OFFLINE,SCHEDULED,
1641,EE210,신호와시스템(컴퓨터공학과),3,2026,1,02,국제,50,0,NONE,OFFLINE,SCHEDULED,
1642,EE211,확률및랜덤변수(인공지능학과),2,2026,1,00,국제,100,0,PARTIAL,OFFLINE,SCHEDULED,
1643,EE211,확률및랜덤변수(인공지능학과),2,2026,1,01,국제,60,0,NONE,OFFLINE,SCHEDULED,
1644,EE211,확률및랜덤변수(인공지능학과),2,2026,1,02,국제,60,0,NONE,OFFLINE,SCHEDULED,
1645,EE211,확률및랜덤변수(인공지능학과),2,2026,1,03,국제,60,0,NONE,OFFLINE,SCHEDULED,
1646,EE211,확률및랜덤변수(인공지능학과),2,2026,1,04,국제,60,0,NONE,OFFLINE,SCHEDULED,
1647,ELC471,테크놀로지와디지털콘텐츠(소프트웨어융합학),4,2026,1,01,국제,16,0,FULL,OFFLINE,SCHEDULED,
1648,ID3012,UX디자인(소프트웨어융합학),3,2026,1,00,국제,30,0,PARTIAL,OFFLINE,SCHEDULED,
1649,IE215,데이터사이언스(소프트웨어융합학),2,2026,1,00,국제,40,0,NONE,OFFLINE,SCHEDULED,
1650,IE301,경영과학1(소프트웨어융합학),3,2026,1,00,국제,90,0,PARTIAL,OFFLINE,SCHEDULED,
1651,IE306,데이터마이닝(소프트웨어융합학),3,2026,1,00,국제,30,0,NONE,OFFLINE,SCHEDULED,
1652,IE329,금융공학(소프트웨어융합학),3,2026,1,00,국제,60,0,NONE,OFFLINE,SCHEDULED,
1653,IE419,서비스데이터사이언스(소프트웨어융합학),4,2026,1,00,국제,30,0,NONE,OFFLINE,SCHEDULED,
1654,MEC340,시스템동역학(소프트웨어융합학),3,2026,1,01,국제,40,0,NONE,OFFLINE,SCHEDULED,
1655,MEC340,시스템동역학(소프트웨어융합학),3,2026,1,02,국제,50,0,FULL,OFFLINE,SCHEDULED,
1656,MEC362,메카트로닉스(소프트웨어융합학),34,2026,1,00,국제,60,0,FULL,OFFLINE,SCHEDULED,
1657,MEC363,로봇공학(소프트웨어융합학),34,2026,1,01,국제,60,0,FULL,OFFLINE,SCHEDULED,
1658,MEC363,로봇공학(소프트웨어융합학),34,2026,1,02,국제,45,0,PARTIAL,OFFLINE,SCHEDULED,
1659,SWCON103,디자인적사고,1,2026,1,00,국제,25,0,NONE,OFFLINE,SCHEDULED,
1660,SWCON103,디자인적사고,1,2026,1,01,국제,25,0,NONE,OFFLINE,SCHEDULED,
1661,SWCON103,디자인적사고,1,2026,1,02,국제,25,0,NONE,OFFLINE,SCHEDULED,
1662,SWCON104,웹/파이선프로그래밍,1,2026,1,00,국제,150,0,PARTIAL,OFFLINE,SCHEDULED,
1663,SWCON104,웹/파이선프로그래밍,1,2026,1,01,국제,150,0,PARTIAL,OFFLINE,SCHEDULED,
1664,SWCON104,웹/파이선프로그래밍,1,2026,1,02,국제,100,0,PARTIAL,ONLINE,ASYNCHRONOUS,- (온라인)
1665,SWCON201,오픈소스SW개발방법및도구,2,2026,1,00,국제,150,0,PARTIAL,OFFLINE,SCHEDULED,
1666,SWCON241,융합연구1,2,2026,1,00,국제,10,0,PARTIAL,OFFLINE,SCHEDULED,
1667,SWCON253,기계학습,2,2026,1,00,국제,100,0,PARTIAL,OFFLINE,SCHEDULED,
1668,SWCON253,기계학습,2,2026,1,01,국제,100,0,PARTIAL,OFFLINE,SCHEDULED,
1669,SWCON254,회로와신호,2,2026,1,00,국제,30,0,PARTIAL,OFFLINE,SCHEDULED,
1670,SWCON311,게임그래픽프로그래밍,3,2026,1,00,국제,40,0,NONE,OFFLINE,SCHEDULED,
1671,SWCON312,게임인터랙티브테크놀로지,4,2026,1,00,국제,30,0,PARTIAL,OFFLINE,SCHEDULED,
1672,SWCON321,데이터분석캡스톤디자인,3,2026,1,00,국제,5,0,NONE,OFFLINE,SCHEDULED,
1673,SWCON321,데이터분석캡스톤디자인,3,2026,1,02,국제,10,0,NONE,OFFLINE,SCHEDULED,
1674,SWCON321,데이터분석캡스톤디자인,3,2026,1,03,국제,10,0,NONE,OFFLINE,SCHEDULED,
1675,SWCON332,로봇·비전캡스톤디자인,3,2026,1,01,국제,10,0,NONE,OFFLINE,SCHEDULED,
1676,SWCON332,로봇·비전캡스톤디자인,3,2026,1,02,국제,10,0,NONE,OFFLINE,SCHEDULED,
1677,SWCON341,융합연구3,3,2026,1,00,국제,10,0,PARTIAL,OFFLINE,SCHEDULED,
1678,SWCON363,독립심화학습1(소프트웨어융합학과),3,2026,1,00,국제,1,0,NONE,OFFLINE,SCHEDULED,
1679,SWCON363,독립심화학습1(소프트웨어융합학과),3,2026,1,01,국제,1,0,NONE,OFFLINE,SCHEDULED,
1680,SWCON366,3D데이터처리,3,2026,1,00,국제,40,0,PARTIAL,OFFLINE,SCHEDULED,
1681,SWCON367,게임콘텐츠캡스톤디자인,3,2026,1,00,국제,10,0,NONE,OFFLINE,SCHEDULED,
1682,SWCON367,게임콘텐츠캡스톤디자인,3,2026,1,01,국제,15,0,NONE,OFFLINE,SCHEDULED,
1683,SWCON372,응용데이터분석,3,2026,1,00,국제,50,0,PARTIAL,OFFLINE,SCHEDULED,
1684,SWCON401,소프트웨어융합캡스톤디자인,4,2026,1,01,국제,15,0,NONE,OFFLINE,SCHEDULED,
1685,SWCON401,소프트웨어융합캡스톤디자인,4,2026,1,02,국제,10,0,NONE,OFFLINE,SCHEDULED,
1686,SWCON401,소프트웨어융합캡스톤디자인,4,2026,1,03,국제,10,0,NONE,OFFLINE,SCHEDULED,
1687,SWCON401,소프트웨어융합캡스톤디자인,4,2026,1,04,국제,10,0,NONE,OFFLINE,SCHEDULED,
1688,SWCON401,소프트웨어융합캡스톤디자인,4,2026,1,05,국제,20,0,NONE,OFFLINE,SCHEDULED,
1689,SWCON401,소프트웨어융합캡스톤디자인,4,2026,1,06,국제,15,0,NONE,OFFLINE,SCHEDULED,
1690,SWCON401,소프트웨어융합캡스톤디자인,4,2026,1,07,국제,10,0,NONE,OFFLINE,SCHEDULED,
1691,SWCON402,졸업논문(소프트웨어융합),4,2026,1,00,국제,100,0,NONE,OFFLINE,SCHEDULED,
1692,SWCON441,융합연구5,4,2026,1,00,국제,10,0,PARTIAL,OFFLINE,SCHEDULED,
1693,SWCON491,인공지능과게임프로그래밍,3,2026,1,00,국제,60,0,PARTIAL,OFFLINE,SCHEDULED,
1694,SWCON494,영상분석과패턴인식,4,2026,1,00,국제,40,0,NONE,OFFLINE,SCHEDULED,
1695,SWCON495,강화학습,4,2026,1,00,국제,40,0,PARTIAL,OFFLINE,SCHEDULED,
1696,SWCON496,소프트웨어융합보안,4,2026,1,00,국제,40,0,PARTIAL,OFFLINE,SCHEDULED,
1697,AI1002,인공지능프로그래밍,1,2026,2,00,국제,40,0,NONE,OFFLINE,SCHEDULED,
1698,AI1003,인공지능수학,1,2026,2,00,국제,45,0,NONE,OFFLINE,SCHEDULED,
1699,AI3001,고급딥러닝,3,2026,2,00,국제,50,0,PARTIAL,OFFLINE,SCHEDULED,
1700,AI3002,인공지능과윤리,3,2026,2,00,국제,40,0,PARTIAL,OFFLINE,SCHEDULED,
1701,AI3003,자연언어학습,3,2026,2,00,국제,24,0,NONE,OFFLINE,SCHEDULED,
1702,AI3008,설명및신뢰가능한AI,3,2026,2,00,국제,40,0,NONE,OFFLINE,SCHEDULED,
1703,AI3100,몰입심화학습(AI로봇),3,2026,2,00,국제,20,0,NONE,OFFLINE,SCHEDULED,
1704,AI3102,몰입심화학습(AI팩토리),3,2026,2,00,국제,20,0,NONE,OFFLINE,SCHEDULED,
1705,AI3103,몰입심화학습(AI데이터·클라우드디자인),3,2026,2,00,국제,20,0,NONE,OFFLINE,SCHEDULED,
1706,AI3104,몰입심화학습(온디바이스AI),3,2026,2,00,국제,20,0,NONE,OFFLINE,SCHEDULED,
1707,AI3105,몰입심화학습(지능형데이터),3,2026,2,00,국제,30,0,NONE,OFFLINE,SCHEDULED,
1708,AI3107,몰입심화학습(피지컬AI),3,2026,2,00,국제,20,0,NONE,OFFLINE,SCHEDULED,
1709,AI4003,졸업논문(인공지능),4,2026,2,00,국제,40,0,NONE,TBD,TBD,- ()
1710,AI4007,독립심화학습(인공지능)2,4,2026,2,00,국제,1,0,NONE,TBD,TBD,- ()
1711,AI4007,독립심화학습(인공지능)2,4,2026,2,01,국제,1,0,NONE,TBD,TBD,- ()
1712,AI4007,독립심화학습(인공지능)2,4,2026,2,02,국제,1,0,NONE,TBD,TBD,- ()
1713,AI4007,독립심화학습(인공지능)2,4,2026,2,03,국제,1,0,NONE,TBD,TBD,- ()
1714,AI4007,독립심화학습(인공지능)2,4,2026,2,04,국제,1,0,NONE,TBD,TBD,- ()
1715,AI4007,독립심화학습(인공지능)2,4,2026,2,05,국제,1,0,NONE,TBD,TBD,- ()
1716,AI4007,독립심화학습(인공지능)2,4,2026,2,06,국제,1,0,NONE,TBD,TBD,- ()
1717,AI4007,독립심화학습(인공지능)2,4,2026,2,07,국제,1,0,NONE,TBD,TBD,- ()
1718,AI4007,독립심화학습(인공지능)2,4,2026,2,08,국제,1,0,NONE,TBD,TBD,- ()
1719,AI4007,독립심화학습(인공지능)2,4,2026,2,09,국제,1,0,NONE,TBD,TBD,- ()
1720,CSE103,객체지향프로그래밍,1,2026,2,00,국제,100,0,NONE,OFFLINE,SCHEDULED,
1721,CSE103,객체지향프로그래밍,1,2026,2,01,국제,150,0,PARTIAL,OFFLINE,SCHEDULED,
1722,CSE201,이산구조,1,2026,2,00,국제,60,0,PARTIAL,OFFLINE,SCHEDULED,
1723,CSE201,이산구조,1,2026,2,01,국제,60,0,PARTIAL,OFFLINE,SCHEDULED,
1724,CSE203,컴퓨터구조,2,2026,2,00,국제,105,0,PARTIAL,OFFLINE,SCHEDULED,
1725,CSE203,컴퓨터구조,2,2026,2,01,국제,120,0,PARTIAL,OFFLINE,SCHEDULED,
1726,CSE204,자료구조,2,2026,2,00,국제,44,0,PARTIAL,OFFLINE,SCHEDULED,
1727,CSE204,자료구조,2,2026,2,01,국제,70,0,NONE,OFFLINE,SCHEDULED,
1728,CSE204,자료구조,2,2026,2,02,국제,100,0,PARTIAL,OFFLINE,SCHEDULED,
1729,CSE301,운영체제,3,2026,2,00,국제,100,0,PARTIAL,ONLINE,ASYNCHRONOUS,- (온라인)
1730,CSE301,운영체제,3,2026,2,01,국제,60,0,PARTIAL,OFFLINE,SCHEDULED,
1731,CSE302,컴퓨터네트워크,3,2026,2,00,국제,60,0,NONE,OFFLINE,SCHEDULED,
1732,CSE302,컴퓨터네트워크,3,2026,2,01,국제,50,0,PARTIAL,OFFLINE,SCHEDULED,
1733,CSE302,컴퓨터네트워크,3,2026,2,02,국제,50,0,NONE,OFFLINE,SCHEDULED,
1734,CSE304,알고리즘,3,2026,2,00,국제,75,0,NONE,OFFLINE,SCHEDULED,
1735,CSE304,알고리즘,3,2026,2,01,국제,60,0,NONE,OFFLINE,SCHEDULED,
1736,CSE305,데이터베이스,3,2026,2,00,국제,60,0,NONE,ONLINE,ASYNCHRONOUS,- (온라인)
1737,CSE305,데이터베이스,3,2026,2,01,국제,60,0,NONE,OFFLINE,SCHEDULED,
1738,CSE322,컴파일러,3,2026,2,00,국제,60,0,NONE,OFFLINE,SCHEDULED,
1739,CSE327,소프트웨어공학,3,2026,2,00,국제,60,0,NONE,OFFLINE,SCHEDULED,
1740,CSE327,소프트웨어공학,3,2026,2,01,국제,60,0,NONE,OFFLINE,SCHEDULED,
1741,CSE328,프로그래밍언어론,3,2026,2,00,국제,40,0,NONE,OFFLINE,SCHEDULED,
1742,CSE331,딥러닝,3,2026,2,00,국제,60,0,NONE,OFFLINE,SCHEDULED,
1743,CSE331,딥러닝,3,2026,2,01,국제,60,0,NONE,OFFLINE,SCHEDULED,
1744,CSE334,SW스타트업프로젝트,3,2026,2,00,국제,40,1,NONE,OFFLINE,SCHEDULED,
1745,CSE340,실전기계학습,3,2026,2,00,국제,40,0,NONE,OFFLINE,SCHEDULED,
1746,CSE403,졸업논문(컴퓨터공학전공),4,2026,2,00,국제,120,0,NONE,TBD,TBD,- ()
1747,CSE405,졸업프로젝트,4,2026,2,00,국제,100,0,NONE,TBD,TBD,- ()
1748,CSE406,캡스톤디자인,4,2026,2,01,국제,8,0,NONE,TBD,TBD,- ()
1749,CSE406,캡스톤디자인,4,2026,2,02,국제,8,0,NONE,TBD,TBD,- ()
1750,CSE406,캡스톤디자인,4,2026,2,03,국제,8,0,NONE,TBD,TBD,- ()
1751,CSE406,캡스톤디자인,4,2026,2,05,국제,8,0,NONE,TBD,TBD,- ()
1752,CSE406,캡스톤디자인,4,2026,2,06,국제,8,0,NONE,TBD,TBD,- ()
1753,CSE406,캡스톤디자인,4,2026,2,07,국제,8,0,NONE,TBD,TBD,- ()
1754,CSE406,캡스톤디자인,4,2026,2,10,국제,8,0,NONE,TBD,TBD,- ()
1755,CSE406,캡스톤디자인,4,2026,2,12,국제,8,0,NONE,TBD,TBD,- ()
1756,CSE406,캡스톤디자인,4,2026,2,13,국제,8,0,NONE,TBD,TBD,- ()
1757,CSE406,캡스톤디자인,4,2026,2,14,국제,8,0,NONE,TBD,TBD,- ()
1758,CSE406,캡스톤디자인,4,2026,2,15,국제,8,0,NONE,TBD,TBD,- ()
1759,CSE406,캡스톤디자인,4,2026,2,16,국제,8,0,NONE,TBD,TBD,- ()
1760,CSE430,메타버스데이터처리,4,2026,2,00,국제,40,0,NONE,OFFLINE,SCHEDULED,
1761,CSE434,빅데이터프로그래밍,3,2026,2,00,국제,50,1,NONE,OFFLINE,SCHEDULED,
1762,CSE437,클라우드프로젝트,4,2026,2,00,국제,40,1,NONE,OFFLINE,SCHEDULED,
1763,CSE442,블록체인,4,2026,2,00,국제,50,1,NONE,OFFLINE,SCHEDULED,
1764,CSE451,모바일/웹서비스프로젝트,4,2026,2,00,국제,40,1,NONE,OFFLINE,SCHEDULED,
1765,CSE452,소프트웨어보안,4,2026,2,00,국제,60,0,NONE,OFFLINE,SCHEDULED,
1766,CSE497,연구연수활동2(컴퓨터공학),2,2026,2,00,국제,1,0,NONE,TBD,TBD,- ()
1767,CSE497,연구연수활동2(컴퓨터공학),2,2026,2,01,국제,1,0,NONE,TBD,TBD,- ()
1768,CSE497,연구연수활동2(컴퓨터공학),2,2026,2,02,국제,1,0,NONE,TBD,TBD,- ()
1769,CSE497,연구연수활동2(컴퓨터공학),2,2026,2,03,국제,1,0,NONE,TBD,TBD,- ()
1770,CSE497,연구연수활동2(컴퓨터공학),2,2026,2,04,국제,1,0,NONE,TBD,TBD,- ()
1771,CSE499,독립심화학습2(컴퓨터공학과),3,2026,2,00,국제,1,0,NONE,TBD,TBD,- ()
1772,CSE499,독립심화학습2(컴퓨터공학과),3,2026,2,01,국제,1,0,NONE,TBD,TBD,- ()
1773,CSE499,독립심화학습2(컴퓨터공학과),3,2026,2,02,국제,1,0,NONE,TBD,TBD,- ()
1774,EE209,논리회로(컴퓨터공학과),2,2026,2,00,국제,40,0,NONE,OFFLINE,SCHEDULED,
1775,EE209,논리회로(컴퓨터공학과),2,2026,2,01,국제,40,0,NONE,OFFLINE,SCHEDULED,
1776,EE209,논리회로(컴퓨터공학과),2,2026,2,02,국제,100,0,NONE,OFFLINE,SCHEDULED,
1777,EE209,논리회로(컴퓨터공학과),2,2026,2,03,국제,40,0,NONE,OFFLINE,SCHEDULED,
1778,EE210,신호와시스템(컴퓨터공학과),3,2026,2,00,국제,30,0,PARTIAL,OFFLINE,SCHEDULED,
1779,EE210,신호와시스템(컴퓨터공학과),3,2026,2,02,국제,30,0,PARTIAL,OFFLINE,SCHEDULED,
1780,EE210,신호와시스템(컴퓨터공학과),3,2026,2,03,국제,100,0,NONE,TBD,TBD,- ()
1781,EE211,확률및랜덤변수(인공지능학과),2,2026,2,00,국제,60,0,NONE,OFFLINE,SCHEDULED,
1782,EE211,확률및랜덤변수(인공지능학과),2,2026,2,01,국제,60,0,NONE,OFFLINE,SCHEDULED,
1783,EE211,확률및랜덤변수(인공지능학과),2,2026,2,03,국제,60,0,NONE,OFFLINE,SCHEDULED,
1784,EE211,확률및랜덤변수(인공지능학과),2,2026,2,04,국제,100,0,PARTIAL,TBD,TBD,- ()
1785,EE461,로봇제어공학(소프트웨어융합학),4,2026,2,00,국제,40,0,PARTIAL,OFFLINE,SCHEDULED,
1786,ELC281,세계신화읽기(소프트웨어융합학),2,2026,2,00,국제,40,0,NONE,OFFLINE,SCHEDULED,
1787,IE208,응용통계학(소프트웨어융합학),2,2026,2,00,국제,83,0,PARTIAL,OFFLINE,SCHEDULED,
1788,IE215,데이터사이언스(소프트웨어융합학),2,2026,2,00,국제,30,0,NONE,OFFLINE,SCHEDULED,
1789,IE302,경영과학2(소프트웨어융합학),3,2026,2,00,국제,85,0,PARTIAL,OFFLINE,SCHEDULED,
1790,IE306,데이터마이닝(소프트웨어융합학),3,2026,2,00,국제,30,0,NONE,OFFLINE,SCHEDULED,
1791,MEC240,동역학(소프트웨어융합학),2,2026,2,01,국제,65,0,NONE,OFFLINE,SCHEDULED,
1792,MEC240,동역학(소프트웨어융합학),2,2026,2,02,국제,62,0,NONE,OFFLINE,SCHEDULED,
1793,MEC240,동역학(소프트웨어융합학),2,2026,2,03,국제,120,0,NONE,OFFLINE,SCHEDULED,
1794,MEC361,자동제어(소프트웨어융합학),3,2026,2,02,국제,70,0,PARTIAL,OFFLINE,SCHEDULED,
1795,SWCON101,소프트웨어융합개론,1,2026,2,00,국제,84,0,NONE,OFFLINE,SCHEDULED,
1796,SWCON103,디자인적사고,1,2026,2,00,국제,50,0,NONE,OFFLINE,SCHEDULED,
1797,SWCON103,디자인적사고,1,2026,2,01,국제,30,0,NONE,OFFLINE,SCHEDULED,
1798,SWCON104,웹/파이선프로그래밍,1,2026,2,00,국제,150,0,PARTIAL,OFFLINE,SCHEDULED,
1799,SWCON104,웹/파이선프로그래밍,1,2026,2,01,국제,150,0,PARTIAL,OFFLINE,SCHEDULED,
1800,SWCON104,웹/파이선프로그래밍,1,2026,2,02,국제,100,0,PARTIAL,ONLINE,ASYNCHRONOUS,- (온라인)
1801,SWCON201,오픈소스SW개발방법및도구,2,2026,2,00,국제,150,0,PARTIAL,OFFLINE,SCHEDULED,
1802,SWCON207,수치해석프로그래밍,2,2026,2,00,국제,40,0,PARTIAL,OFFLINE,SCHEDULED,
1803,SWCON211,게임프로그래밍입문,2,2026,2,00,국제,60,0,PARTIAL,OFFLINE,SCHEDULED,
1804,SWCON212,게임엔진기초,2,2026,2,00,국제,40,0,NONE,OFFLINE,SCHEDULED,
1805,SWCON221,마이크로서비스프로그래밍,2,2026,2,00,국제,120,0,PARTIAL,OFFLINE,SCHEDULED,
1806,SWCON253,기계학습,2,2026,2,00,국제,90,0,PARTIAL,OFFLINE,SCHEDULED,
1807,SWCON253,기계학습,2,2026,2,02,국제,100,0,PARTIAL,OFFLINE,SCHEDULED,
1808,SWCON256,데이터분석입문,2,2026,2,00,국제,70,0,PARTIAL,OFFLINE,SCHEDULED,
1809,SWCON302,최신기술콜로키움2,2,2026,2,00,국제,100,1,NONE,OFFLINE,SCHEDULED,
1810,SWCON313,가상현실,3,2026,2,00,국제,30,0,NONE,OFFLINE,SCHEDULED,
1811,SWCON314,게임공학,3,2026,2,00,국제,50,0,PARTIAL,OFFLINE,SCHEDULED,
1812,SWCON321,데이터분석캡스톤디자인,3,2026,2,00,국제,5,0,NONE,OFFLINE,SCHEDULED,
1813,SWCON321,데이터분석캡스톤디자인,3,2026,2,01,국제,10,0,NONE,OFFLINE,SCHEDULED,
1814,SWCON321,데이터분석캡스톤디자인,3,2026,2,02,국제,10,0,NONE,OFFLINE,SCHEDULED,
1815,SWCON321,데이터분석캡스톤디자인,3,2026,2,03,국제,10,0,NONE,OFFLINE,SCHEDULED,
1816,SWCON331,로봇프로그래밍,3,2026,2,00,국제,40,0,NONE,OFFLINE,SCHEDULED,
1817,SWCON332,로봇·비전캡스톤디자인,3,2026,2,00,국제,10,0,NONE,OFFLINE,SCHEDULED,
1818,SWCON342,융합연구4,3,2026,2,00,국제,10,0,NONE,OFFLINE,SCHEDULED,
1819,SWCON364,독립심화학습2(소프트웨어융합학과),4,2026,2,00,국제,1,0,NONE,OFFLINE,SCHEDULED,
1820,SWCON364,독립심화학습2(소프트웨어융합학과),3,2026,2,01,국제,1,0,NONE,OFFLINE,SCHEDULED,
1821,SWCON364,독립심화학습2(소프트웨어융합학과),3,2026,2,02,국제,1,0,NONE,OFFLINE,SCHEDULED,
1822,SWCON367,게임콘텐츠캡스톤디자인,3,2026,2,00,국제,15,0,NONE,OFFLINE,SCHEDULED,
1823,SWCON367,게임콘텐츠캡스톤디자인,3,2026,2,01,국제,15,0,NONE,OFFLINE,SCHEDULED,
1824,SWCON401,소프트웨어융합캡스톤디자인,4,2026,2,01,국제,10,0,NONE,OFFLINE,SCHEDULED,
1825,SWCON401,소프트웨어융합캡스톤디자인,4,2026,2,02,국제,10,0,NONE,OFFLINE,SCHEDULED,
1826,SWCON401,소프트웨어융합캡스톤디자인,4,2026,2,03,국제,10,0,NONE,OFFLINE,SCHEDULED,
1827,SWCON401,소프트웨어융합캡스톤디자인,4,2026,2,05,국제,15,0,NONE,OFFLINE,SCHEDULED,
1828,SWCON401,소프트웨어융합캡스톤디자인,4,2026,2,06,국제,10,0,NONE,OFFLINE,SCHEDULED,
1829,SWCON401,소프트웨어융합캡스톤디자인,4,2026,2,07,국제,10,0,NONE,OFFLINE,SCHEDULED,
1830,SWCON401,소프트웨어융합캡스톤디자인,4,2026,2,08,국제,10,0,NONE,OFFLINE,SCHEDULED,
1831,SWCON402,졸업논문(소프트웨어융합),4,2026,2,00,국제,100,0,NONE,TBD,TBD,- ()
1832,SWCON425,데이터사이언스및시각화,3,2026,2,00,국제,30,0,PARTIAL,OFFLINE,SCHEDULED,
1833,SWCON442,융합연구6,4,2026,2,00,국제,10,0,NONE,OFFLINE,SCHEDULED,
1834,SWCON492,풀스택서비스네트워킹,2,2026,2,00,국제,120,0,PARTIAL,OFFLINE,SCHEDULED,
1835,CSE103,객체지향프로그래밍,1,2026,summer,00,국제,40,0,NONE,TBD,TBD,미정
1836,CSE104,실감미디어컴퓨팅기초,1,2026,summer,00,국제,200,0,NONE,TBD,TBD,미정
1837,SWCON104,웹/파이선프로그래밍,1,2026,summer,00,국제,40,0,PARTIAL,TBD,TBD,미정
