syllabus_id,offering_id,source_url,objectives,eval_method,textbook,weekly_plan
1,1,https://sugang.khu.ac.kr/core?attribute=lectPlan&p_year=2020&p_term=10&p_teach=006189&p_code=CSE000100&p_subjt=CSE0001&lang=ko&loginYn=N&schedule_cd=hakbu,,,,
2,2,https://sugang.khu.ac.kr/core?attribute=lectPlan&p_year=2020&p_term=10&p_teach=023827&p_code=CSE000101&p_subjt=CSE0001&lang=ko&loginYn=N&schedule_cd=hakbu,,,,
3,3,https://sugang.khu.ac.kr/core?attribute=lectPlan&p_year=2020&p_term=10&p_teach=047387&p_code=CSE10301&p_subjt=CSE103&lang=ko&loginYn=N&schedule_cd=hakbu,,,,
4,4,https://sugang.khu.ac.kr/core?attribute=lectPlan&p_year=2020&p_term=10&p_teach=047387&p_code=CSE10302&p_subjt=CSE103&lang=ko&loginYn=N&schedule_cd=hakbu,,,,
5,5,https://sugang.khu.ac.kr/core?attribute=lectPlan&p_year=2020&p_term=10&p_teach=001477&p_code=CSE20101&p_subjt=CSE201&lang=ko&loginYn=N&schedule_cd=hakbu,,,,
6,6,https://sugang.khu.ac.kr/core?attribute=lectPlan&p_year=2020&p_term=10&p_teach=048730&p_code=CSE20102&p_subjt=CSE201&lang=ko&loginYn=N&schedule_cd=hakbu,,,,
7,7,https://sugang.khu.ac.kr/core?attribute=lectPlan&p_year=2020&p_term=10&p_teach=048730&p_code=CSE20103&p_subjt=CSE201&lang=ko&loginYn=N&schedule_cd=hakbu,,,,
8,8,https://sugang.khu.ac.kr/core?attribute=lectPlan&p_year=2020&p_term=10&p_teach=006186&p_code=CSE20301&p_subjt=CSE203&lang=ko&loginYn=N&schedule_cd=hakbu,,,,
9,9,https://sugang.khu.ac.kr/core?attribute=lectPlan&p_year=2020&p_term=10&p_teach=006162&p_code=CSE20302&p_subjt=CSE203&lang=ko&loginYn=N&schedule_cd=hakbu,,,,
10,10,https://sugang.khu.ac.kr/core?attribute=lectPlan&p_year=2020&p_term=10&p_teach=046292&p_code=CSE20303&p_subjt=CSE203&lang=ko&loginYn=N&schedule_cd=hakbu,,,,
11,11,https://sugang.khu.ac.kr/core?attribute=lectPlan&p_year=2020&p_term=10&p_teach=046292&p_code=CSE20304&p_subjt=CSE203&lang=ko&loginYn=N&schedule_cd=hakbu,,,,
12,12,https://sugang.khu.ac.kr/core?attribute=lectPlan&p_year=2020&p_term=10&p_teach=052143&p_code=CSE20401&p_subjt=CSE204&lang=ko&loginYn=N&schedule_cd=hakbu,,,,
13,13,https://sugang.khu.ac.kr/core?attribute=lectPlan&p_year=2020&p_term=10&p_teach=048730&p_code=CSE20402&p_subjt=CSE204&lang=ko&loginYn=N&schedule_cd=hakbu,,,,
14,14,https://sugang.khu.ac.kr/core?attribute=lectPlan&p_year=2020&p_term=10&p_teach=048730&p_code=CSE20403&p_subjt=CSE204&lang=ko&loginYn=N&schedule_cd=hakbu,,,,
15,15,https://sugang.khu.ac.kr/core?attribute=lectPlan&p_year=2020&p_term=10&p_teach=045483&p_code=CSE22300&p_subjt=CSE223&lang=ko&loginYn=N&schedule_cd=hakbu,,,,
16,16,https://sugang.khu.ac.kr/core?attribute=lectPlan&p_year=2020&p_term=10&p_teach=038168&p_code=CSE22400&p_subjt=CSE224&lang=ko&loginYn=N&schedule_cd=hakbu,,,,
17,17,https://sugang.khu.ac.kr/core?attribute=lectPlan&p_year=2020&p_term=10&p_teach=009648&p_code=CSE30101&p_subjt=CSE301&lang=ko&loginYn=N&schedule_cd=hakbu,,,,
18,18,https://sugang.khu.ac.kr/core?attribute=lectPlan&p_year=2020&p_term=10&p_teach=020897&p_code=CSE30102&p_subjt=CSE301&lang=ko&loginYn=N&schedule_cd=hakbu,,,,
19,19,https://sugang.khu.ac.kr/core?attribute=lectPlan&p_year=2020&p_term=10&p_teach=049571&p_code=CSE30201&p_subjt=CSE302&lang=ko&loginYn=N&schedule_cd=hakbu,,,,
20,20,https://sugang.khu.ac.kr/core?attribute=lectPlan&p_year=2020&p_term=10&p_teach=011186&p_code=CSE30202&p_subjt=CSE302&lang=ko&loginYn=N&schedule_cd=hakbu,,,,
21,21,https://sugang.khu.ac.kr/core?attribute=lectPlan&p_year=2020&p_term=10&p_teach=006189&p_code=CSE30401&p_subjt=CSE304&lang=ko&loginYn=N&schedule_cd=hakbu,,,,
22,22,https://sugang.khu.ac.kr/core?attribute=lectPlan&p_year=2020&p_term=10&p_teach=006189&p_code=CSE30402&p_subjt=CSE304&lang=ko&loginYn=N&schedule_cd=hakbu,,,,
23,23,https://sugang.khu.ac.kr/core?attribute=lectPlan&p_year=2020&p_term=10&p_teach=053197&p_code=CSE30500&p_subjt=CSE305&lang=ko&loginYn=N&schedule_cd=hakbu,,,,
24,24,https://sugang.khu.ac.kr/core?attribute=lectPlan&p_year=2020&p_term=10&p_teach=053197&p_code=CSE30501&p_subjt=CSE305&lang=ko&loginYn=N&schedule_cd=hakbu,,,,
25,25,https://sugang.khu.ac.kr/core?attribute=lectPlan&p_year=2020&p_term=10&p_teach=050425&p_code=CSE30800&p_subjt=CSE308&lang=ko&loginYn=N&schedule_cd=hakbu,,,,
26,26,https://sugang.khu.ac.kr/core?attribute=lectPlan&p_year=2020&p_term=10&p_teach=017826&p_code=CSE32400&p_subjt=CSE324&lang=ko&loginYn=N&schedule_cd=hakbu,,,,
27,27,https://sugang.khu.ac.kr/core?attribute=lectPlan&p_year=2020&p_term=10&p_teach=047809&p_code=CSE32700&p_subjt=CSE327&lang=ko&loginYn=N&schedule_cd=hakbu,,,,
28,28,https://sugang.khu.ac.kr/core?attribute=lectPlan&p_year=2020&p_term=10&p_teach=045484&p_code=CSE33000&p_subjt=CSE330&lang=ko&loginYn=N&schedule_cd=hakbu,,,,
29,29,https://sugang.khu.ac.kr/core?attribute=lectPlan&p_year=2020&p_term=10&p_teach=047818&p_code=CSE33500&p_subjt=CSE335&lang=ko&loginYn=N&schedule_cd=hakbu,,,,
30,30,https://sugang.khu.ac.kr/core?attribute=lectPlan&p_year=2020&p_term=10&p_teach=001477&p_code=CSE33800&p_subjt=CSE338&lang=ko&loginYn=N&schedule_cd=hakbu,,,,
31,31,https://sugang.khu.ac.kr/core?attribute=lectPlan&p_year=2020&p_term=10&p_teach=038168&p_code=CSE40300&p_subjt=CSE403&lang=ko&loginYn=N&schedule_cd=hakbu,,,,
32,32,https://sugang.khu.ac.kr/core?attribute=lectPlan&p_year=2020&p_term=10&p_teach=038168&p_code=CSE40500&p_subjt=CSE405&lang=ko&loginYn=N&schedule_cd=hakbu,,,,
33,33,https://sugang.khu.ac.kr/core?attribute=lectPlan&p_year=2020&p_term=10&p_teach=020897&p_code=CSE40600&p_subjt=CSE406&lang=ko&loginYn=N&schedule_cd=hakbu,,,,
34,34,https://sugang.khu.ac.kr/core?attribute=lectPlan&p_year=2020&p_term=10&p_teach=052980&p_code=CSE42600&p_subjt=CSE426&lang=ko&loginYn=N&schedule_cd=hakbu,,,,
35,35,https://sugang.khu.ac.kr/core?attribute=lectPlan&p_year=2020&p_term=10&p_teach=037046&p_code=CSE43300&p_subjt=CSE433&lang=ko&loginYn=N&schedule_cd=hakbu,,,,
36,36,https://sugang.khu.ac.kr/core?attribute=lectPlan&p_year=2020&p_term=10&p_teach=047428&p_code=CSE43600&p_subjt=CSE436&lang=ko&loginYn=N&schedule_cd=hakbu,,,,
37,37,https://sugang.khu.ac.kr/core?attribute=lectPlan&p_year=2020&p_term=10&p_teach=047819&p_code=CSE43800&p_subjt=CSE438&lang=ko&loginYn=N&schedule_cd=hakbu,,,,
38,38,https://sugang.khu.ac.kr/core?attribute=lectPlan&p_year=2020&p_term=10&p_teach=020897&p_code=CSE44000&p_subjt=CSE440&lang=ko&loginYn=N&schedule_cd=hakbu,,,,
39,39,https://sugang.khu.ac.kr/core?attribute=lectPlan&p_year=2020&p_term=10&p_teach=049571&p_code=CSE44400&p_subjt=CSE444&lang=ko&loginYn=N&schedule_cd=hakbu,,,,
40,40,https://sugang.khu.ac.kr/core?attribute=lectPlan&p_year=2020&p_term=10&p_teach=038168&p_code=CSE49600&p_subjt=CSE496&lang=ko&loginYn=N&schedule_cd=hakbu,,,,
41,41,https://sugang.khu.ac.kr/core?attribute=lectPlan&p_year=2020&p_term=10&p_teach=053010&p_code=DC20100&p_subjt=DC201&lang=ko&loginYn=N&schedule_cd=hakbu,,,,
42,42,https://sugang.khu.ac.kr/core?attribute=lectPlan&p_year=2020&p_term=10&p_teach=050187&p_code=DC20101&p_subjt=DC201&lang=ko&loginYn=N&schedule_cd=hakbu,,,,
43,43,https://sugang.khu.ac.kr/core?attribute=lectPlan&p_year=2020&p_term=10&p_teach=053010&p_code=DC20500&p_subjt=DC205&lang=ko&loginYn=N&schedule_cd=hakbu,,,,
44,44,https://sugang.khu.ac.kr/core?attribute=lectPlan&p_year=2020&p_term=10&p_teach=017453&p_code=DC20700&p_subjt=DC207&lang=ko&loginYn=N&schedule_cd=hakbu,,,,
45,45,https://sugang.khu.ac.kr/core?attribute=lectPlan&p_year=2020&p_term=10&p_teach=017453&p_code=DC20701&p_subjt=DC207&lang=ko&loginYn=N&schedule_cd=hakbu,,,,
46,46,https://sugang.khu.ac.kr/core?attribute=lectPlan&p_year=2020&p_term=10&p_teach=053304&p_code=DC30200&p_subjt=DC302&lang=ko&loginYn=N&schedule_cd=hakbu,,,,
47,47,https://sugang.khu.ac.kr/core?attribute=lectPlan&p_year=2020&p_term=10&p_teach=050184&p_code=DC30201&p_subjt=DC302&lang=ko&loginYn=N&schedule_cd=hakbu,,,,
48,48,https://sugang.khu.ac.kr/core?attribute=lectPlan&p_year=2020&p_term=10&p_teach=053906&p_code=DC30400&p_subjt=DC304&lang=ko&loginYn=N&schedule_cd=hakbu,,,,
49,49,https://sugang.khu.ac.kr/core?attribute=lectPlan&p_year=2020&p_term=10&p_teach=006186&p_code=EE20900&p_subjt=EE209&lang=ko&loginYn=N&schedule_cd=hakbu,,,,
50,50,https://sugang.khu.ac.kr/core?attribute=lectPlan&p_year=2020&p_term=10&p_teach=006161&p_code=EE20901&p_subjt=EE209&lang=ko&loginYn=N&schedule_cd=hakbu,,,,
51,51,https://sugang.khu.ac.kr/core?attribute=lectPlan&p_year=2020&p_term=10&p_teach=026088&p_code=EE20902&p_subjt=EE209&lang=ko&loginYn=N&schedule_cd=hakbu,,,,
52,52,https://sugang.khu.ac.kr/core?attribute=lectPlan&p_year=2020&p_term=10&p_teach=006186&p_code=EE20904&p_subjt=EE209&lang=ko&loginYn=N&schedule_cd=hakbu,,,,
53,53,https://sugang.khu.ac.kr/core?attribute=lectPlan&p_year=2020&p_term=10&p_teach=026641&p_code=EE20906&p_subjt=EE209&lang=ko&loginYn=N&schedule_cd=hakbu,,,,
54,54,https://sugang.khu.ac.kr/core?attribute=lectPlan&p_year=2020&p_term=10&p_teach=050364&p_code=EE20907&p_subjt=EE209&lang=ko&loginYn=N&schedule_cd=hakbu,,,,
55,55,https://sugang.khu.ac.kr/core?attribute=lectPlan&p_year=2020&p_term=10&p_teach=050364&p_code=EE20908&p_subjt=EE209&lang=ko&loginYn=N&schedule_cd=hakbu,,,,
56,56,https://sugang.khu.ac.kr/core?attribute=lectPlan&p_year=2020&p_term=10&p_teach=044202&p_code=EE21000&p_subjt=EE210&lang=ko&loginYn=N&schedule_cd=hakbu,,,,
57,57,https://sugang.khu.ac.kr/core?attribute=lectPlan&p_year=2020&p_term=10&p_teach=014892&p_code=EE21001&p_subjt=EE210&lang=ko&loginYn=N&schedule_cd=hakbu,,,,
58,58,https://sugang.khu.ac.kr/core?attribute=lectPlan&p_year=2020&p_term=10&p_teach=004883&p_code=EE21003&p_subjt=EE210&lang=ko&loginYn=N&schedule_cd=hakbu,,,,
59,59,https://sugang.khu.ac.kr/core?attribute=lectPlan&p_year=2020&p_term=10&p_teach=014892&p_code=EE21004&p_subjt=EE210&lang=ko&loginYn=N&schedule_cd=hakbu,,,,
60,60,https://sugang.khu.ac.kr/core?attribute=lectPlan&p_year=2020&p_term=10&p_teach=014891&p_code=EE21100&p_subjt=EE211&lang=ko&loginYn=N&schedule_cd=hakbu,,,,
61,61,https://sugang.khu.ac.kr/core?attribute=lectPlan&p_year=2020&p_term=10&p_teach=004463&p_code=EE21101&p_subjt=EE211&lang=ko&loginYn=N&schedule_cd=hakbu,,,,
62,62,https://sugang.khu.ac.kr/core?attribute=lectPlan&p_year=2020&p_term=10&p_teach=021795&p_code=EE21102&p_subjt=EE211&lang=ko&loginYn=N&schedule_cd=hakbu,,,,
63,63,https://sugang.khu.ac.kr/core?attribute=lectPlan&p_year=2020&p_term=10&p_teach=004883&p_code=EE21103&p_subjt=EE211&lang=ko&loginYn=N&schedule_cd=hakbu,,,,
64,64,https://sugang.khu.ac.kr/core?attribute=lectPlan&p_year=2020&p_term=10&p_teach=023209&p_code=EE21104&p_subjt=EE211&lang=ko&loginYn=N&schedule_cd=hakbu,,,,
65,65,https://sugang.khu.ac.kr/core?attribute=lectPlan&p_year=2020&p_term=10&p_teach=025245&p_code=EE21105&p_subjt=EE211&lang=ko&loginYn=N&schedule_cd=hakbu,,,,
66,66,https://sugang.khu.ac.kr/core?attribute=lectPlan&p_year=2020&p_term=10&p_teach=004463&p_code=EE34100&p_subjt=EE341&lang=ko&loginYn=N&schedule_cd=hakbu,,,,
67,67,https://sugang.khu.ac.kr/core?attribute=lectPlan&p_year=2020&p_term=10&p_teach=021795&p_code=EE34101&p_subjt=EE341&lang=ko&loginYn=N&schedule_cd=hakbu,,,,
68,68,https://sugang.khu.ac.kr/core?attribute=lectPlan&p_year=2020&p_term=10&p_teach=023209&p_code=EE34102&p_subjt=EE341&lang=ko&loginYn=N&schedule_cd=hakbu,,,,
69,69,https://sugang.khu.ac.kr/core?attribute=lectPlan&p_year=2020&p_term=10&p_teach=006162&p_code=EE34200&p_subjt=EE342&lang=ko&loginYn=N&schedule_cd=hakbu,,,,
70,70,https://sugang.khu.ac.kr/core?attribute=lectPlan&p_year=2020&p_term=10&p_teach=004883&p_code=EE34201&p_subjt=EE342&lang=ko&loginYn=N&schedule_cd=hakbu,,,,
71,71,https://sugang.khu.ac.kr/core?attribute=lectPlan&p_year=2020&p_term=10&p_teach=053224&p_code=IE30100&p_subjt=IE301&lang=ko&loginYn=N&schedule_cd=hakbu,,,,
72,72,https://sugang.khu.ac.kr/core?attribute=lectPlan&p_year=2020&p_term=10&p_teach=024581&p_code=IE30600&p_subjt=IE306&lang=ko&loginYn=N&schedule_cd=hakbu,,,,
73,73,https://sugang.khu.ac.kr/core?attribute=lectPlan&p_year=2020&p_term=10&p_teach=042468&p_code=IE41400&p_subjt=IE414&lang=ko&loginYn=N&schedule_cd=hakbu,,,,
74,74,https://sugang.khu.ac.kr/core?attribute=lectPlan&p_year=2020&p_term=10&p_teach=011044&p_code=ME27101&p_subjt=ME271&lang=ko&loginYn=N&schedule_cd=hakbu,,,,
75,75,https://sugang.khu.ac.kr/core?attribute=lectPlan&p_year=2020&p_term=10&p_teach=015456&p_code=ME27102&p_subjt=ME271&lang=ko&loginYn=N&schedule_cd=hakbu,,,,
76,76,https://sugang.khu.ac.kr/core?attribute=lectPlan&p_year=2020&p_term=10&p_teach=021782&p_code=ME27103&p_subjt=ME271&lang=ko&loginYn=N&schedule_cd=hakbu,,,,
77,77,https://sugang.khu.ac.kr/core?attribute=lectPlan&p_year=2020&p_term=10&p_teach=049815&p_code=ME27104&p_subjt=ME271&lang=ko&loginYn=N&schedule_cd=hakbu,,,,
78,78,https://sugang.khu.ac.kr/core?attribute=lectPlan&p_year=2020&p_term=10&p_teach=028641&p_code=ME27501&p_subjt=ME275&lang=ko&loginYn=N&schedule_cd=hakbu,,,,
79,79,https://sugang.khu.ac.kr/core?attribute=lectPlan&p_year=2020&p_term=10&p_teach=028641&p_code=ME27502&p_subjt=ME275&lang=ko&loginYn=N&schedule_cd=hakbu,,,,
80,80,https://sugang.khu.ac.kr/core?attribute=lectPlan&p_year=2020&p_term=10&p_teach=011044&p_code=ME37501&p_subjt=ME375&lang=ko&loginYn=N&schedule_cd=hakbu,,,,
81,81,https://sugang.khu.ac.kr/core?attribute=lectPlan&p_year=2020&p_term=10&p_teach=015456&p_code=ME38001&p_subjt=ME380&lang=ko&loginYn=N&schedule_cd=hakbu,,,,
82,82,https://sugang.khu.ac.kr/core?attribute=lectPlan&p_year=2020&p_term=10&p_teach=048093&p_code=ME38002&p_subjt=ME380&lang=ko&loginYn=N&schedule_cd=hakbu,,,,
83,83,https://sugang.khu.ac.kr/core?attribute=lectPlan&p_year=2020&p_term=10&p_teach=021782&p_code=ME47501&p_subjt=ME475&lang=ko&loginYn=N&schedule_cd=hakbu,,,,
84,84,https://sugang.khu.ac.kr/core?attribute=lectPlan&p_year=2020&p_term=10&p_teach=017826&p_code=SWCON10300&p_subjt=SWCON103&lang=ko&loginYn=N&schedule_cd=hakbu,,,,
85,85,https://sugang.khu.ac.kr/core?attribute=lectPlan&p_year=2020&p_term=10&p_teach=046298&p_code=SWCON10400&p_subjt=SWCON104&lang=ko&loginYn=N&schedule_cd=hakbu,,,,
86,86,https://sugang.khu.ac.kr/core?attribute=lectPlan&p_year=2020&p_term=10&p_teach=011186&p_code=SWCON10401&p_subjt=SWCON104&lang=ko&loginYn=N&schedule_cd=hakbu,,,,
87,87,https://sugang.khu.ac.kr/core?attribute=lectPlan&p_year=2020&p_term=10&p_teach=011186&p_code=SWCON20100&p_subjt=SWCON201&lang=ko&loginYn=N&schedule_cd=hakbu,,,,
88,88,https://sugang.khu.ac.kr/core?attribute=lectPlan&p_year=2020&p_term=10&p_teach=011186&p_code=SWCON22100&p_subjt=SWCON221&lang=ko&loginYn=N&schedule_cd=hakbu,,,,
89,89,https://sugang.khu.ac.kr/core?attribute=lectPlan&p_year=2020&p_term=10&p_teach=011186&p_code=SWCON24100&p_subjt=SWCON241&lang=ko&loginYn=N&schedule_cd=hakbu,,,,
90,90,https://sugang.khu.ac.kr/core?attribute=lectPlan&p_year=2020&p_term=10&p_teach=053003&p_code=SWCON31100&p_subjt=SWCON311&lang=ko&loginYn=N&schedule_cd=hakbu,,,,
91,91,https://sugang.khu.ac.kr/core?attribute=lectPlan&p_year=2020&p_term=10&p_teach=015184&p_code=SWCON32100&p_subjt=SWCON321&lang=ko&loginYn=N&schedule_cd=hakbu,,,,
92,92,https://sugang.khu.ac.kr/core?attribute=lectPlan&p_year=2020&p_term=10&p_teach=024581&p_code=SWCON36300&p_subjt=SWCON363&lang=ko&loginYn=N&schedule_cd=hakbu,,,,
93,93,https://sugang.khu.ac.kr/core?attribute=lectPlan&p_year=2020&p_term=10&p_teach=015184&p_code=SWCON36301&p_subjt=SWCON363&lang=ko&loginYn=N&schedule_cd=hakbu,,,,
94,94,https://sugang.khu.ac.kr/core?attribute=lectPlan&p_year=2020&p_term=10&p_teach=011186&p_code=SWCON40100&p_subjt=SWCON401&lang=ko&loginYn=N&schedule_cd=hakbu,,,,
95,95,https://sugang.khu.ac.kr/core?attribute=lectPlan&p_year=2020&p_term=10&p_teach=027799&p_code=SWCON42300&p_subjt=SWCON423&lang=ko&loginYn=N&schedule_cd=hakbu,,,,
96,96,https://sugang.khu.ac.kr/core?attribute=lectPlan&p_year=2020&p_term=10&p_teach=011186&p_code=SWCON44100&p_subjt=SWCON441&lang=ko&loginYn=N&schedule_cd=hakbu,,,,
97,97,https://sugang.khu.ac.kr/core?attribute=lectPlan&p_year=2020&p_term=20&p_teach=047387&p_code=CSE10300&p_subjt=CSE103&lang=ko&loginYn=N&schedule_cd=hakbu,,,,
98,98,https://sugang.khu.ac.kr/core?attribute=lectPlan&p_year=2020&p_term=20&p_teach=001477&p_code=CSE20100&p_subjt=CSE201&lang=ko&loginYn=N&schedule_cd=hakbu,,,,
99,99,https://sugang.khu.ac.kr/core?attribute=lectPlan&p_year=2020&p_term=20&p_teach=052980&p_code=CSE20101&p_subjt=CSE201&lang=ko&loginYn=N&schedule_cd=hakbu,,,,
100,100,https://sugang.khu.ac.kr/core?attribute=lectPlan&p_year=2020&p_term=20&p_teach=046292&p_code=CSE20300&p_subjt=CSE203&lang=ko&loginYn=N&schedule_cd=hakbu,,,,
101,101,https://sugang.khu.ac.kr/core?attribute=lectPlan&p_year=2020&p_term=20&p_teach=046292&p_code=CSE20301&p_subjt=CSE203&lang=ko&loginYn=N&schedule_cd=hakbu,,,,
102,102,https://sugang.khu.ac.kr/core?attribute=lectPlan&p_year=2020&p_term=20&p_teach=006162&p_code=CSE20302&p_subjt=CSE203&lang=ko&loginYn=N&schedule_cd=hakbu,,,,
103,103,https://sugang.khu.ac.kr/core?attribute=lectPlan&p_year=2020&p_term=20&p_teach=052143&p_code=CSE20400&p_subjt=CSE204&lang=ko&loginYn=N&schedule_cd=hakbu,,,,
104,104,https://sugang.khu.ac.kr/core?attribute=lectPlan&p_year=2020&p_term=20&p_teach=048730&p_code=CSE20401&p_subjt=CSE204&lang=ko&loginYn=N&schedule_cd=hakbu,,,,
105,105,https://sugang.khu.ac.kr/core?attribute=lectPlan&p_year=2020&p_term=20&p_teach=048730&p_code=CSE20402&p_subjt=CSE204&lang=ko&loginYn=N&schedule_cd=hakbu,,,,
106,106,https://sugang.khu.ac.kr/core?attribute=lectPlan&p_year=2020&p_term=20&p_teach=038168&p_code=CSE20403&p_subjt=CSE204&lang=ko&loginYn=N&schedule_cd=hakbu,,,,
107,107,https://sugang.khu.ac.kr/core?attribute=lectPlan&p_year=2020&p_term=20&p_teach=050425&p_code=CSE20800&p_subjt=CSE208&lang=ko&loginYn=N&schedule_cd=hakbu,,,,
108,108,https://sugang.khu.ac.kr/core?attribute=lectPlan&p_year=2020&p_term=20&p_teach=045483&p_code=CSE22300&p_subjt=CSE223&lang=ko&loginYn=N&schedule_cd=hakbu,,,,
109,109,https://sugang.khu.ac.kr/core?attribute=lectPlan&p_year=2020&p_term=20&p_teach=052064&p_code=CSE30100&p_subjt=CSE301&lang=ko&loginYn=N&schedule_cd=hakbu,,,,
110,110,https://sugang.khu.ac.kr/core?attribute=lectPlan&p_year=2020&p_term=20&p_teach=011186&p_code=CSE30200&p_subjt=CSE302&lang=ko&loginYn=N&schedule_cd=hakbu,,,,
111,111,https://sugang.khu.ac.kr/core?attribute=lectPlan&p_year=2020&p_term=20&p_teach=049571&p_code=CSE30201&p_subjt=CSE302&lang=ko&loginYn=N&schedule_cd=hakbu,,,,
112,112,https://sugang.khu.ac.kr/core?attribute=lectPlan&p_year=2020&p_term=20&p_teach=004463&p_code=CSE30202&p_subjt=CSE302&lang=ko&loginYn=N&schedule_cd=hakbu,,,,
113,113,https://sugang.khu.ac.kr/core?attribute=lectPlan&p_year=2020&p_term=20&p_teach=006189&p_code=CSE30400&p_subjt=CSE304&lang=ko&loginYn=N&schedule_cd=hakbu,,,,
114,114,https://sugang.khu.ac.kr/core?attribute=lectPlan&p_year=2020&p_term=20&p_teach=006189&p_code=CSE30401&p_subjt=CSE304&lang=ko&loginYn=N&schedule_cd=hakbu,,,,
115,115,https://sugang.khu.ac.kr/core?attribute=lectPlan&p_year=2020&p_term=20&p_teach=053197&p_code=CSE30500&p_subjt=CSE305&lang=ko&loginYn=N&schedule_cd=hakbu,,,,
116,116,https://sugang.khu.ac.kr/core?attribute=lectPlan&p_year=2020&p_term=20&p_teach=022334&p_code=CSE30501&p_subjt=CSE305&lang=ko&loginYn=N&schedule_cd=hakbu,,,,
117,117,https://sugang.khu.ac.kr/core?attribute=lectPlan&p_year=2020&p_term=20&p_teach=050425&p_code=CSE30901&p_subjt=CSE309&lang=ko&loginYn=N&schedule_cd=hakbu,,,,
118,118,https://sugang.khu.ac.kr/core?attribute=lectPlan&p_year=2020&p_term=20&p_teach=047809&p_code=CSE32700&p_subjt=CSE327&lang=ko&loginYn=N&schedule_cd=hakbu,,,,
119,119,https://sugang.khu.ac.kr/core?attribute=lectPlan&p_year=2020&p_term=20&p_teach=047809&p_code=CSE32701&p_subjt=CSE327&lang=ko&loginYn=N&schedule_cd=hakbu,,,,
120,120,https://sugang.khu.ac.kr/core?attribute=lectPlan&p_year=2020&p_term=20&p_teach=047387&p_code=CSE33100&p_subjt=CSE331&lang=ko&loginYn=N&schedule_cd=hakbu,,,,
121,121,https://sugang.khu.ac.kr/core?attribute=lectPlan&p_year=2020&p_term=20&p_teach=045484&p_code=CSE33400&p_subjt=CSE334&lang=ko&loginYn=N&schedule_cd=hakbu,,,,
122,122,https://sugang.khu.ac.kr/core?attribute=lectPlan&p_year=2020&p_term=20&p_teach=038168&p_code=CSE40300&p_subjt=CSE403&lang=ko&loginYn=N&schedule_cd=hakbu,,,,
123,123,https://sugang.khu.ac.kr/core?attribute=lectPlan&p_year=2020&p_term=20&p_teach=038168&p_code=CSE40500&p_subjt=CSE405&lang=ko&loginYn=N&schedule_cd=hakbu,,,,
124,124,https://sugang.khu.ac.kr/core?attribute=lectPlan&p_year=2020&p_term=20&p_teach=038168&p_code=CSE40501&p_subjt=CSE405&lang=ko&loginYn=N&schedule_cd=hakbu,,,,
125,125,https://sugang.khu.ac.kr/core?attribute=lectPlan&p_year=2020&p_term=20&p_teach=022334&p_code=CSE40600&p_subjt=CSE406&lang=ko&loginYn=N&schedule_cd=hakbu,,,,
126,126,https://sugang.khu.ac.kr/core?attribute=lectPlan&p_year=2020&p_term=20&p_teach=038168&p_code=CSE43100&p_subjt=CSE431&lang=ko&loginYn=N&schedule_cd=hakbu,,,,
127,127,https://sugang.khu.ac.kr/core?attribute=lectPlan&p_year=2020&p_term=20&p_teach=047428&p_code=CSE43400&p_subjt=CSE434&lang=ko&loginYn=N&schedule_cd=hakbu,,,,
128,128,https://sugang.khu.ac.kr/core?attribute=lectPlan&p_year=2020&p_term=20&p_teach=037046&p_code=CSE43500&p_subjt=CSE435&lang=ko&loginYn=N&schedule_cd=hakbu,,,,
129,129,https://sugang.khu.ac.kr/core?attribute=lectPlan&p_year=2020&p_term=20&p_teach=047818&p_code=CSE43700&p_subjt=CSE437&lang=ko&loginYn=N&schedule_cd=hakbu,,,,
130,130,https://sugang.khu.ac.kr/core?attribute=lectPlan&p_year=2020&p_term=20&p_teach=039542&p_code=CSE44100&p_subjt=CSE441&lang=ko&loginYn=N&schedule_cd=hakbu,,,,
131,131,https://sugang.khu.ac.kr/core?attribute=lectPlan&p_year=2020&p_term=20&p_teach=052213&p_code=DC20300&p_subjt=DC203&lang=ko&loginYn=N&schedule_cd=hakbu,,,,
132,132,https://sugang.khu.ac.kr/core?attribute=lectPlan&p_year=2020&p_term=20&p_teach=053010&p_code=DC21100&p_subjt=DC211&lang=ko&loginYn=N&schedule_cd=hakbu,,,,
133,133,https://sugang.khu.ac.kr/core?attribute=lectPlan&p_year=2020&p_term=20&p_teach=053010&p_code=DC21101&p_subjt=DC211&lang=ko&loginYn=N&schedule_cd=hakbu,,,,
134,134,https://sugang.khu.ac.kr/core?attribute=lectPlan&p_year=2020&p_term=20&p_teach=054312&p_code=DC31800&p_subjt=DC318&lang=ko&loginYn=N&schedule_cd=hakbu,,,,
135,135,https://sugang.khu.ac.kr/core?attribute=lectPlan&p_year=2020&p_term=20&p_teach=006186&p_code=EE20900&p_subjt=EE209&lang=ko&loginYn=N&schedule_cd=hakbu,,,,
136,136,https://sugang.khu.ac.kr/core?attribute=lectPlan&p_year=2020&p_term=20&p_teach=006161&p_code=EE20901&p_subjt=EE209&lang=ko&loginYn=N&schedule_cd=hakbu,,,,
137,137,https://sugang.khu.ac.kr/core?attribute=lectPlan&p_year=2020&p_term=20&p_teach=006186&p_code=EE20902&p_subjt=EE209&lang=ko&loginYn=N&schedule_cd=hakbu,,,,
138,138,https://sugang.khu.ac.kr/core?attribute=lectPlan&p_year=2020&p_term=20&p_teach=026088&p_code=EE20903&p_subjt=EE209&lang=ko&loginYn=N&schedule_cd=hakbu,,,,
139,139,https://sugang.khu.ac.kr/core?attribute=lectPlan&p_year=2020&p_term=20&p_teach=014892&p_code=EE21000&p_subjt=EE210&lang=ko&loginYn=N&schedule_cd=hakbu,,,,
140,140,https://sugang.khu.ac.kr/core?attribute=lectPlan&p_year=2020&p_term=20&p_teach=004883&p_code=EE21001&p_subjt=EE210&lang=ko&loginYn=N&schedule_cd=hakbu,,,,
141,141,https://sugang.khu.ac.kr/core?attribute=lectPlan&p_year=2020&p_term=20&p_teach=023209&p_code=EE21002&p_subjt=EE210&lang=ko&loginYn=N&schedule_cd=hakbu,,,,
142,142,https://sugang.khu.ac.kr/core?attribute=lectPlan&p_year=2020&p_term=20&p_teach=004883&p_code=EE21003&p_subjt=EE210&lang=ko&loginYn=N&schedule_cd=hakbu,,,,
143,143,https://sugang.khu.ac.kr/core?attribute=lectPlan&p_year=2020&p_term=20&p_teach=014891&p_code=EE21101&p_subjt=EE211&lang=ko&loginYn=N&schedule_cd=hakbu,,,,
144,144,https://sugang.khu.ac.kr/core?attribute=lectPlan&p_year=2020&p_term=20&p_teach=004463&p_code=EE21102&p_subjt=EE211&lang=ko&loginYn=N&schedule_cd=hakbu,,,,
145,145,https://sugang.khu.ac.kr/core?attribute=lectPlan&p_year=2020&p_term=20&p_teach=020905&p_code=EE21103&p_subjt=EE211&lang=ko&loginYn=N&schedule_cd=hakbu,,,,
146,146,https://sugang.khu.ac.kr/core?attribute=lectPlan&p_year=2020&p_term=20&p_teach=021795&p_code=EE21104&p_subjt=EE211&lang=ko&loginYn=N&schedule_cd=hakbu,,,,
147,147,https://sugang.khu.ac.kr/core?attribute=lectPlan&p_year=2020&p_term=20&p_teach=014891&p_code=EE34100&p_subjt=EE341&lang=ko&loginYn=N&schedule_cd=hakbu,,,,
148,148,https://sugang.khu.ac.kr/core?attribute=lectPlan&p_year=2020&p_term=20&p_teach=023209&p_code=EE34101&p_subjt=EE341&lang=ko&loginYn=N&schedule_cd=hakbu,,,,
149,149,https://sugang.khu.ac.kr/core?attribute=lectPlan&p_year=2020&p_term=20&p_teach=006162&p_code=EE34200&p_subjt=EE342&lang=ko&loginYn=N&schedule_cd=hakbu,,,,
150,150,https://sugang.khu.ac.kr/core?attribute=lectPlan&p_year=2020&p_term=20&p_teach=004883&p_code=EE34201&p_subjt=EE342&lang=ko&loginYn=N&schedule_cd=hakbu,,,,
151,151,https://sugang.khu.ac.kr/core?attribute=lectPlan&p_year=2020&p_term=20&p_teach=014892&p_code=EE34202&p_subjt=EE342&lang=ko&loginYn=N&schedule_cd=hakbu,,,,
152,152,https://sugang.khu.ac.kr/core?attribute=lectPlan&p_year=2020&p_term=20&p_teach=026641&p_code=EE46100&p_subjt=EE461&lang=ko&loginYn=N&schedule_cd=hakbu,,,,
153,153,https://sugang.khu.ac.kr/core?attribute=lectPlan&p_year=2020&p_term=20&p_teach=042468&p_code=IE20800&p_subjt=IE208&lang=ko&loginYn=N&schedule_cd=hakbu,,,,
154,154,https://sugang.khu.ac.kr/core?attribute=lectPlan&p_year=2020&p_term=20&p_teach=042468&p_code=IE20801&p_subjt=IE208&lang=ko&loginYn=N&schedule_cd=hakbu,,,,
155,155,https://sugang.khu.ac.kr/core?attribute=lectPlan&p_year=2020&p_term=20&p_teach=024581&p_code=IE21500&p_subjt=IE215&lang=ko&loginYn=N&schedule_cd=hakbu,,,,
156,156,https://sugang.khu.ac.kr/core?attribute=lectPlan&p_year=2020&p_term=20&p_teach=024581&p_code=IE21501&p_subjt=IE215&lang=ko&loginYn=N&schedule_cd=hakbu,,,,
157,157,https://sugang.khu.ac.kr/core?attribute=lectPlan&p_year=2020&p_term=20&p_teach=036957&p_code=IE30100&p_subjt=IE301&lang=ko&loginYn=N&schedule_cd=hakbu,,,,
158,158,https://sugang.khu.ac.kr/core?attribute=lectPlan&p_year=2020&p_term=20&p_teach=052141&p_code=IE30200&p_subjt=IE302&lang=ko&loginYn=N&schedule_cd=hakbu,,,,
159,159,https://sugang.khu.ac.kr/core?attribute=lectPlan&p_year=2020&p_term=20&p_teach=052141&p_code=IE42500&p_subjt=IE425&lang=ko&loginYn=N&schedule_cd=hakbu,,,,
160,160,https://sugang.khu.ac.kr/core?attribute=lectPlan&p_year=2020&p_term=20&p_teach=028641&p_code=ME27501&p_subjt=ME275&lang=ko&loginYn=N&schedule_cd=hakbu,,,,
161,161,https://sugang.khu.ac.kr/core?attribute=lectPlan&p_year=2020&p_term=20&p_teach=028641&p_code=ME27502&p_subjt=ME275&lang=ko&loginYn=N&schedule_cd=hakbu,,,,
162,162,https://sugang.khu.ac.kr/core?attribute=lectPlan&p_year=2020&p_term=20&p_teach=006185&p_code=ME27601&p_subjt=ME276&lang=ko&loginYn=N&schedule_cd=hakbu,,,,
163,163,https://sugang.khu.ac.kr/core?attribute=lectPlan&p_year=2020&p_term=20&p_teach=022575&p_code=ME27602&p_subjt=ME276&lang=ko&loginYn=N&schedule_cd=hakbu,,,,
164,164,https://sugang.khu.ac.kr/core?attribute=lectPlan&p_year=2020&p_term=20&p_teach=011044&p_code=ME37601&p_subjt=ME376&lang=ko&loginYn=N&schedule_cd=hakbu,,,,
165,165,https://sugang.khu.ac.kr/core?attribute=lectPlan&p_year=2020&p_term=20&p_teach=011186&p_code=SWCON10100&p_subjt=SWCON101&lang=ko&loginYn=N&schedule_cd=hakbu,,,,
166,166,https://sugang.khu.ac.kr/core?attribute=lectPlan&p_year=2020&p_term=20&p_teach=020902&p_code=SWCON10300&p_subjt=SWCON103&lang=ko&loginYn=N&schedule_cd=hakbu,,,,
167,167,https://sugang.khu.ac.kr/core?attribute=lectPlan&p_year=2020&p_term=20&p_teach=039542&p_code=SWCON10301&p_subjt=SWCON103&lang=ko&loginYn=N&schedule_cd=hakbu,,,,
168,168,https://sugang.khu.ac.kr/core?attribute=lectPlan&p_year=2020&p_term=20&p_teach=015184&p_code=SWCON10302&p_subjt=SWCON103&lang=ko&loginYn=N&schedule_cd=hakbu,,,,
169,169,https://sugang.khu.ac.kr/core?attribute=lectPlan&p_year=2020&p_term=20&p_teach=053003&p_code=SWCON10303&p_subjt=SWCON103&lang=ko&loginYn=N&schedule_cd=hakbu,,,,
170,170,https://sugang.khu.ac.kr/core?attribute=lectPlan&p_year=2020&p_term=20&p_teach=011186&p_code=SWCON10400&p_subjt=SWCON104&lang=ko&loginYn=N&schedule_cd=hakbu,,,,
171,171,https://sugang.khu.ac.kr/core?attribute=lectPlan&p_year=2020&p_term=20&p_teach=046298&p_code=SWCON10401&p_subjt=SWCON104&lang=ko&loginYn=N&schedule_cd=hakbu,,,,
172,172,https://sugang.khu.ac.kr/core?attribute=lectPlan&p_year=2020&p_term=20&p_teach=006187&p_code=SWCON20700&p_subjt=SWCON207&lang=ko&loginYn=N&schedule_cd=hakbu,,,,
173,173,https://sugang.khu.ac.kr/core?attribute=lectPlan&p_year=2020&p_term=20&p_teach=015184&p_code=SWCON21100&p_subjt=SWCON211&lang=ko&loginYn=N&schedule_cd=hakbu,,,,
174,174,https://sugang.khu.ac.kr/core?attribute=lectPlan&p_year=2020&p_term=20&p_teach=053003&p_code=SWCON21200&p_subjt=SWCON212&lang=ko&loginYn=N&schedule_cd=hakbu,,,,
175,175,https://sugang.khu.ac.kr/core?attribute=lectPlan&p_year=2020&p_term=20&p_teach=011186&p_code=SWCON22100&p_subjt=SWCON221&lang=ko&loginYn=N&schedule_cd=hakbu,,,,
176,176,https://sugang.khu.ac.kr/core?attribute=lectPlan&p_year=2020&p_term=20&p_teach=015184&p_code=SWCON24200&p_subjt=SWCON242&lang=ko&loginYn=N&schedule_cd=hakbu,,,,
177,177,https://sugang.khu.ac.kr/core?attribute=lectPlan&p_year=2020&p_term=20&p_teach=047819&p_code=SWCON30200&p_subjt=SWCON302&lang=ko&loginYn=N&schedule_cd=hakbu,,,,
178,178,https://sugang.khu.ac.kr/core?attribute=lectPlan&p_year=2020&p_term=20&p_teach=038168&p_code=SWCON31300&p_subjt=SWCON313&lang=ko&loginYn=N&schedule_cd=hakbu,,,,
179,179,https://sugang.khu.ac.kr/core?attribute=lectPlan&p_year=2020&p_term=20&p_teach=015184&p_code=SWCON32100&p_subjt=SWCON321&lang=ko&loginYn=N&schedule_cd=hakbu,,,,
180,180,https://sugang.khu.ac.kr/core?attribute=lectPlan&p_year=2020&p_term=20&p_teach=024581&p_code=SWCON32201&p_subjt=SWCON322&lang=ko&loginYn=N&schedule_cd=hakbu,,,,
181,181,https://sugang.khu.ac.kr/core?attribute=lectPlan&p_year=2020&p_term=20&p_teach=046298&p_code=SWCON33100&p_subjt=SWCON331&lang=ko&loginYn=N&schedule_cd=hakbu,,,,
182,182,https://sugang.khu.ac.kr/core?attribute=lectPlan&p_year=2020&p_term=20&p_teach=046298&p_code=SWCON33200&p_subjt=SWCON332&lang=ko&loginYn=N&schedule_cd=hakbu,,,,
183,183,https://sugang.khu.ac.kr/core?attribute=lectPlan&p_year=2020&p_term=20&p_teach=015184&p_code=SWCON34200&p_subjt=SWCON342&lang=ko&loginYn=N&schedule_cd=hakbu,,,,
184,184,https://sugang.khu.ac.kr/core?attribute=lectPlan&p_year=2020&p_term=20&p_teach=024581&p_code=SWCON36400&p_subjt=SWCON364&lang=ko&loginYn=N&schedule_cd=hakbu,,,,
185,185,https://sugang.khu.ac.kr/core?attribute=lectPlan&p_year=2020&p_term=20&p_teach=011186&p_code=SWCON40100&p_subjt=SWCON401&lang=ko&loginYn=N&schedule_cd=hakbu,,,,
186,186,https://sugang.khu.ac.kr/core?attribute=lectPlan&p_year=2020&p_term=20&p_teach=011186&p_code=SWCON40200&p_subjt=SWCON402&lang=ko&loginYn=N&schedule_cd=hakbu,,,,
187,187,https://sugang.khu.ac.kr/core?attribute=lectPlan&p_year=2020&p_term=20&p_teach=042468&p_code=SWCON42401&p_subjt=SWCON424&lang=ko&loginYn=N&schedule_cd=hakbu,,,,
188,188,https://sugang.khu.ac.kr/core?attribute=lectPlan&p_year=2020&p_term=20&p_teach=054270&p_code=SWCON42500&p_subjt=SWCON425&lang=ko&loginYn=N&schedule_cd=hakbu,,,,
189,189,https://sugang.khu.ac.kr/core?attribute=lectPlan&p_year=2020&p_term=15&p_teach=020623&p_code=CSE10300&p_subjt=CSE103&lang=ko&loginYn=N&schedule_cd=hakbu,,,,
190,190,https://sugang.khu.ac.kr/core?attribute=lectPlan&p_year=2020&p_term=15&p_teach=011186&p_code=SWCON10400&p_subjt=SWCON104&lang=ko&loginYn=N&schedule_cd=hakbu,,,,
191,191,https://sugang.khu.ac.kr/core?attribute=lectPlan&p_year=2020&p_term=25&p_teach=020623&p_code=CSE10300&p_subjt=CSE103&lang=ko&loginYn=N&schedule_cd=hakbu,,,,
192,192,https://sugang.khu.ac.kr/core?attribute=lectPlan&p_year=2020&p_term=25&p_teach=011186&p_code=SWCON10400&p_subjt=SWCON104&lang=ko&loginYn=N&schedule_cd=hakbu,,,,
193,193,https://sugang.khu.ac.kr/core?attribute=lectPlan&p_year=2021&p_term=10&p_teach=006189&p_code=CSE000100&p_subjt=CSE0001&lang=ko&loginYn=N&schedule_cd=hakbu,,,,
194,194,https://sugang.khu.ac.kr/core?attribute=lectPlan&p_year=2021&p_term=10&p_teach=023827&p_code=CSE000101&p_subjt=CSE0001&lang=ko&loginYn=N&schedule_cd=hakbu,,,,
195,195,https://sugang.khu.ac.kr/core?attribute=lectPlan&p_year=2021&p_term=10&p_teach=015184&p_code=CSE10301&p_subjt=CSE103&lang=ko&loginYn=N&schedule_cd=hakbu,,,,
196,196,https://sugang.khu.ac.kr/core?attribute=lectPlan&p_year=2021&p_term=10&p_teach=015184&p_code=CSE10302&p_subjt=CSE103&lang=ko&loginYn=N&schedule_cd=hakbu,,,,
197,197,https://sugang.khu.ac.kr/core?attribute=lectPlan&p_year=2021&p_term=10&p_teach=055393&p_code=CSE10303&p_subjt=CSE103&lang=ko&loginYn=N&schedule_cd=hakbu,,,,
198,198,https://sugang.khu.ac.kr/core?attribute=lectPlan&p_year=2021&p_term=10&p_teach=001477&p_code=CSE20101&p_subjt=CSE201&lang=ko&loginYn=N&schedule_cd=hakbu,,,,
199,199,https://sugang.khu.ac.kr/core?attribute=lectPlan&p_year=2021&p_term=10&p_teach=052980&p_code=CSE20102&p_subjt=CSE201&lang=ko&loginYn=N&schedule_cd=hakbu,,,,
200,200,https://sugang.khu.ac.kr/core?attribute=lectPlan&p_year=2021&p_term=10&p_teach=006186&p_code=CSE20301&p_subjt=CSE203&lang=ko&loginYn=N&schedule_cd=hakbu,,,,
201,201,https://sugang.khu.ac.kr/core?attribute=lectPlan&p_year=2021&p_term=10&p_teach=006162&p_code=CSE20302&p_subjt=CSE203&lang=ko&loginYn=N&schedule_cd=hakbu,,,,
202,202,https://sugang.khu.ac.kr/core?attribute=lectPlan&p_year=2021&p_term=10&p_teach=055394&p_code=CSE20303&p_subjt=CSE203&lang=ko&loginYn=N&schedule_cd=hakbu,,,,
203,203,https://sugang.khu.ac.kr/core?attribute=lectPlan&p_year=2021&p_term=10&p_teach=055392&p_code=CSE20304&p_subjt=CSE203&lang=ko&loginYn=N&schedule_cd=hakbu,,,,
204,204,https://sugang.khu.ac.kr/core?attribute=lectPlan&p_year=2021&p_term=10&p_teach=052143&p_code=CSE20401&p_subjt=CSE204&lang=ko&loginYn=N&schedule_cd=hakbu,,,,
205,205,https://sugang.khu.ac.kr/core?attribute=lectPlan&p_year=2021&p_term=10&p_teach=048730&p_code=CSE20402&p_subjt=CSE204&lang=ko&loginYn=N&schedule_cd=hakbu,,,,
206,206,https://sugang.khu.ac.kr/core?attribute=lectPlan&p_year=2021&p_term=10&p_teach=048730&p_code=CSE20403&p_subjt=CSE204&lang=ko&loginYn=N&schedule_cd=hakbu,,,,
207,207,https://sugang.khu.ac.kr/core?attribute=lectPlan&p_year=2021&p_term=10&p_teach=045483&p_code=CSE22300&p_subjt=CSE223&lang=ko&loginYn=N&schedule_cd=hakbu,,,,
208,208,https://sugang.khu.ac.kr/core?attribute=lectPlan&p_year=2021&p_term=10&p_teach=038168&p_code=CSE22400&p_subjt=CSE224&lang=ko&loginYn=N&schedule_cd=hakbu,,,,
209,209,https://sugang.khu.ac.kr/core?attribute=lectPlan&p_year=2021&p_term=10&p_teach=055078&p_code=CSE30101&p_subjt=CSE301&lang=ko&loginYn=N&schedule_cd=hakbu,,,,
210,210,https://sugang.khu.ac.kr/core?attribute=lectPlan&p_year=2021&p_term=10&p_teach=052064&p_code=CSE30102&p_subjt=CSE301&lang=ko&loginYn=N&schedule_cd=hakbu,,,,
211,211,https://sugang.khu.ac.kr/core?attribute=lectPlan&p_year=2021&p_term=10&p_teach=024580&p_code=CSE30201&p_subjt=CSE302&lang=ko&loginYn=N&schedule_cd=hakbu,,,,
212,212,https://sugang.khu.ac.kr/core?attribute=lectPlan&p_year=2021&p_term=10&p_teach=055745&p_code=CSE30202&p_subjt=CSE302&lang=ko&loginYn=N&schedule_cd=hakbu,,,,
213,213,https://sugang.khu.ac.kr/core?attribute=lectPlan&p_year=2021&p_term=10&p_teach=043181&p_code=CSE30203&p_subjt=CSE302&lang=ko&loginYn=N&schedule_cd=hakbu,,,,
214,214,https://sugang.khu.ac.kr/core?attribute=lectPlan&p_year=2021&p_term=10&p_teach=006189&p_code=CSE30401&p_subjt=CSE304&lang=ko&loginYn=N&schedule_cd=hakbu,,,,
215,215,https://sugang.khu.ac.kr/core?attribute=lectPlan&p_year=2021&p_term=10&p_teach=006189&p_code=CSE30402&p_subjt=CSE304&lang=ko&loginYn=N&schedule_cd=hakbu,,,,
216,216,https://sugang.khu.ac.kr/core?attribute=lectPlan&p_year=2021&p_term=10&p_teach=053197&p_code=CSE30500&p_subjt=CSE305&lang=ko&loginYn=N&schedule_cd=hakbu,,,,
217,217,https://sugang.khu.ac.kr/core?attribute=lectPlan&p_year=2021&p_term=10&p_teach=022334&p_code=CSE30501&p_subjt=CSE305&lang=ko&loginYn=N&schedule_cd=hakbu,,,,
218,218,https://sugang.khu.ac.kr/core?attribute=lectPlan&p_year=2021&p_term=10&p_teach=054286&p_code=CSE30800&p_subjt=CSE308&lang=ko&loginYn=N&schedule_cd=hakbu,,,,
219,219,https://sugang.khu.ac.kr/core?attribute=lectPlan&p_year=2021&p_term=10&p_teach=006189&p_code=CSE32200&p_subjt=CSE322&lang=ko&loginYn=N&schedule_cd=hakbu,,,,
220,220,https://sugang.khu.ac.kr/core?attribute=lectPlan&p_year=2021&p_term=10&p_teach=017826&p_code=CSE32400&p_subjt=CSE324&lang=ko&loginYn=N&schedule_cd=hakbu,,,,
221,221,https://sugang.khu.ac.kr/core?attribute=lectPlan&p_year=2021&p_term=10&p_teach=011186&p_code=CSE32700&p_subjt=CSE327&lang=ko&loginYn=N&schedule_cd=hakbu,,,,
222,222,https://sugang.khu.ac.kr/core?attribute=lectPlan&p_year=2021&p_term=10&p_teach=045484&p_code=CSE33000&p_subjt=CSE330&lang=ko&loginYn=N&schedule_cd=hakbu,,,,
223,223,https://sugang.khu.ac.kr/core?attribute=lectPlan&p_year=2021&p_term=10&p_teach=047387&p_code=CSE33100&p_subjt=CSE331&lang=ko&loginYn=N&schedule_cd=hakbu,,,,
224,224,https://sugang.khu.ac.kr/core?attribute=lectPlan&p_year=2021&p_term=10&p_teach=047818&p_code=CSE33500&p_subjt=CSE335&lang=ko&loginYn=N&schedule_cd=hakbu,,,,
225,225,https://sugang.khu.ac.kr/core?attribute=lectPlan&p_year=2021&p_term=10&p_teach=047387&p_code=CSE34000&p_subjt=CSE340&lang=ko&loginYn=N&schedule_cd=hakbu,,,,
226,226,https://sugang.khu.ac.kr/core?attribute=lectPlan&p_year=2021&p_term=10&p_teach=038168&p_code=CSE40300&p_subjt=CSE403&lang=ko&loginYn=N&schedule_cd=hakbu,,,,
227,227,https://sugang.khu.ac.kr/core?attribute=lectPlan&p_year=2021&p_term=10&p_teach=038168&p_code=CSE40500&p_subjt=CSE405&lang=ko&loginYn=N&schedule_cd=hakbu,,,,
228,228,https://sugang.khu.ac.kr/core?attribute=lectPlan&p_year=2021&p_term=10&p_teach=022334&p_code=CSE40600&p_subjt=CSE406&lang=ko&loginYn=N&schedule_cd=hakbu,,,,
229,229,https://sugang.khu.ac.kr/core?attribute=lectPlan&p_year=2021&p_term=10&p_teach=024580&p_code=CSE42300&p_subjt=CSE423&lang=ko&loginYn=N&schedule_cd=hakbu,,,,
230,230,https://sugang.khu.ac.kr/core?attribute=lectPlan&p_year=2021&p_term=10&p_teach=052980&p_code=CSE42600&p_subjt=CSE426&lang=ko&loginYn=N&schedule_cd=hakbu,,,,
231,231,https://sugang.khu.ac.kr/core?attribute=lectPlan&p_year=2021&p_term=10&p_teach=039542&p_code=CSE42800&p_subjt=CSE428&lang=ko&loginYn=N&schedule_cd=hakbu,,,,
232,232,https://sugang.khu.ac.kr/core?attribute=lectPlan&p_year=2021&p_term=10&p_teach=037046&p_code=CSE43300&p_subjt=CSE433&lang=ko&loginYn=N&schedule_cd=hakbu,,,,
233,233,https://sugang.khu.ac.kr/core?attribute=lectPlan&p_year=2021&p_term=10&p_teach=047428&p_code=CSE43600&p_subjt=CSE436&lang=ko&loginYn=N&schedule_cd=hakbu,,,,
234,234,https://sugang.khu.ac.kr/core?attribute=lectPlan&p_year=2021&p_term=10&p_teach=047819&p_code=CSE43800&p_subjt=CSE438&lang=ko&loginYn=N&schedule_cd=hakbu,,,,
235,235,https://sugang.khu.ac.kr/core?attribute=lectPlan&p_year=2021&p_term=10&p_teach=055744&p_code=CSE44000&p_subjt=CSE440&lang=ko&loginYn=N&schedule_cd=hakbu,,,,
236,236,https://sugang.khu.ac.kr/core?attribute=lectPlan&p_year=2021&p_term=10&p_teach=055745&p_code=CSE44400&p_subjt=CSE444&lang=ko&loginYn=N&schedule_cd=hakbu,,,,
237,237,https://sugang.khu.ac.kr/core?attribute=lectPlan&p_year=2021&p_term=10&p_teach=038168&p_code=CSE49500&p_subjt=CSE495&lang=ko&loginYn=N&schedule_cd=hakbu,,,,
238,238,https://sugang.khu.ac.kr/core?attribute=lectPlan&p_year=2021&p_term=10&p_teach=038168&p_code=CSE49600&p_subjt=CSE496&lang=ko&loginYn=N&schedule_cd=hakbu,,,,
239,239,https://sugang.khu.ac.kr/core?attribute=lectPlan&p_year=2021&p_term=10&p_teach=053010&p_code=DC20100&p_subjt=DC201&lang=ko&loginYn=N&schedule_cd=hakbu,,,,
240,240,https://sugang.khu.ac.kr/core?attribute=lectPlan&p_year=2021&p_term=10&p_teach=053010&p_code=DC20101&p_subjt=DC201&lang=ko&loginYn=N&schedule_cd=hakbu,,,,
241,241,https://sugang.khu.ac.kr/core?attribute=lectPlan&p_year=2021&p_term=10&p_teach=032873&p_code=DC20500&p_subjt=DC205&lang=ko&loginYn=N&schedule_cd=hakbu,,,,
242,242,https://sugang.khu.ac.kr/core?attribute=lectPlan&p_year=2021&p_term=10&p_teach=054311&p_code=DC20501&p_subjt=DC205&lang=ko&loginYn=N&schedule_cd=hakbu,,,,
243,243,https://sugang.khu.ac.kr/core?attribute=lectPlan&p_year=2021&p_term=10&p_teach=017453&p_code=DC20700&p_subjt=DC207&lang=ko&loginYn=N&schedule_cd=hakbu,,,,
244,244,https://sugang.khu.ac.kr/core?attribute=lectPlan&p_year=2021&p_term=10&p_teach=017453&p_code=DC20701&p_subjt=DC207&lang=ko&loginYn=N&schedule_cd=hakbu,,,,
245,245,https://sugang.khu.ac.kr/core?attribute=lectPlan&p_year=2021&p_term=10&p_teach=055222&p_code=DC30200&p_subjt=DC302&lang=ko&loginYn=N&schedule_cd=hakbu,,,,
246,246,https://sugang.khu.ac.kr/core?attribute=lectPlan&p_year=2021&p_term=10&p_teach=055221&p_code=DC30400&p_subjt=DC304&lang=ko&loginYn=N&schedule_cd=hakbu,,,,
247,247,https://sugang.khu.ac.kr/core?attribute=lectPlan&p_year=2021&p_term=10&p_teach=039718&p_code=DC30401&p_subjt=DC304&lang=ko&loginYn=N&schedule_cd=hakbu,,,,
248,248,https://sugang.khu.ac.kr/core?attribute=lectPlan&p_year=2021&p_term=10&p_teach=006186&p_code=EE20900&p_subjt=EE209&lang=ko&loginYn=N&schedule_cd=hakbu,,,,
249,249,https://sugang.khu.ac.kr/core?attribute=lectPlan&p_year=2021&p_term=10&p_teach=017826&p_code=EE20901&p_subjt=EE209&lang=ko&loginYn=N&schedule_cd=hakbu,,,,
250,250,https://sugang.khu.ac.kr/core?attribute=lectPlan&p_year=2021&p_term=10&p_teach=006161&p_code=EE20902&p_subjt=EE209&lang=ko&loginYn=N&schedule_cd=hakbu,,,,
251,251,https://sugang.khu.ac.kr/core?attribute=lectPlan&p_year=2021&p_term=10&p_teach=006186&p_code=EE20903&p_subjt=EE209&lang=ko&loginYn=N&schedule_cd=hakbu,,,,
252,252,https://sugang.khu.ac.kr/core?attribute=lectPlan&p_year=2021&p_term=10&p_teach=026088&p_code=EE20904&p_subjt=EE209&lang=ko&loginYn=N&schedule_cd=hakbu,,,,
253,253,https://sugang.khu.ac.kr/core?attribute=lectPlan&p_year=2021&p_term=10&p_teach=017826&p_code=EE20905&p_subjt=EE209&lang=ko&loginYn=N&schedule_cd=hakbu,,,,
254,254,https://sugang.khu.ac.kr/core?attribute=lectPlan&p_year=2021&p_term=10&p_teach=055397&p_code=EE21000&p_subjt=EE210&lang=ko&loginYn=N&schedule_cd=hakbu,,,,
255,255,https://sugang.khu.ac.kr/core?attribute=lectPlan&p_year=2021&p_term=10&p_teach=025249&p_code=EE21001&p_subjt=EE210&lang=ko&loginYn=N&schedule_cd=hakbu,,,,
256,256,https://sugang.khu.ac.kr/core?attribute=lectPlan&p_year=2021&p_term=10&p_teach=014892&p_code=EE21002&p_subjt=EE210&lang=ko&loginYn=N&schedule_cd=hakbu,,,,
257,257,https://sugang.khu.ac.kr/core?attribute=lectPlan&p_year=2021&p_term=10&p_teach=021781&p_code=EE21003&p_subjt=EE210&lang=ko&loginYn=N&schedule_cd=hakbu,,,,
258,258,https://sugang.khu.ac.kr/core?attribute=lectPlan&p_year=2021&p_term=10&p_teach=004463&p_code=EE21100&p_subjt=EE211&lang=ko&loginYn=N&schedule_cd=hakbu,,,,
259,259,https://sugang.khu.ac.kr/core?attribute=lectPlan&p_year=2021&p_term=10&p_teach=023209&p_code=EE21101&p_subjt=EE211&lang=ko&loginYn=N&schedule_cd=hakbu,,,,
260,260,https://sugang.khu.ac.kr/core?attribute=lectPlan&p_year=2021&p_term=10&p_teach=021795&p_code=EE21102&p_subjt=EE211&lang=ko&loginYn=N&schedule_cd=hakbu,,,,
261,261,https://sugang.khu.ac.kr/core?attribute=lectPlan&p_year=2021&p_term=10&p_teach=055397&p_code=EE21103&p_subjt=EE211&lang=ko&loginYn=N&schedule_cd=hakbu,,,,
262,262,https://sugang.khu.ac.kr/core?attribute=lectPlan&p_year=2021&p_term=10&p_teach=025245&p_code=EE21104&p_subjt=EE211&lang=ko&loginYn=N&schedule_cd=hakbu,,,,
263,263,https://sugang.khu.ac.kr/core?attribute=lectPlan&p_year=2021&p_term=10&p_teach=023209&p_code=EE21105&p_subjt=EE211&lang=ko&loginYn=N&schedule_cd=hakbu,,,,
264,264,https://sugang.khu.ac.kr/core?attribute=lectPlan&p_year=2021&p_term=10&p_teach=014891&p_code=EE34100&p_subjt=EE341&lang=ko&loginYn=N&schedule_cd=hakbu,,,,
265,265,https://sugang.khu.ac.kr/core?attribute=lectPlan&p_year=2021&p_term=10&p_teach=025245&p_code=EE34101&p_subjt=EE341&lang=ko&loginYn=N&schedule_cd=hakbu,,,,
266,266,https://sugang.khu.ac.kr/core?attribute=lectPlan&p_year=2021&p_term=10&p_teach=021795&p_code=EE34102&p_subjt=EE341&lang=ko&loginYn=N&schedule_cd=hakbu,,,,
267,267,https://sugang.khu.ac.kr/core?attribute=lectPlan&p_year=2021&p_term=10&p_teach=014892&p_code=EE34200&p_subjt=EE342&lang=ko&loginYn=N&schedule_cd=hakbu,,,,
268,268,https://sugang.khu.ac.kr/core?attribute=lectPlan&p_year=2021&p_term=10&p_teach=021781&p_code=EE34201&p_subjt=EE342&lang=ko&loginYn=N&schedule_cd=hakbu,,,,
269,269,https://sugang.khu.ac.kr/core?attribute=lectPlan&p_year=2021&p_term=10&p_teach=036957&p_code=IE30100&p_subjt=IE301&lang=ko&loginYn=N&schedule_cd=hakbu,,,,
270,270,https://sugang.khu.ac.kr/core?attribute=lectPlan&p_year=2021&p_term=10&p_teach=036957&p_code=IE30101&p_subjt=IE301&lang=ko&loginYn=N&schedule_cd=hakbu,,,,
271,271,https://sugang.khu.ac.kr/core?attribute=lectPlan&p_year=2021&p_term=10&p_teach=024581&p_code=IE30600&p_subjt=IE306&lang=ko&loginYn=N&schedule_cd=hakbu,,,,
272,272,https://sugang.khu.ac.kr/core?attribute=lectPlan&p_year=2021&p_term=10&p_teach=024581&p_code=IE30601&p_subjt=IE306&lang=ko&loginYn=N&schedule_cd=hakbu,,,,
273,273,https://sugang.khu.ac.kr/core?attribute=lectPlan&p_year=2021&p_term=10&p_teach=042468&p_code=IE41400&p_subjt=IE414&lang=ko&loginYn=N&schedule_cd=hakbu,,,,
274,274,https://sugang.khu.ac.kr/core?attribute=lectPlan&p_year=2021&p_term=10&p_teach=024581&p_code=IE41900&p_subjt=IE419&lang=ko&loginYn=N&schedule_cd=hakbu,,,,
275,275,https://sugang.khu.ac.kr/core?attribute=lectPlan&p_year=2021&p_term=10&p_teach=011044&p_code=ME37501&p_subjt=ME375&lang=ko&loginYn=N&schedule_cd=hakbu,,,,
276,276,https://sugang.khu.ac.kr/core?attribute=lectPlan&p_year=2021&p_term=10&p_teach=015456&p_code=ME38001&p_subjt=ME380&lang=ko&loginYn=N&schedule_cd=hakbu,,,,
277,277,https://sugang.khu.ac.kr/core?attribute=lectPlan&p_year=2021&p_term=10&p_teach=048093&p_code=ME38002&p_subjt=ME380&lang=ko&loginYn=N&schedule_cd=hakbu,,,,
278,278,https://sugang.khu.ac.kr/core?attribute=lectPlan&p_year=2021&p_term=10&p_teach=021782&p_code=ME47501&p_subjt=ME475&lang=ko&loginYn=N&schedule_cd=hakbu,,,,
279,279,https://sugang.khu.ac.kr/core?attribute=lectPlan&p_year=2021&p_term=10&p_teach=017826&p_code=SWCON10300&p_subjt=SWCON103&lang=ko&loginYn=N&schedule_cd=hakbu,,,,
280,280,https://sugang.khu.ac.kr/core?attribute=lectPlan&p_year=2021&p_term=10&p_teach=046298&p_code=SWCON10400&p_subjt=SWCON104&lang=ko&loginYn=N&schedule_cd=hakbu,,,,
281,281,https://sugang.khu.ac.kr/core?attribute=lectPlan&p_year=2021&p_term=10&p_teach=011186&p_code=SWCON10401&p_subjt=SWCON104&lang=ko&loginYn=N&schedule_cd=hakbu,,,,
282,282,https://sugang.khu.ac.kr/core?attribute=lectPlan&p_year=2021&p_term=10&p_teach=011186&p_code=SWCON20100&p_subjt=SWCON201&lang=ko&loginYn=N&schedule_cd=hakbu,,,,
283,283,https://sugang.khu.ac.kr/core?attribute=lectPlan&p_year=2021&p_term=10&p_teach=011186&p_code=SWCON22100&p_subjt=SWCON221&lang=ko&loginYn=N&schedule_cd=hakbu,,,,
284,284,https://sugang.khu.ac.kr/core?attribute=lectPlan&p_year=2021&p_term=10&p_teach=054270&p_code=SWCON25300&p_subjt=SWCON253&lang=ko&loginYn=N&schedule_cd=hakbu,,,,
285,285,https://sugang.khu.ac.kr/core?attribute=lectPlan&p_year=2021&p_term=10&p_teach=052980&p_code=SWCON25301&p_subjt=SWCON253&lang=ko&loginYn=N&schedule_cd=hakbu,,,,
286,286,https://sugang.khu.ac.kr/core?attribute=lectPlan&p_year=2021&p_term=10&p_teach=046298&p_code=SWCON25400&p_subjt=SWCON254&lang=ko&loginYn=N&schedule_cd=hakbu,,,,
287,287,https://sugang.khu.ac.kr/core?attribute=lectPlan&p_year=2021&p_term=10&p_teach=053003&p_code=SWCON31100&p_subjt=SWCON311&lang=ko&loginYn=N&schedule_cd=hakbu,,,,
288,288,https://sugang.khu.ac.kr/core?attribute=lectPlan&p_year=2021&p_term=10&p_teach=053003&p_code=SWCON31400&p_subjt=SWCON314&lang=ko&loginYn=N&schedule_cd=hakbu,,,,
289,289,https://sugang.khu.ac.kr/core?attribute=lectPlan&p_year=2021&p_term=10&p_teach=015184&p_code=SWCON32100&p_subjt=SWCON321&lang=ko&loginYn=N&schedule_cd=hakbu,,,,
290,290,https://sugang.khu.ac.kr/core?attribute=lectPlan&p_year=2021&p_term=10&p_teach=046298&p_code=SWCON33200&p_subjt=SWCON332&lang=ko&loginYn=N&schedule_cd=hakbu,,,,
291,291,https://sugang.khu.ac.kr/core?attribute=lectPlan&p_year=2021&p_term=10&p_teach=015184&p_code=SWCON34100&p_subjt=SWCON341&lang=ko&loginYn=N&schedule_cd=hakbu,,,,
292,292,https://sugang.khu.ac.kr/core?attribute=lectPlan&p_year=2021&p_term=10&p_teach=047387&p_code=SWCON36301&p_subjt=SWCON363&lang=ko&loginYn=N&schedule_cd=hakbu,,,,
293,293,https://sugang.khu.ac.kr/core?attribute=lectPlan&p_year=2021&p_term=10&p_teach=055078&p_code=SWCON36600&p_subjt=SWCON366&lang=ko&loginYn=N&schedule_cd=hakbu,,,,
294,294,https://sugang.khu.ac.kr/core?attribute=lectPlan&p_year=2021&p_term=10&p_teach=053003&p_code=SWCON36700&p_subjt=SWCON367&lang=ko&loginYn=N&schedule_cd=hakbu,,,,
295,295,https://sugang.khu.ac.kr/core?attribute=lectPlan&p_year=2021&p_term=10&p_teach=015184&p_code=SWCON40100&p_subjt=SWCON401&lang=ko&loginYn=N&schedule_cd=hakbu,,,,
296,296,https://sugang.khu.ac.kr/core?attribute=lectPlan&p_year=2021&p_term=10&p_teach=015184&p_code=SWCON40200&p_subjt=SWCON402&lang=ko&loginYn=N&schedule_cd=hakbu,,,,
297,297,https://sugang.khu.ac.kr/core?attribute=lectPlan&p_year=2021&p_term=20&p_teach=015184&p_code=CSE10300&p_subjt=CSE103&lang=ko&loginYn=N&schedule_cd=hakbu,,,,
298,298,https://sugang.khu.ac.kr/core?attribute=lectPlan&p_year=2021&p_term=20&p_teach=055393&p_code=CSE10301&p_subjt=CSE103&lang=ko&loginYn=N&schedule_cd=hakbu,,,,
299,299,https://sugang.khu.ac.kr/core?attribute=lectPlan&p_year=2021&p_term=20&p_teach=001477&p_code=CSE20100&p_subjt=CSE201&lang=ko&loginYn=N&schedule_cd=hakbu,,,,
300,300,https://sugang.khu.ac.kr/core?attribute=lectPlan&p_year=2021&p_term=20&p_teach=052980&p_code=CSE20101&p_subjt=CSE201&lang=ko&loginYn=N&schedule_cd=hakbu,,,,
301,301,https://sugang.khu.ac.kr/core?attribute=lectPlan&p_year=2021&p_term=20&p_teach=055394&p_code=CSE20300&p_subjt=CSE203&lang=ko&loginYn=N&schedule_cd=hakbu,,,,
302,302,https://sugang.khu.ac.kr/core?attribute=lectPlan&p_year=2021&p_term=20&p_teach=055392&p_code=CSE20301&p_subjt=CSE203&lang=ko&loginYn=N&schedule_cd=hakbu,,,,
303,303,https://sugang.khu.ac.kr/core?attribute=lectPlan&p_year=2021&p_term=20&p_teach=048730&p_code=CSE20400&p_subjt=CSE204&lang=ko&loginYn=N&schedule_cd=hakbu,,,,
304,304,https://sugang.khu.ac.kr/core?attribute=lectPlan&p_year=2021&p_term=20&p_teach=048730&p_code=CSE20401&p_subjt=CSE204&lang=ko&loginYn=N&schedule_cd=hakbu,,,,
305,305,https://sugang.khu.ac.kr/core?attribute=lectPlan&p_year=2021&p_term=20&p_teach=033491&p_code=CSE20402&p_subjt=CSE204&lang=ko&loginYn=N&schedule_cd=hakbu,,,,
306,306,https://sugang.khu.ac.kr/core?attribute=lectPlan&p_year=2021&p_term=20&p_teach=054286&p_code=CSE20800&p_subjt=CSE208&lang=ko&loginYn=N&schedule_cd=hakbu,,,,
307,307,https://sugang.khu.ac.kr/core?attribute=lectPlan&p_year=2021&p_term=20&p_teach=045483&p_code=CSE22300&p_subjt=CSE223&lang=ko&loginYn=N&schedule_cd=hakbu,,,,
308,308,https://sugang.khu.ac.kr/core?attribute=lectPlan&p_year=2021&p_term=20&p_teach=052064&p_code=CSE30100&p_subjt=CSE301&lang=ko&loginYn=N&schedule_cd=hakbu,,,,
309,309,https://sugang.khu.ac.kr/core?attribute=lectPlan&p_year=2021&p_term=20&p_teach=055078&p_code=CSE30101&p_subjt=CSE301&lang=ko&loginYn=N&schedule_cd=hakbu,,,,
310,310,https://sugang.khu.ac.kr/core?attribute=lectPlan&p_year=2021&p_term=20&p_teach=011186&p_code=CSE30200&p_subjt=CSE302&lang=ko&loginYn=N&schedule_cd=hakbu,,,,
311,311,https://sugang.khu.ac.kr/core?attribute=lectPlan&p_year=2021&p_term=20&p_teach=006625&p_code=CSE30201&p_subjt=CSE302&lang=ko&loginYn=N&schedule_cd=hakbu,,,,
312,312,https://sugang.khu.ac.kr/core?attribute=lectPlan&p_year=2021&p_term=20&p_teach=019803&p_code=CSE30202&p_subjt=CSE302&lang=ko&loginYn=N&schedule_cd=hakbu,,,,
313,313,https://sugang.khu.ac.kr/core?attribute=lectPlan&p_year=2021&p_term=20&p_teach=024580&p_code=CSE30300&p_subjt=CSE303&lang=ko&loginYn=N&schedule_cd=hakbu,,,,
314,314,https://sugang.khu.ac.kr/core?attribute=lectPlan&p_year=2021&p_term=20&p_teach=006189&p_code=CSE30400&p_subjt=CSE304&lang=ko&loginYn=N&schedule_cd=hakbu,,,,
315,315,https://sugang.khu.ac.kr/core?attribute=lectPlan&p_year=2021&p_term=20&p_teach=006189&p_code=CSE30401&p_subjt=CSE304&lang=ko&loginYn=N&schedule_cd=hakbu,,,,
316,316,https://sugang.khu.ac.kr/core?attribute=lectPlan&p_year=2021&p_term=20&p_teach=022334&p_code=CSE30500&p_subjt=CSE305&lang=ko&loginYn=N&schedule_cd=hakbu,,,,
317,317,https://sugang.khu.ac.kr/core?attribute=lectPlan&p_year=2021&p_term=20&p_teach=053197&p_code=CSE30501&p_subjt=CSE305&lang=ko&loginYn=N&schedule_cd=hakbu,,,,
318,318,https://sugang.khu.ac.kr/core?attribute=lectPlan&p_year=2021&p_term=20&p_teach=054286&p_code=CSE30900&p_subjt=CSE309&lang=ko&loginYn=N&schedule_cd=hakbu,,,,
319,319,https://sugang.khu.ac.kr/core?attribute=lectPlan&p_year=2021&p_term=20&p_teach=011186&p_code=CSE32700&p_subjt=CSE327&lang=ko&loginYn=N&schedule_cd=hakbu,,,,
320,320,https://sugang.khu.ac.kr/core?attribute=lectPlan&p_year=2021&p_term=20&p_teach=048730&p_code=CSE32800&p_subjt=CSE328&lang=ko&loginYn=N&schedule_cd=hakbu,,,,
321,321,https://sugang.khu.ac.kr/core?attribute=lectPlan&p_year=2021&p_term=20&p_teach=047387&p_code=CSE33100&p_subjt=CSE331&lang=ko&loginYn=N&schedule_cd=hakbu,,,,
322,322,https://sugang.khu.ac.kr/core?attribute=lectPlan&p_year=2021&p_term=20&p_teach=020897&p_code=CSE33200&p_subjt=CSE332&lang=ko&loginYn=N&schedule_cd=hakbu,,,,
323,323,https://sugang.khu.ac.kr/core?attribute=lectPlan&p_year=2021&p_term=20&p_teach=045484&p_code=CSE33400&p_subjt=CSE334&lang=ko&loginYn=N&schedule_cd=hakbu,,,,
324,324,https://sugang.khu.ac.kr/core?attribute=lectPlan&p_year=2021&p_term=20&p_teach=047387&p_code=CSE34000&p_subjt=CSE340&lang=ko&loginYn=N&schedule_cd=hakbu,,,,
325,325,https://sugang.khu.ac.kr/core?attribute=lectPlan&p_year=2021&p_term=20&p_teach=047387&p_code=CSE40300&p_subjt=CSE403&lang=ko&loginYn=N&schedule_cd=hakbu,,,,
326,326,https://sugang.khu.ac.kr/core?attribute=lectPlan&p_year=2021&p_term=20&p_teach=047387&p_code=CSE40500&p_subjt=CSE405&lang=ko&loginYn=N&schedule_cd=hakbu,,,,
327,327,https://sugang.khu.ac.kr/core?attribute=lectPlan&p_year=2021&p_term=20&p_teach=020897&p_code=CSE40600&p_subjt=CSE406&lang=ko&loginYn=N&schedule_cd=hakbu,,,,
328,328,https://sugang.khu.ac.kr/core?attribute=lectPlan&p_year=2021&p_term=20&p_teach=017826&p_code=CSE43000&p_subjt=CSE430&lang=ko&loginYn=N&schedule_cd=hakbu,,,,
329,329,https://sugang.khu.ac.kr/core?attribute=lectPlan&p_year=2021&p_term=20&p_teach=038168&p_code=CSE43100&p_subjt=CSE431&lang=ko&loginYn=N&schedule_cd=hakbu,,,,
330,330,https://sugang.khu.ac.kr/core?attribute=lectPlan&p_year=2021&p_term=20&p_teach=047428&p_code=CSE43400&p_subjt=CSE434&lang=ko&loginYn=N&schedule_cd=hakbu,,,,
331,331,https://sugang.khu.ac.kr/core?attribute=lectPlan&p_year=2021&p_term=20&p_teach=037046&p_code=CSE43500&p_subjt=CSE435&lang=ko&loginYn=N&schedule_cd=hakbu,,,,
332,332,https://sugang.khu.ac.kr/core?attribute=lectPlan&p_year=2021&p_term=20&p_teach=047818&p_code=CSE43700&p_subjt=CSE437&lang=ko&loginYn=N&schedule_cd=hakbu,,,,
333,333,https://sugang.khu.ac.kr/core?attribute=lectPlan&p_year=2021&p_term=20&p_teach=039542&p_code=CSE44100&p_subjt=CSE441&lang=ko&loginYn=N&schedule_cd=hakbu,,,,
334,334,https://sugang.khu.ac.kr/core?attribute=lectPlan&p_year=2021&p_term=20&p_teach=047387&p_code=CSE49700&p_subjt=CSE497&lang=ko&loginYn=N&schedule_cd=hakbu,,,,
335,335,https://sugang.khu.ac.kr/core?attribute=lectPlan&p_year=2021&p_term=20&p_teach=047387&p_code=CSE49900&p_subjt=CSE499&lang=ko&loginYn=N&schedule_cd=hakbu,,,,
336,336,https://sugang.khu.ac.kr/core?attribute=lectPlan&p_year=2021&p_term=20&p_teach=052213&p_code=DC20300&p_subjt=DC203&lang=ko&loginYn=N&schedule_cd=hakbu,,,,
337,337,https://sugang.khu.ac.kr/core?attribute=lectPlan&p_year=2021&p_term=20&p_teach=053010&p_code=DC21100&p_subjt=DC211&lang=ko&loginYn=N&schedule_cd=hakbu,,,,
338,338,https://sugang.khu.ac.kr/core?attribute=lectPlan&p_year=2021&p_term=20&p_teach=056448&p_code=DC21101&p_subjt=DC211&lang=ko&loginYn=N&schedule_cd=hakbu,,,,
339,339,https://sugang.khu.ac.kr/core?attribute=lectPlan&p_year=2021&p_term=20&p_teach=056422&p_code=DC31800&p_subjt=DC318&lang=ko&loginYn=N&schedule_cd=hakbu,,,,
340,340,https://sugang.khu.ac.kr/core?attribute=lectPlan&p_year=2021&p_term=20&p_teach=006186&p_code=EE20900&p_subjt=EE209&lang=ko&loginYn=N&schedule_cd=hakbu,,,,
341,341,https://sugang.khu.ac.kr/core?attribute=lectPlan&p_year=2021&p_term=20&p_teach=006186&p_code=EE20902&p_subjt=EE209&lang=ko&loginYn=N&schedule_cd=hakbu,,,,
342,342,https://sugang.khu.ac.kr/core?attribute=lectPlan&p_year=2021&p_term=20&p_teach=026088&p_code=EE20903&p_subjt=EE209&lang=ko&loginYn=N&schedule_cd=hakbu,,,,
343,343,https://sugang.khu.ac.kr/core?attribute=lectPlan&p_year=2021&p_term=20&p_teach=055397&p_code=EE21000&p_subjt=EE210&lang=ko&loginYn=N&schedule_cd=hakbu,,,,
344,344,https://sugang.khu.ac.kr/core?attribute=lectPlan&p_year=2021&p_term=20&p_teach=014892&p_code=EE21001&p_subjt=EE210&lang=ko&loginYn=N&schedule_cd=hakbu,,,,
345,345,https://sugang.khu.ac.kr/core?attribute=lectPlan&p_year=2021&p_term=20&p_teach=056156&p_code=EE21002&p_subjt=EE210&lang=ko&loginYn=N&schedule_cd=hakbu,,,,
346,346,https://sugang.khu.ac.kr/core?attribute=lectPlan&p_year=2021&p_term=20&p_teach=025245&p_code=EE21100&p_subjt=EE211&lang=ko&loginYn=N&schedule_cd=hakbu,,,,
347,347,https://sugang.khu.ac.kr/core?attribute=lectPlan&p_year=2021&p_term=20&p_teach=021795&p_code=EE21101&p_subjt=EE211&lang=ko&loginYn=N&schedule_cd=hakbu,,,,
348,348,https://sugang.khu.ac.kr/core?attribute=lectPlan&p_year=2021&p_term=20&p_teach=014891&p_code=EE21102&p_subjt=EE211&lang=ko&loginYn=N&schedule_cd=hakbu,,,,
349,349,https://sugang.khu.ac.kr/core?attribute=lectPlan&p_year=2021&p_term=20&p_teach=021795&p_code=EE34100&p_subjt=EE341&lang=ko&loginYn=N&schedule_cd=hakbu,,,,
350,350,https://sugang.khu.ac.kr/core?attribute=lectPlan&p_year=2021&p_term=20&p_teach=014891&p_code=EE34101&p_subjt=EE341&lang=ko&loginYn=N&schedule_cd=hakbu,,,,
351,351,https://sugang.khu.ac.kr/core?attribute=lectPlan&p_year=2021&p_term=20&p_teach=014892&p_code=EE34200&p_subjt=EE342&lang=ko&loginYn=N&schedule_cd=hakbu,,,,
352,352,https://sugang.khu.ac.kr/core?attribute=lectPlan&p_year=2021&p_term=20&p_teach=021781&p_code=EE34201&p_subjt=EE342&lang=ko&loginYn=N&schedule_cd=hakbu,,,,
353,353,https://sugang.khu.ac.kr/core?attribute=lectPlan&p_year=2021&p_term=20&p_teach=055397&p_code=EE34202&p_subjt=EE342&lang=ko&loginYn=N&schedule_cd=hakbu,,,,
354,354,https://sugang.khu.ac.kr/core?attribute=lectPlan&p_year=2021&p_term=20&p_teach=056151&p_code=IE20800&p_subjt=IE208&lang=ko&loginYn=N&schedule_cd=hakbu,,,,
355,355,https://sugang.khu.ac.kr/core?attribute=lectPlan&p_year=2021&p_term=20&p_teach=024581&p_code=IE21500&p_subjt=IE215&lang=ko&loginYn=N&schedule_cd=hakbu,,,,
356,356,https://sugang.khu.ac.kr/core?attribute=lectPlan&p_year=2021&p_term=20&p_teach=024581&p_code=IE21501&p_subjt=IE215&lang=ko&loginYn=N&schedule_cd=hakbu,,,,
357,357,https://sugang.khu.ac.kr/core?attribute=lectPlan&p_year=2021&p_term=20&p_teach=036957&p_code=IE30200&p_subjt=IE302&lang=ko&loginYn=N&schedule_cd=hakbu,,,,
358,358,https://sugang.khu.ac.kr/core?attribute=lectPlan&p_year=2021&p_term=20&p_teach=052141&p_code=IE42500&p_subjt=IE425&lang=ko&loginYn=N&schedule_cd=hakbu,,,,
359,359,https://sugang.khu.ac.kr/core?attribute=lectPlan&p_year=2021&p_term=20&p_teach=015456&p_code=ME27101&p_subjt=ME271&lang=ko&loginYn=N&schedule_cd=hakbu,,,,
360,360,https://sugang.khu.ac.kr/core?attribute=lectPlan&p_year=2021&p_term=20&p_teach=021782&p_code=ME27102&p_subjt=ME271&lang=ko&loginYn=N&schedule_cd=hakbu,,,,
361,361,https://sugang.khu.ac.kr/core?attribute=lectPlan&p_year=2021&p_term=20&p_teach=049815&p_code=ME27103&p_subjt=ME271&lang=ko&loginYn=N&schedule_cd=hakbu,,,,
362,362,https://sugang.khu.ac.kr/core?attribute=lectPlan&p_year=2021&p_term=20&p_teach=048093&p_code=ME27104&p_subjt=ME271&lang=ko&loginYn=N&schedule_cd=hakbu,,,,
363,363,https://sugang.khu.ac.kr/core?attribute=lectPlan&p_year=2021&p_term=20&p_teach=028641&p_code=ME27501&p_subjt=ME275&lang=ko&loginYn=N&schedule_cd=hakbu,,,,
364,364,https://sugang.khu.ac.kr/core?attribute=lectPlan&p_year=2021&p_term=20&p_teach=028641&p_code=ME27502&p_subjt=ME275&lang=ko&loginYn=N&schedule_cd=hakbu,,,,
365,365,https://sugang.khu.ac.kr/core?attribute=lectPlan&p_year=2021&p_term=20&p_teach=055396&p_code=ME27601&p_subjt=ME276&lang=ko&loginYn=N&schedule_cd=hakbu,,,,
366,366,https://sugang.khu.ac.kr/core?attribute=lectPlan&p_year=2021&p_term=20&p_teach=022575&p_code=ME27602&p_subjt=ME276&lang=ko&loginYn=N&schedule_cd=hakbu,,,,
367,367,https://sugang.khu.ac.kr/core?attribute=lectPlan&p_year=2021&p_term=20&p_teach=056148&p_code=ME37601&p_subjt=ME376&lang=ko&loginYn=N&schedule_cd=hakbu,,,,
368,368,https://sugang.khu.ac.kr/core?attribute=lectPlan&p_year=2021&p_term=20&p_teach=011186&p_code=SWCON10100&p_subjt=SWCON101&lang=ko&loginYn=N&schedule_cd=hakbu,,,,
369,369,https://sugang.khu.ac.kr/core?attribute=lectPlan&p_year=2021&p_term=20&p_teach=048470&p_code=SWCON10300&p_subjt=SWCON103&lang=ko&loginYn=N&schedule_cd=hakbu,,,,
370,370,https://sugang.khu.ac.kr/core?attribute=lectPlan&p_year=2021&p_term=20&p_teach=039542&p_code=SWCON10301&p_subjt=SWCON103&lang=ko&loginYn=N&schedule_cd=hakbu,,,,
371,371,https://sugang.khu.ac.kr/core?attribute=lectPlan&p_year=2021&p_term=20&p_teach=039718&p_code=SWCON10302&p_subjt=SWCON103&lang=ko&loginYn=N&schedule_cd=hakbu,,,,
372,372,https://sugang.khu.ac.kr/core?attribute=lectPlan&p_year=2021&p_term=20&p_teach=017826&p_code=SWCON10303&p_subjt=SWCON103&lang=ko&loginYn=N&schedule_cd=hakbu,,,,
373,373,https://sugang.khu.ac.kr/core?attribute=lectPlan&p_year=2021&p_term=20&p_teach=011186&p_code=SWCON10400&p_subjt=SWCON104&lang=ko&loginYn=N&schedule_cd=hakbu,,,,
374,374,https://sugang.khu.ac.kr/core?attribute=lectPlan&p_year=2021&p_term=20&p_teach=011186&p_code=SWCON10401&p_subjt=SWCON104&lang=ko&loginYn=N&schedule_cd=hakbu,,,,
375,375,https://sugang.khu.ac.kr/core?attribute=lectPlan&p_year=2021&p_term=20&p_teach=015184&p_code=SWCON21100&p_subjt=SWCON211&lang=ko&loginYn=N&schedule_cd=hakbu,,,,
376,376,https://sugang.khu.ac.kr/core?attribute=lectPlan&p_year=2021&p_term=20&p_teach=053003&p_code=SWCON21200&p_subjt=SWCON212&lang=ko&loginYn=N&schedule_cd=hakbu,,,,
377,377,https://sugang.khu.ac.kr/core?attribute=lectPlan&p_year=2021&p_term=20&p_teach=011186&p_code=SWCON22100&p_subjt=SWCON221&lang=ko&loginYn=N&schedule_cd=hakbu,,,,
378,378,https://sugang.khu.ac.kr/core?attribute=lectPlan&p_year=2021&p_term=20&p_teach=015184&p_code=SWCON24200&p_subjt=SWCON242&lang=ko&loginYn=N&schedule_cd=hakbu,,,,
379,379,https://sugang.khu.ac.kr/core?attribute=lectPlan&p_year=2021&p_term=20&p_teach=052980&p_code=SWCON25300&p_subjt=SWCON253&lang=ko&loginYn=N&schedule_cd=hakbu,,,,
380,380,https://sugang.khu.ac.kr/core?attribute=lectPlan&p_year=2021&p_term=20&p_teach=054270&p_code=SWCON25301&p_subjt=SWCON253&lang=ko&loginYn=N&schedule_cd=hakbu,,,,
381,381,https://sugang.khu.ac.kr/core?attribute=lectPlan&p_year=2021&p_term=20&p_teach=039718&p_code=SWCON25500&p_subjt=SWCON255&lang=ko&loginYn=N&schedule_cd=hakbu,,,,
382,382,https://sugang.khu.ac.kr/core?attribute=lectPlan&p_year=2021&p_term=20&p_teach=047819&p_code=SWCON30200&p_subjt=SWCON302&lang=ko&loginYn=N&schedule_cd=hakbu,,,,
383,383,https://sugang.khu.ac.kr/core?attribute=lectPlan&p_year=2021&p_term=20&p_teach=038168&p_code=SWCON31300&p_subjt=SWCON313&lang=ko&loginYn=N&schedule_cd=hakbu,,,,
384,384,https://sugang.khu.ac.kr/core?attribute=lectPlan&p_year=2021&p_term=20&p_teach=054270&p_code=SWCON32100&p_subjt=SWCON321&lang=ko&loginYn=N&schedule_cd=hakbu,,,,
385,385,https://sugang.khu.ac.kr/core?attribute=lectPlan&p_year=2021&p_term=20&p_teach=015184&p_code=SWCON32101&p_subjt=SWCON321&lang=ko&loginYn=N&schedule_cd=hakbu,,,,
386,386,https://sugang.khu.ac.kr/core?attribute=lectPlan&p_year=2021&p_term=20&p_teach=024581&p_code=SWCON32200&p_subjt=SWCON322&lang=ko&loginYn=N&schedule_cd=hakbu,,,,
387,387,https://sugang.khu.ac.kr/core?attribute=lectPlan&p_year=2021&p_term=20&p_teach=055078&p_code=SWCON33100&p_subjt=SWCON331&lang=ko&loginYn=N&schedule_cd=hakbu,,,,
388,388,https://sugang.khu.ac.kr/core?attribute=lectPlan&p_year=2021&p_term=20&p_teach=055078&p_code=SWCON33200&p_subjt=SWCON332&lang=ko&loginYn=N&schedule_cd=hakbu,,,,
389,389,https://sugang.khu.ac.kr/core?attribute=lectPlan&p_year=2021&p_term=20&p_teach=047387&p_code=SWCON36400&p_subjt=SWCON364&lang=ko&loginYn=N&schedule_cd=hakbu,,,,
390,390,https://sugang.khu.ac.kr/core?attribute=lectPlan&p_year=2021&p_term=20&p_teach=053003&p_code=SWCON36700&p_subjt=SWCON367&lang=ko&loginYn=N&schedule_cd=hakbu,,,,
391,391,https://sugang.khu.ac.kr/core?attribute=lectPlan&p_year=2021&p_term=20&p_teach=015184&p_code=SWCON40100&p_subjt=SWCON401&lang=ko&loginYn=N&schedule_cd=hakbu,,,,
392,392,https://sugang.khu.ac.kr/core?attribute=lectPlan&p_year=2021&p_term=20&p_teach=015184&p_code=SWCON40200&p_subjt=SWCON402&lang=ko&loginYn=N&schedule_cd=hakbu,,,,
393,393,https://sugang.khu.ac.kr/core?attribute=lectPlan&p_year=2021&p_term=20&p_teach=054270&p_code=SWCON42500&p_subjt=SWCON425&lang=ko&loginYn=N&schedule_cd=hakbu,,,,
394,394,https://sugang.khu.ac.kr/core?attribute=lectPlan&p_year=2021&p_term=20&p_teach=015184&p_code=SWCON44200&p_subjt=SWCON442&lang=ko&loginYn=N&schedule_cd=hakbu,,,,
395,395,https://sugang.khu.ac.kr/core?attribute=lectPlan&p_year=2021&p_term=20&p_teach=011186&p_code=SWCON49200&p_subjt=SWCON492&lang=ko&loginYn=N&schedule_cd=hakbu,,,,
396,396,https://sugang.khu.ac.kr/core?attribute=lectPlan&p_year=2021&p_term=15&p_teach=020623&p_code=CSE10300&p_subjt=CSE103&lang=ko&loginYn=N&schedule_cd=hakbu,,,,
397,397,https://sugang.khu.ac.kr/core?attribute=lectPlan&p_year=2021&p_term=15&p_teach=011186&p_code=SWCON10400&p_subjt=SWCON104&lang=ko&loginYn=N&schedule_cd=hakbu,,,,
398,398,https://sugang.khu.ac.kr/core?attribute=lectPlan&p_year=2021&p_term=25&p_teach=020623&p_code=CSE10300&p_subjt=CSE103&lang=ko&loginYn=N&schedule_cd=hakbu,,,,
399,399,https://sugang.khu.ac.kr/core?attribute=lectPlan&p_year=2021&p_term=25&p_teach=011186&p_code=SWCON10400&p_subjt=SWCON104&lang=ko&loginYn=N&schedule_cd=hakbu,,,,
400,400,https://sugang.khu.ac.kr/core?attribute=lectPlan&p_year=2022&p_term=10&p_teach=048730&p_code=AI100100&p_subjt=AI1001&lang=ko&loginYn=N&schedule_cd=hakbu,,,,
401,401,https://sugang.khu.ac.kr/core?attribute=lectPlan&p_year=2022&p_term=10&p_teach=006189&p_code=CSE000100&p_subjt=CSE0001&lang=ko&loginYn=N&schedule_cd=hakbu,,,,
402,402,https://sugang.khu.ac.kr/core?attribute=lectPlan&p_year=2022&p_term=10&p_teach=023827&p_code=CSE000101&p_subjt=CSE0001&lang=ko&loginYn=N&schedule_cd=hakbu,,,,
403,403,https://sugang.khu.ac.kr/core?attribute=lectPlan&p_year=2022&p_term=10&p_teach=015184&p_code=CSE10300&p_subjt=CSE103&lang=ko&loginYn=N&schedule_cd=hakbu,,,,
404,404,https://sugang.khu.ac.kr/core?attribute=lectPlan&p_year=2022&p_term=10&p_teach=055393&p_code=CSE10301&p_subjt=CSE103&lang=ko&loginYn=N&schedule_cd=hakbu,,,,
405,405,https://sugang.khu.ac.kr/core?attribute=lectPlan&p_year=2022&p_term=10&p_teach=052980&p_code=CSE20100&p_subjt=CSE201&lang=ko&loginYn=N&schedule_cd=hakbu,,,,
406,406,https://sugang.khu.ac.kr/core?attribute=lectPlan&p_year=2022&p_term=10&p_teach=001477&p_code=CSE20101&p_subjt=CSE201&lang=ko&loginYn=N&schedule_cd=hakbu,,,,
407,407,https://sugang.khu.ac.kr/core?attribute=lectPlan&p_year=2022&p_term=10&p_teach=055392&p_code=CSE20300&p_subjt=CSE203&lang=ko&loginYn=N&schedule_cd=hakbu,,,,
408,408,https://sugang.khu.ac.kr/core?attribute=lectPlan&p_year=2022&p_term=10&p_teach=055394&p_code=CSE20301&p_subjt=CSE203&lang=ko&loginYn=N&schedule_cd=hakbu,,,,
409,409,https://sugang.khu.ac.kr/core?attribute=lectPlan&p_year=2022&p_term=10&p_teach=006186&p_code=CSE20302&p_subjt=CSE203&lang=ko&loginYn=N&schedule_cd=hakbu,,,,
410,410,https://sugang.khu.ac.kr/core?attribute=lectPlan&p_year=2022&p_term=10&p_teach=048730&p_code=CSE20400&p_subjt=CSE204&lang=ko&loginYn=N&schedule_cd=hakbu,,,,
411,411,https://sugang.khu.ac.kr/core?attribute=lectPlan&p_year=2022&p_term=10&p_teach=048730&p_code=CSE20401&p_subjt=CSE204&lang=ko&loginYn=N&schedule_cd=hakbu,,,,
412,412,https://sugang.khu.ac.kr/core?attribute=lectPlan&p_year=2022&p_term=10&p_teach=033491&p_code=CSE20402&p_subjt=CSE204&lang=ko&loginYn=N&schedule_cd=hakbu,,,,
413,413,https://sugang.khu.ac.kr/core?attribute=lectPlan&p_year=2022&p_term=10&p_teach=045483&p_code=CSE22300&p_subjt=CSE223&lang=ko&loginYn=N&schedule_cd=hakbu,,,,
414,414,https://sugang.khu.ac.kr/core?attribute=lectPlan&p_year=2022&p_term=10&p_teach=038168&p_code=CSE22400&p_subjt=CSE224&lang=ko&loginYn=N&schedule_cd=hakbu,,,,
415,415,https://sugang.khu.ac.kr/core?attribute=lectPlan&p_year=2022&p_term=10&p_teach=020897&p_code=CSE30100&p_subjt=CSE301&lang=ko&loginYn=N&schedule_cd=hakbu,,,,
416,416,https://sugang.khu.ac.kr/core?attribute=lectPlan&p_year=2022&p_term=10&p_teach=055078&p_code=CSE30101&p_subjt=CSE301&lang=ko&loginYn=N&schedule_cd=hakbu,,,,
417,417,https://sugang.khu.ac.kr/core?attribute=lectPlan&p_year=2022&p_term=10&p_teach=055744&p_code=CSE30102&p_subjt=CSE301&lang=ko&loginYn=N&schedule_cd=hakbu,,,,
418,418,https://sugang.khu.ac.kr/core?attribute=lectPlan&p_year=2022&p_term=10&p_teach=011186&p_code=CSE30200&p_subjt=CSE302&lang=ko&loginYn=N&schedule_cd=hakbu,,,,
419,419,https://sugang.khu.ac.kr/core?attribute=lectPlan&p_year=2022&p_term=10&p_teach=015327&p_code=CSE30201&p_subjt=CSE302&lang=ko&loginYn=N&schedule_cd=hakbu,,,,
420,420,https://sugang.khu.ac.kr/core?attribute=lectPlan&p_year=2022&p_term=10&p_teach=024580&p_code=CSE30202&p_subjt=CSE302&lang=ko&loginYn=N&schedule_cd=hakbu,,,,
421,421,https://sugang.khu.ac.kr/core?attribute=lectPlan&p_year=2022&p_term=10&p_teach=006189&p_code=CSE30400&p_subjt=CSE304&lang=ko&loginYn=N&schedule_cd=hakbu,,,,
422,422,https://sugang.khu.ac.kr/core?attribute=lectPlan&p_year=2022&p_term=10&p_teach=006189&p_code=CSE30401&p_subjt=CSE304&lang=ko&loginYn=N&schedule_cd=hakbu,,,,
423,423,https://sugang.khu.ac.kr/core?attribute=lectPlan&p_year=2022&p_term=10&p_teach=022334&p_code=CSE30500&p_subjt=CSE305&lang=ko&loginYn=N&schedule_cd=hakbu,,,,
424,424,https://sugang.khu.ac.kr/core?attribute=lectPlan&p_year=2022&p_term=10&p_teach=053197&p_code=CSE30501&p_subjt=CSE305&lang=ko&loginYn=N&schedule_cd=hakbu,,,,
425,425,https://sugang.khu.ac.kr/core?attribute=lectPlan&p_year=2022&p_term=10&p_teach=054286&p_code=CSE30800&p_subjt=CSE308&lang=ko&loginYn=N&schedule_cd=hakbu,,,,
426,426,https://sugang.khu.ac.kr/core?attribute=lectPlan&p_year=2022&p_term=10&p_teach=017826&p_code=CSE32400&p_subjt=CSE324&lang=ko&loginYn=N&schedule_cd=hakbu,,,,
427,427,https://sugang.khu.ac.kr/core?attribute=lectPlan&p_year=2022&p_term=10&p_teach=011186&p_code=CSE32700&p_subjt=CSE327&lang=ko&loginYn=N&schedule_cd=hakbu,,,,
428,428,https://sugang.khu.ac.kr/core?attribute=lectPlan&p_year=2022&p_term=10&p_teach=045484&p_code=CSE33000&p_subjt=CSE330&lang=ko&loginYn=N&schedule_cd=hakbu,,,,
429,429,https://sugang.khu.ac.kr/core?attribute=lectPlan&p_year=2022&p_term=10&p_teach=047387&p_code=CSE33100&p_subjt=CSE331&lang=ko&loginYn=N&schedule_cd=hakbu,,,,
430,430,https://sugang.khu.ac.kr/core?attribute=lectPlan&p_year=2022&p_term=10&p_teach=047818&p_code=CSE33500&p_subjt=CSE335&lang=ko&loginYn=N&schedule_cd=hakbu,,,,
431,431,https://sugang.khu.ac.kr/core?attribute=lectPlan&p_year=2022&p_term=10&p_teach=047387&p_code=CSE34000&p_subjt=CSE340&lang=ko&loginYn=N&schedule_cd=hakbu,,,,
432,432,https://sugang.khu.ac.kr/core?attribute=lectPlan&p_year=2022&p_term=10&p_teach=047387&p_code=CSE40300&p_subjt=CSE403&lang=ko&loginYn=N&schedule_cd=hakbu,,,,
433,433,https://sugang.khu.ac.kr/core?attribute=lectPlan&p_year=2022&p_term=10&p_teach=047387&p_code=CSE40500&p_subjt=CSE405&lang=ko&loginYn=N&schedule_cd=hakbu,,,,
434,434,https://sugang.khu.ac.kr/core?attribute=lectPlan&p_year=2022&p_term=10&p_teach=020897&p_code=CSE40600&p_subjt=CSE406&lang=ko&loginYn=N&schedule_cd=hakbu,,,,
435,435,https://sugang.khu.ac.kr/core?attribute=lectPlan&p_year=2022&p_term=10&p_teach=024580&p_code=CSE42300&p_subjt=CSE423&lang=ko&loginYn=N&schedule_cd=hakbu,,,,
436,436,https://sugang.khu.ac.kr/core?attribute=lectPlan&p_year=2022&p_term=10&p_teach=052980&p_code=CSE42600&p_subjt=CSE426&lang=ko&loginYn=N&schedule_cd=hakbu,,,,
437,437,https://sugang.khu.ac.kr/core?attribute=lectPlan&p_year=2022&p_term=10&p_teach=039542&p_code=CSE42800&p_subjt=CSE428&lang=ko&loginYn=N&schedule_cd=hakbu,,,,
438,438,https://sugang.khu.ac.kr/core?attribute=lectPlan&p_year=2022&p_term=10&p_teach=037046&p_code=CSE43300&p_subjt=CSE433&lang=ko&loginYn=N&schedule_cd=hakbu,,,,
439,439,https://sugang.khu.ac.kr/core?attribute=lectPlan&p_year=2022&p_term=10&p_teach=047428&p_code=CSE43600&p_subjt=CSE436&lang=ko&loginYn=N&schedule_cd=hakbu,,,,
440,440,https://sugang.khu.ac.kr/core?attribute=lectPlan&p_year=2022&p_term=10&p_teach=047819&p_code=CSE43800&p_subjt=CSE438&lang=ko&loginYn=N&schedule_cd=hakbu,,,,
441,441,https://sugang.khu.ac.kr/core?attribute=lectPlan&p_year=2022&p_term=10&p_teach=020897&p_code=CSE44000&p_subjt=CSE440&lang=ko&loginYn=N&schedule_cd=hakbu,,,,
442,442,https://sugang.khu.ac.kr/core?attribute=lectPlan&p_year=2022&p_term=10&p_teach=047387&p_code=CSE49500&p_subjt=CSE495&lang=ko&loginYn=N&schedule_cd=hakbu,,,,
443,443,https://sugang.khu.ac.kr/core?attribute=lectPlan&p_year=2022&p_term=10&p_teach=055394&p_code=CSE49501&p_subjt=CSE495&lang=ko&loginYn=N&schedule_cd=hakbu,,,,
444,444,https://sugang.khu.ac.kr/core?attribute=lectPlan&p_year=2022&p_term=10&p_teach=047387&p_code=CSE49600&p_subjt=CSE496&lang=ko&loginYn=N&schedule_cd=hakbu,,,,
445,445,https://sugang.khu.ac.kr/core?attribute=lectPlan&p_year=2022&p_term=10&p_teach=053010&p_code=DC20100&p_subjt=DC201&lang=ko&loginYn=N&schedule_cd=hakbu,,,,
446,446,https://sugang.khu.ac.kr/core?attribute=lectPlan&p_year=2022&p_term=10&p_teach=056448&p_code=DC20101&p_subjt=DC201&lang=ko&loginYn=N&schedule_cd=hakbu,,,,
447,447,https://sugang.khu.ac.kr/core?attribute=lectPlan&p_year=2022&p_term=10&p_teach=032873&p_code=DC20500&p_subjt=DC205&lang=ko&loginYn=N&schedule_cd=hakbu,,,,
448,448,https://sugang.khu.ac.kr/core?attribute=lectPlan&p_year=2022&p_term=10&p_teach=032873&p_code=DC20501&p_subjt=DC205&lang=ko&loginYn=N&schedule_cd=hakbu,,,,
449,449,https://sugang.khu.ac.kr/core?attribute=lectPlan&p_year=2022&p_term=10&p_teach=017453&p_code=DC20700&p_subjt=DC207&lang=ko&loginYn=N&schedule_cd=hakbu,,,,
450,450,https://sugang.khu.ac.kr/core?attribute=lectPlan&p_year=2022&p_term=10&p_teach=014764&p_code=DC30200&p_subjt=DC302&lang=ko&loginYn=N&schedule_cd=hakbu,,,,
451,451,https://sugang.khu.ac.kr/core?attribute=lectPlan&p_year=2022&p_term=10&p_teach=056422&p_code=DC30400&p_subjt=DC304&lang=ko&loginYn=N&schedule_cd=hakbu,,,,
452,452,https://sugang.khu.ac.kr/core?attribute=lectPlan&p_year=2022&p_term=10&p_teach=056422&p_code=DC30401&p_subjt=DC304&lang=ko&loginYn=N&schedule_cd=hakbu,,,,
453,453,https://sugang.khu.ac.kr/core?attribute=lectPlan&p_year=2022&p_term=10&p_teach=006186&p_code=EE20900&p_subjt=EE209&lang=ko&loginYn=N&schedule_cd=hakbu,,,,
454,454,https://sugang.khu.ac.kr/core?attribute=lectPlan&p_year=2022&p_term=10&p_teach=036971&p_code=EE20901&p_subjt=EE209&lang=ko&loginYn=N&schedule_cd=hakbu,,,,
455,455,https://sugang.khu.ac.kr/core?attribute=lectPlan&p_year=2022&p_term=10&p_teach=006161&p_code=EE20902&p_subjt=EE209&lang=ko&loginYn=N&schedule_cd=hakbu,,,,
456,456,https://sugang.khu.ac.kr/core?attribute=lectPlan&p_year=2022&p_term=10&p_teach=006186&p_code=EE20903&p_subjt=EE209&lang=ko&loginYn=N&schedule_cd=hakbu,,,,
457,457,https://sugang.khu.ac.kr/core?attribute=lectPlan&p_year=2022&p_term=10&p_teach=026088&p_code=EE20904&p_subjt=EE209&lang=ko&loginYn=N&schedule_cd=hakbu,,,,
458,458,https://sugang.khu.ac.kr/core?attribute=lectPlan&p_year=2022&p_term=10&p_teach=017826&p_code=EE20905&p_subjt=EE209&lang=ko&loginYn=N&schedule_cd=hakbu,,,,
459,459,https://sugang.khu.ac.kr/core?attribute=lectPlan&p_year=2022&p_term=10&p_teach=025249&p_code=EE21000&p_subjt=EE210&lang=ko&loginYn=N&schedule_cd=hakbu,,,,
460,460,https://sugang.khu.ac.kr/core?attribute=lectPlan&p_year=2022&p_term=10&p_teach=056156&p_code=EE21001&p_subjt=EE210&lang=ko&loginYn=N&schedule_cd=hakbu,,,,
461,461,https://sugang.khu.ac.kr/core?attribute=lectPlan&p_year=2022&p_term=10&p_teach=014892&p_code=EE21002&p_subjt=EE210&lang=ko&loginYn=N&schedule_cd=hakbu,,,,
462,462,https://sugang.khu.ac.kr/core?attribute=lectPlan&p_year=2022&p_term=10&p_teach=055397&p_code=EE21003&p_subjt=EE210&lang=ko&loginYn=N&schedule_cd=hakbu,,,,
463,463,https://sugang.khu.ac.kr/core?attribute=lectPlan&p_year=2022&p_term=10&p_teach=021795&p_code=EE21100&p_subjt=EE211&lang=ko&loginYn=N&schedule_cd=hakbu,,,,
464,464,https://sugang.khu.ac.kr/core?attribute=lectPlan&p_year=2022&p_term=10&p_teach=004463&p_code=EE21101&p_subjt=EE211&lang=ko&loginYn=N&schedule_cd=hakbu,,,,
465,465,https://sugang.khu.ac.kr/core?attribute=lectPlan&p_year=2022&p_term=10&p_teach=020905&p_code=EE21102&p_subjt=EE211&lang=ko&loginYn=N&schedule_cd=hakbu,,,,
466,466,https://sugang.khu.ac.kr/core?attribute=lectPlan&p_year=2022&p_term=10&p_teach=055397&p_code=EE21103&p_subjt=EE211&lang=ko&loginYn=N&schedule_cd=hakbu,,,,
467,467,https://sugang.khu.ac.kr/core?attribute=lectPlan&p_year=2022&p_term=10&p_teach=025245&p_code=EE21104&p_subjt=EE211&lang=ko&loginYn=N&schedule_cd=hakbu,,,,
468,468,https://sugang.khu.ac.kr/core?attribute=lectPlan&p_year=2022&p_term=10&p_teach=014891&p_code=EE21105&p_subjt=EE211&lang=ko&loginYn=N&schedule_cd=hakbu,,,,
469,469,https://sugang.khu.ac.kr/core?attribute=lectPlan&p_year=2022&p_term=10&p_teach=025245&p_code=EE34100&p_subjt=EE341&lang=ko&loginYn=N&schedule_cd=hakbu,,,,
470,470,https://sugang.khu.ac.kr/core?attribute=lectPlan&p_year=2022&p_term=10&p_teach=004463&p_code=EE34101&p_subjt=EE341&lang=ko&loginYn=N&schedule_cd=hakbu,,,,
471,471,https://sugang.khu.ac.kr/core?attribute=lectPlan&p_year=2022&p_term=10&p_teach=021795&p_code=EE34102&p_subjt=EE341&lang=ko&loginYn=N&schedule_cd=hakbu,,,,
472,472,https://sugang.khu.ac.kr/core?attribute=lectPlan&p_year=2022&p_term=10&p_teach=014892&p_code=EE34200&p_subjt=EE342&lang=ko&loginYn=N&schedule_cd=hakbu,,,,
473,473,https://sugang.khu.ac.kr/core?attribute=lectPlan&p_year=2022&p_term=10&p_teach=021781&p_code=EE34201&p_subjt=EE342&lang=ko&loginYn=N&schedule_cd=hakbu,,,,
474,474,https://sugang.khu.ac.kr/core?attribute=lectPlan&p_year=2022&p_term=10&p_teach=036957&p_code=IE30100&p_subjt=IE301&lang=ko&loginYn=N&schedule_cd=hakbu,,,,
475,475,https://sugang.khu.ac.kr/core?attribute=lectPlan&p_year=2022&p_term=10&p_teach=036957&p_code=IE30101&p_subjt=IE301&lang=ko&loginYn=N&schedule_cd=hakbu,,,,
476,476,https://sugang.khu.ac.kr/core?attribute=lectPlan&p_year=2022&p_term=10&p_teach=024581&p_code=IE30600&p_subjt=IE306&lang=ko&loginYn=N&schedule_cd=hakbu,,,,
477,477,https://sugang.khu.ac.kr/core?attribute=lectPlan&p_year=2022&p_term=10&p_teach=024581&p_code=IE30601&p_subjt=IE306&lang=ko&loginYn=N&schedule_cd=hakbu,,,,
478,478,https://sugang.khu.ac.kr/core?attribute=lectPlan&p_year=2022&p_term=10&p_teach=024581&p_code=IE41900&p_subjt=IE419&lang=ko&loginYn=N&schedule_cd=hakbu,,,,
479,479,https://sugang.khu.ac.kr/core?attribute=lectPlan&p_year=2022&p_term=10&p_teach=011044&p_code=ME37501&p_subjt=ME375&lang=ko&loginYn=N&schedule_cd=hakbu,,,,
480,480,https://sugang.khu.ac.kr/core?attribute=lectPlan&p_year=2022&p_term=10&p_teach=015456&p_code=ME38001&p_subjt=ME380&lang=ko&loginYn=N&schedule_cd=hakbu,,,,
481,481,https://sugang.khu.ac.kr/core?attribute=lectPlan&p_year=2022&p_term=10&p_teach=048093&p_code=ME38002&p_subjt=ME380&lang=ko&loginYn=N&schedule_cd=hakbu,,,,
482,482,https://sugang.khu.ac.kr/core?attribute=lectPlan&p_year=2022&p_term=10&p_teach=021782&p_code=ME47501&p_subjt=ME475&lang=ko&loginYn=N&schedule_cd=hakbu,,,,
483,483,https://sugang.khu.ac.kr/core?attribute=lectPlan&p_year=2022&p_term=10&p_teach=017826&p_code=SWCON10300&p_subjt=SWCON103&lang=ko&loginYn=N&schedule_cd=hakbu,,,,
484,484,https://sugang.khu.ac.kr/core?attribute=lectPlan&p_year=2022&p_term=10&p_teach=011186&p_code=SWCON10400&p_subjt=SWCON104&lang=ko&loginYn=N&schedule_cd=hakbu,,,,
485,485,https://sugang.khu.ac.kr/core?attribute=lectPlan&p_year=2022&p_term=10&p_teach=011186&p_code=SWCON10401&p_subjt=SWCON104&lang=ko&loginYn=N&schedule_cd=hakbu,,,,
486,486,https://sugang.khu.ac.kr/core?attribute=lectPlan&p_year=2022&p_term=10&p_teach=011186&p_code=SWCON20100&p_subjt=SWCON201&lang=ko&loginYn=N&schedule_cd=hakbu,,,,
487,487,https://sugang.khu.ac.kr/core?attribute=lectPlan&p_year=2022&p_term=10&p_teach=011186&p_code=SWCON22100&p_subjt=SWCON221&lang=ko&loginYn=N&schedule_cd=hakbu,,,,
488,488,https://sugang.khu.ac.kr/core?attribute=lectPlan&p_year=2022&p_term=10&p_teach=015184&p_code=SWCON24100&p_subjt=SWCON241&lang=ko&loginYn=N&schedule_cd=hakbu,,,,
489,489,https://sugang.khu.ac.kr/core?attribute=lectPlan&p_year=2022&p_term=10&p_teach=054270&p_code=SWCON25300&p_subjt=SWCON253&lang=ko&loginYn=N&schedule_cd=hakbu,,,,
490,490,https://sugang.khu.ac.kr/core?attribute=lectPlan&p_year=2022&p_term=10&p_teach=052980&p_code=SWCON25301&p_subjt=SWCON253&lang=ko&loginYn=N&schedule_cd=hakbu,,,,
491,491,https://sugang.khu.ac.kr/core?attribute=lectPlan&p_year=2022&p_term=10&p_teach=015184&p_code=SWCON25400&p_subjt=SWCON254&lang=ko&loginYn=N&schedule_cd=hakbu,,,,
492,492,https://sugang.khu.ac.kr/core?attribute=lectPlan&p_year=2022&p_term=10&p_teach=053003&p_code=SWCON31100&p_subjt=SWCON311&lang=ko&loginYn=N&schedule_cd=hakbu,,,,
493,493,https://sugang.khu.ac.kr/core?attribute=lectPlan&p_year=2022&p_term=10&p_teach=038168&p_code=SWCON31200&p_subjt=SWCON312&lang=ko&loginYn=N&schedule_cd=hakbu,,,,
494,494,https://sugang.khu.ac.kr/core?attribute=lectPlan&p_year=2022&p_term=10&p_teach=053003&p_code=SWCON31400&p_subjt=SWCON314&lang=ko&loginYn=N&schedule_cd=hakbu,,,,
495,495,https://sugang.khu.ac.kr/core?attribute=lectPlan&p_year=2022&p_term=10&p_teach=054270&p_code=SWCON32100&p_subjt=SWCON321&lang=ko&loginYn=N&schedule_cd=hakbu,,,,
496,496,https://sugang.khu.ac.kr/core?attribute=lectPlan&p_year=2022&p_term=10&p_teach=015184&p_code=SWCON32101&p_subjt=SWCON321&lang=ko&loginYn=N&schedule_cd=hakbu,,,,
497,497,https://sugang.khu.ac.kr/core?attribute=lectPlan&p_year=2022&p_term=10&p_teach=055078&p_code=SWCON33200&p_subjt=SWCON332&lang=ko&loginYn=N&schedule_cd=hakbu,,,,
498,498,https://sugang.khu.ac.kr/core?attribute=lectPlan&p_year=2022&p_term=10&p_teach=015184&p_code=SWCON34100&p_subjt=SWCON341&lang=ko&loginYn=N&schedule_cd=hakbu,,,,
499,499,https://sugang.khu.ac.kr/core?attribute=lectPlan&p_year=2022&p_term=10&p_teach=047387&p_code=SWCON36300&p_subjt=SWCON363&lang=ko&loginYn=N&schedule_cd=hakbu,,,,
500,500,https://sugang.khu.ac.kr/core?attribute=lectPlan&p_year=2022&p_term=10&p_teach=055394&p_code=SWCON36301&p_subjt=SWCON363&lang=ko&loginYn=N&schedule_cd=hakbu,,,,
501,501,https://sugang.khu.ac.kr/core?attribute=lectPlan&p_year=2022&p_term=10&p_teach=055078&p_code=SWCON36600&p_subjt=SWCON366&lang=ko&loginYn=N&schedule_cd=hakbu,,,,
502,502,https://sugang.khu.ac.kr/core?attribute=lectPlan&p_year=2022&p_term=10&p_teach=053003&p_code=SWCON36700&p_subjt=SWCON367&lang=ko&loginYn=N&schedule_cd=hakbu,,,,
503,503,https://sugang.khu.ac.kr/core?attribute=lectPlan&p_year=2022&p_term=10&p_teach=039718&p_code=SWCON36800&p_subjt=SWCON368&lang=ko&loginYn=N&schedule_cd=hakbu,,,,
504,504,https://sugang.khu.ac.kr/core?attribute=lectPlan&p_year=2022&p_term=10&p_teach=015184&p_code=SWCON40100&p_subjt=SWCON401&lang=ko&loginYn=N&schedule_cd=hakbu,,,,
505,505,https://sugang.khu.ac.kr/core?attribute=lectPlan&p_year=2022&p_term=10&p_teach=015184&p_code=SWCON40101&p_subjt=SWCON401&lang=ko&loginYn=N&schedule_cd=hakbu,,,,
506,506,https://sugang.khu.ac.kr/core?attribute=lectPlan&p_year=2022&p_term=10&p_teach=015184&p_code=SWCON40200&p_subjt=SWCON402&lang=ko&loginYn=N&schedule_cd=hakbu,,,,
507,507,https://sugang.khu.ac.kr/core?attribute=lectPlan&p_year=2022&p_term=10&p_teach=015184&p_code=SWCON44100&p_subjt=SWCON441&lang=ko&loginYn=N&schedule_cd=hakbu,,,,
508,508,https://sugang.khu.ac.kr/core?attribute=lectPlan&p_year=2022&p_term=10&p_teach=015184&p_code=SWCON49100&p_subjt=SWCON491&lang=ko&loginYn=N&schedule_cd=hakbu,,,,
509,509,https://sugang.khu.ac.kr/core?attribute=lectPlan&p_year=2022&p_term=10&p_teach=011186&p_code=SWCON49200&p_subjt=SWCON492&lang=ko&loginYn=N&schedule_cd=hakbu,,,,
510,510,https://sugang.khu.ac.kr/core?attribute=lectPlan&p_year=2022&p_term=20&p_teach=047387&p_code=AI100200&p_subjt=AI1002&lang=ko&loginYn=N&schedule_cd=hakbu,,,,
511,511,https://sugang.khu.ac.kr/core?attribute=lectPlan&p_year=2022&p_term=20&p_teach=039542&p_code=AI100300&p_subjt=AI1003&lang=ko&loginYn=N&schedule_cd=hakbu,,,,
512,512,https://sugang.khu.ac.kr/core?attribute=lectPlan&p_year=2022&p_term=20&p_teach=015184&p_code=CSE10300&p_subjt=CSE103&lang=ko&loginYn=N&schedule_cd=hakbu,,,,
513,513,https://sugang.khu.ac.kr/core?attribute=lectPlan&p_year=2022&p_term=20&p_teach=055393&p_code=CSE10301&p_subjt=CSE103&lang=ko&loginYn=N&schedule_cd=hakbu,,,,
514,514,https://sugang.khu.ac.kr/core?attribute=lectPlan&p_year=2022&p_term=20&p_teach=052980&p_code=CSE20101&p_subjt=CSE201&lang=ko&loginYn=N&schedule_cd=hakbu,,,,
515,515,https://sugang.khu.ac.kr/core?attribute=lectPlan&p_year=2022&p_term=20&p_teach=055392&p_code=CSE20300&p_subjt=CSE203&lang=ko&loginYn=N&schedule_cd=hakbu,,,,
516,516,https://sugang.khu.ac.kr/core?attribute=lectPlan&p_year=2022&p_term=20&p_teach=055394&p_code=CSE20301&p_subjt=CSE203&lang=ko&loginYn=N&schedule_cd=hakbu,,,,
517,517,https://sugang.khu.ac.kr/core?attribute=lectPlan&p_year=2022&p_term=20&p_teach=033491&p_code=CSE20400&p_subjt=CSE204&lang=ko&loginYn=N&schedule_cd=hakbu,,,,
518,518,https://sugang.khu.ac.kr/core?attribute=lectPlan&p_year=2022&p_term=20&p_teach=048730&p_code=CSE20401&p_subjt=CSE204&lang=ko&loginYn=N&schedule_cd=hakbu,,,,
519,519,https://sugang.khu.ac.kr/core?attribute=lectPlan&p_year=2022&p_term=20&p_teach=058035&p_code=CSE20800&p_subjt=CSE208&lang=ko&loginYn=N&schedule_cd=hakbu,,,,
520,520,https://sugang.khu.ac.kr/core?attribute=lectPlan&p_year=2022&p_term=20&p_teach=045483&p_code=CSE22300&p_subjt=CSE223&lang=ko&loginYn=N&schedule_cd=hakbu,,,,
521,521,https://sugang.khu.ac.kr/core?attribute=lectPlan&p_year=2022&p_term=20&p_teach=020897&p_code=CSE30100&p_subjt=CSE301&lang=ko&loginYn=N&schedule_cd=hakbu,,,,
522,522,https://sugang.khu.ac.kr/core?attribute=lectPlan&p_year=2022&p_term=20&p_teach=055744&p_code=CSE30101&p_subjt=CSE301&lang=ko&loginYn=N&schedule_cd=hakbu,,,,
523,523,https://sugang.khu.ac.kr/core?attribute=lectPlan&p_year=2022&p_term=20&p_teach=015327&p_code=CSE30200&p_subjt=CSE302&lang=ko&loginYn=N&schedule_cd=hakbu,,,,
524,524,https://sugang.khu.ac.kr/core?attribute=lectPlan&p_year=2022&p_term=20&p_teach=024580&p_code=CSE30201&p_subjt=CSE302&lang=ko&loginYn=N&schedule_cd=hakbu,,,,
525,525,https://sugang.khu.ac.kr/core?attribute=lectPlan&p_year=2022&p_term=20&p_teach=011186&p_code=CSE30202&p_subjt=CSE302&lang=ko&loginYn=N&schedule_cd=hakbu,,,,
526,526,https://sugang.khu.ac.kr/core?attribute=lectPlan&p_year=2022&p_term=20&p_teach=020905&p_code=CSE30203&p_subjt=CSE302&lang=ko&loginYn=N&schedule_cd=hakbu,,,,
527,527,https://sugang.khu.ac.kr/core?attribute=lectPlan&p_year=2022&p_term=20&p_teach=006189&p_code=CSE30400&p_subjt=CSE304&lang=ko&loginYn=N&schedule_cd=hakbu,,,,
528,528,https://sugang.khu.ac.kr/core?attribute=lectPlan&p_year=2022&p_term=20&p_teach=006189&p_code=CSE30401&p_subjt=CSE304&lang=ko&loginYn=N&schedule_cd=hakbu,,,,
529,529,https://sugang.khu.ac.kr/core?attribute=lectPlan&p_year=2022&p_term=20&p_teach=022334&p_code=CSE30500&p_subjt=CSE305&lang=ko&loginYn=N&schedule_cd=hakbu,,,,
530,530,https://sugang.khu.ac.kr/core?attribute=lectPlan&p_year=2022&p_term=20&p_teach=053197&p_code=CSE30501&p_subjt=CSE305&lang=ko&loginYn=N&schedule_cd=hakbu,,,,
531,531,https://sugang.khu.ac.kr/core?attribute=lectPlan&p_year=2022&p_term=20&p_teach=058035&p_code=CSE30900&p_subjt=CSE309&lang=ko&loginYn=N&schedule_cd=hakbu,,,,
532,532,https://sugang.khu.ac.kr/core?attribute=lectPlan&p_year=2022&p_term=20&p_teach=024580&p_code=CSE32700&p_subjt=CSE327&lang=ko&loginYn=N&schedule_cd=hakbu,,,,
533,533,https://sugang.khu.ac.kr/core?attribute=lectPlan&p_year=2022&p_term=20&p_teach=048730&p_code=CSE32800&p_subjt=CSE328&lang=ko&loginYn=N&schedule_cd=hakbu,,,,
534,534,https://sugang.khu.ac.kr/core?attribute=lectPlan&p_year=2022&p_term=20&p_teach=047387&p_code=CSE33100&p_subjt=CSE331&lang=ko&loginYn=N&schedule_cd=hakbu,,,,
535,535,https://sugang.khu.ac.kr/core?attribute=lectPlan&p_year=2022&p_term=20&p_teach=020897&p_code=CSE33200&p_subjt=CSE332&lang=ko&loginYn=N&schedule_cd=hakbu,,,,
536,536,https://sugang.khu.ac.kr/core?attribute=lectPlan&p_year=2022&p_term=20&p_teach=045484&p_code=CSE33400&p_subjt=CSE334&lang=ko&loginYn=N&schedule_cd=hakbu,,,,
537,537,https://sugang.khu.ac.kr/core?attribute=lectPlan&p_year=2022&p_term=20&p_teach=047387&p_code=CSE40300&p_subjt=CSE403&lang=ko&loginYn=N&schedule_cd=hakbu,,,,
538,538,https://sugang.khu.ac.kr/core?attribute=lectPlan&p_year=2022&p_term=20&p_teach=047387&p_code=CSE40500&p_subjt=CSE405&lang=ko&loginYn=N&schedule_cd=hakbu,,,,
539,539,https://sugang.khu.ac.kr/core?attribute=lectPlan&p_year=2022&p_term=20&p_teach=047387&p_code=CSE40501&p_subjt=CSE405&lang=ko&loginYn=N&schedule_cd=hakbu,,,,
540,540,https://sugang.khu.ac.kr/core?attribute=lectPlan&p_year=2022&p_term=20&p_teach=047387&p_code=CSE40502&p_subjt=CSE405&lang=ko&loginYn=N&schedule_cd=hakbu,,,,
541,541,https://sugang.khu.ac.kr/core?attribute=lectPlan&p_year=2022&p_term=20&p_teach=047387&p_code=CSE40503&p_subjt=CSE405&lang=ko&loginYn=N&schedule_cd=hakbu,,,,
542,542,https://sugang.khu.ac.kr/core?attribute=lectPlan&p_year=2022&p_term=20&p_teach=047387&p_code=CSE40504&p_subjt=CSE405&lang=ko&loginYn=N&schedule_cd=hakbu,,,,
543,543,https://sugang.khu.ac.kr/core?attribute=lectPlan&p_year=2022&p_term=20&p_teach=020897&p_code=CSE40600&p_subjt=CSE406&lang=ko&loginYn=N&schedule_cd=hakbu,,,,
544,544,https://sugang.khu.ac.kr/core?attribute=lectPlan&p_year=2022&p_term=20&p_teach=020897&p_code=CSE40601&p_subjt=CSE406&lang=ko&loginYn=N&schedule_cd=hakbu,,,,
545,545,https://sugang.khu.ac.kr/core?attribute=lectPlan&p_year=2022&p_term=20&p_teach=017826&p_code=CSE43000&p_subjt=CSE430&lang=ko&loginYn=N&schedule_cd=hakbu,,,,
546,546,https://sugang.khu.ac.kr/core?attribute=lectPlan&p_year=2022&p_term=20&p_teach=047428&p_code=CSE43400&p_subjt=CSE434&lang=ko&loginYn=N&schedule_cd=hakbu,,,,
547,547,https://sugang.khu.ac.kr/core?attribute=lectPlan&p_year=2022&p_term=20&p_teach=037046&p_code=CSE43500&p_subjt=CSE435&lang=ko&loginYn=N&schedule_cd=hakbu,,,,
548,548,https://sugang.khu.ac.kr/core?attribute=lectPlan&p_year=2022&p_term=20&p_teach=047818&p_code=CSE43700&p_subjt=CSE437&lang=ko&loginYn=N&schedule_cd=hakbu,,,,
549,549,https://sugang.khu.ac.kr/core?attribute=lectPlan&p_year=2022&p_term=20&p_teach=039542&p_code=CSE44100&p_subjt=CSE441&lang=ko&loginYn=N&schedule_cd=hakbu,,,,
550,550,https://sugang.khu.ac.kr/core?attribute=lectPlan&p_year=2022&p_term=20&p_teach=047387&p_code=CSE49700&p_subjt=CSE497&lang=ko&loginYn=N&schedule_cd=hakbu,,,,
551,551,https://sugang.khu.ac.kr/core?attribute=lectPlan&p_year=2022&p_term=20&p_teach=055394&p_code=CSE49900&p_subjt=CSE499&lang=ko&loginYn=N&schedule_cd=hakbu,,,,
552,552,https://sugang.khu.ac.kr/core?attribute=lectPlan&p_year=2022&p_term=20&p_teach=058712&p_code=DC20300&p_subjt=DC203&lang=ko&loginYn=N&schedule_cd=hakbu,,,,
553,553,https://sugang.khu.ac.kr/core?attribute=lectPlan&p_year=2022&p_term=20&p_teach=053010&p_code=DC21100&p_subjt=DC211&lang=ko&loginYn=N&schedule_cd=hakbu,,,,
554,554,https://sugang.khu.ac.kr/core?attribute=lectPlan&p_year=2022&p_term=20&p_teach=056422&p_code=DC31800&p_subjt=DC318&lang=ko&loginYn=N&schedule_cd=hakbu,,,,
555,555,https://sugang.khu.ac.kr/core?attribute=lectPlan&p_year=2022&p_term=20&p_teach=006186&p_code=EE20900&p_subjt=EE209&lang=ko&loginYn=N&schedule_cd=hakbu,,,,
556,556,https://sugang.khu.ac.kr/core?attribute=lectPlan&p_year=2022&p_term=20&p_teach=006186&p_code=EE20901&p_subjt=EE209&lang=ko&loginYn=N&schedule_cd=hakbu,,,,
557,557,https://sugang.khu.ac.kr/core?attribute=lectPlan&p_year=2022&p_term=20&p_teach=036971&p_code=EE20902&p_subjt=EE209&lang=ko&loginYn=N&schedule_cd=hakbu,,,,
558,558,https://sugang.khu.ac.kr/core?attribute=lectPlan&p_year=2022&p_term=20&p_teach=025249&p_code=EE21000&p_subjt=EE210&lang=ko&loginYn=N&schedule_cd=hakbu,,,,
559,559,https://sugang.khu.ac.kr/core?attribute=lectPlan&p_year=2022&p_term=20&p_teach=056156&p_code=EE21001&p_subjt=EE210&lang=ko&loginYn=N&schedule_cd=hakbu,,,,
560,560,https://sugang.khu.ac.kr/core?attribute=lectPlan&p_year=2022&p_term=20&p_teach=055397&p_code=EE21002&p_subjt=EE210&lang=ko&loginYn=N&schedule_cd=hakbu,,,,
561,561,https://sugang.khu.ac.kr/core?attribute=lectPlan&p_year=2022&p_term=20&p_teach=014892&p_code=EE21003&p_subjt=EE210&lang=ko&loginYn=N&schedule_cd=hakbu,,,,
562,562,https://sugang.khu.ac.kr/core?attribute=lectPlan&p_year=2022&p_term=20&p_teach=021795&p_code=EE21100&p_subjt=EE211&lang=ko&loginYn=N&schedule_cd=hakbu,,,,
563,563,https://sugang.khu.ac.kr/core?attribute=lectPlan&p_year=2022&p_term=20&p_teach=023209&p_code=EE21101&p_subjt=EE211&lang=ko&loginYn=N&schedule_cd=hakbu,,,,
564,564,https://sugang.khu.ac.kr/core?attribute=lectPlan&p_year=2022&p_term=20&p_teach=020905&p_code=EE21102&p_subjt=EE211&lang=ko&loginYn=N&schedule_cd=hakbu,,,,
565,565,https://sugang.khu.ac.kr/core?attribute=lectPlan&p_year=2022&p_term=20&p_teach=004463&p_code=EE21103&p_subjt=EE211&lang=ko&loginYn=N&schedule_cd=hakbu,,,,
566,566,https://sugang.khu.ac.kr/core?attribute=lectPlan&p_year=2022&p_term=20&p_teach=014891&p_code=EE34100&p_subjt=EE341&lang=ko&loginYn=N&schedule_cd=hakbu,,,,
567,567,https://sugang.khu.ac.kr/core?attribute=lectPlan&p_year=2022&p_term=20&p_teach=023209&p_code=EE34101&p_subjt=EE341&lang=ko&loginYn=N&schedule_cd=hakbu,,,,
568,568,https://sugang.khu.ac.kr/core?attribute=lectPlan&p_year=2022&p_term=20&p_teach=055397&p_code=EE34200&p_subjt=EE342&lang=ko&loginYn=N&schedule_cd=hakbu,,,,
569,569,https://sugang.khu.ac.kr/core?attribute=lectPlan&p_year=2022&p_term=20&p_teach=014892&p_code=EE34201&p_subjt=EE342&lang=ko&loginYn=N&schedule_cd=hakbu,,,,
570,570,https://sugang.khu.ac.kr/core?attribute=lectPlan&p_year=2022&p_term=20&p_teach=021781&p_code=EE34202&p_subjt=EE342&lang=ko&loginYn=N&schedule_cd=hakbu,,,,
571,571,https://sugang.khu.ac.kr/core?attribute=lectPlan&p_year=2022&p_term=20&p_teach=042468&p_code=IE20800&p_subjt=IE208&lang=ko&loginYn=N&schedule_cd=hakbu,,,,
572,572,https://sugang.khu.ac.kr/core?attribute=lectPlan&p_year=2022&p_term=20&p_teach=024581&p_code=IE21500&p_subjt=IE215&lang=ko&loginYn=N&schedule_cd=hakbu,,,,
573,573,https://sugang.khu.ac.kr/core?attribute=lectPlan&p_year=2022&p_term=20&p_teach=024581&p_code=IE21501&p_subjt=IE215&lang=ko&loginYn=N&schedule_cd=hakbu,,,,
574,574,https://sugang.khu.ac.kr/core?attribute=lectPlan&p_year=2022&p_term=20&p_teach=036957&p_code=IE30200&p_subjt=IE302&lang=ko&loginYn=N&schedule_cd=hakbu,,,,
575,575,https://sugang.khu.ac.kr/core?attribute=lectPlan&p_year=2022&p_term=20&p_teach=033072&p_code=ME27101&p_subjt=ME271&lang=ko&loginYn=N&schedule_cd=hakbu,,,,
576,576,https://sugang.khu.ac.kr/core?attribute=lectPlan&p_year=2022&p_term=20&p_teach=011044&p_code=ME27102&p_subjt=ME271&lang=ko&loginYn=N&schedule_cd=hakbu,,,,
577,577,https://sugang.khu.ac.kr/core?attribute=lectPlan&p_year=2022&p_term=20&p_teach=048093&p_code=ME27103&p_subjt=ME271&lang=ko&loginYn=N&schedule_cd=hakbu,,,,
578,578,https://sugang.khu.ac.kr/core?attribute=lectPlan&p_year=2022&p_term=20&p_teach=028641&p_code=ME27501&p_subjt=ME275&lang=ko&loginYn=N&schedule_cd=hakbu,,,,
579,579,https://sugang.khu.ac.kr/core?attribute=lectPlan&p_year=2022&p_term=20&p_teach=028641&p_code=ME27502&p_subjt=ME275&lang=ko&loginYn=N&schedule_cd=hakbu,,,,
580,580,https://sugang.khu.ac.kr/core?attribute=lectPlan&p_year=2022&p_term=20&p_teach=022575&p_code=ME27601&p_subjt=ME276&lang=ko&loginYn=N&schedule_cd=hakbu,,,,
581,581,https://sugang.khu.ac.kr/core?attribute=lectPlan&p_year=2022&p_term=20&p_teach=011044&p_code=ME37601&p_subjt=ME376&lang=ko&loginYn=N&schedule_cd=hakbu,,,,
582,582,https://sugang.khu.ac.kr/core?attribute=lectPlan&p_year=2022&p_term=20&p_teach=058521&p_code=SWCON10100&p_subjt=SWCON101&lang=ko&loginYn=N&schedule_cd=hakbu,,,,
583,583,https://sugang.khu.ac.kr/core?attribute=lectPlan&p_year=2022&p_term=20&p_teach=053003&p_code=SWCON10300&p_subjt=SWCON103&lang=ko&loginYn=N&schedule_cd=hakbu,,,,
584,584,https://sugang.khu.ac.kr/core?attribute=lectPlan&p_year=2022&p_term=20&p_teach=039542&p_code=SWCON10301&p_subjt=SWCON103&lang=ko&loginYn=N&schedule_cd=hakbu,,,,
585,585,https://sugang.khu.ac.kr/core?attribute=lectPlan&p_year=2022&p_term=20&p_teach=039718&p_code=SWCON10302&p_subjt=SWCON103&lang=ko&loginYn=N&schedule_cd=hakbu,,,,
586,586,https://sugang.khu.ac.kr/core?attribute=lectPlan&p_year=2022&p_term=20&p_teach=017826&p_code=SWCON10303&p_subjt=SWCON103&lang=ko&loginYn=N&schedule_cd=hakbu,,,,
587,587,https://sugang.khu.ac.kr/core?attribute=lectPlan&p_year=2022&p_term=20&p_teach=011186&p_code=SWCON10400&p_subjt=SWCON104&lang=ko&loginYn=N&schedule_cd=hakbu,,,,
588,588,https://sugang.khu.ac.kr/core?attribute=lectPlan&p_year=2022&p_term=20&p_teach=058523&p_code=SWCON10401&p_subjt=SWCON104&lang=ko&loginYn=N&schedule_cd=hakbu,,,,
589,589,https://sugang.khu.ac.kr/core?attribute=lectPlan&p_year=2022&p_term=20&p_teach=011186&p_code=SWCON20100&p_subjt=SWCON201&lang=ko&loginYn=N&schedule_cd=hakbu,,,,
590,590,https://sugang.khu.ac.kr/core?attribute=lectPlan&p_year=2022&p_term=20&p_teach=015184&p_code=SWCON21100&p_subjt=SWCON211&lang=ko&loginYn=N&schedule_cd=hakbu,,,,
591,591,https://sugang.khu.ac.kr/core?attribute=lectPlan&p_year=2022&p_term=20&p_teach=053003&p_code=SWCON21200&p_subjt=SWCON212&lang=ko&loginYn=N&schedule_cd=hakbu,,,,
592,592,https://sugang.khu.ac.kr/core?attribute=lectPlan&p_year=2022&p_term=20&p_teach=011186&p_code=SWCON22100&p_subjt=SWCON221&lang=ko&loginYn=N&schedule_cd=hakbu,,,,
593,593,https://sugang.khu.ac.kr/core?attribute=lectPlan&p_year=2022&p_term=20&p_teach=054270&p_code=SWCON25300&p_subjt=SWCON253&lang=ko&loginYn=N&schedule_cd=hakbu,,,,
594,594,https://sugang.khu.ac.kr/core?attribute=lectPlan&p_year=2022&p_term=20&p_teach=052980&p_code=SWCON25301&p_subjt=SWCON253&lang=ko&loginYn=N&schedule_cd=hakbu,,,,
595,595,https://sugang.khu.ac.kr/core?attribute=lectPlan&p_year=2022&p_term=20&p_teach=039718&p_code=SWCON25500&p_subjt=SWCON255&lang=ko&loginYn=N&schedule_cd=hakbu,,,,
596,596,https://sugang.khu.ac.kr/core?attribute=lectPlan&p_year=2022&p_term=20&p_teach=047819&p_code=SWCON30200&p_subjt=SWCON302&lang=ko&loginYn=N&schedule_cd=hakbu,,,,
597,597,https://sugang.khu.ac.kr/core?attribute=lectPlan&p_year=2022&p_term=20&p_teach=038168&p_code=SWCON31300&p_subjt=SWCON313&lang=ko&loginYn=N&schedule_cd=hakbu,,,,
598,598,https://sugang.khu.ac.kr/core?attribute=lectPlan&p_year=2022&p_term=20&p_teach=054270&p_code=SWCON32100&p_subjt=SWCON321&lang=ko&loginYn=N&schedule_cd=hakbu,,,,
599,599,https://sugang.khu.ac.kr/core?attribute=lectPlan&p_year=2022&p_term=20&p_teach=058523&p_code=SWCON32101&p_subjt=SWCON321&lang=ko&loginYn=N&schedule_cd=hakbu,,,,
600,600,https://sugang.khu.ac.kr/core?attribute=lectPlan&p_year=2022&p_term=20&p_teach=024581&p_code=SWCON32200&p_subjt=SWCON322&lang=ko&loginYn=N&schedule_cd=hakbu,,,,
601,601,https://sugang.khu.ac.kr/core?attribute=lectPlan&p_year=2022&p_term=20&p_teach=055078&p_code=SWCON33100&p_subjt=SWCON331&lang=ko&loginYn=N&schedule_cd=hakbu,,,,
602,602,https://sugang.khu.ac.kr/core?attribute=lectPlan&p_year=2022&p_term=20&p_teach=055078&p_code=SWCON33200&p_subjt=SWCON332&lang=ko&loginYn=N&schedule_cd=hakbu,,,,
603,603,https://sugang.khu.ac.kr/core?attribute=lectPlan&p_year=2022&p_term=20&p_teach=015184&p_code=SWCON34200&p_subjt=SWCON342&lang=ko&loginYn=N&schedule_cd=hakbu,,,,
604,604,https://sugang.khu.ac.kr/core?attribute=lectPlan&p_year=2022&p_term=20&p_teach=047387&p_code=SWCON36400&p_subjt=SWCON364&lang=ko&loginYn=N&schedule_cd=hakbu,,,,
605,605,https://sugang.khu.ac.kr/core?attribute=lectPlan&p_year=2022&p_term=20&p_teach=027799&p_code=SWCON36401&p_subjt=SWCON364&lang=ko&loginYn=N&schedule_cd=hakbu,,,,
606,606,https://sugang.khu.ac.kr/core?attribute=lectPlan&p_year=2022&p_term=20&p_teach=053003&p_code=SWCON36700&p_subjt=SWCON367&lang=ko&loginYn=N&schedule_cd=hakbu,,,,
607,607,https://sugang.khu.ac.kr/core?attribute=lectPlan&p_year=2022&p_term=20&p_teach=058521&p_code=SWCON36701&p_subjt=SWCON367&lang=ko&loginYn=N&schedule_cd=hakbu,,,,
608,608,https://sugang.khu.ac.kr/core?attribute=lectPlan&p_year=2022&p_term=20&p_teach=015184&p_code=SWCON40100&p_subjt=SWCON401&lang=ko&loginYn=N&schedule_cd=hakbu,,,,
609,609,https://sugang.khu.ac.kr/core?attribute=lectPlan&p_year=2022&p_term=20&p_teach=015184&p_code=SWCON40101&p_subjt=SWCON401&lang=ko&loginYn=N&schedule_cd=hakbu,,,,
610,610,https://sugang.khu.ac.kr/core?attribute=lectPlan&p_year=2022&p_term=20&p_teach=015184&p_code=SWCON40200&p_subjt=SWCON402&lang=ko&loginYn=N&schedule_cd=hakbu,,,,
611,611,https://sugang.khu.ac.kr/core?attribute=lectPlan&p_year=2022&p_term=20&p_teach=042468&p_code=SWCON42400&p_subjt=SWCON424&lang=ko&loginYn=N&schedule_cd=hakbu,,,,
612,612,https://sugang.khu.ac.kr/core?attribute=lectPlan&p_year=2022&p_term=20&p_teach=054270&p_code=SWCON42500&p_subjt=SWCON425&lang=ko&loginYn=N&schedule_cd=hakbu,,,,
613,613,https://sugang.khu.ac.kr/core?attribute=lectPlan&p_year=2022&p_term=20&p_teach=015184&p_code=SWCON44200&p_subjt=SWCON442&lang=ko&loginYn=N&schedule_cd=hakbu,,,,
614,614,https://sugang.khu.ac.kr/core?attribute=lectPlan&p_year=2022&p_term=20&p_teach=011186&p_code=SWCON49200&p_subjt=SWCON492&lang=ko&loginYn=N&schedule_cd=hakbu,,,,
615,615,https://sugang.khu.ac.kr/core?attribute=lectPlan&p_year=2022&p_term=15&p_teach=020623&p_code=CSE10300&p_subjt=CSE103&lang=ko&loginYn=N&schedule_cd=hakbu,,,,
616,616,https://sugang.khu.ac.kr/core?attribute=lectPlan&p_year=2022&p_term=15&p_teach=011186&p_code=SWCON10400&p_subjt=SWCON104&lang=ko&loginYn=N&schedule_cd=hakbu,,,,
617,617,https://sugang.khu.ac.kr/core?attribute=lectPlan&p_year=2022&p_term=25&p_teach=055744&p_code=CSE10300&p_subjt=CSE103&lang=ko&loginYn=N&schedule_cd=hakbu,,,,
618,618,https://sugang.khu.ac.kr/core?attribute=lectPlan&p_year=2022&p_term=25&p_teach=011186&p_code=SWCON10400&p_subjt=SWCON104&lang=ko&loginYn=N&schedule_cd=hakbu,,,,
619,619,https://sugang.khu.ac.kr/core?attribute=lectPlan&p_year=2022&p_term=25&p_teach=011186&p_code=SWCON10401&p_subjt=SWCON104&lang=ko&loginYn=N&schedule_cd=hakbu,,,,
620,620,https://sugang.khu.ac.kr/core?attribute=lectPlan&p_year=2023&p_term=10&p_teach=048730&p_code=AI100100&p_subjt=AI1001&lang=ko&loginYn=N&schedule_cd=hakbu,,,,
621,621,https://sugang.khu.ac.kr/core?attribute=lectPlan&p_year=2023&p_term=10&p_teach=055075&p_code=AMTH100400&p_subjt=AMTH1004&lang=ko&loginYn=N&schedule_cd=hakbu,,,,
622,622,https://sugang.khu.ac.kr/core?attribute=lectPlan&p_year=2023&p_term=10&p_teach=023213&p_code=AMTH100401&p_subjt=AMTH1004&lang=ko&loginYn=N&schedule_cd=hakbu,,,,
623,623,https://sugang.khu.ac.kr/core?attribute=lectPlan&p_year=2023&p_term=10&p_teach=049814&p_code=AMTH100900&p_subjt=AMTH1009&lang=ko&loginYn=N&schedule_cd=hakbu,,,,
624,624,https://sugang.khu.ac.kr/core?attribute=lectPlan&p_year=2023&p_term=10&p_teach=002834&p_code=AMTH100901&p_subjt=AMTH1009&lang=ko&loginYn=N&schedule_cd=hakbu,,,,
625,625,https://sugang.khu.ac.kr/core?attribute=lectPlan&p_year=2023&p_term=10&p_teach=006189&p_code=CSE000100&p_subjt=CSE0001&lang=ko&loginYn=N&schedule_cd=hakbu,,,,
626,626,https://sugang.khu.ac.kr/core?attribute=lectPlan&p_year=2023&p_term=10&p_teach=023827&p_code=CSE000101&p_subjt=CSE0001&lang=ko&loginYn=N&schedule_cd=hakbu,,,,
627,627,https://sugang.khu.ac.kr/core?attribute=lectPlan&p_year=2023&p_term=10&p_teach=015184&p_code=CSE10300&p_subjt=CSE103&lang=ko&loginYn=N&schedule_cd=hakbu,,,,
628,628,https://sugang.khu.ac.kr/core?attribute=lectPlan&p_year=2023&p_term=10&p_teach=055393&p_code=CSE10301&p_subjt=CSE103&lang=ko&loginYn=N&schedule_cd=hakbu,,,,
629,629,https://sugang.khu.ac.kr/core?attribute=lectPlan&p_year=2023&p_term=10&p_teach=015184&p_code=CSE10302&p_subjt=CSE103&lang=ko&loginYn=N&schedule_cd=hakbu,,,,
630,630,https://sugang.khu.ac.kr/core?attribute=lectPlan&p_year=2023&p_term=10&p_teach=057157&p_code=CSE10400&p_subjt=CSE104&lang=ko&loginYn=N&schedule_cd=hakbu,,,,
631,631,https://sugang.khu.ac.kr/core?attribute=lectPlan&p_year=2023&p_term=10&p_teach=052980&p_code=CSE20100&p_subjt=CSE201&lang=ko&loginYn=N&schedule_cd=hakbu,,,,
632,632,https://sugang.khu.ac.kr/core?attribute=lectPlan&p_year=2023&p_term=10&p_teach=001477&p_code=CSE20101&p_subjt=CSE201&lang=ko&loginYn=N&schedule_cd=hakbu,,,,
633,633,https://sugang.khu.ac.kr/core?attribute=lectPlan&p_year=2023&p_term=10&p_teach=058974&p_code=CSE20300&p_subjt=CSE203&lang=ko&loginYn=N&schedule_cd=hakbu,,,,
634,634,https://sugang.khu.ac.kr/core?attribute=lectPlan&p_year=2023&p_term=10&p_teach=055394&p_code=CSE20301&p_subjt=CSE203&lang=ko&loginYn=N&schedule_cd=hakbu,,,,
635,635,https://sugang.khu.ac.kr/core?attribute=lectPlan&p_year=2023&p_term=10&p_teach=055392&p_code=CSE20302&p_subjt=CSE203&lang=ko&loginYn=N&schedule_cd=hakbu,,,,
636,636,https://sugang.khu.ac.kr/core?attribute=lectPlan&p_year=2023&p_term=10&p_teach=033491&p_code=CSE20400&p_subjt=CSE204&lang=ko&loginYn=N&schedule_cd=hakbu,,,,
637,637,https://sugang.khu.ac.kr/core?attribute=lectPlan&p_year=2023&p_term=10&p_teach=033491&p_code=CSE20401&p_subjt=CSE204&lang=ko&loginYn=N&schedule_cd=hakbu,,,,
638,638,https://sugang.khu.ac.kr/core?attribute=lectPlan&p_year=2023&p_term=10&p_teach=048730&p_code=CSE20402&p_subjt=CSE204&lang=ko&loginYn=N&schedule_cd=hakbu,,,,
639,639,https://sugang.khu.ac.kr/core?attribute=lectPlan&p_year=2023&p_term=10&p_teach=038168&p_code=CSE22400&p_subjt=CSE224&lang=ko&loginYn=N&schedule_cd=hakbu,,,,
640,640,https://sugang.khu.ac.kr/core?attribute=lectPlan&p_year=2023&p_term=10&p_teach=020897&p_code=CSE30100&p_subjt=CSE301&lang=ko&loginYn=N&schedule_cd=hakbu,,,,
641,641,https://sugang.khu.ac.kr/core?attribute=lectPlan&p_year=2023&p_term=10&p_teach=059667&p_code=CSE30101&p_subjt=CSE301&lang=ko&loginYn=N&schedule_cd=hakbu,,,,
642,642,https://sugang.khu.ac.kr/core?attribute=lectPlan&p_year=2023&p_term=10&p_teach=059932&p_code=CSE30102&p_subjt=CSE301&lang=ko&loginYn=N&schedule_cd=hakbu,,,,
643,643,https://sugang.khu.ac.kr/core?attribute=lectPlan&p_year=2023&p_term=10&p_teach=011186&p_code=CSE30200&p_subjt=CSE302&lang=ko&loginYn=N&schedule_cd=hakbu,,,,
644,644,https://sugang.khu.ac.kr/core?attribute=lectPlan&p_year=2023&p_term=10&p_teach=019803&p_code=CSE30201&p_subjt=CSE302&lang=ko&loginYn=N&schedule_cd=hakbu,,,,
645,645,https://sugang.khu.ac.kr/core?attribute=lectPlan&p_year=2023&p_term=10&p_teach=024580&p_code=CSE30203&p_subjt=CSE302&lang=ko&loginYn=N&schedule_cd=hakbu,,,,
646,646,https://sugang.khu.ac.kr/core?attribute=lectPlan&p_year=2023&p_term=10&p_teach=006189&p_code=CSE30400&p_subjt=CSE304&lang=ko&loginYn=N&schedule_cd=hakbu,,,,
647,647,https://sugang.khu.ac.kr/core?attribute=lectPlan&p_year=2023&p_term=10&p_teach=006189&p_code=CSE30401&p_subjt=CSE304&lang=ko&loginYn=N&schedule_cd=hakbu,,,,
648,648,https://sugang.khu.ac.kr/core?attribute=lectPlan&p_year=2023&p_term=10&p_teach=022334&p_code=CSE30500&p_subjt=CSE305&lang=ko&loginYn=N&schedule_cd=hakbu,,,,
649,649,https://sugang.khu.ac.kr/core?attribute=lectPlan&p_year=2023&p_term=10&p_teach=053197&p_code=CSE30501&p_subjt=CSE305&lang=ko&loginYn=N&schedule_cd=hakbu,,,,
650,650,https://sugang.khu.ac.kr/core?attribute=lectPlan&p_year=2023&p_term=10&p_teach=059667&p_code=CSE32200&p_subjt=CSE322&lang=ko&loginYn=N&schedule_cd=hakbu,,,,
651,651,https://sugang.khu.ac.kr/core?attribute=lectPlan&p_year=2023&p_term=10&p_teach=017826&p_code=CSE32400&p_subjt=CSE324&lang=ko&loginYn=N&schedule_cd=hakbu,,,,
652,652,https://sugang.khu.ac.kr/core?attribute=lectPlan&p_year=2023&p_term=10&p_teach=024580&p_code=CSE32700&p_subjt=CSE327&lang=ko&loginYn=N&schedule_cd=hakbu,,,,
653,653,https://sugang.khu.ac.kr/core?attribute=lectPlan&p_year=2023&p_term=10&p_teach=045484&p_code=CSE33000&p_subjt=CSE330&lang=ko&loginYn=N&schedule_cd=hakbu,,,,
654,654,https://sugang.khu.ac.kr/core?attribute=lectPlan&p_year=2023&p_term=10&p_teach=047387&p_code=CSE33100&p_subjt=CSE331&lang=ko&loginYn=N&schedule_cd=hakbu,,,,
655,655,https://sugang.khu.ac.kr/core?attribute=lectPlan&p_year=2023&p_term=10&p_teach=047818&p_code=CSE33500&p_subjt=CSE335&lang=ko&loginYn=N&schedule_cd=hakbu,,,,
656,656,https://sugang.khu.ac.kr/core?attribute=lectPlan&p_year=2023&p_term=10&p_teach=047387&p_code=CSE34000&p_subjt=CSE340&lang=ko&loginYn=N&schedule_cd=hakbu,,,,
657,657,https://sugang.khu.ac.kr/core?attribute=lectPlan&p_year=2023&p_term=10&p_teach=047387&p_code=CSE40300&p_subjt=CSE403&lang=ko&loginYn=N&schedule_cd=hakbu,,,,
658,658,https://sugang.khu.ac.kr/core?attribute=lectPlan&p_year=2023&p_term=10&p_teach=047387&p_code=CSE40500&p_subjt=CSE405&lang=ko&loginYn=N&schedule_cd=hakbu,,,,
659,659,https://sugang.khu.ac.kr/core?attribute=lectPlan&p_year=2023&p_term=10&p_teach=058992&p_code=CSE40600&p_subjt=CSE406&lang=ko&loginYn=N&schedule_cd=hakbu,,,,
660,660,https://sugang.khu.ac.kr/core?attribute=lectPlan&p_year=2023&p_term=10&p_teach=055392&p_code=CSE40601&p_subjt=CSE406&lang=ko&loginYn=N&schedule_cd=hakbu,,,,
661,661,https://sugang.khu.ac.kr/core?attribute=lectPlan&p_year=2023&p_term=10&p_teach=058974&p_code=CSE40602&p_subjt=CSE406&lang=ko&loginYn=N&schedule_cd=hakbu,,,,
662,662,https://sugang.khu.ac.kr/core?attribute=lectPlan&p_year=2023&p_term=10&p_teach=052980&p_code=CSE40603&p_subjt=CSE406&lang=ko&loginYn=N&schedule_cd=hakbu,,,,
663,663,https://sugang.khu.ac.kr/core?attribute=lectPlan&p_year=2023&p_term=10&p_teach=055394&p_code=CSE40604&p_subjt=CSE406&lang=ko&loginYn=N&schedule_cd=hakbu,,,,
664,664,https://sugang.khu.ac.kr/core?attribute=lectPlan&p_year=2023&p_term=10&p_teach=055394&p_code=CSE40605&p_subjt=CSE406&lang=ko&loginYn=N&schedule_cd=hakbu,,,,
665,665,https://sugang.khu.ac.kr/core?attribute=lectPlan&p_year=2023&p_term=10&p_teach=048730&p_code=CSE40606&p_subjt=CSE406&lang=ko&loginYn=N&schedule_cd=hakbu,,,,
666,666,https://sugang.khu.ac.kr/core?attribute=lectPlan&p_year=2023&p_term=10&p_teach=047387&p_code=CSE40608&p_subjt=CSE406&lang=ko&loginYn=N&schedule_cd=hakbu,,,,
667,667,https://sugang.khu.ac.kr/core?attribute=lectPlan&p_year=2023&p_term=10&p_teach=047387&p_code=CSE40609&p_subjt=CSE406&lang=ko&loginYn=N&schedule_cd=hakbu,,,,
668,668,https://sugang.khu.ac.kr/core?attribute=lectPlan&p_year=2023&p_term=10&p_teach=039542&p_code=CSE40610&p_subjt=CSE406&lang=ko&loginYn=N&schedule_cd=hakbu,,,,
669,669,https://sugang.khu.ac.kr/core?attribute=lectPlan&p_year=2023&p_term=10&p_teach=039542&p_code=CSE40611&p_subjt=CSE406&lang=ko&loginYn=N&schedule_cd=hakbu,,,,
670,670,https://sugang.khu.ac.kr/core?attribute=lectPlan&p_year=2023&p_term=10&p_teach=022334&p_code=CSE40612&p_subjt=CSE406&lang=ko&loginYn=N&schedule_cd=hakbu,,,,
671,671,https://sugang.khu.ac.kr/core?attribute=lectPlan&p_year=2023&p_term=10&p_teach=022334&p_code=CSE40613&p_subjt=CSE406&lang=ko&loginYn=N&schedule_cd=hakbu,,,,
672,672,https://sugang.khu.ac.kr/core?attribute=lectPlan&p_year=2023&p_term=10&p_teach=059932&p_code=CSE40614&p_subjt=CSE406&lang=ko&loginYn=N&schedule_cd=hakbu,,,,
673,673,https://sugang.khu.ac.kr/core?attribute=lectPlan&p_year=2023&p_term=10&p_teach=038168&p_code=CSE40615&p_subjt=CSE406&lang=ko&loginYn=N&schedule_cd=hakbu,,,,
674,674,https://sugang.khu.ac.kr/core?attribute=lectPlan&p_year=2023&p_term=10&p_teach=038168&p_code=CSE40616&p_subjt=CSE406&lang=ko&loginYn=N&schedule_cd=hakbu,,,,
675,675,https://sugang.khu.ac.kr/core?attribute=lectPlan&p_year=2023&p_term=10&p_teach=038168&p_code=CSE40617&p_subjt=CSE406&lang=ko&loginYn=N&schedule_cd=hakbu,,,,
676,676,https://sugang.khu.ac.kr/core?attribute=lectPlan&p_year=2023&p_term=10&p_teach=020897&p_code=CSE40618&p_subjt=CSE406&lang=ko&loginYn=N&schedule_cd=hakbu,,,,
677,677,https://sugang.khu.ac.kr/core?attribute=lectPlan&p_year=2023&p_term=10&p_teach=020897&p_code=CSE40619&p_subjt=CSE406&lang=ko&loginYn=N&schedule_cd=hakbu,,,,
678,678,https://sugang.khu.ac.kr/core?attribute=lectPlan&p_year=2023&p_term=10&p_teach=055393&p_code=CSE40620&p_subjt=CSE406&lang=ko&loginYn=N&schedule_cd=hakbu,,,,
679,679,https://sugang.khu.ac.kr/core?attribute=lectPlan&p_year=2023&p_term=10&p_teach=059667&p_code=CSE40621&p_subjt=CSE406&lang=ko&loginYn=N&schedule_cd=hakbu,,,,
680,680,https://sugang.khu.ac.kr/core?attribute=lectPlan&p_year=2023&p_term=10&p_teach=024580&p_code=CSE40622&p_subjt=CSE406&lang=ko&loginYn=N&schedule_cd=hakbu,,,,
681,681,https://sugang.khu.ac.kr/core?attribute=lectPlan&p_year=2023&p_term=10&p_teach=024580&p_code=CSE40623&p_subjt=CSE406&lang=ko&loginYn=N&schedule_cd=hakbu,,,,
682,682,https://sugang.khu.ac.kr/core?attribute=lectPlan&p_year=2023&p_term=10&p_teach=024580&p_code=CSE40624&p_subjt=CSE406&lang=ko&loginYn=N&schedule_cd=hakbu,,,,
683,683,https://sugang.khu.ac.kr/core?attribute=lectPlan&p_year=2023&p_term=10&p_teach=006625&p_code=CSE40625&p_subjt=CSE406&lang=ko&loginYn=N&schedule_cd=hakbu,,,,
684,684,https://sugang.khu.ac.kr/core?attribute=lectPlan&p_year=2023&p_term=10&p_teach=006625&p_code=CSE40626&p_subjt=CSE406&lang=ko&loginYn=N&schedule_cd=hakbu,,,,
685,685,https://sugang.khu.ac.kr/core?attribute=lectPlan&p_year=2023&p_term=10&p_teach=006625&p_code=CSE40627&p_subjt=CSE406&lang=ko&loginYn=N&schedule_cd=hakbu,,,,
686,686,https://sugang.khu.ac.kr/core?attribute=lectPlan&p_year=2023&p_term=10&p_teach=059932&p_code=CSE42300&p_subjt=CSE423&lang=ko&loginYn=N&schedule_cd=hakbu,,,,
687,687,https://sugang.khu.ac.kr/core?attribute=lectPlan&p_year=2023&p_term=10&p_teach=052980&p_code=CSE42600&p_subjt=CSE426&lang=ko&loginYn=N&schedule_cd=hakbu,,,,
688,688,https://sugang.khu.ac.kr/core?attribute=lectPlan&p_year=2023&p_term=10&p_teach=039542&p_code=CSE42800&p_subjt=CSE428&lang=ko&loginYn=N&schedule_cd=hakbu,,,,
689,689,https://sugang.khu.ac.kr/core?attribute=lectPlan&p_year=2023&p_term=10&p_teach=045483&p_code=CSE43800&p_subjt=CSE438&lang=ko&loginYn=N&schedule_cd=hakbu,,,,
690,690,https://sugang.khu.ac.kr/core?attribute=lectPlan&p_year=2023&p_term=10&p_teach=020897&p_code=CSE44000&p_subjt=CSE440&lang=ko&loginYn=N&schedule_cd=hakbu,,,,
691,691,https://sugang.khu.ac.kr/core?attribute=lectPlan&p_year=2023&p_term=10&p_teach=019803&p_code=CSE44400&p_subjt=CSE444&lang=ko&loginYn=N&schedule_cd=hakbu,,,,
692,692,https://sugang.khu.ac.kr/core?attribute=lectPlan&p_year=2023&p_term=10&p_teach=037046&p_code=CSE45000&p_subjt=CSE450&lang=ko&loginYn=N&schedule_cd=hakbu,,,,
693,693,https://sugang.khu.ac.kr/core?attribute=lectPlan&p_year=2023&p_term=10&p_teach=055394&p_code=CSE49500&p_subjt=CSE495&lang=ko&loginYn=N&schedule_cd=hakbu,,,,
694,694,https://sugang.khu.ac.kr/core?attribute=lectPlan&p_year=2023&p_term=10&p_teach=052980&p_code=CSE49501&p_subjt=CSE495&lang=ko&loginYn=N&schedule_cd=hakbu,,,,
695,695,https://sugang.khu.ac.kr/core?attribute=lectPlan&p_year=2023&p_term=10&p_teach=047387&p_code=CSE49502&p_subjt=CSE495&lang=ko&loginYn=N&schedule_cd=hakbu,,,,
696,696,https://sugang.khu.ac.kr/core?attribute=lectPlan&p_year=2023&p_term=10&p_teach=047387&p_code=CSE49600&p_subjt=CSE496&lang=ko&loginYn=N&schedule_cd=hakbu,,,,
697,697,https://sugang.khu.ac.kr/core?attribute=lectPlan&p_year=2023&p_term=10&p_teach=036971&p_code=EE20900&p_subjt=EE209&lang=ko&loginYn=N&schedule_cd=hakbu,,,,
698,698,https://sugang.khu.ac.kr/core?attribute=lectPlan&p_year=2023&p_term=10&p_teach=059482&p_code=EE20901&p_subjt=EE209&lang=ko&loginYn=N&schedule_cd=hakbu,,,,
699,699,https://sugang.khu.ac.kr/core?attribute=lectPlan&p_year=2023&p_term=10&p_teach=059482&p_code=EE20902&p_subjt=EE209&lang=ko&loginYn=N&schedule_cd=hakbu,,,,
700,700,https://sugang.khu.ac.kr/core?attribute=lectPlan&p_year=2023&p_term=10&p_teach=017826&p_code=EE20904&p_subjt=EE209&lang=ko&loginYn=N&schedule_cd=hakbu,,,,
701,701,https://sugang.khu.ac.kr/core?attribute=lectPlan&p_year=2023&p_term=10&p_teach=059930&p_code=EE21000&p_subjt=EE210&lang=ko&loginYn=N&schedule_cd=hakbu,,,,
702,702,https://sugang.khu.ac.kr/core?attribute=lectPlan&p_year=2023&p_term=10&p_teach=056156&p_code=EE21001&p_subjt=EE210&lang=ko&loginYn=N&schedule_cd=hakbu,,,,
703,703,https://sugang.khu.ac.kr/core?attribute=lectPlan&p_year=2023&p_term=10&p_teach=014892&p_code=EE21002&p_subjt=EE210&lang=ko&loginYn=N&schedule_cd=hakbu,,,,
704,704,https://sugang.khu.ac.kr/core?attribute=lectPlan&p_year=2023&p_term=10&p_teach=025249&p_code=EE21003&p_subjt=EE210&lang=ko&loginYn=N&schedule_cd=hakbu,,,,
705,705,https://sugang.khu.ac.kr/core?attribute=lectPlan&p_year=2023&p_term=10&p_teach=020905&p_code=EE21100&p_subjt=EE211&lang=ko&loginYn=N&schedule_cd=hakbu,,,,
706,706,https://sugang.khu.ac.kr/core?attribute=lectPlan&p_year=2023&p_term=10&p_teach=021795&p_code=EE21101&p_subjt=EE211&lang=ko&loginYn=N&schedule_cd=hakbu,,,,
707,707,https://sugang.khu.ac.kr/core?attribute=lectPlan&p_year=2023&p_term=10&p_teach=058525&p_code=EE21102&p_subjt=EE211&lang=ko&loginYn=N&schedule_cd=hakbu,,,,
708,708,https://sugang.khu.ac.kr/core?attribute=lectPlan&p_year=2023&p_term=10&p_teach=004463&p_code=EE21103&p_subjt=EE211&lang=ko&loginYn=N&schedule_cd=hakbu,,,,
709,709,https://sugang.khu.ac.kr/core?attribute=lectPlan&p_year=2023&p_term=10&p_teach=023209&p_code=EE21104&p_subjt=EE211&lang=ko&loginYn=N&schedule_cd=hakbu,,,,
710,710,https://sugang.khu.ac.kr/core?attribute=lectPlan&p_year=2023&p_term=10&p_teach=025245&p_code=EE21105&p_subjt=EE211&lang=ko&loginYn=N&schedule_cd=hakbu,,,,
711,711,https://sugang.khu.ac.kr/core?attribute=lectPlan&p_year=2023&p_term=10&p_teach=028453&p_code=ELC47100&p_subjt=ELC471&lang=ko&loginYn=N&schedule_cd=hakbu,,,,
712,712,https://sugang.khu.ac.kr/core?attribute=lectPlan&p_year=2023&p_term=10&p_teach=036957&p_code=IE30100&p_subjt=IE301&lang=ko&loginYn=N&schedule_cd=hakbu,,,,
713,713,https://sugang.khu.ac.kr/core?attribute=lectPlan&p_year=2023&p_term=10&p_teach=036957&p_code=IE30101&p_subjt=IE301&lang=ko&loginYn=N&schedule_cd=hakbu,,,,
714,714,https://sugang.khu.ac.kr/core?attribute=lectPlan&p_year=2023&p_term=10&p_teach=024581&p_code=IE30600&p_subjt=IE306&lang=ko&loginYn=N&schedule_cd=hakbu,,,,
715,715,https://sugang.khu.ac.kr/core?attribute=lectPlan&p_year=2023&p_term=10&p_teach=042468&p_code=IE41400&p_subjt=IE414&lang=ko&loginYn=N&schedule_cd=hakbu,,,,
716,716,https://sugang.khu.ac.kr/core?attribute=lectPlan&p_year=2023&p_term=10&p_teach=024581&p_code=IE41900&p_subjt=IE419&lang=ko&loginYn=N&schedule_cd=hakbu,,,,
717,717,https://sugang.khu.ac.kr/core?attribute=lectPlan&p_year=2023&p_term=10&p_teach=011044&p_code=ME37501&p_subjt=ME375&lang=ko&loginYn=N&schedule_cd=hakbu,,,,
718,718,https://sugang.khu.ac.kr/core?attribute=lectPlan&p_year=2023&p_term=10&p_teach=015456&p_code=ME38001&p_subjt=ME380&lang=ko&loginYn=N&schedule_cd=hakbu,,,,
719,719,https://sugang.khu.ac.kr/core?attribute=lectPlan&p_year=2023&p_term=10&p_teach=048093&p_code=ME38002&p_subjt=ME380&lang=ko&loginYn=N&schedule_cd=hakbu,,,,
720,720,https://sugang.khu.ac.kr/core?attribute=lectPlan&p_year=2023&p_term=10&p_teach=021782&p_code=ME47501&p_subjt=ME475&lang=ko&loginYn=N&schedule_cd=hakbu,,,,
721,721,https://sugang.khu.ac.kr/core?attribute=lectPlan&p_year=2023&p_term=10&p_teach=017826&p_code=SWCON10300&p_subjt=SWCON103&lang=ko&loginYn=N&schedule_cd=hakbu,,,,
722,722,https://sugang.khu.ac.kr/core?attribute=lectPlan&p_year=2023&p_term=10&p_teach=039542&p_code=SWCON10301&p_subjt=SWCON103&lang=ko&loginYn=N&schedule_cd=hakbu,,,,
723,723,https://sugang.khu.ac.kr/core?attribute=lectPlan&p_year=2023&p_term=10&p_teach=011186&p_code=SWCON10400&p_subjt=SWCON104&lang=ko&loginYn=N&schedule_cd=hakbu,,,,
724,724,https://sugang.khu.ac.kr/core?attribute=lectPlan&p_year=2023&p_term=10&p_teach=058523&p_code=SWCON10401&p_subjt=SWCON104&lang=ko&loginYn=N&schedule_cd=hakbu,,,,
725,725,https://sugang.khu.ac.kr/core?attribute=lectPlan&p_year=2023&p_term=10&p_teach=011186&p_code=SWCON10402&p_subjt=SWCON104&lang=ko&loginYn=N&schedule_cd=hakbu,,,,
726,726,https://sugang.khu.ac.kr/core?attribute=lectPlan&p_year=2023&p_term=10&p_teach=011186&p_code=SWCON20100&p_subjt=SWCON201&lang=ko&loginYn=N&schedule_cd=hakbu,,,,
727,727,https://sugang.khu.ac.kr/core?attribute=lectPlan&p_year=2023&p_term=10&p_teach=011186&p_code=SWCON22100&p_subjt=SWCON221&lang=ko&loginYn=N&schedule_cd=hakbu,,,,
728,728,https://sugang.khu.ac.kr/core?attribute=lectPlan&p_year=2023&p_term=10&p_teach=053003&p_code=SWCON24100&p_subjt=SWCON241&lang=ko&loginYn=N&schedule_cd=hakbu,,,,
729,729,https://sugang.khu.ac.kr/core?attribute=lectPlan&p_year=2023&p_term=10&p_teach=054270&p_code=SWCON25300&p_subjt=SWCON253&lang=ko&loginYn=N&schedule_cd=hakbu,,,,
730,730,https://sugang.khu.ac.kr/core?attribute=lectPlan&p_year=2023&p_term=10&p_teach=052980&p_code=SWCON25301&p_subjt=SWCON253&lang=ko&loginYn=N&schedule_cd=hakbu,,,,
731,731,https://sugang.khu.ac.kr/core?attribute=lectPlan&p_year=2023&p_term=10&p_teach=055393&p_code=SWCON25302&p_subjt=SWCON253&lang=ko&loginYn=N&schedule_cd=hakbu,,,,
732,732,https://sugang.khu.ac.kr/core?attribute=lectPlan&p_year=2023&p_term=10&p_teach=058521&p_code=SWCON25400&p_subjt=SWCON254&lang=ko&loginYn=N&schedule_cd=hakbu,,,,
733,733,https://sugang.khu.ac.kr/core?attribute=lectPlan&p_year=2023&p_term=10&p_teach=053003&p_code=SWCON31100&p_subjt=SWCON311&lang=ko&loginYn=N&schedule_cd=hakbu,,,,
734,734,https://sugang.khu.ac.kr/core?attribute=lectPlan&p_year=2023&p_term=10&p_teach=038168&p_code=SWCON31200&p_subjt=SWCON312&lang=ko&loginYn=N&schedule_cd=hakbu,,,,
735,735,https://sugang.khu.ac.kr/core?attribute=lectPlan&p_year=2023&p_term=10&p_teach=053003&p_code=SWCON31400&p_subjt=SWCON314&lang=ko&loginYn=N&schedule_cd=hakbu,,,,
736,736,https://sugang.khu.ac.kr/core?attribute=lectPlan&p_year=2023&p_term=10&p_teach=054270&p_code=SWCON32100&p_subjt=SWCON321&lang=ko&loginYn=N&schedule_cd=hakbu,,,,
737,737,https://sugang.khu.ac.kr/core?attribute=lectPlan&p_year=2023&p_term=10&p_teach=058523&p_code=SWCON32101&p_subjt=SWCON321&lang=ko&loginYn=N&schedule_cd=hakbu,,,,
738,738,https://sugang.khu.ac.kr/core?attribute=lectPlan&p_year=2023&p_term=10&p_teach=015184&p_code=SWCON32102&p_subjt=SWCON321&lang=ko&loginYn=N&schedule_cd=hakbu,,,,
739,739,https://sugang.khu.ac.kr/core?attribute=lectPlan&p_year=2023&p_term=10&p_teach=015184&p_code=SWCON32103&p_subjt=SWCON321&lang=ko&loginYn=N&schedule_cd=hakbu,,,,
740,740,https://sugang.khu.ac.kr/core?attribute=lectPlan&p_year=2023&p_term=10&p_teach=055078&p_code=SWCON33200&p_subjt=SWCON332&lang=ko&loginYn=N&schedule_cd=hakbu,,,,
741,741,https://sugang.khu.ac.kr/core?attribute=lectPlan&p_year=2023&p_term=10&p_teach=054270&p_code=SWCON34100&p_subjt=SWCON341&lang=ko&loginYn=N&schedule_cd=hakbu,,,,
742,742,https://sugang.khu.ac.kr/core?attribute=lectPlan&p_year=2023&p_term=10&p_teach=054270&p_code=SWCON36300&p_subjt=SWCON363&lang=ko&loginYn=N&schedule_cd=hakbu,,,,
743,743,https://sugang.khu.ac.kr/core?attribute=lectPlan&p_year=2023&p_term=10&p_teach=055078&p_code=SWCON36600&p_subjt=SWCON366&lang=ko&loginYn=N&schedule_cd=hakbu,,,,
744,744,https://sugang.khu.ac.kr/core?attribute=lectPlan&p_year=2023&p_term=10&p_teach=053003&p_code=SWCON36700&p_subjt=SWCON367&lang=ko&loginYn=N&schedule_cd=hakbu,,,,
745,745,https://sugang.khu.ac.kr/core?attribute=lectPlan&p_year=2023&p_term=10&p_teach=058521&p_code=SWCON36701&p_subjt=SWCON367&lang=ko&loginYn=N&schedule_cd=hakbu,,,,
746,746,https://sugang.khu.ac.kr/core?attribute=lectPlan&p_year=2023&p_term=10&p_teach=058521&p_code=SWCON36702&p_subjt=SWCON367&lang=ko&loginYn=N&schedule_cd=hakbu,,,,
747,747,https://sugang.khu.ac.kr/core?attribute=lectPlan&p_year=2023&p_term=10&p_teach=053003&p_code=SWCON36703&p_subjt=SWCON367&lang=ko&loginYn=N&schedule_cd=hakbu,,,,
748,748,https://sugang.khu.ac.kr/core?attribute=lectPlan&p_year=2023&p_term=10&p_teach=053003&p_code=SWCON36704&p_subjt=SWCON367&lang=ko&loginYn=N&schedule_cd=hakbu,,,,
749,749,https://sugang.khu.ac.kr/core?attribute=lectPlan&p_year=2023&p_term=10&p_teach=053003&p_code=SWCON36705&p_subjt=SWCON367&lang=ko&loginYn=N&schedule_cd=hakbu,,,,
750,750,https://sugang.khu.ac.kr/core?attribute=lectPlan&p_year=2023&p_term=10&p_teach=011186&p_code=SWCON40100&p_subjt=SWCON401&lang=ko&loginYn=N&schedule_cd=hakbu,,,,
751,751,https://sugang.khu.ac.kr/core?attribute=lectPlan&p_year=2023&p_term=10&p_teach=015184&p_code=SWCON40101&p_subjt=SWCON401&lang=ko&loginYn=N&schedule_cd=hakbu,,,,
752,752,https://sugang.khu.ac.kr/core?attribute=lectPlan&p_year=2023&p_term=10&p_teach=053003&p_code=SWCON40102&p_subjt=SWCON401&lang=ko&loginYn=N&schedule_cd=hakbu,,,,
753,753,https://sugang.khu.ac.kr/core?attribute=lectPlan&p_year=2023&p_term=10&p_teach=054270&p_code=SWCON40103&p_subjt=SWCON401&lang=ko&loginYn=N&schedule_cd=hakbu,,,,
754,754,https://sugang.khu.ac.kr/core?attribute=lectPlan&p_year=2023&p_term=10&p_teach=055078&p_code=SWCON40104&p_subjt=SWCON401&lang=ko&loginYn=N&schedule_cd=hakbu,,,,
755,755,https://sugang.khu.ac.kr/core?attribute=lectPlan&p_year=2023&p_term=10&p_teach=058523&p_code=SWCON40105&p_subjt=SWCON401&lang=ko&loginYn=N&schedule_cd=hakbu,,,,
756,756,https://sugang.khu.ac.kr/core?attribute=lectPlan&p_year=2023&p_term=10&p_teach=058521&p_code=SWCON40106&p_subjt=SWCON401&lang=ko&loginYn=N&schedule_cd=hakbu,,,,
757,757,https://sugang.khu.ac.kr/core?attribute=lectPlan&p_year=2023&p_term=10&p_teach=015184&p_code=SWCON40107&p_subjt=SWCON401&lang=ko&loginYn=N&schedule_cd=hakbu,,,,
758,758,https://sugang.khu.ac.kr/core?attribute=lectPlan&p_year=2023&p_term=10&p_teach=015184&p_code=SWCON40108&p_subjt=SWCON401&lang=ko&loginYn=N&schedule_cd=hakbu,,,,
759,759,https://sugang.khu.ac.kr/core?attribute=lectPlan&p_year=2023&p_term=10&p_teach=015184&p_code=SWCON40109&p_subjt=SWCON401&lang=ko&loginYn=N&schedule_cd=hakbu,,,,
760,760,https://sugang.khu.ac.kr/core?attribute=lectPlan&p_year=2023&p_term=10&p_teach=053003&p_code=SWCON40110&p_subjt=SWCON401&lang=ko&loginYn=N&schedule_cd=hakbu,,,,
761,761,https://sugang.khu.ac.kr/core?attribute=lectPlan&p_year=2023&p_term=10&p_teach=053003&p_code=SWCON40111&p_subjt=SWCON401&lang=ko&loginYn=N&schedule_cd=hakbu,,,,
762,762,https://sugang.khu.ac.kr/core?attribute=lectPlan&p_year=2023&p_term=10&p_teach=053003&p_code=SWCON40112&p_subjt=SWCON401&lang=ko&loginYn=N&schedule_cd=hakbu,,,,
763,763,https://sugang.khu.ac.kr/core?attribute=lectPlan&p_year=2023&p_term=10&p_teach=053003&p_code=SWCON40113&p_subjt=SWCON401&lang=ko&loginYn=N&schedule_cd=hakbu,,,,
764,764,https://sugang.khu.ac.kr/core?attribute=lectPlan&p_year=2023&p_term=10&p_teach=054270&p_code=SWCON40114&p_subjt=SWCON401&lang=ko&loginYn=N&schedule_cd=hakbu,,,,
765,765,https://sugang.khu.ac.kr/core?attribute=lectPlan&p_year=2023&p_term=10&p_teach=054270&p_code=SWCON40115&p_subjt=SWCON401&lang=ko&loginYn=N&schedule_cd=hakbu,,,,
766,766,https://sugang.khu.ac.kr/core?attribute=lectPlan&p_year=2023&p_term=10&p_teach=055078&p_code=SWCON40116&p_subjt=SWCON401&lang=ko&loginYn=N&schedule_cd=hakbu,,,,
767,767,https://sugang.khu.ac.kr/core?attribute=lectPlan&p_year=2023&p_term=10&p_teach=055078&p_code=SWCON40117&p_subjt=SWCON401&lang=ko&loginYn=N&schedule_cd=hakbu,,,,
768,768,https://sugang.khu.ac.kr/core?attribute=lectPlan&p_year=2023&p_term=10&p_teach=058523&p_code=SWCON40118&p_subjt=SWCON401&lang=ko&loginYn=N&schedule_cd=hakbu,,,,
769,769,https://sugang.khu.ac.kr/core?attribute=lectPlan&p_year=2023&p_term=10&p_teach=058523&p_code=SWCON40119&p_subjt=SWCON401&lang=ko&loginYn=N&schedule_cd=hakbu,,,,
770,770,https://sugang.khu.ac.kr/core?attribute=lectPlan&p_year=2023&p_term=10&p_teach=058523&p_code=SWCON40120&p_subjt=SWCON401&lang=ko&loginYn=N&schedule_cd=hakbu,,,,
771,771,https://sugang.khu.ac.kr/core?attribute=lectPlan&p_year=2023&p_term=10&p_teach=058521&p_code=SWCON40121&p_subjt=SWCON401&lang=ko&loginYn=N&schedule_cd=hakbu,,,,
772,772,https://sugang.khu.ac.kr/core?attribute=lectPlan&p_year=2023&p_term=10&p_teach=058521&p_code=SWCON40122&p_subjt=SWCON401&lang=ko&loginYn=N&schedule_cd=hakbu,,,,
773,773,https://sugang.khu.ac.kr/core?attribute=lectPlan&p_year=2023&p_term=10&p_teach=015184&p_code=SWCON40200&p_subjt=SWCON402&lang=ko&loginYn=N&schedule_cd=hakbu,,,,
774,774,https://sugang.khu.ac.kr/core?attribute=lectPlan&p_year=2023&p_term=10&p_teach=055078&p_code=SWCON44100&p_subjt=SWCON441&lang=ko&loginYn=N&schedule_cd=hakbu,,,,
775,775,https://sugang.khu.ac.kr/core?attribute=lectPlan&p_year=2023&p_term=10&p_teach=015184&p_code=SWCON49100&p_subjt=SWCON491&lang=ko&loginYn=N&schedule_cd=hakbu,,,,
776,776,https://sugang.khu.ac.kr/core?attribute=lectPlan&p_year=2023&p_term=10&p_teach=011186&p_code=SWCON49200&p_subjt=SWCON492&lang=ko&loginYn=N&schedule_cd=hakbu,,,,
777,777,https://sugang.khu.ac.kr/core?attribute=lectPlan&p_year=2023&p_term=10&p_teach=055078&p_code=SWCON49500&p_subjt=SWCON495&lang=ko&loginYn=N&schedule_cd=hakbu,,,,
778,778,https://sugang.khu.ac.kr/core?attribute=lectPlan&p_year=2023&p_term=20&p_teach=055394&p_code=AI100200&p_subjt=AI1002&lang=ko&loginYn=N&schedule_cd=hakbu,,,,
779,779,https://sugang.khu.ac.kr/core?attribute=lectPlan&p_year=2023&p_term=20&p_teach=055392&p_code=AI100300&p_subjt=AI1003&lang=ko&loginYn=N&schedule_cd=hakbu,,,,
780,780,https://sugang.khu.ac.kr/core?attribute=lectPlan&p_year=2023&p_term=20&p_teach=000558&p_code=AMTH100107&p_subjt=AMTH1001&lang=ko&loginYn=N&schedule_cd=hakbu,,,,
781,781,https://sugang.khu.ac.kr/core?attribute=lectPlan&p_year=2023&p_term=20&p_teach=026834&p_code=AMTH100108&p_subjt=AMTH1001&lang=ko&loginYn=N&schedule_cd=hakbu,,,,
782,782,https://sugang.khu.ac.kr/core?attribute=lectPlan&p_year=2023&p_term=20&p_teach=026834&p_code=AMTH100109&p_subjt=AMTH1001&lang=ko&loginYn=N&schedule_cd=hakbu,,,,
783,783,https://sugang.khu.ac.kr/core?attribute=lectPlan&p_year=2023&p_term=20&p_teach=051042&p_code=AMTH100110&p_subjt=AMTH1001&lang=ko&loginYn=N&schedule_cd=hakbu,,,,
784,784,https://sugang.khu.ac.kr/core?attribute=lectPlan&p_year=2023&p_term=20&p_teach=051042&p_code=AMTH100111&p_subjt=AMTH1001&lang=ko&loginYn=N&schedule_cd=hakbu,,,,
785,785,https://sugang.khu.ac.kr/core?attribute=lectPlan&p_year=2023&p_term=20&p_teach=051878&p_code=AMTH100112&p_subjt=AMTH1001&lang=ko&loginYn=N&schedule_cd=hakbu,,,,
786,786,https://sugang.khu.ac.kr/core?attribute=lectPlan&p_year=2023&p_term=20&p_teach=015184&p_code=CSE10300&p_subjt=CSE103&lang=ko&loginYn=N&schedule_cd=hakbu,,,,
787,787,https://sugang.khu.ac.kr/core?attribute=lectPlan&p_year=2023&p_term=20&p_teach=055393&p_code=CSE10301&p_subjt=CSE103&lang=ko&loginYn=N&schedule_cd=hakbu,,,,
788,788,https://sugang.khu.ac.kr/core?attribute=lectPlan&p_year=2023&p_term=20&p_teach=015184&p_code=CSE10302&p_subjt=CSE103&lang=ko&loginYn=N&schedule_cd=hakbu,,,,
789,789,https://sugang.khu.ac.kr/core?attribute=lectPlan&p_year=2023&p_term=20&p_teach=057157&p_code=CSE10400&p_subjt=CSE104&lang=ko&loginYn=N&schedule_cd=hakbu,,,,
790,790,https://sugang.khu.ac.kr/core?attribute=lectPlan&p_year=2023&p_term=20&p_teach=060800&p_code=CSE20100&p_subjt=CSE201&lang=ko&loginYn=N&schedule_cd=hakbu,,,,
791,791,https://sugang.khu.ac.kr/core?attribute=lectPlan&p_year=2023&p_term=20&p_teach=055392&p_code=CSE20300&p_subjt=CSE203&lang=ko&loginYn=N&schedule_cd=hakbu,,,,
792,792,https://sugang.khu.ac.kr/core?attribute=lectPlan&p_year=2023&p_term=20&p_teach=055394&p_code=CSE20301&p_subjt=CSE203&lang=ko&loginYn=N&schedule_cd=hakbu,,,,
793,793,https://sugang.khu.ac.kr/core?attribute=lectPlan&p_year=2023&p_term=20&p_teach=058974&p_code=CSE20302&p_subjt=CSE203&lang=ko&loginYn=N&schedule_cd=hakbu,,,,
794,794,https://sugang.khu.ac.kr/core?attribute=lectPlan&p_year=2023&p_term=20&p_teach=033491&p_code=CSE20400&p_subjt=CSE204&lang=ko&loginYn=N&schedule_cd=hakbu,,,,
795,795,https://sugang.khu.ac.kr/core?attribute=lectPlan&p_year=2023&p_term=20&p_teach=033491&p_code=CSE20401&p_subjt=CSE204&lang=ko&loginYn=N&schedule_cd=hakbu,,,,
796,796,https://sugang.khu.ac.kr/core?attribute=lectPlan&p_year=2023&p_term=20&p_teach=061420&p_code=CSE20402&p_subjt=CSE204&lang=ko&loginYn=N&schedule_cd=hakbu,,,,
797,797,https://sugang.khu.ac.kr/core?attribute=lectPlan&p_year=2023&p_term=20&p_teach=059667&p_code=CSE30100&p_subjt=CSE301&lang=ko&loginYn=N&schedule_cd=hakbu,,,,
798,798,https://sugang.khu.ac.kr/core?attribute=lectPlan&p_year=2023&p_term=20&p_teach=055744&p_code=CSE30101&p_subjt=CSE301&lang=ko&loginYn=N&schedule_cd=hakbu,,,,
799,799,https://sugang.khu.ac.kr/core?attribute=lectPlan&p_year=2023&p_term=20&p_teach=011186&p_code=CSE30200&p_subjt=CSE302&lang=ko&loginYn=N&schedule_cd=hakbu,,,,
800,800,https://sugang.khu.ac.kr/core?attribute=lectPlan&p_year=2023&p_term=20&p_teach=019803&p_code=CSE30201&p_subjt=CSE302&lang=ko&loginYn=N&schedule_cd=hakbu,,,,
801,801,https://sugang.khu.ac.kr/core?attribute=lectPlan&p_year=2023&p_term=20&p_teach=041632&p_code=CSE30202&p_subjt=CSE302&lang=ko&loginYn=N&schedule_cd=hakbu,,,,
802,802,https://sugang.khu.ac.kr/core?attribute=lectPlan&p_year=2023&p_term=20&p_teach=020905&p_code=CSE30203&p_subjt=CSE302&lang=ko&loginYn=N&schedule_cd=hakbu,,,,
803,803,https://sugang.khu.ac.kr/core?attribute=lectPlan&p_year=2023&p_term=20&p_teach=006189&p_code=CSE30400&p_subjt=CSE304&lang=ko&loginYn=N&schedule_cd=hakbu,,,,
804,804,https://sugang.khu.ac.kr/core?attribute=lectPlan&p_year=2023&p_term=20&p_teach=006189&p_code=CSE30401&p_subjt=CSE304&lang=ko&loginYn=N&schedule_cd=hakbu,,,,
805,805,https://sugang.khu.ac.kr/core?attribute=lectPlan&p_year=2023&p_term=20&p_teach=022334&p_code=CSE30500&p_subjt=CSE305&lang=ko&loginYn=N&schedule_cd=hakbu,,,,
806,806,https://sugang.khu.ac.kr/core?attribute=lectPlan&p_year=2023&p_term=20&p_teach=053197&p_code=CSE30501&p_subjt=CSE305&lang=ko&loginYn=N&schedule_cd=hakbu,,,,
807,807,https://sugang.khu.ac.kr/core?attribute=lectPlan&p_year=2023&p_term=20&p_teach=058974&p_code=CSE32700&p_subjt=CSE327&lang=ko&loginYn=N&schedule_cd=hakbu,,,,
808,808,https://sugang.khu.ac.kr/core?attribute=lectPlan&p_year=2023&p_term=20&p_teach=048730&p_code=CSE32800&p_subjt=CSE328&lang=ko&loginYn=N&schedule_cd=hakbu,,,,
809,809,https://sugang.khu.ac.kr/core?attribute=lectPlan&p_year=2023&p_term=20&p_teach=058992&p_code=CSE33100&p_subjt=CSE331&lang=ko&loginYn=N&schedule_cd=hakbu,,,,
810,810,https://sugang.khu.ac.kr/core?attribute=lectPlan&p_year=2023&p_term=20&p_teach=020897&p_code=CSE33200&p_subjt=CSE332&lang=ko&loginYn=N&schedule_cd=hakbu,,,,
811,811,https://sugang.khu.ac.kr/core?attribute=lectPlan&p_year=2023&p_term=20&p_teach=045484&p_code=CSE33400&p_subjt=CSE334&lang=ko&loginYn=N&schedule_cd=hakbu,,,,
812,812,https://sugang.khu.ac.kr/core?attribute=lectPlan&p_year=2023&p_term=20&p_teach=052980&p_code=CSE40300&p_subjt=CSE403&lang=ko&loginYn=N&schedule_cd=hakbu,,,,
813,813,https://sugang.khu.ac.kr/core?attribute=lectPlan&p_year=2023&p_term=20&p_teach=052980&p_code=CSE40500&p_subjt=CSE405&lang=ko&loginYn=N&schedule_cd=hakbu,,,,
814,814,https://sugang.khu.ac.kr/core?attribute=lectPlan&p_year=2023&p_term=20&p_teach=052980&p_code=CSE40501&p_subjt=CSE405&lang=ko&loginYn=N&schedule_cd=hakbu,,,,
815,815,https://sugang.khu.ac.kr/core?attribute=lectPlan&p_year=2023&p_term=20&p_teach=020897&p_code=CSE40600&p_subjt=CSE406&lang=ko&loginYn=N&schedule_cd=hakbu,,,,
816,816,https://sugang.khu.ac.kr/core?attribute=lectPlan&p_year=2023&p_term=20&p_teach=058992&p_code=CSE40601&p_subjt=CSE406&lang=ko&loginYn=N&schedule_cd=hakbu,,,,
817,817,https://sugang.khu.ac.kr/core?attribute=lectPlan&p_year=2023&p_term=20&p_teach=043181&p_code=CSE40602&p_subjt=CSE406&lang=ko&loginYn=N&schedule_cd=hakbu,,,,
818,818,https://sugang.khu.ac.kr/core?attribute=lectPlan&p_year=2023&p_term=20&p_teach=058974&p_code=CSE40603&p_subjt=CSE406&lang=ko&loginYn=N&schedule_cd=hakbu,,,,
819,819,https://sugang.khu.ac.kr/core?attribute=lectPlan&p_year=2023&p_term=20&p_teach=052980&p_code=CSE40604&p_subjt=CSE406&lang=ko&loginYn=N&schedule_cd=hakbu,,,,
820,820,https://sugang.khu.ac.kr/core?attribute=lectPlan&p_year=2023&p_term=20&p_teach=055394&p_code=CSE40605&p_subjt=CSE406&lang=ko&loginYn=N&schedule_cd=hakbu,,,,
821,821,https://sugang.khu.ac.kr/core?attribute=lectPlan&p_year=2023&p_term=20&p_teach=048730&p_code=CSE40606&p_subjt=CSE406&lang=ko&loginYn=N&schedule_cd=hakbu,,,,
822,822,https://sugang.khu.ac.kr/core?attribute=lectPlan&p_year=2023&p_term=20&p_teach=039542&p_code=CSE40607&p_subjt=CSE406&lang=ko&loginYn=N&schedule_cd=hakbu,,,,
823,823,https://sugang.khu.ac.kr/core?attribute=lectPlan&p_year=2023&p_term=20&p_teach=022334&p_code=CSE40608&p_subjt=CSE406&lang=ko&loginYn=N&schedule_cd=hakbu,,,,
824,824,https://sugang.khu.ac.kr/core?attribute=lectPlan&p_year=2023&p_term=20&p_teach=059932&p_code=CSE40609&p_subjt=CSE406&lang=ko&loginYn=N&schedule_cd=hakbu,,,,
825,825,https://sugang.khu.ac.kr/core?attribute=lectPlan&p_year=2023&p_term=20&p_teach=038168&p_code=CSE40610&p_subjt=CSE406&lang=ko&loginYn=N&schedule_cd=hakbu,,,,
826,826,https://sugang.khu.ac.kr/core?attribute=lectPlan&p_year=2023&p_term=20&p_teach=038168&p_code=CSE40611&p_subjt=CSE406&lang=ko&loginYn=N&schedule_cd=hakbu,,,,
827,827,https://sugang.khu.ac.kr/core?attribute=lectPlan&p_year=2023&p_term=20&p_teach=055393&p_code=CSE40612&p_subjt=CSE406&lang=ko&loginYn=N&schedule_cd=hakbu,,,,
828,828,https://sugang.khu.ac.kr/core?attribute=lectPlan&p_year=2023&p_term=20&p_teach=059667&p_code=CSE40613&p_subjt=CSE406&lang=ko&loginYn=N&schedule_cd=hakbu,,,,
829,829,https://sugang.khu.ac.kr/core?attribute=lectPlan&p_year=2023&p_term=20&p_teach=055392&p_code=CSE40614&p_subjt=CSE406&lang=ko&loginYn=N&schedule_cd=hakbu,,,,
830,830,https://sugang.khu.ac.kr/core?attribute=lectPlan&p_year=2023&p_term=20&p_teach=059932&p_code=CSE40615&p_subjt=CSE406&lang=ko&loginYn=N&schedule_cd=hakbu,,,,
831,831,https://sugang.khu.ac.kr/core?attribute=lectPlan&p_year=2023&p_term=20&p_teach=020897&p_code=CSE40616&p_subjt=CSE406&lang=ko&loginYn=N&schedule_cd=hakbu,,,,
832,832,https://sugang.khu.ac.kr/core?attribute=lectPlan&p_year=2023&p_term=20&p_teach=017826&p_code=CSE43000&p_subjt=CSE430&lang=ko&loginYn=N&schedule_cd=hakbu,,,,
833,833,https://sugang.khu.ac.kr/core?attribute=lectPlan&p_year=2023&p_term=20&p_teach=047818&p_code=CSE43700&p_subjt=CSE437&lang=ko&loginYn=N&schedule_cd=hakbu,,,,
834,834,https://sugang.khu.ac.kr/core?attribute=lectPlan&p_year=2023&p_term=20&p_teach=039542&p_code=CSE44100&p_subjt=CSE441&lang=ko&loginYn=N&schedule_cd=hakbu,,,,
835,835,https://sugang.khu.ac.kr/core?attribute=lectPlan&p_year=2023&p_term=20&p_teach=037046&p_code=CSE45100&p_subjt=CSE451&lang=ko&loginYn=N&schedule_cd=hakbu,,,,
836,836,https://sugang.khu.ac.kr/core?attribute=lectPlan&p_year=2023&p_term=20&p_teach=059932&p_code=CSE45200&p_subjt=CSE452&lang=ko&loginYn=N&schedule_cd=hakbu,,,,
837,837,https://sugang.khu.ac.kr/core?attribute=lectPlan&p_year=2023&p_term=20&p_teach=052980&p_code=CSE49700&p_subjt=CSE497&lang=ko&loginYn=N&schedule_cd=hakbu,,,,
838,838,https://sugang.khu.ac.kr/core?attribute=lectPlan&p_year=2023&p_term=20&p_teach=058974&p_code=CSE49900&p_subjt=CSE499&lang=ko&loginYn=N&schedule_cd=hakbu,,,,
839,839,https://sugang.khu.ac.kr/core?attribute=lectPlan&p_year=2023&p_term=20&p_teach=058974&p_code=CSE49901&p_subjt=CSE499&lang=ko&loginYn=N&schedule_cd=hakbu,,,,
840,840,https://sugang.khu.ac.kr/core?attribute=lectPlan&p_year=2023&p_term=20&p_teach=055394&p_code=CSE49902&p_subjt=CSE499&lang=ko&loginYn=N&schedule_cd=hakbu,,,,
841,841,https://sugang.khu.ac.kr/core?attribute=lectPlan&p_year=2023&p_term=20&p_teach=059482&p_code=EE20900&p_subjt=EE209&lang=ko&loginYn=N&schedule_cd=hakbu,,,,
842,842,https://sugang.khu.ac.kr/core?attribute=lectPlan&p_year=2023&p_term=20&p_teach=059482&p_code=EE20901&p_subjt=EE209&lang=ko&loginYn=N&schedule_cd=hakbu,,,,
843,843,https://sugang.khu.ac.kr/core?attribute=lectPlan&p_year=2023&p_term=20&p_teach=026088&p_code=EE20902&p_subjt=EE209&lang=ko&loginYn=N&schedule_cd=hakbu,,,,
844,844,https://sugang.khu.ac.kr/core?attribute=lectPlan&p_year=2023&p_term=20&p_teach=025249&p_code=EE21000&p_subjt=EE210&lang=ko&loginYn=N&schedule_cd=hakbu,,,,
845,845,https://sugang.khu.ac.kr/core?attribute=lectPlan&p_year=2023&p_term=20&p_teach=023209&p_code=EE21001&p_subjt=EE210&lang=ko&loginYn=N&schedule_cd=hakbu,,,,
846,846,https://sugang.khu.ac.kr/core?attribute=lectPlan&p_year=2023&p_term=20&p_teach=056156&p_code=EE21002&p_subjt=EE210&lang=ko&loginYn=N&schedule_cd=hakbu,,,,
847,847,https://sugang.khu.ac.kr/core?attribute=lectPlan&p_year=2023&p_term=20&p_teach=014892&p_code=EE21003&p_subjt=EE210&lang=ko&loginYn=N&schedule_cd=hakbu,,,,
848,848,https://sugang.khu.ac.kr/core?attribute=lectPlan&p_year=2023&p_term=20&p_teach=021795&p_code=EE21100&p_subjt=EE211&lang=ko&loginYn=N&schedule_cd=hakbu,,,,
849,849,https://sugang.khu.ac.kr/core?attribute=lectPlan&p_year=2023&p_term=20&p_teach=023209&p_code=EE21101&p_subjt=EE211&lang=ko&loginYn=N&schedule_cd=hakbu,,,,
850,850,https://sugang.khu.ac.kr/core?attribute=lectPlan&p_year=2023&p_term=20&p_teach=020905&p_code=EE21102&p_subjt=EE211&lang=ko&loginYn=N&schedule_cd=hakbu,,,,
851,851,https://sugang.khu.ac.kr/core?attribute=lectPlan&p_year=2023&p_term=20&p_teach=004463&p_code=EE21103&p_subjt=EE211&lang=ko&loginYn=N&schedule_cd=hakbu,,,,
852,852,https://sugang.khu.ac.kr/core?attribute=lectPlan&p_year=2023&p_term=20&p_teach=026641&p_code=EE46100&p_subjt=EE461&lang=ko&loginYn=N&schedule_cd=hakbu,,,,
853,853,https://sugang.khu.ac.kr/core?attribute=lectPlan&p_year=2023&p_term=20&p_teach=042468&p_code=IE20800&p_subjt=IE208&lang=ko&loginYn=N&schedule_cd=hakbu,,,,
854,854,https://sugang.khu.ac.kr/core?attribute=lectPlan&p_year=2023&p_term=20&p_teach=024581&p_code=IE21500&p_subjt=IE215&lang=ko&loginYn=N&schedule_cd=hakbu,,,,
855,855,https://sugang.khu.ac.kr/core?attribute=lectPlan&p_year=2023&p_term=20&p_teach=024581&p_code=IE21501&p_subjt=IE215&lang=ko&loginYn=N&schedule_cd=hakbu,,,,
856,856,https://sugang.khu.ac.kr/core?attribute=lectPlan&p_year=2023&p_term=20&p_teach=036957&p_code=IE30200&p_subjt=IE302&lang=ko&loginYn=N&schedule_cd=hakbu,,,,
857,857,https://sugang.khu.ac.kr/core?attribute=lectPlan&p_year=2023&p_term=20&p_teach=011044&p_code=ME27101&p_subjt=ME271&lang=ko&loginYn=N&schedule_cd=hakbu,,,,
858,858,https://sugang.khu.ac.kr/core?attribute=lectPlan&p_year=2023&p_term=20&p_teach=048093&p_code=ME27102&p_subjt=ME271&lang=ko&loginYn=N&schedule_cd=hakbu,,,,
859,859,https://sugang.khu.ac.kr/core?attribute=lectPlan&p_year=2023&p_term=20&p_teach=015456&p_code=ME27103&p_subjt=ME271&lang=ko&loginYn=N&schedule_cd=hakbu,,,,
860,860,https://sugang.khu.ac.kr/core?attribute=lectPlan&p_year=2023&p_term=20&p_teach=011044&p_code=ME37601&p_subjt=ME376&lang=ko&loginYn=N&schedule_cd=hakbu,,,,
861,861,https://sugang.khu.ac.kr/core?attribute=lectPlan&p_year=2023&p_term=20&p_teach=058521&p_code=SWCON10100&p_subjt=SWCON101&lang=ko&loginYn=N&schedule_cd=hakbu,,,,
862,862,https://sugang.khu.ac.kr/core?attribute=lectPlan&p_year=2023&p_term=20&p_teach=053003&p_code=SWCON10300&p_subjt=SWCON103&lang=ko&loginYn=N&schedule_cd=hakbu,,,,
863,863,https://sugang.khu.ac.kr/core?attribute=lectPlan&p_year=2023&p_term=20&p_teach=017826&p_code=SWCON10301&p_subjt=SWCON103&lang=ko&loginYn=N&schedule_cd=hakbu,,,,
864,864,https://sugang.khu.ac.kr/core?attribute=lectPlan&p_year=2023&p_term=20&p_teach=039542&p_code=SWCON10302&p_subjt=SWCON103&lang=ko&loginYn=N&schedule_cd=hakbu,,,,
865,865,https://sugang.khu.ac.kr/core?attribute=lectPlan&p_year=2023&p_term=20&p_teach=039718&p_code=SWCON10303&p_subjt=SWCON103&lang=ko&loginYn=N&schedule_cd=hakbu,,,,
866,866,https://sugang.khu.ac.kr/core?attribute=lectPlan&p_year=2023&p_term=20&p_teach=061421&p_code=SWCON10304&p_subjt=SWCON103&lang=ko&loginYn=N&schedule_cd=hakbu,,,,
867,867,https://sugang.khu.ac.kr/core?attribute=lectPlan&p_year=2023&p_term=20&p_teach=011186&p_code=SWCON10400&p_subjt=SWCON104&lang=ko&loginYn=N&schedule_cd=hakbu,,,,
868,868,https://sugang.khu.ac.kr/core?attribute=lectPlan&p_year=2023&p_term=20&p_teach=058523&p_code=SWCON10401&p_subjt=SWCON104&lang=ko&loginYn=N&schedule_cd=hakbu,,,,
869,869,https://sugang.khu.ac.kr/core?attribute=lectPlan&p_year=2023&p_term=20&p_teach=011186&p_code=SWCON10402&p_subjt=SWCON104&lang=ko&loginYn=N&schedule_cd=hakbu,,,,
870,870,https://sugang.khu.ac.kr/core?attribute=lectPlan&p_year=2023&p_term=20&p_teach=011186&p_code=SWCON20100&p_subjt=SWCON201&lang=ko&loginYn=N&schedule_cd=hakbu,,,,
871,871,https://sugang.khu.ac.kr/core?attribute=lectPlan&p_year=2023&p_term=20&p_teach=058521&p_code=SWCON21100&p_subjt=SWCON211&lang=ko&loginYn=N&schedule_cd=hakbu,,,,
872,872,https://sugang.khu.ac.kr/core?attribute=lectPlan&p_year=2023&p_term=20&p_teach=053003&p_code=SWCON21200&p_subjt=SWCON212&lang=ko&loginYn=N&schedule_cd=hakbu,,,,
873,873,https://sugang.khu.ac.kr/core?attribute=lectPlan&p_year=2023&p_term=20&p_teach=011186&p_code=SWCON22100&p_subjt=SWCON221&lang=ko&loginYn=N&schedule_cd=hakbu,,,,
874,874,https://sugang.khu.ac.kr/core?attribute=lectPlan&p_year=2023&p_term=20&p_teach=053003&p_code=SWCON24200&p_subjt=SWCON242&lang=ko&loginYn=N&schedule_cd=hakbu,,,,
875,875,https://sugang.khu.ac.kr/core?attribute=lectPlan&p_year=2023&p_term=20&p_teach=054270&p_code=SWCON25300&p_subjt=SWCON253&lang=ko&loginYn=N&schedule_cd=hakbu,,,,
876,876,https://sugang.khu.ac.kr/core?attribute=lectPlan&p_year=2023&p_term=20&p_teach=052980&p_code=SWCON25301&p_subjt=SWCON253&lang=ko&loginYn=N&schedule_cd=hakbu,,,,
877,877,https://sugang.khu.ac.kr/core?attribute=lectPlan&p_year=2023&p_term=20&p_teach=055393&p_code=SWCON25302&p_subjt=SWCON253&lang=ko&loginYn=N&schedule_cd=hakbu,,,,
878,878,https://sugang.khu.ac.kr/core?attribute=lectPlan&p_year=2023&p_term=20&p_teach=045483&p_code=SWCON30200&p_subjt=SWCON302&lang=ko&loginYn=N&schedule_cd=hakbu,,,,
879,879,https://sugang.khu.ac.kr/core?attribute=lectPlan&p_year=2023&p_term=20&p_teach=038168&p_code=SWCON31300&p_subjt=SWCON313&lang=ko&loginYn=N&schedule_cd=hakbu,,,,
880,880,https://sugang.khu.ac.kr/core?attribute=lectPlan&p_year=2023&p_term=20&p_teach=054270&p_code=SWCON32100&p_subjt=SWCON321&lang=ko&loginYn=N&schedule_cd=hakbu,,,,
881,881,https://sugang.khu.ac.kr/core?attribute=lectPlan&p_year=2023&p_term=20&p_teach=058523&p_code=SWCON32101&p_subjt=SWCON321&lang=ko&loginYn=N&schedule_cd=hakbu,,,,
882,882,https://sugang.khu.ac.kr/core?attribute=lectPlan&p_year=2023&p_term=20&p_teach=015184&p_code=SWCON32102&p_subjt=SWCON321&lang=ko&loginYn=N&schedule_cd=hakbu,,,,
883,883,https://sugang.khu.ac.kr/core?attribute=lectPlan&p_year=2023&p_term=20&p_teach=054270&p_code=SWCON32103&p_subjt=SWCON321&lang=ko&loginYn=N&schedule_cd=hakbu,,,,
884,884,https://sugang.khu.ac.kr/core?attribute=lectPlan&p_year=2023&p_term=20&p_teach=015184&p_code=SWCON32104&p_subjt=SWCON321&lang=ko&loginYn=N&schedule_cd=hakbu,,,,
885,885,https://sugang.khu.ac.kr/core?attribute=lectPlan&p_year=2023&p_term=20&p_teach=058523&p_code=SWCON32105&p_subjt=SWCON321&lang=ko&loginYn=N&schedule_cd=hakbu,,,,
886,886,https://sugang.khu.ac.kr/core?attribute=lectPlan&p_year=2023&p_term=20&p_teach=058523&p_code=SWCON32106&p_subjt=SWCON321&lang=ko&loginYn=N&schedule_cd=hakbu,,,,
887,887,https://sugang.khu.ac.kr/core?attribute=lectPlan&p_year=2023&p_term=20&p_teach=058523&p_code=SWCON32107&p_subjt=SWCON321&lang=ko&loginYn=N&schedule_cd=hakbu,,,,
888,888,https://sugang.khu.ac.kr/core?attribute=lectPlan&p_year=2023&p_term=20&p_teach=058523&p_code=SWCON32108&p_subjt=SWCON321&lang=ko&loginYn=N&schedule_cd=hakbu,,,,
889,889,https://sugang.khu.ac.kr/core?attribute=lectPlan&p_year=2023&p_term=20&p_teach=058523&p_code=SWCON32109&p_subjt=SWCON321&lang=ko&loginYn=N&schedule_cd=hakbu,,,,
890,890,https://sugang.khu.ac.kr/core?attribute=lectPlan&p_year=2023&p_term=20&p_teach=054270&p_code=SWCON32110&p_subjt=SWCON321&lang=ko&loginYn=N&schedule_cd=hakbu,,,,
891,891,https://sugang.khu.ac.kr/core?attribute=lectPlan&p_year=2023&p_term=20&p_teach=024581&p_code=SWCON32200&p_subjt=SWCON322&lang=ko&loginYn=N&schedule_cd=hakbu,,,,
892,892,https://sugang.khu.ac.kr/core?attribute=lectPlan&p_year=2023&p_term=20&p_teach=055078&p_code=SWCON33100&p_subjt=SWCON331&lang=ko&loginYn=N&schedule_cd=hakbu,,,,
893,893,https://sugang.khu.ac.kr/core?attribute=lectPlan&p_year=2023&p_term=20&p_teach=055078&p_code=SWCON33200&p_subjt=SWCON332&lang=ko&loginYn=N&schedule_cd=hakbu,,,,
894,894,https://sugang.khu.ac.kr/core?attribute=lectPlan&p_year=2023&p_term=20&p_teach=055078&p_code=SWCON33201&p_subjt=SWCON332&lang=ko&loginYn=N&schedule_cd=hakbu,,,,
895,895,https://sugang.khu.ac.kr/core?attribute=lectPlan&p_year=2023&p_term=20&p_teach=055078&p_code=SWCON33202&p_subjt=SWCON332&lang=ko&loginYn=N&schedule_cd=hakbu,,,,
896,896,https://sugang.khu.ac.kr/core?attribute=lectPlan&p_year=2023&p_term=20&p_teach=055078&p_code=SWCON33203&p_subjt=SWCON332&lang=ko&loginYn=N&schedule_cd=hakbu,,,,
897,897,https://sugang.khu.ac.kr/core?attribute=lectPlan&p_year=2023&p_term=20&p_teach=058523&p_code=SWCON34200&p_subjt=SWCON342&lang=ko&loginYn=N&schedule_cd=hakbu,,,,
898,898,https://sugang.khu.ac.kr/core?attribute=lectPlan&p_year=2023&p_term=20&p_teach=054270&p_code=SWCON36400&p_subjt=SWCON364&lang=ko&loginYn=N&schedule_cd=hakbu,,,,
899,899,https://sugang.khu.ac.kr/core?attribute=lectPlan&p_year=2023&p_term=20&p_teach=053003&p_code=SWCON36700&p_subjt=SWCON367&lang=ko&loginYn=N&schedule_cd=hakbu,,,,
900,900,https://sugang.khu.ac.kr/core?attribute=lectPlan&p_year=2023&p_term=20&p_teach=058521&p_code=SWCON36701&p_subjt=SWCON367&lang=ko&loginYn=N&schedule_cd=hakbu,,,,
901,901,https://sugang.khu.ac.kr/core?attribute=lectPlan&p_year=2023&p_term=20&p_teach=058521&p_code=SWCON36702&p_subjt=SWCON367&lang=ko&loginYn=N&schedule_cd=hakbu,,,,
902,902,https://sugang.khu.ac.kr/core?attribute=lectPlan&p_year=2023&p_term=20&p_teach=058521&p_code=SWCON36703&p_subjt=SWCON367&lang=ko&loginYn=N&schedule_cd=hakbu,,,,
903,903,https://sugang.khu.ac.kr/core?attribute=lectPlan&p_year=2023&p_term=20&p_teach=058521&p_code=SWCON36704&p_subjt=SWCON367&lang=ko&loginYn=N&schedule_cd=hakbu,,,,
904,904,https://sugang.khu.ac.kr/core?attribute=lectPlan&p_year=2023&p_term=20&p_teach=053003&p_code=SWCON36705&p_subjt=SWCON367&lang=ko&loginYn=N&schedule_cd=hakbu,,,,
905,905,https://sugang.khu.ac.kr/core?attribute=lectPlan&p_year=2023&p_term=20&p_teach=053003&p_code=SWCON36706&p_subjt=SWCON367&lang=ko&loginYn=N&schedule_cd=hakbu,,,,
906,906,https://sugang.khu.ac.kr/core?attribute=lectPlan&p_year=2023&p_term=20&p_teach=053003&p_code=SWCON36707&p_subjt=SWCON367&lang=ko&loginYn=N&schedule_cd=hakbu,,,,
907,907,https://sugang.khu.ac.kr/core?attribute=lectPlan&p_year=2023&p_term=20&p_teach=011186&p_code=SWCON37000&p_subjt=SWCON370&lang=ko&loginYn=N&schedule_cd=hakbu,,,,
908,908,https://sugang.khu.ac.kr/core?attribute=lectPlan&p_year=2023&p_term=20&p_teach=054270&p_code=SWCON40100&p_subjt=SWCON401&lang=ko&loginYn=N&schedule_cd=hakbu,,,,
909,909,https://sugang.khu.ac.kr/core?attribute=lectPlan&p_year=2023&p_term=20&p_teach=011186&p_code=SWCON40101&p_subjt=SWCON401&lang=ko&loginYn=N&schedule_cd=hakbu,,,,
910,910,https://sugang.khu.ac.kr/core?attribute=lectPlan&p_year=2023&p_term=20&p_teach=015184&p_code=SWCON40102&p_subjt=SWCON401&lang=ko&loginYn=N&schedule_cd=hakbu,,,,
911,911,https://sugang.khu.ac.kr/core?attribute=lectPlan&p_year=2023&p_term=20&p_teach=053003&p_code=SWCON40103&p_subjt=SWCON401&lang=ko&loginYn=N&schedule_cd=hakbu,,,,
912,912,https://sugang.khu.ac.kr/core?attribute=lectPlan&p_year=2023&p_term=20&p_teach=055078&p_code=SWCON40104&p_subjt=SWCON401&lang=ko&loginYn=N&schedule_cd=hakbu,,,,
913,913,https://sugang.khu.ac.kr/core?attribute=lectPlan&p_year=2023&p_term=20&p_teach=058523&p_code=SWCON40105&p_subjt=SWCON401&lang=ko&loginYn=N&schedule_cd=hakbu,,,,
914,914,https://sugang.khu.ac.kr/core?attribute=lectPlan&p_year=2023&p_term=20&p_teach=058521&p_code=SWCON40106&p_subjt=SWCON401&lang=ko&loginYn=N&schedule_cd=hakbu,,,,
915,915,https://sugang.khu.ac.kr/core?attribute=lectPlan&p_year=2023&p_term=20&p_teach=054270&p_code=SWCON40107&p_subjt=SWCON401&lang=ko&loginYn=N&schedule_cd=hakbu,,,,
916,916,https://sugang.khu.ac.kr/core?attribute=lectPlan&p_year=2023&p_term=20&p_teach=053003&p_code=SWCON40108&p_subjt=SWCON401&lang=ko&loginYn=N&schedule_cd=hakbu,,,,
917,917,https://sugang.khu.ac.kr/core?attribute=lectPlan&p_year=2023&p_term=20&p_teach=054270&p_code=SWCON40109&p_subjt=SWCON401&lang=ko&loginYn=N&schedule_cd=hakbu,,,,
918,918,https://sugang.khu.ac.kr/core?attribute=lectPlan&p_year=2023&p_term=20&p_teach=058521&p_code=SWCON40110&p_subjt=SWCON401&lang=ko&loginYn=N&schedule_cd=hakbu,,,,
919,919,https://sugang.khu.ac.kr/core?attribute=lectPlan&p_year=2023&p_term=20&p_teach=054270&p_code=SWCON40200&p_subjt=SWCON402&lang=ko&loginYn=N&schedule_cd=hakbu,,,,
920,920,https://sugang.khu.ac.kr/core?attribute=lectPlan&p_year=2023&p_term=20&p_teach=042468&p_code=SWCON42400&p_subjt=SWCON424&lang=ko&loginYn=N&schedule_cd=hakbu,,,,
921,921,https://sugang.khu.ac.kr/core?attribute=lectPlan&p_year=2023&p_term=20&p_teach=054270&p_code=SWCON42500&p_subjt=SWCON425&lang=ko&loginYn=N&schedule_cd=hakbu,,,,
922,922,https://sugang.khu.ac.kr/core?attribute=lectPlan&p_year=2023&p_term=20&p_teach=058521&p_code=SWCON44200&p_subjt=SWCON442&lang=ko&loginYn=N&schedule_cd=hakbu,,,,
923,923,https://sugang.khu.ac.kr/core?attribute=lectPlan&p_year=2023&p_term=20&p_teach=011186&p_code=SWCON49200&p_subjt=SWCON492&lang=ko&loginYn=N&schedule_cd=hakbu,,,,
924,924,https://sugang.khu.ac.kr/core?attribute=lectPlan&p_year=2023&p_term=15&p_teach=055744&p_code=CSE10300&p_subjt=CSE103&lang=ko&loginYn=N&schedule_cd=hakbu,,,,
925,925,https://sugang.khu.ac.kr/core?attribute=lectPlan&p_year=2023&p_term=15&p_teach=057157&p_code=CSE10400&p_subjt=CSE104&lang=ko&loginYn=N&schedule_cd=hakbu,,,,
926,926,https://sugang.khu.ac.kr/core?attribute=lectPlan&p_year=2023&p_term=15&p_teach=011186&p_code=SWCON10400&p_subjt=SWCON104&lang=ko&loginYn=N&schedule_cd=hakbu,,,,
927,927,https://sugang.khu.ac.kr/core?attribute=lectPlan&p_year=2023&p_term=15&p_teach=011186&p_code=SWCON10401&p_subjt=SWCON104&lang=ko&loginYn=N&schedule_cd=hakbu,,,,
928,928,https://sugang.khu.ac.kr/core?attribute=lectPlan&p_year=2023&p_term=25&p_teach=055744&p_code=CSE10300&p_subjt=CSE103&lang=ko&loginYn=N&schedule_cd=hakbu,,,,
929,929,https://sugang.khu.ac.kr/core?attribute=lectPlan&p_year=2023&p_term=25&p_teach=057157&p_code=CSE10400&p_subjt=CSE104&lang=ko&loginYn=N&schedule_cd=hakbu,,,,
930,930,https://sugang.khu.ac.kr/core?attribute=lectPlan&p_year=2023&p_term=25&p_teach=011186&p_code=SWCON10400&p_subjt=SWCON104&lang=ko&loginYn=N&schedule_cd=hakbu,,,,
931,931,https://sugang.khu.ac.kr/core?attribute=lectPlan&p_year=2023&p_term=25&p_teach=011186&p_code=SWCON10401&p_subjt=SWCON104&lang=ko&loginYn=N&schedule_cd=hakbu,,,,
932,932,https://sugang.khu.ac.kr/core?attribute=lectPlan&p_year=2024&p_term=10&p_teach=048730&p_code=AI100100&p_subjt=AI1001&lang=ko&loginYn=N&schedule_cd=hakbu,,,,
933,933,https://sugang.khu.ac.kr/core?attribute=lectPlan&p_year=2024&p_term=10&p_teach=055394&p_code=AI300100&p_subjt=AI3001&lang=ko&loginYn=N&schedule_cd=hakbu,,,,
934,934,https://sugang.khu.ac.kr/core?attribute=lectPlan&p_year=2024&p_term=10&p_teach=058974&p_code=AI300200&p_subjt=AI3002&lang=ko&loginYn=N&schedule_cd=hakbu,,,,
935,935,https://sugang.khu.ac.kr/core?attribute=lectPlan&p_year=2024&p_term=10&p_teach=012405&p_code=CSE000100&p_subjt=CSE0001&lang=ko&loginYn=N&schedule_cd=hakbu,,,,
936,936,https://sugang.khu.ac.kr/core?attribute=lectPlan&p_year=2024&p_term=10&p_teach=023827&p_code=CSE000101&p_subjt=CSE0001&lang=ko&loginYn=N&schedule_cd=hakbu,,,,
937,937,https://sugang.khu.ac.kr/core?attribute=lectPlan&p_year=2024&p_term=10&p_teach=015184&p_code=CSE10300&p_subjt=CSE103&lang=ko&loginYn=N&schedule_cd=hakbu,,,,
938,938,https://sugang.khu.ac.kr/core?attribute=lectPlan&p_year=2024&p_term=10&p_teach=015184&p_code=CSE10301&p_subjt=CSE103&lang=ko&loginYn=N&schedule_cd=hakbu,,,,
939,939,https://sugang.khu.ac.kr/core?attribute=lectPlan&p_year=2024&p_term=10&p_teach=055393&p_code=CSE10302&p_subjt=CSE103&lang=ko&loginYn=N&schedule_cd=hakbu,,,,
940,940,https://sugang.khu.ac.kr/core?attribute=lectPlan&p_year=2024&p_term=10&p_teach=057157&p_code=CSE10400&p_subjt=CSE104&lang=ko&loginYn=N&schedule_cd=hakbu,,,,
941,941,https://sugang.khu.ac.kr/core?attribute=lectPlan&p_year=2024&p_term=10&p_teach=060800&p_code=CSE20100&p_subjt=CSE201&lang=ko&loginYn=N&schedule_cd=hakbu,,,,
942,942,https://sugang.khu.ac.kr/core?attribute=lectPlan&p_year=2024&p_term=10&p_teach=060800&p_code=CSE20101&p_subjt=CSE201&lang=ko&loginYn=N&schedule_cd=hakbu,,,,
943,943,https://sugang.khu.ac.kr/core?attribute=lectPlan&p_year=2024&p_term=10&p_teach=058974&p_code=CSE20300&p_subjt=CSE203&lang=ko&loginYn=N&schedule_cd=hakbu,,,,
944,944,https://sugang.khu.ac.kr/core?attribute=lectPlan&p_year=2024&p_term=10&p_teach=055394&p_code=CSE20301&p_subjt=CSE203&lang=ko&loginYn=N&schedule_cd=hakbu,,,,
945,945,https://sugang.khu.ac.kr/core?attribute=lectPlan&p_year=2024&p_term=10&p_teach=055392&p_code=CSE20302&p_subjt=CSE203&lang=ko&loginYn=N&schedule_cd=hakbu,,,,
946,946,https://sugang.khu.ac.kr/core?attribute=lectPlan&p_year=2024&p_term=10&p_teach=033491&p_code=CSE20400&p_subjt=CSE204&lang=ko&loginYn=N&schedule_cd=hakbu,,,,
947,947,https://sugang.khu.ac.kr/core?attribute=lectPlan&p_year=2024&p_term=10&p_teach=033491&p_code=CSE20401&p_subjt=CSE204&lang=ko&loginYn=N&schedule_cd=hakbu,,,,
948,948,https://sugang.khu.ac.kr/core?attribute=lectPlan&p_year=2024&p_term=10&p_teach=061420&p_code=CSE20402&p_subjt=CSE204&lang=ko&loginYn=N&schedule_cd=hakbu,,,,
949,949,https://sugang.khu.ac.kr/core?attribute=lectPlan&p_year=2024&p_term=10&p_teach=038168&p_code=CSE22400&p_subjt=CSE224&lang=ko&loginYn=N&schedule_cd=hakbu,,,,
950,950,https://sugang.khu.ac.kr/core?attribute=lectPlan&p_year=2024&p_term=10&p_teach=059667&p_code=CSE30100&p_subjt=CSE301&lang=ko&loginYn=N&schedule_cd=hakbu,,,,
951,951,https://sugang.khu.ac.kr/core?attribute=lectPlan&p_year=2024&p_term=10&p_teach=020897&p_code=CSE30101&p_subjt=CSE301&lang=ko&loginYn=N&schedule_cd=hakbu,,,,
952,952,https://sugang.khu.ac.kr/core?attribute=lectPlan&p_year=2024&p_term=10&p_teach=033495&p_code=CSE30102&p_subjt=CSE301&lang=ko&loginYn=N&schedule_cd=hakbu,,,,
953,953,https://sugang.khu.ac.kr/core?attribute=lectPlan&p_year=2024&p_term=10&p_teach=011186&p_code=CSE30200&p_subjt=CSE302&lang=ko&loginYn=N&schedule_cd=hakbu,,,,
954,954,https://sugang.khu.ac.kr/core?attribute=lectPlan&p_year=2024&p_term=10&p_teach=049571&p_code=CSE30201&p_subjt=CSE302&lang=ko&loginYn=N&schedule_cd=hakbu,,,,
955,955,https://sugang.khu.ac.kr/core?attribute=lectPlan&p_year=2024&p_term=10&p_teach=015327&p_code=CSE30202&p_subjt=CSE302&lang=ko&loginYn=N&schedule_cd=hakbu,,,,
956,956,https://sugang.khu.ac.kr/core?attribute=lectPlan&p_year=2024&p_term=10&p_teach=058525&p_code=CSE30203&p_subjt=CSE302&lang=ko&loginYn=N&schedule_cd=hakbu,,,,
957,957,https://sugang.khu.ac.kr/core?attribute=lectPlan&p_year=2024&p_term=10&p_teach=006189&p_code=CSE30400&p_subjt=CSE304&lang=ko&loginYn=N&schedule_cd=hakbu,,,,
958,958,https://sugang.khu.ac.kr/core?attribute=lectPlan&p_year=2024&p_term=10&p_teach=006189&p_code=CSE30401&p_subjt=CSE304&lang=ko&loginYn=N&schedule_cd=hakbu,,,,
959,959,https://sugang.khu.ac.kr/core?attribute=lectPlan&p_year=2024&p_term=10&p_teach=022334&p_code=CSE30500&p_subjt=CSE305&lang=ko&loginYn=N&schedule_cd=hakbu,,,,
960,960,https://sugang.khu.ac.kr/core?attribute=lectPlan&p_year=2024&p_term=10&p_teach=053197&p_code=CSE30501&p_subjt=CSE305&lang=ko&loginYn=N&schedule_cd=hakbu,,,,
961,961,https://sugang.khu.ac.kr/core?attribute=lectPlan&p_year=2024&p_term=10&p_teach=059667&p_code=CSE32200&p_subjt=CSE322&lang=ko&loginYn=N&schedule_cd=hakbu,,,,
962,962,https://sugang.khu.ac.kr/core?attribute=lectPlan&p_year=2024&p_term=10&p_teach=017826&p_code=CSE32400&p_subjt=CSE324&lang=ko&loginYn=N&schedule_cd=hakbu,,,,
963,963,https://sugang.khu.ac.kr/core?attribute=lectPlan&p_year=2024&p_term=10&p_teach=058974&p_code=CSE32700&p_subjt=CSE327&lang=ko&loginYn=N&schedule_cd=hakbu,,,,
964,964,https://sugang.khu.ac.kr/core?attribute=lectPlan&p_year=2024&p_term=10&p_teach=062077&p_code=CSE33000&p_subjt=CSE330&lang=ko&loginYn=N&schedule_cd=hakbu,,,,
965,965,https://sugang.khu.ac.kr/core?attribute=lectPlan&p_year=2024&p_term=10&p_teach=058992&p_code=CSE33100&p_subjt=CSE331&lang=ko&loginYn=N&schedule_cd=hakbu,,,,
966,966,https://sugang.khu.ac.kr/core?attribute=lectPlan&p_year=2024&p_term=10&p_teach=047818&p_code=CSE33500&p_subjt=CSE335&lang=ko&loginYn=N&schedule_cd=hakbu,,,,
967,967,https://sugang.khu.ac.kr/core?attribute=lectPlan&p_year=2024&p_term=10&p_teach=052980&p_code=CSE40300&p_subjt=CSE403&lang=ko&loginYn=N&schedule_cd=hakbu,,,,
968,968,https://sugang.khu.ac.kr/core?attribute=lectPlan&p_year=2024&p_term=10&p_teach=052980&p_code=CSE40500&p_subjt=CSE405&lang=ko&loginYn=N&schedule_cd=hakbu,,,,
969,969,https://sugang.khu.ac.kr/core?attribute=lectPlan&p_year=2024&p_term=10&p_teach=048730&p_code=CSE40601&p_subjt=CSE406&lang=ko&loginYn=N&schedule_cd=hakbu,,,,
970,970,https://sugang.khu.ac.kr/core?attribute=lectPlan&p_year=2024&p_term=10&p_teach=015327&p_code=CSE40602&p_subjt=CSE406&lang=ko&loginYn=N&schedule_cd=hakbu,,,,
971,971,https://sugang.khu.ac.kr/core?attribute=lectPlan&p_year=2024&p_term=10&p_teach=020897&p_code=CSE40603&p_subjt=CSE406&lang=ko&loginYn=N&schedule_cd=hakbu,,,,
972,972,https://sugang.khu.ac.kr/core?attribute=lectPlan&p_year=2024&p_term=10&p_teach=022334&p_code=CSE40604&p_subjt=CSE406&lang=ko&loginYn=N&schedule_cd=hakbu,,,,
973,973,https://sugang.khu.ac.kr/core?attribute=lectPlan&p_year=2024&p_term=10&p_teach=039542&p_code=CSE40605&p_subjt=CSE406&lang=ko&loginYn=N&schedule_cd=hakbu,,,,
974,974,https://sugang.khu.ac.kr/core?attribute=lectPlan&p_year=2024&p_term=10&p_teach=038168&p_code=CSE40606&p_subjt=CSE406&lang=ko&loginYn=N&schedule_cd=hakbu,,,,
975,975,https://sugang.khu.ac.kr/core?attribute=lectPlan&p_year=2024&p_term=10&p_teach=055393&p_code=CSE40608&p_subjt=CSE406&lang=ko&loginYn=N&schedule_cd=hakbu,,,,
976,976,https://sugang.khu.ac.kr/core?attribute=lectPlan&p_year=2024&p_term=10&p_teach=055392&p_code=CSE40609&p_subjt=CSE406&lang=ko&loginYn=N&schedule_cd=hakbu,,,,
977,977,https://sugang.khu.ac.kr/core?attribute=lectPlan&p_year=2024&p_term=10&p_teach=055394&p_code=CSE40610&p_subjt=CSE406&lang=ko&loginYn=N&schedule_cd=hakbu,,,,
978,978,https://sugang.khu.ac.kr/core?attribute=lectPlan&p_year=2024&p_term=10&p_teach=058992&p_code=CSE40611&p_subjt=CSE406&lang=ko&loginYn=N&schedule_cd=hakbu,,,,
979,979,https://sugang.khu.ac.kr/core?attribute=lectPlan&p_year=2024&p_term=10&p_teach=058974&p_code=CSE40612&p_subjt=CSE406&lang=ko&loginYn=N&schedule_cd=hakbu,,,,
980,980,https://sugang.khu.ac.kr/core?attribute=lectPlan&p_year=2024&p_term=10&p_teach=059932&p_code=CSE40613&p_subjt=CSE406&lang=ko&loginYn=N&schedule_cd=hakbu,,,,
981,981,https://sugang.khu.ac.kr/core?attribute=lectPlan&p_year=2024&p_term=10&p_teach=059667&p_code=CSE40614&p_subjt=CSE406&lang=ko&loginYn=N&schedule_cd=hakbu,,,,
982,982,https://sugang.khu.ac.kr/core?attribute=lectPlan&p_year=2024&p_term=10&p_teach=043181&p_code=CSE40615&p_subjt=CSE406&lang=ko&loginYn=N&schedule_cd=hakbu,,,,
983,983,https://sugang.khu.ac.kr/core?attribute=lectPlan&p_year=2024&p_term=10&p_teach=058974&p_code=CSE40617&p_subjt=CSE406&lang=ko&loginYn=N&schedule_cd=hakbu,,,,
984,984,https://sugang.khu.ac.kr/core?attribute=lectPlan&p_year=2024&p_term=10&p_teach=015327&p_code=CSE40618&p_subjt=CSE406&lang=ko&loginYn=N&schedule_cd=hakbu,,,,
985,985,https://sugang.khu.ac.kr/core?attribute=lectPlan&p_year=2024&p_term=10&p_teach=055394&p_code=CSE40619&p_subjt=CSE406&lang=ko&loginYn=N&schedule_cd=hakbu,,,,
986,986,https://sugang.khu.ac.kr/core?attribute=lectPlan&p_year=2024&p_term=10&p_teach=043181&p_code=CSE40620&p_subjt=CSE406&lang=ko&loginYn=N&schedule_cd=hakbu,,,,
987,987,https://sugang.khu.ac.kr/core?attribute=lectPlan&p_year=2024&p_term=10&p_teach=039542&p_code=CSE40621&p_subjt=CSE406&lang=ko&loginYn=N&schedule_cd=hakbu,,,,
988,988,https://sugang.khu.ac.kr/core?attribute=lectPlan&p_year=2024&p_term=10&p_teach=048730&p_code=CSE40622&p_subjt=CSE406&lang=ko&loginYn=N&schedule_cd=hakbu,,,,
989,989,https://sugang.khu.ac.kr/core?attribute=lectPlan&p_year=2024&p_term=10&p_teach=059932&p_code=CSE40623&p_subjt=CSE406&lang=ko&loginYn=N&schedule_cd=hakbu,,,,
990,990,https://sugang.khu.ac.kr/core?attribute=lectPlan&p_year=2024&p_term=10&p_teach=020897&p_code=CSE40624&p_subjt=CSE406&lang=ko&loginYn=N&schedule_cd=hakbu,,,,
991,991,https://sugang.khu.ac.kr/core?attribute=lectPlan&p_year=2024&p_term=10&p_teach=022334&p_code=CSE40625&p_subjt=CSE406&lang=ko&loginYn=N&schedule_cd=hakbu,,,,
992,992,https://sugang.khu.ac.kr/core?attribute=lectPlan&p_year=2024&p_term=10&p_teach=022334&p_code=CSE40626&p_subjt=CSE406&lang=ko&loginYn=N&schedule_cd=hakbu,,,,
993,993,https://sugang.khu.ac.kr/core?attribute=lectPlan&p_year=2024&p_term=10&p_teach=058992&p_code=CSE40627&p_subjt=CSE406&lang=ko&loginYn=N&schedule_cd=hakbu,,,,
994,994,https://sugang.khu.ac.kr/core?attribute=lectPlan&p_year=2024&p_term=10&p_teach=058992&p_code=CSE40628&p_subjt=CSE406&lang=ko&loginYn=N&schedule_cd=hakbu,,,,
995,995,https://sugang.khu.ac.kr/core?attribute=lectPlan&p_year=2024&p_term=10&p_teach=058992&p_code=CSE40629&p_subjt=CSE406&lang=ko&loginYn=N&schedule_cd=hakbu,,,,
996,996,https://sugang.khu.ac.kr/core?attribute=lectPlan&p_year=2024&p_term=10&p_teach=058992&p_code=CSE40630&p_subjt=CSE406&lang=ko&loginYn=N&schedule_cd=hakbu,,,,
997,997,https://sugang.khu.ac.kr/core?attribute=lectPlan&p_year=2024&p_term=10&p_teach=038168&p_code=CSE40631&p_subjt=CSE406&lang=ko&loginYn=N&schedule_cd=hakbu,,,,
998,998,https://sugang.khu.ac.kr/core?attribute=lectPlan&p_year=2024&p_term=10&p_teach=059932&p_code=CSE42300&p_subjt=CSE423&lang=ko&loginYn=N&schedule_cd=hakbu,,,,
999,999,https://sugang.khu.ac.kr/core?attribute=lectPlan&p_year=2024&p_term=10&p_teach=052980&p_code=CSE42600&p_subjt=CSE426&lang=ko&loginYn=N&schedule_cd=hakbu,,,,
1000,1000,https://sugang.khu.ac.kr/core?attribute=lectPlan&p_year=2024&p_term=10&p_teach=039542&p_code=CSE42800&p_subjt=CSE428&lang=ko&loginYn=N&schedule_cd=hakbu,,,,
1001,1001,https://sugang.khu.ac.kr/core?attribute=lectPlan&p_year=2024&p_term=10&p_teach=047428&p_code=CSE43600&p_subjt=CSE436&lang=ko&loginYn=N&schedule_cd=hakbu,,,,
1002,1002,https://sugang.khu.ac.kr/core?attribute=lectPlan&p_year=2024&p_term=10&p_teach=045483&p_code=CSE43800&p_subjt=CSE438&lang=ko&loginYn=N&schedule_cd=hakbu,,,,
1003,1003,https://sugang.khu.ac.kr/core?attribute=lectPlan&p_year=2024&p_term=10&p_teach=020897&p_code=CSE44000&p_subjt=CSE440&lang=ko&loginYn=N&schedule_cd=hakbu,,,,
1004,1004,https://sugang.khu.ac.kr/core?attribute=lectPlan&p_year=2024&p_term=10&p_teach=061910&p_code=CSE44200&p_subjt=CSE442&lang=ko&loginYn=N&schedule_cd=hakbu,,,,
1005,1005,https://sugang.khu.ac.kr/core?attribute=lectPlan&p_year=2024&p_term=10&p_teach=049571&p_code=CSE44400&p_subjt=CSE444&lang=ko&loginYn=N&schedule_cd=hakbu,,,,
1006,1006,https://sugang.khu.ac.kr/core?attribute=lectPlan&p_year=2024&p_term=10&p_teach=037046&p_code=CSE45000&p_subjt=CSE450&lang=ko&loginYn=N&schedule_cd=hakbu,,,,
1007,1007,https://sugang.khu.ac.kr/core?attribute=lectPlan&p_year=2024&p_term=10&p_teach=058974&p_code=CSE49500&p_subjt=CSE495&lang=ko&loginYn=N&schedule_cd=hakbu,,,,
1008,1008,https://sugang.khu.ac.kr/core?attribute=lectPlan&p_year=2024&p_term=10&p_teach=058974&p_code=CSE49501&p_subjt=CSE495&lang=ko&loginYn=N&schedule_cd=hakbu,,,,
1009,1009,https://sugang.khu.ac.kr/core?attribute=lectPlan&p_year=2024&p_term=10&p_teach=054270&p_code=CSE49502&p_subjt=CSE495&lang=ko&loginYn=N&schedule_cd=hakbu,,,,
1010,1010,https://sugang.khu.ac.kr/core?attribute=lectPlan&p_year=2024&p_term=10&p_teach=058974&p_code=CSE49601&p_subjt=CSE496&lang=ko&loginYn=N&schedule_cd=hakbu,,,,
1011,1011,https://sugang.khu.ac.kr/core?attribute=lectPlan&p_year=2024&p_term=10&p_teach=052980&p_code=CSE49602&p_subjt=CSE496&lang=ko&loginYn=N&schedule_cd=hakbu,,,,
1012,1012,https://sugang.khu.ac.kr/core?attribute=lectPlan&p_year=2024&p_term=10&p_teach=059932&p_code=CSE49603&p_subjt=CSE496&lang=ko&loginYn=N&schedule_cd=hakbu,,,,
1013,1013,https://sugang.khu.ac.kr/core?attribute=lectPlan&p_year=2024&p_term=10&p_teach=052980&p_code=CSE49604&p_subjt=CSE496&lang=ko&loginYn=N&schedule_cd=hakbu,,,,
1014,1014,https://sugang.khu.ac.kr/core?attribute=lectPlan&p_year=2024&p_term=10&p_teach=038168&p_code=CSE49605&p_subjt=CSE496&lang=ko&loginYn=N&schedule_cd=hakbu,,,,
1015,1015,https://sugang.khu.ac.kr/core?attribute=lectPlan&p_year=2024&p_term=10&p_teach=055393&p_code=CSE49606&p_subjt=CSE496&lang=ko&loginYn=N&schedule_cd=hakbu,,,,
1016,1016,https://sugang.khu.ac.kr/core?attribute=lectPlan&p_year=2024&p_term=10&p_teach=032873&p_code=DC20500&p_subjt=DC205&lang=ko&loginYn=N&schedule_cd=hakbu,,,,
1017,1017,https://sugang.khu.ac.kr/core?attribute=lectPlan&p_year=2024&p_term=10&p_teach=060919&p_code=DC20501&p_subjt=DC205&lang=ko&loginYn=N&schedule_cd=hakbu,,,,
1018,1018,https://sugang.khu.ac.kr/core?attribute=lectPlan&p_year=2024&p_term=10&p_teach=017826&p_code=EE20900&p_subjt=EE209&lang=ko&loginYn=N&schedule_cd=hakbu,,,,
1019,1019,https://sugang.khu.ac.kr/core?attribute=lectPlan&p_year=2024&p_term=10&p_teach=059482&p_code=EE20901&p_subjt=EE209&lang=ko&loginYn=N&schedule_cd=hakbu,,,,
1020,1020,https://sugang.khu.ac.kr/core?attribute=lectPlan&p_year=2024&p_term=10&p_teach=059482&p_code=EE20902&p_subjt=EE209&lang=ko&loginYn=N&schedule_cd=hakbu,,,,
1021,1021,https://sugang.khu.ac.kr/core?attribute=lectPlan&p_year=2024&p_term=10&p_teach=026088&p_code=EE20903&p_subjt=EE209&lang=ko&loginYn=N&schedule_cd=hakbu,,,,
1022,1022,https://sugang.khu.ac.kr/core?attribute=lectPlan&p_year=2024&p_term=10&p_teach=014892&p_code=EE21000&p_subjt=EE210&lang=ko&loginYn=N&schedule_cd=hakbu,,,,
1023,1023,https://sugang.khu.ac.kr/core?attribute=lectPlan&p_year=2024&p_term=10&p_teach=014892&p_code=EE21001&p_subjt=EE210&lang=ko&loginYn=N&schedule_cd=hakbu,,,,
1024,1024,https://sugang.khu.ac.kr/core?attribute=lectPlan&p_year=2024&p_term=10&p_teach=056156&p_code=EE21002&p_subjt=EE210&lang=ko&loginYn=N&schedule_cd=hakbu,,,,
1025,1025,https://sugang.khu.ac.kr/core?attribute=lectPlan&p_year=2024&p_term=10&p_teach=025249&p_code=EE21003&p_subjt=EE210&lang=ko&loginYn=N&schedule_cd=hakbu,,,,
1026,1026,https://sugang.khu.ac.kr/core?attribute=lectPlan&p_year=2024&p_term=10&p_teach=020905&p_code=EE21100&p_subjt=EE211&lang=ko&loginYn=N&schedule_cd=hakbu,,,,
1027,1027,https://sugang.khu.ac.kr/core?attribute=lectPlan&p_year=2024&p_term=10&p_teach=021795&p_code=EE21101&p_subjt=EE211&lang=ko&loginYn=N&schedule_cd=hakbu,,,,
1028,1028,https://sugang.khu.ac.kr/core?attribute=lectPlan&p_year=2024&p_term=10&p_teach=014891&p_code=EE21102&p_subjt=EE211&lang=ko&loginYn=N&schedule_cd=hakbu,,,,
1029,1029,https://sugang.khu.ac.kr/core?attribute=lectPlan&p_year=2024&p_term=10&p_teach=004463&p_code=EE21103&p_subjt=EE211&lang=ko&loginYn=N&schedule_cd=hakbu,,,,
1030,1030,https://sugang.khu.ac.kr/core?attribute=lectPlan&p_year=2024&p_term=10&p_teach=023209&p_code=EE21104&p_subjt=EE211&lang=ko&loginYn=N&schedule_cd=hakbu,,,,
1031,1031,https://sugang.khu.ac.kr/core?attribute=lectPlan&p_year=2024&p_term=10&p_teach=056815&p_code=EE21105&p_subjt=EE211&lang=ko&loginYn=N&schedule_cd=hakbu,,,,
1032,1032,https://sugang.khu.ac.kr/core?attribute=lectPlan&p_year=2024&p_term=10&p_teach=028453&p_code=ELC47100&p_subjt=ELC471&lang=ko&loginYn=N&schedule_cd=hakbu,,,,
1033,1033,https://sugang.khu.ac.kr/core?attribute=lectPlan&p_year=2024&p_term=10&p_teach=061424&p_code=ID301200&p_subjt=ID3012&lang=ko&loginYn=N&schedule_cd=hakbu,,,,
1034,1034,https://sugang.khu.ac.kr/core?attribute=lectPlan&p_year=2024&p_term=10&p_teach=024581&p_code=IE21500&p_subjt=IE215&lang=ko&loginYn=N&schedule_cd=hakbu,,,,
1035,1035,https://sugang.khu.ac.kr/core?attribute=lectPlan&p_year=2024&p_term=10&p_teach=024581&p_code=IE21501&p_subjt=IE215&lang=ko&loginYn=N&schedule_cd=hakbu,,,,
1036,1036,https://sugang.khu.ac.kr/core?attribute=lectPlan&p_year=2024&p_term=10&p_teach=036957&p_code=IE30100&p_subjt=IE301&lang=ko&loginYn=N&schedule_cd=hakbu,,,,
1037,1037,https://sugang.khu.ac.kr/core?attribute=lectPlan&p_year=2024&p_term=10&p_teach=036957&p_code=IE30101&p_subjt=IE301&lang=ko&loginYn=N&schedule_cd=hakbu,,,,
1038,1038,https://sugang.khu.ac.kr/core?attribute=lectPlan&p_year=2024&p_term=10&p_teach=024581&p_code=IE30600&p_subjt=IE306&lang=ko&loginYn=N&schedule_cd=hakbu,,,,
1039,1039,https://sugang.khu.ac.kr/core?attribute=lectPlan&p_year=2024&p_term=10&p_teach=062156&p_code=IE32900&p_subjt=IE329&lang=ko&loginYn=N&schedule_cd=hakbu,,,,
1040,1040,https://sugang.khu.ac.kr/core?attribute=lectPlan&p_year=2024&p_term=10&p_teach=011044&p_code=ME37501&p_subjt=ME375&lang=ko&loginYn=N&schedule_cd=hakbu,,,,
1041,1041,https://sugang.khu.ac.kr/core?attribute=lectPlan&p_year=2024&p_term=10&p_teach=015456&p_code=ME38001&p_subjt=ME380&lang=ko&loginYn=N&schedule_cd=hakbu,,,,
1042,1042,https://sugang.khu.ac.kr/core?attribute=lectPlan&p_year=2024&p_term=10&p_teach=059921&p_code=ME38002&p_subjt=ME380&lang=ko&loginYn=N&schedule_cd=hakbu,,,,
1043,1043,https://sugang.khu.ac.kr/core?attribute=lectPlan&p_year=2024&p_term=10&p_teach=021782&p_code=ME39101&p_subjt=ME391&lang=ko&loginYn=N&schedule_cd=hakbu,,,,
1044,1044,https://sugang.khu.ac.kr/core?attribute=lectPlan&p_year=2024&p_term=10&p_teach=056148&p_code=ME39102&p_subjt=ME391&lang=ko&loginYn=N&schedule_cd=hakbu,,,,
1045,1045,https://sugang.khu.ac.kr/core?attribute=lectPlan&p_year=2024&p_term=10&p_teach=039542&p_code=SWCON10300&p_subjt=SWCON103&lang=ko&loginYn=N&schedule_cd=hakbu,,,,
1046,1046,https://sugang.khu.ac.kr/core?attribute=lectPlan&p_year=2024&p_term=10&p_teach=062134&p_code=SWCON10301&p_subjt=SWCON103&lang=ko&loginYn=N&schedule_cd=hakbu,,,,
1047,1047,https://sugang.khu.ac.kr/core?attribute=lectPlan&p_year=2024&p_term=10&p_teach=011186&p_code=SWCON10400&p_subjt=SWCON104&lang=ko&loginYn=N&schedule_cd=hakbu,,,,
1048,1048,https://sugang.khu.ac.kr/core?attribute=lectPlan&p_year=2024&p_term=10&p_teach=058523&p_code=SWCON10401&p_subjt=SWCON104&lang=ko&loginYn=N&schedule_cd=hakbu,,,,
1049,1049,https://sugang.khu.ac.kr/core?attribute=lectPlan&p_year=2024&p_term=10&p_teach=011186&p_code=SWCON10402&p_subjt=SWCON104&lang=ko&loginYn=N&schedule_cd=hakbu,,,,
1050,1050,https://sugang.khu.ac.kr/core?attribute=lectPlan&p_year=2024&p_term=10&p_teach=011186&p_code=SWCON20100&p_subjt=SWCON201&lang=ko&loginYn=N&schedule_cd=hakbu,,,,
1051,1051,https://sugang.khu.ac.kr/core?attribute=lectPlan&p_year=2024&p_term=10&p_teach=011186&p_code=SWCON22100&p_subjt=SWCON221&lang=ko&loginYn=N&schedule_cd=hakbu,,,,
1052,1052,https://sugang.khu.ac.kr/core?attribute=lectPlan&p_year=2024&p_term=10&p_teach=061420&p_code=SWCON24100&p_subjt=SWCON241&lang=ko&loginYn=N&schedule_cd=hakbu,,,,
1053,1053,https://sugang.khu.ac.kr/core?attribute=lectPlan&p_year=2024&p_term=10&p_teach=054270&p_code=SWCON25300&p_subjt=SWCON253&lang=ko&loginYn=N&schedule_cd=hakbu,,,,
1054,1054,https://sugang.khu.ac.kr/core?attribute=lectPlan&p_year=2024&p_term=10&p_teach=052980&p_code=SWCON25301&p_subjt=SWCON253&lang=ko&loginYn=N&schedule_cd=hakbu,,,,
1055,1055,https://sugang.khu.ac.kr/core?attribute=lectPlan&p_year=2024&p_term=10&p_teach=055393&p_code=SWCON25302&p_subjt=SWCON253&lang=ko&loginYn=N&schedule_cd=hakbu,,,,
1056,1056,https://sugang.khu.ac.kr/core?attribute=lectPlan&p_year=2024&p_term=10&p_teach=058521&p_code=SWCON25400&p_subjt=SWCON254&lang=ko&loginYn=N&schedule_cd=hakbu,,,,
1057,1057,https://sugang.khu.ac.kr/core?attribute=lectPlan&p_year=2024&p_term=10&p_teach=053003&p_code=SWCON31100&p_subjt=SWCON311&lang=ko&loginYn=N&schedule_cd=hakbu,,,,
1058,1058,https://sugang.khu.ac.kr/core?attribute=lectPlan&p_year=2024&p_term=10&p_teach=058521&p_code=SWCON31200&p_subjt=SWCON312&lang=ko&loginYn=N&schedule_cd=hakbu,,,,
1059,1059,https://sugang.khu.ac.kr/core?attribute=lectPlan&p_year=2024&p_term=10&p_teach=054270&p_code=SWCON32100&p_subjt=SWCON321&lang=ko&loginYn=N&schedule_cd=hakbu,,,,
1060,1060,https://sugang.khu.ac.kr/core?attribute=lectPlan&p_year=2024&p_term=10&p_teach=058523&p_code=SWCON32101&p_subjt=SWCON321&lang=ko&loginYn=N&schedule_cd=hakbu,,,,
1061,1061,https://sugang.khu.ac.kr/core?attribute=lectPlan&p_year=2024&p_term=10&p_teach=015184&p_code=SWCON32102&p_subjt=SWCON321&lang=ko&loginYn=N&schedule_cd=hakbu,,,,
1062,1062,https://sugang.khu.ac.kr/core?attribute=lectPlan&p_year=2024&p_term=10&p_teach=061420&p_code=SWCON32103&p_subjt=SWCON321&lang=ko&loginYn=N&schedule_cd=hakbu,,,,
1063,1063,https://sugang.khu.ac.kr/core?attribute=lectPlan&p_year=2024&p_term=10&p_teach=061421&p_code=SWCON32104&p_subjt=SWCON321&lang=ko&loginYn=N&schedule_cd=hakbu,,,,
1064,1064,https://sugang.khu.ac.kr/core?attribute=lectPlan&p_year=2024&p_term=10&p_teach=054270&p_code=SWCON32105&p_subjt=SWCON321&lang=ko&loginYn=N&schedule_cd=hakbu,,,,
1065,1065,https://sugang.khu.ac.kr/core?attribute=lectPlan&p_year=2024&p_term=10&p_teach=061421&p_code=SWCON33202&p_subjt=SWCON332&lang=ko&loginYn=N&schedule_cd=hakbu,,,,
1066,1066,https://sugang.khu.ac.kr/core?attribute=lectPlan&p_year=2024&p_term=10&p_teach=061421&p_code=SWCON33203&p_subjt=SWCON332&lang=ko&loginYn=N&schedule_cd=hakbu,,,,
1067,1067,https://sugang.khu.ac.kr/core?attribute=lectPlan&p_year=2024&p_term=10&p_teach=061421&p_code=SWCON34100&p_subjt=SWCON341&lang=ko&loginYn=N&schedule_cd=hakbu,,,,
1068,1068,https://sugang.khu.ac.kr/core?attribute=lectPlan&p_year=2024&p_term=10&p_teach=054270&p_code=SWCON36300&p_subjt=SWCON363&lang=ko&loginYn=N&schedule_cd=hakbu,,,,
1069,1069,https://sugang.khu.ac.kr/core?attribute=lectPlan&p_year=2024&p_term=10&p_teach=054270&p_code=SWCON36301&p_subjt=SWCON363&lang=ko&loginYn=N&schedule_cd=hakbu,,,,
1070,1070,https://sugang.khu.ac.kr/core?attribute=lectPlan&p_year=2024&p_term=10&p_teach=055078&p_code=SWCON36600&p_subjt=SWCON366&lang=ko&loginYn=N&schedule_cd=hakbu,,,,
1071,1071,https://sugang.khu.ac.kr/core?attribute=lectPlan&p_year=2024&p_term=10&p_teach=053003&p_code=SWCON36700&p_subjt=SWCON367&lang=ko&loginYn=N&schedule_cd=hakbu,,,,
1072,1072,https://sugang.khu.ac.kr/core?attribute=lectPlan&p_year=2024&p_term=10&p_teach=058521&p_code=SWCON36701&p_subjt=SWCON367&lang=ko&loginYn=N&schedule_cd=hakbu,,,,
1073,1073,https://sugang.khu.ac.kr/core?attribute=lectPlan&p_year=2024&p_term=10&p_teach=053003&p_code=SWCON36702&p_subjt=SWCON367&lang=ko&loginYn=N&schedule_cd=hakbu,,,,
1074,1074,https://sugang.khu.ac.kr/core?attribute=lectPlan&p_year=2024&p_term=10&p_teach=053003&p_code=SWCON36703&p_subjt=SWCON367&lang=ko&loginYn=N&schedule_cd=hakbu,,,,
1075,1075,https://sugang.khu.ac.kr/core?attribute=lectPlan&p_year=2024&p_term=10&p_teach=058521&p_code=SWCON36704&p_subjt=SWCON367&lang=ko&loginYn=N&schedule_cd=hakbu,,,,
1076,1076,https://sugang.khu.ac.kr/core?attribute=lectPlan&p_year=2024&p_term=10&p_teach=058521&p_code=SWCON36705&p_subjt=SWCON367&lang=ko&loginYn=N&schedule_cd=hakbu,,,,
1077,1077,https://sugang.khu.ac.kr/core?attribute=lectPlan&p_year=2024&p_term=10&p_teach=011186&p_code=SWCON37000&p_subjt=SWCON370&lang=ko&loginYn=N&schedule_cd=hakbu,,,,
1078,1078,https://sugang.khu.ac.kr/core?attribute=lectPlan&p_year=2024&p_term=10&p_teach=058523&p_code=SWCON37200&p_subjt=SWCON372&lang=ko&loginYn=N&schedule_cd=hakbu,,,,
1079,1079,https://sugang.khu.ac.kr/core?attribute=lectPlan&p_year=2024&p_term=10&p_teach=011186&p_code=SWCON40100&p_subjt=SWCON401&lang=ko&loginYn=N&schedule_cd=hakbu,,,,
1080,1080,https://sugang.khu.ac.kr/core?attribute=lectPlan&p_year=2024&p_term=10&p_teach=015184&p_code=SWCON40101&p_subjt=SWCON401&lang=ko&loginYn=N&schedule_cd=hakbu,,,,
1081,1081,https://sugang.khu.ac.kr/core?attribute=lectPlan&p_year=2024&p_term=10&p_teach=053003&p_code=SWCON40102&p_subjt=SWCON401&lang=ko&loginYn=N&schedule_cd=hakbu,,,,
1082,1082,https://sugang.khu.ac.kr/core?attribute=lectPlan&p_year=2024&p_term=10&p_teach=054270&p_code=SWCON40103&p_subjt=SWCON401&lang=ko&loginYn=N&schedule_cd=hakbu,,,,
1083,1083,https://sugang.khu.ac.kr/core?attribute=lectPlan&p_year=2024&p_term=10&p_teach=055078&p_code=SWCON40104&p_subjt=SWCON401&lang=ko&loginYn=N&schedule_cd=hakbu,,,,
1084,1084,https://sugang.khu.ac.kr/core?attribute=lectPlan&p_year=2024&p_term=10&p_teach=058523&p_code=SWCON40105&p_subjt=SWCON401&lang=ko&loginYn=N&schedule_cd=hakbu,,,,
1085,1085,https://sugang.khu.ac.kr/core?attribute=lectPlan&p_year=2024&p_term=10&p_teach=058521&p_code=SWCON40106&p_subjt=SWCON401&lang=ko&loginYn=N&schedule_cd=hakbu,,,,
1086,1086,https://sugang.khu.ac.kr/core?attribute=lectPlan&p_year=2024&p_term=10&p_teach=061420&p_code=SWCON40107&p_subjt=SWCON401&lang=ko&loginYn=N&schedule_cd=hakbu,,,,
1087,1087,https://sugang.khu.ac.kr/core?attribute=lectPlan&p_year=2024&p_term=10&p_teach=061421&p_code=SWCON40108&p_subjt=SWCON401&lang=ko&loginYn=N&schedule_cd=hakbu,,,,
1088,1088,https://sugang.khu.ac.kr/core?attribute=lectPlan&p_year=2024&p_term=10&p_teach=039718&p_code=SWCON40109&p_subjt=SWCON401&lang=ko&loginYn=N&schedule_cd=hakbu,,,,
1089,1089,https://sugang.khu.ac.kr/core?attribute=lectPlan&p_year=2024&p_term=10&p_teach=054270&p_code=SWCON40110&p_subjt=SWCON401&lang=ko&loginYn=N&schedule_cd=hakbu,,,,
1090,1090,https://sugang.khu.ac.kr/core?attribute=lectPlan&p_year=2024&p_term=10&p_teach=053003&p_code=SWCON40111&p_subjt=SWCON401&lang=ko&loginYn=N&schedule_cd=hakbu,,,,
1091,1091,https://sugang.khu.ac.kr/core?attribute=lectPlan&p_year=2024&p_term=10&p_teach=053003&p_code=SWCON40112&p_subjt=SWCON401&lang=ko&loginYn=N&schedule_cd=hakbu,,,,
1092,1092,https://sugang.khu.ac.kr/core?attribute=lectPlan&p_year=2024&p_term=10&p_teach=039718&p_code=SWCON40113&p_subjt=SWCON401&lang=ko&loginYn=N&schedule_cd=hakbu,,,,
1093,1093,https://sugang.khu.ac.kr/core?attribute=lectPlan&p_year=2024&p_term=10&p_teach=039718&p_code=SWCON40114&p_subjt=SWCON401&lang=ko&loginYn=N&schedule_cd=hakbu,,,,
1094,1094,https://sugang.khu.ac.kr/core?attribute=lectPlan&p_year=2024&p_term=10&p_teach=039718&p_code=SWCON40115&p_subjt=SWCON401&lang=ko&loginYn=N&schedule_cd=hakbu,,,,
1095,1095,https://sugang.khu.ac.kr/core?attribute=lectPlan&p_year=2024&p_term=10&p_teach=058523&p_code=SWCON40116&p_subjt=SWCON401&lang=ko&loginYn=N&schedule_cd=hakbu,,,,
1096,1096,https://sugang.khu.ac.kr/core?attribute=lectPlan&p_year=2024&p_term=10&p_teach=058523&p_code=SWCON40117&p_subjt=SWCON401&lang=ko&loginYn=N&schedule_cd=hakbu,,,,
1097,1097,https://sugang.khu.ac.kr/core?attribute=lectPlan&p_year=2024&p_term=10&p_teach=058523&p_code=SWCON40118&p_subjt=SWCON401&lang=ko&loginYn=N&schedule_cd=hakbu,,,,
1098,1098,https://sugang.khu.ac.kr/core?attribute=lectPlan&p_year=2024&p_term=10&p_teach=015184&p_code=SWCON40119&p_subjt=SWCON401&lang=ko&loginYn=N&schedule_cd=hakbu,,,,
1099,1099,https://sugang.khu.ac.kr/core?attribute=lectPlan&p_year=2024&p_term=10&p_teach=061421&p_code=SWCON40120&p_subjt=SWCON401&lang=ko&loginYn=N&schedule_cd=hakbu,,,,
1100,1100,https://sugang.khu.ac.kr/core?attribute=lectPlan&p_year=2024&p_term=10&p_teach=058521&p_code=SWCON40121&p_subjt=SWCON401&lang=ko&loginYn=N&schedule_cd=hakbu,,,,
1101,1101,https://sugang.khu.ac.kr/core?attribute=lectPlan&p_year=2024&p_term=10&p_teach=058521&p_code=SWCON40122&p_subjt=SWCON401&lang=ko&loginYn=N&schedule_cd=hakbu,,,,
1102,1102,https://sugang.khu.ac.kr/core?attribute=lectPlan&p_year=2024&p_term=10&p_teach=058521&p_code=SWCON40123&p_subjt=SWCON401&lang=ko&loginYn=N&schedule_cd=hakbu,,,,
1103,1103,https://sugang.khu.ac.kr/core?attribute=lectPlan&p_year=2024&p_term=10&p_teach=055078&p_code=SWCON40124&p_subjt=SWCON401&lang=ko&loginYn=N&schedule_cd=hakbu,,,,
1104,1104,https://sugang.khu.ac.kr/core?attribute=lectPlan&p_year=2024&p_term=10&p_teach=055078&p_code=SWCON40125&p_subjt=SWCON401&lang=ko&loginYn=N&schedule_cd=hakbu,,,,
1105,1105,https://sugang.khu.ac.kr/core?attribute=lectPlan&p_year=2024&p_term=10&p_teach=054270&p_code=SWCON40200&p_subjt=SWCON402&lang=ko&loginYn=N&schedule_cd=hakbu,,,,
1106,1106,https://sugang.khu.ac.kr/core?attribute=lectPlan&p_year=2024&p_term=10&p_teach=058521&p_code=SWCON44100&p_subjt=SWCON441&lang=ko&loginYn=N&schedule_cd=hakbu,,,,
1107,1107,https://sugang.khu.ac.kr/core?attribute=lectPlan&p_year=2024&p_term=10&p_teach=061421&p_code=SWCON49100&p_subjt=SWCON491&lang=ko&loginYn=N&schedule_cd=hakbu,,,,
1108,1108,https://sugang.khu.ac.kr/core?attribute=lectPlan&p_year=2024&p_term=10&p_teach=011186&p_code=SWCON49200&p_subjt=SWCON492&lang=ko&loginYn=N&schedule_cd=hakbu,,,,
1109,1109,https://sugang.khu.ac.kr/core?attribute=lectPlan&p_year=2024&p_term=10&p_teach=048730&p_code=SWCON49300&p_subjt=SWCON493&lang=ko&loginYn=N&schedule_cd=hakbu,,,,
1110,1110,https://sugang.khu.ac.kr/core?attribute=lectPlan&p_year=2024&p_term=10&p_teach=015184&p_code=SWCON49400&p_subjt=SWCON494&lang=ko&loginYn=N&schedule_cd=hakbu,,,,
1111,1111,https://sugang.khu.ac.kr/core?attribute=lectPlan&p_year=2024&p_term=10&p_teach=055078&p_code=SWCON49500&p_subjt=SWCON495&lang=ko&loginYn=N&schedule_cd=hakbu,,,,
1112,1112,https://sugang.khu.ac.kr/core?attribute=lectPlan&p_year=2024&p_term=20&p_teach=055394&p_code=AI100200&p_subjt=AI1002&lang=ko&loginYn=N&schedule_cd=hakbu,,,,
1113,1113,https://sugang.khu.ac.kr/core?attribute=lectPlan&p_year=2024&p_term=20&p_teach=055392&p_code=AI100300&p_subjt=AI1003&lang=ko&loginYn=N&schedule_cd=hakbu,,,,
1114,1114,https://sugang.khu.ac.kr/core?attribute=lectPlan&p_year=2024&p_term=20&p_teach=062134&p_code=AI300300&p_subjt=AI3003&lang=ko&loginYn=N&schedule_cd=hakbu,,,,
1115,1115,https://sugang.khu.ac.kr/core?attribute=lectPlan&p_year=2024&p_term=20&p_teach=055392&p_code=AI300800&p_subjt=AI3008&lang=ko&loginYn=N&schedule_cd=hakbu,,,,
1116,1116,https://sugang.khu.ac.kr/core?attribute=lectPlan&p_year=2024&p_term=20&p_teach=055394&p_code=AI400100&p_subjt=AI4001&lang=ko&loginYn=N&schedule_cd=hakbu,,,,
1117,1117,https://sugang.khu.ac.kr/core?attribute=lectPlan&p_year=2024&p_term=20&p_teach=015184&p_code=CSE10300&p_subjt=CSE103&lang=ko&loginYn=N&schedule_cd=hakbu,,,,
1118,1118,https://sugang.khu.ac.kr/core?attribute=lectPlan&p_year=2024&p_term=20&p_teach=055393&p_code=CSE10301&p_subjt=CSE103&lang=ko&loginYn=N&schedule_cd=hakbu,,,,
1119,1119,https://sugang.khu.ac.kr/core?attribute=lectPlan&p_year=2024&p_term=20&p_teach=015184&p_code=CSE10302&p_subjt=CSE103&lang=ko&loginYn=N&schedule_cd=hakbu,,,,
1120,1120,https://sugang.khu.ac.kr/core?attribute=lectPlan&p_year=2024&p_term=20&p_teach=057157&p_code=CSE10400&p_subjt=CSE104&lang=ko&loginYn=N&schedule_cd=hakbu,,,,
1121,1121,https://sugang.khu.ac.kr/core?attribute=lectPlan&p_year=2024&p_term=20&p_teach=063365&p_code=CSE20100&p_subjt=CSE201&lang=ko&loginYn=N&schedule_cd=hakbu,,,,
1122,1122,https://sugang.khu.ac.kr/core?attribute=lectPlan&p_year=2024&p_term=20&p_teach=063365&p_code=CSE20101&p_subjt=CSE201&lang=ko&loginYn=N&schedule_cd=hakbu,,,,
1123,1123,https://sugang.khu.ac.kr/core?attribute=lectPlan&p_year=2024&p_term=20&p_teach=055394&p_code=CSE20300&p_subjt=CSE203&lang=ko&loginYn=N&schedule_cd=hakbu,,,,
1124,1124,https://sugang.khu.ac.kr/core?attribute=lectPlan&p_year=2024&p_term=20&p_teach=055392&p_code=CSE20301&p_subjt=CSE203&lang=ko&loginYn=N&schedule_cd=hakbu,,,,
1125,1125,https://sugang.khu.ac.kr/core?attribute=lectPlan&p_year=2024&p_term=20&p_teach=058974&p_code=CSE20302&p_subjt=CSE203&lang=ko&loginYn=N&schedule_cd=hakbu,,,,
1126,1126,https://sugang.khu.ac.kr/core?attribute=lectPlan&p_year=2024&p_term=20&p_teach=048730&p_code=CSE20400&p_subjt=CSE204&lang=ko&loginYn=N&schedule_cd=hakbu,,,,
1127,1127,https://sugang.khu.ac.kr/core?attribute=lectPlan&p_year=2024&p_term=20&p_teach=033491&p_code=CSE20401&p_subjt=CSE204&lang=ko&loginYn=N&schedule_cd=hakbu,,,,
1128,1128,https://sugang.khu.ac.kr/core?attribute=lectPlan&p_year=2024&p_term=20&p_teach=061420&p_code=CSE20402&p_subjt=CSE204&lang=ko&loginYn=N&schedule_cd=hakbu,,,,
1129,1129,https://sugang.khu.ac.kr/core?attribute=lectPlan&p_year=2024&p_term=20&p_teach=059667&p_code=CSE30100&p_subjt=CSE301&lang=ko&loginYn=N&schedule_cd=hakbu,,,,
1130,1130,https://sugang.khu.ac.kr/core?attribute=lectPlan&p_year=2024&p_term=20&p_teach=033495&p_code=CSE30101&p_subjt=CSE301&lang=ko&loginYn=N&schedule_cd=hakbu,,,,
1131,1131,https://sugang.khu.ac.kr/core?attribute=lectPlan&p_year=2024&p_term=20&p_teach=024580&p_code=CSE30200&p_subjt=CSE302&lang=ko&loginYn=N&schedule_cd=hakbu,,,,
1132,1132,https://sugang.khu.ac.kr/core?attribute=lectPlan&p_year=2024&p_term=20&p_teach=015327&p_code=CSE30201&p_subjt=CSE302&lang=ko&loginYn=N&schedule_cd=hakbu,,,,
1133,1133,https://sugang.khu.ac.kr/core?attribute=lectPlan&p_year=2024&p_term=20&p_teach=011186&p_code=CSE30202&p_subjt=CSE302&lang=ko&loginYn=N&schedule_cd=hakbu,,,,
1134,1134,https://sugang.khu.ac.kr/core?attribute=lectPlan&p_year=2024&p_term=20&p_teach=049571&p_code=CSE30203&p_subjt=CSE302&lang=ko&loginYn=N&schedule_cd=hakbu,,,,
1135,1135,https://sugang.khu.ac.kr/core?attribute=lectPlan&p_year=2024&p_term=20&p_teach=020905&p_code=CSE30204&p_subjt=CSE302&lang=ko&loginYn=N&schedule_cd=hakbu,,,,
1136,1136,https://sugang.khu.ac.kr/core?attribute=lectPlan&p_year=2024&p_term=20&p_teach=058525&p_code=CSE30205&p_subjt=CSE302&lang=ko&loginYn=N&schedule_cd=hakbu,,,,
1137,1137,https://sugang.khu.ac.kr/core?attribute=lectPlan&p_year=2024&p_term=20&p_teach=006189&p_code=CSE30400&p_subjt=CSE304&lang=ko&loginYn=N&schedule_cd=hakbu,,,,
1138,1138,https://sugang.khu.ac.kr/core?attribute=lectPlan&p_year=2024&p_term=20&p_teach=062134&p_code=CSE30401&p_subjt=CSE304&lang=ko&loginYn=N&schedule_cd=hakbu,,,,
1139,1139,https://sugang.khu.ac.kr/core?attribute=lectPlan&p_year=2024&p_term=20&p_teach=022334&p_code=CSE30500&p_subjt=CSE305&lang=ko&loginYn=N&schedule_cd=hakbu,,,,
1140,1140,https://sugang.khu.ac.kr/core?attribute=lectPlan&p_year=2024&p_term=20&p_teach=053197&p_code=CSE30501&p_subjt=CSE305&lang=ko&loginYn=N&schedule_cd=hakbu,,,,
1141,1141,https://sugang.khu.ac.kr/core?attribute=lectPlan&p_year=2024&p_term=20&p_teach=024580&p_code=CSE32700&p_subjt=CSE327&lang=ko&loginYn=N&schedule_cd=hakbu,,,,
1142,1142,https://sugang.khu.ac.kr/core?attribute=lectPlan&p_year=2024&p_term=20&p_teach=058974&p_code=CSE32701&p_subjt=CSE327&lang=ko&loginYn=N&schedule_cd=hakbu,,,,
1143,1143,https://sugang.khu.ac.kr/core?attribute=lectPlan&p_year=2024&p_term=20&p_teach=048730&p_code=CSE32800&p_subjt=CSE328&lang=ko&loginYn=N&schedule_cd=hakbu,,,,
1144,1144,https://sugang.khu.ac.kr/core?attribute=lectPlan&p_year=2024&p_term=20&p_teach=047387&p_code=CSE33100&p_subjt=CSE331&lang=ko&loginYn=N&schedule_cd=hakbu,,,,
1145,1145,https://sugang.khu.ac.kr/core?attribute=lectPlan&p_year=2024&p_term=20&p_teach=058992&p_code=CSE33101&p_subjt=CSE331&lang=ko&loginYn=N&schedule_cd=hakbu,,,,
1146,1146,https://sugang.khu.ac.kr/core?attribute=lectPlan&p_year=2024&p_term=20&p_teach=020897&p_code=CSE33200&p_subjt=CSE332&lang=ko&loginYn=N&schedule_cd=hakbu,,,,
1147,1147,https://sugang.khu.ac.kr/core?attribute=lectPlan&p_year=2024&p_term=20&p_teach=062077&p_code=CSE33400&p_subjt=CSE334&lang=ko&loginYn=N&schedule_cd=hakbu,,,,
1148,1148,https://sugang.khu.ac.kr/core?attribute=lectPlan&p_year=2024&p_term=20&p_teach=047387&p_code=CSE34000&p_subjt=CSE340&lang=ko&loginYn=N&schedule_cd=hakbu,,,,
1149,1149,https://sugang.khu.ac.kr/core?attribute=lectPlan&p_year=2024&p_term=20&p_teach=052980&p_code=CSE40300&p_subjt=CSE403&lang=ko&loginYn=N&schedule_cd=hakbu,,,,
1150,1150,https://sugang.khu.ac.kr/core?attribute=lectPlan&p_year=2024&p_term=20&p_teach=052980&p_code=CSE40500&p_subjt=CSE405&lang=ko&loginYn=N&schedule_cd=hakbu,,,,
1151,1151,https://sugang.khu.ac.kr/core?attribute=lectPlan&p_year=2024&p_term=20&p_teach=052980&p_code=CSE40501&p_subjt=CSE405&lang=ko&loginYn=N&schedule_cd=hakbu,,,,
1152,1152,https://sugang.khu.ac.kr/core?attribute=lectPlan&p_year=2024&p_term=20&p_teach=052980&p_code=CSE40502&p_subjt=CSE405&lang=ko&loginYn=N&schedule_cd=hakbu,,,,
1153,1153,https://sugang.khu.ac.kr/core?attribute=lectPlan&p_year=2024&p_term=20&p_teach=015327&p_code=CSE40601&p_subjt=CSE406&lang=ko&loginYn=N&schedule_cd=hakbu,,,,
1154,1154,https://sugang.khu.ac.kr/core?attribute=lectPlan&p_year=2024&p_term=20&p_teach=020897&p_code=CSE40602&p_subjt=CSE406&lang=ko&loginYn=N&schedule_cd=hakbu,,,,
1155,1155,https://sugang.khu.ac.kr/core?attribute=lectPlan&p_year=2024&p_term=20&p_teach=024580&p_code=CSE40604&p_subjt=CSE406&lang=ko&loginYn=N&schedule_cd=hakbu,,,,
1156,1156,https://sugang.khu.ac.kr/core?attribute=lectPlan&p_year=2024&p_term=20&p_teach=048730&p_code=CSE40605&p_subjt=CSE406&lang=ko&loginYn=N&schedule_cd=hakbu,,,,
1157,1157,https://sugang.khu.ac.kr/core?attribute=lectPlan&p_year=2024&p_term=20&p_teach=039542&p_code=CSE40606&p_subjt=CSE406&lang=ko&loginYn=N&schedule_cd=hakbu,,,,
1158,1158,https://sugang.khu.ac.kr/core?attribute=lectPlan&p_year=2024&p_term=20&p_teach=038168&p_code=CSE40607&p_subjt=CSE406&lang=ko&loginYn=N&schedule_cd=hakbu,,,,
1159,1159,https://sugang.khu.ac.kr/core?attribute=lectPlan&p_year=2024&p_term=20&p_teach=047387&p_code=CSE40609&p_subjt=CSE406&lang=ko&loginYn=N&schedule_cd=hakbu,,,,
1160,1160,https://sugang.khu.ac.kr/core?attribute=lectPlan&p_year=2024&p_term=20&p_teach=055392&p_code=CSE40610&p_subjt=CSE406&lang=ko&loginYn=N&schedule_cd=hakbu,,,,
1161,1161,https://sugang.khu.ac.kr/core?attribute=lectPlan&p_year=2024&p_term=20&p_teach=055394&p_code=CSE40611&p_subjt=CSE406&lang=ko&loginYn=N&schedule_cd=hakbu,,,,
1162,1162,https://sugang.khu.ac.kr/core?attribute=lectPlan&p_year=2024&p_term=20&p_teach=058974&p_code=CSE40613&p_subjt=CSE406&lang=ko&loginYn=N&schedule_cd=hakbu,,,,
1163,1163,https://sugang.khu.ac.kr/core?attribute=lectPlan&p_year=2024&p_term=20&p_teach=058992&p_code=CSE40614&p_subjt=CSE406&lang=ko&loginYn=N&schedule_cd=hakbu,,,,
1164,1164,https://sugang.khu.ac.kr/core?attribute=lectPlan&p_year=2024&p_term=20&p_teach=059932&p_code=CSE40615&p_subjt=CSE406&lang=ko&loginYn=N&schedule_cd=hakbu,,,,
1165,1165,https://sugang.khu.ac.kr/core?attribute=lectPlan&p_year=2024&p_term=20&p_teach=059667&p_code=CSE40616&p_subjt=CSE406&lang=ko&loginYn=N&schedule_cd=hakbu,,,,
1166,1166,https://sugang.khu.ac.kr/core?attribute=lectPlan&p_year=2024&p_term=20&p_teach=062134&p_code=CSE40617&p_subjt=CSE406&lang=ko&loginYn=N&schedule_cd=hakbu,,,,
1167,1167,https://sugang.khu.ac.kr/core?attribute=lectPlan&p_year=2024&p_term=20&p_teach=063365&p_code=CSE40618&p_subjt=CSE406&lang=ko&loginYn=N&schedule_cd=hakbu,,,,
1168,1168,https://sugang.khu.ac.kr/core?attribute=lectPlan&p_year=2024&p_term=20&p_teach=043181&p_code=CSE40619&p_subjt=CSE406&lang=ko&loginYn=N&schedule_cd=hakbu,,,,
1169,1169,https://sugang.khu.ac.kr/core?attribute=lectPlan&p_year=2024&p_term=20&p_teach=062134&p_code=CSE40620&p_subjt=CSE406&lang=ko&loginYn=N&schedule_cd=hakbu,,,,
1170,1170,https://sugang.khu.ac.kr/core?attribute=lectPlan&p_year=2024&p_term=20&p_teach=017826&p_code=CSE43000&p_subjt=CSE430&lang=ko&loginYn=N&schedule_cd=hakbu,,,,
1171,1171,https://sugang.khu.ac.kr/core?attribute=lectPlan&p_year=2024&p_term=20&p_teach=047818&p_code=CSE43700&p_subjt=CSE437&lang=ko&loginYn=N&schedule_cd=hakbu,,,,
1172,1172,https://sugang.khu.ac.kr/core?attribute=lectPlan&p_year=2024&p_term=20&p_teach=039542&p_code=CSE44100&p_subjt=CSE441&lang=ko&loginYn=N&schedule_cd=hakbu,,,,
1173,1173,https://sugang.khu.ac.kr/core?attribute=lectPlan&p_year=2024&p_term=20&p_teach=061910&p_code=CSE44200&p_subjt=CSE442&lang=ko&loginYn=N&schedule_cd=hakbu,,,,
1174,1174,https://sugang.khu.ac.kr/core?attribute=lectPlan&p_year=2024&p_term=20&p_teach=037046&p_code=CSE45100&p_subjt=CSE451&lang=ko&loginYn=N&schedule_cd=hakbu,,,,
1175,1175,https://sugang.khu.ac.kr/core?attribute=lectPlan&p_year=2024&p_term=20&p_teach=059932&p_code=CSE45200&p_subjt=CSE452&lang=ko&loginYn=N&schedule_cd=hakbu,,,,
1176,1176,https://sugang.khu.ac.kr/core?attribute=lectPlan&p_year=2024&p_term=20&p_teach=055078&p_code=CSE49700&p_subjt=CSE497&lang=ko&loginYn=N&schedule_cd=hakbu,,,,
1177,1177,https://sugang.khu.ac.kr/core?attribute=lectPlan&p_year=2024&p_term=20&p_teach=058974&p_code=CSE49701&p_subjt=CSE497&lang=ko&loginYn=N&schedule_cd=hakbu,,,,
1178,1178,https://sugang.khu.ac.kr/core?attribute=lectPlan&p_year=2024&p_term=20&p_teach=059932&p_code=CSE49702&p_subjt=CSE497&lang=ko&loginYn=N&schedule_cd=hakbu,,,,
1179,1179,https://sugang.khu.ac.kr/core?attribute=lectPlan&p_year=2024&p_term=20&p_teach=058974&p_code=CSE49703&p_subjt=CSE497&lang=ko&loginYn=N&schedule_cd=hakbu,,,,
1180,1180,https://sugang.khu.ac.kr/core?attribute=lectPlan&p_year=2024&p_term=20&p_teach=055393&p_code=CSE49704&p_subjt=CSE497&lang=ko&loginYn=N&schedule_cd=hakbu,,,,
1181,1181,https://sugang.khu.ac.kr/core?attribute=lectPlan&p_year=2024&p_term=20&p_teach=052980&p_code=CSE49705&p_subjt=CSE497&lang=ko&loginYn=N&schedule_cd=hakbu,,,,
1182,1182,https://sugang.khu.ac.kr/core?attribute=lectPlan&p_year=2024&p_term=20&p_teach=059667&p_code=CSE49706&p_subjt=CSE497&lang=ko&loginYn=N&schedule_cd=hakbu,,,,
1183,1183,https://sugang.khu.ac.kr/core?attribute=lectPlan&p_year=2024&p_term=20&p_teach=058525&p_code=CSE49707&p_subjt=CSE497&lang=ko&loginYn=N&schedule_cd=hakbu,,,,
1184,1184,https://sugang.khu.ac.kr/core?attribute=lectPlan&p_year=2024&p_term=20&p_teach=047387&p_code=CSE49708&p_subjt=CSE497&lang=ko&loginYn=N&schedule_cd=hakbu,,,,
1185,1185,https://sugang.khu.ac.kr/core?attribute=lectPlan&p_year=2024&p_term=20&p_teach=058525&p_code=CSE49900&p_subjt=CSE499&lang=ko&loginYn=N&schedule_cd=hakbu,,,,
1186,1186,https://sugang.khu.ac.kr/core?attribute=lectPlan&p_year=2024&p_term=20&p_teach=058974&p_code=CSE49901&p_subjt=CSE499&lang=ko&loginYn=N&schedule_cd=hakbu,,,,
1187,1187,https://sugang.khu.ac.kr/core?attribute=lectPlan&p_year=2024&p_term=20&p_teach=059932&p_code=CSE49902&p_subjt=CSE499&lang=ko&loginYn=N&schedule_cd=hakbu,,,,
1188,1188,https://sugang.khu.ac.kr/core?attribute=lectPlan&p_year=2024&p_term=20&p_teach=059667&p_code=CSE49903&p_subjt=CSE499&lang=ko&loginYn=N&schedule_cd=hakbu,,,,
1189,1189,https://sugang.khu.ac.kr/core?attribute=lectPlan&p_year=2024&p_term=20&p_teach=055394&p_code=CSE49904&p_subjt=CSE499&lang=ko&loginYn=N&schedule_cd=hakbu,,,,
1190,1190,https://sugang.khu.ac.kr/core?attribute=lectPlan&p_year=2024&p_term=20&p_teach=058992&p_code=CSE49905&p_subjt=CSE499&lang=ko&loginYn=N&schedule_cd=hakbu,,,,
1191,1191,https://sugang.khu.ac.kr/core?attribute=lectPlan&p_year=2024&p_term=20&p_teach=047387&p_code=CSE49906&p_subjt=CSE499&lang=ko&loginYn=N&schedule_cd=hakbu,,,,
1192,1192,https://sugang.khu.ac.kr/core?attribute=lectPlan&p_year=2024&p_term=20&p_teach=026088&p_code=EE20900&p_subjt=EE209&lang=ko&loginYn=N&schedule_cd=hakbu,,,,
1193,1193,https://sugang.khu.ac.kr/core?attribute=lectPlan&p_year=2024&p_term=20&p_teach=059482&p_code=EE20901&p_subjt=EE209&lang=ko&loginYn=N&schedule_cd=hakbu,,,,
1194,1194,https://sugang.khu.ac.kr/core?attribute=lectPlan&p_year=2024&p_term=20&p_teach=059482&p_code=EE20902&p_subjt=EE209&lang=ko&loginYn=N&schedule_cd=hakbu,,,,
1195,1195,https://sugang.khu.ac.kr/core?attribute=lectPlan&p_year=2024&p_term=20&p_teach=014892&p_code=EE21000&p_subjt=EE210&lang=ko&loginYn=N&schedule_cd=hakbu,,,,
1196,1196,https://sugang.khu.ac.kr/core?attribute=lectPlan&p_year=2024&p_term=20&p_teach=025249&p_code=EE21001&p_subjt=EE210&lang=ko&loginYn=N&schedule_cd=hakbu,,,,
1197,1197,https://sugang.khu.ac.kr/core?attribute=lectPlan&p_year=2024&p_term=20&p_teach=023209&p_code=EE21002&p_subjt=EE210&lang=ko&loginYn=N&schedule_cd=hakbu,,,,
1198,1198,https://sugang.khu.ac.kr/core?attribute=lectPlan&p_year=2024&p_term=20&p_teach=056156&p_code=EE21003&p_subjt=EE210&lang=ko&loginYn=N&schedule_cd=hakbu,,,,
1199,1199,https://sugang.khu.ac.kr/core?attribute=lectPlan&p_year=2024&p_term=20&p_teach=020905&p_code=EE21100&p_subjt=EE211&lang=ko&loginYn=N&schedule_cd=hakbu,,,,
1200,1200,https://sugang.khu.ac.kr/core?attribute=lectPlan&p_year=2024&p_term=20&p_teach=021795&p_code=EE21101&p_subjt=EE211&lang=ko&loginYn=N&schedule_cd=hakbu,,,,
1201,1201,https://sugang.khu.ac.kr/core?attribute=lectPlan&p_year=2024&p_term=20&p_teach=023209&p_code=EE21102&p_subjt=EE211&lang=ko&loginYn=N&schedule_cd=hakbu,,,,
1202,1202,https://sugang.khu.ac.kr/core?attribute=lectPlan&p_year=2024&p_term=20&p_teach=056815&p_code=EE21103&p_subjt=EE211&lang=ko&loginYn=N&schedule_cd=hakbu,,,,
1203,1203,https://sugang.khu.ac.kr/core?attribute=lectPlan&p_year=2024&p_term=20&p_teach=026641&p_code=EE46100&p_subjt=EE461&lang=ko&loginYn=N&schedule_cd=hakbu,,,,
1204,1204,https://sugang.khu.ac.kr/core?attribute=lectPlan&p_year=2024&p_term=20&p_teach=002205&p_code=ELC28100&p_subjt=ELC281&lang=ko&loginYn=N&schedule_cd=hakbu,,,,
1205,1205,https://sugang.khu.ac.kr/core?attribute=lectPlan&p_year=2024&p_term=20&p_teach=056151&p_code=IE20800&p_subjt=IE208&lang=ko&loginYn=N&schedule_cd=hakbu,,,,
1206,1206,https://sugang.khu.ac.kr/core?attribute=lectPlan&p_year=2024&p_term=20&p_teach=045317&p_code=IE20801&p_subjt=IE208&lang=ko&loginYn=N&schedule_cd=hakbu,,,,
1207,1207,https://sugang.khu.ac.kr/core?attribute=lectPlan&p_year=2024&p_term=20&p_teach=036957&p_code=IE30200&p_subjt=IE302&lang=ko&loginYn=N&schedule_cd=hakbu,,,,
1208,1208,https://sugang.khu.ac.kr/core?attribute=lectPlan&p_year=2024&p_term=20&p_teach=011044&p_code=ME27101&p_subjt=ME271&lang=ko&loginYn=N&schedule_cd=hakbu,,,,
1209,1209,https://sugang.khu.ac.kr/core?attribute=lectPlan&p_year=2024&p_term=20&p_teach=015456&p_code=ME27102&p_subjt=ME271&lang=ko&loginYn=N&schedule_cd=hakbu,,,,
1210,1210,https://sugang.khu.ac.kr/core?attribute=lectPlan&p_year=2024&p_term=20&p_teach=015456&p_code=ME27103&p_subjt=ME271&lang=ko&loginYn=N&schedule_cd=hakbu,,,,
1211,1211,https://sugang.khu.ac.kr/core?attribute=lectPlan&p_year=2024&p_term=20&p_teach=011044&p_code=ME37601&p_subjt=ME376&lang=ko&loginYn=N&schedule_cd=hakbu,,,,
1212,1212,https://sugang.khu.ac.kr/core?attribute=lectPlan&p_year=2024&p_term=20&p_teach=015184&p_code=SWCON10100&p_subjt=SWCON101&lang=ko&loginYn=N&schedule_cd=hakbu,,,,
1213,1213,https://sugang.khu.ac.kr/core?attribute=lectPlan&p_year=2024&p_term=20&p_teach=061421&p_code=SWCON10300&p_subjt=SWCON103&lang=ko&loginYn=N&schedule_cd=hakbu,,,,
1214,1214,https://sugang.khu.ac.kr/core?attribute=lectPlan&p_year=2024&p_term=20&p_teach=017826&p_code=SWCON10301&p_subjt=SWCON103&lang=ko&loginYn=N&schedule_cd=hakbu,,,,
1215,1215,https://sugang.khu.ac.kr/core?attribute=lectPlan&p_year=2024&p_term=20&p_teach=039542&p_code=SWCON10302&p_subjt=SWCON103&lang=ko&loginYn=N&schedule_cd=hakbu,,,,
1216,1216,https://sugang.khu.ac.kr/core?attribute=lectPlan&p_year=2024&p_term=20&p_teach=061424&p_code=SWCON10303&p_subjt=SWCON103&lang=ko&loginYn=N&schedule_cd=hakbu,,,,
1217,1217,https://sugang.khu.ac.kr/core?attribute=lectPlan&p_year=2024&p_term=20&p_teach=011186&p_code=SWCON10400&p_subjt=SWCON104&lang=ko&loginYn=N&schedule_cd=hakbu,,,,
1218,1218,https://sugang.khu.ac.kr/core?attribute=lectPlan&p_year=2024&p_term=20&p_teach=058523&p_code=SWCON10401&p_subjt=SWCON104&lang=ko&loginYn=N&schedule_cd=hakbu,,,,
1219,1219,https://sugang.khu.ac.kr/core?attribute=lectPlan&p_year=2024&p_term=20&p_teach=011186&p_code=SWCON10402&p_subjt=SWCON104&lang=ko&loginYn=N&schedule_cd=hakbu,,,,
1220,1220,https://sugang.khu.ac.kr/core?attribute=lectPlan&p_year=2024&p_term=20&p_teach=011186&p_code=SWCON20100&p_subjt=SWCON201&lang=ko&loginYn=N&schedule_cd=hakbu,,,,
1221,1221,https://sugang.khu.ac.kr/core?attribute=lectPlan&p_year=2024&p_term=20&p_teach=061421&p_code=SWCON20700&p_subjt=SWCON207&lang=ko&loginYn=N&schedule_cd=hakbu,,,,
1222,1222,https://sugang.khu.ac.kr/core?attribute=lectPlan&p_year=2024&p_term=20&p_teach=058521&p_code=SWCON21100&p_subjt=SWCON211&lang=ko&loginYn=N&schedule_cd=hakbu,,,,
1223,1223,https://sugang.khu.ac.kr/core?attribute=lectPlan&p_year=2024&p_term=20&p_teach=015184&p_code=SWCON21200&p_subjt=SWCON212&lang=ko&loginYn=N&schedule_cd=hakbu,,,,
1224,1224,https://sugang.khu.ac.kr/core?attribute=lectPlan&p_year=2024&p_term=20&p_teach=011186&p_code=SWCON22100&p_subjt=SWCON221&lang=ko&loginYn=N&schedule_cd=hakbu,,,,
1225,1225,https://sugang.khu.ac.kr/core?attribute=lectPlan&p_year=2024&p_term=20&p_teach=061420&p_code=SWCON24200&p_subjt=SWCON242&lang=ko&loginYn=N&schedule_cd=hakbu,,,,
1226,1226,https://sugang.khu.ac.kr/core?attribute=lectPlan&p_year=2024&p_term=20&p_teach=054270&p_code=SWCON25300&p_subjt=SWCON253&lang=ko&loginYn=N&schedule_cd=hakbu,,,,
1227,1227,https://sugang.khu.ac.kr/core?attribute=lectPlan&p_year=2024&p_term=20&p_teach=052980&p_code=SWCON25301&p_subjt=SWCON253&lang=ko&loginYn=N&schedule_cd=hakbu,,,,
1228,1228,https://sugang.khu.ac.kr/core?attribute=lectPlan&p_year=2024&p_term=20&p_teach=055393&p_code=SWCON25302&p_subjt=SWCON253&lang=ko&loginYn=N&schedule_cd=hakbu,,,,
1229,1229,https://sugang.khu.ac.kr/core?attribute=lectPlan&p_year=2024&p_term=20&p_teach=045483&p_code=SWCON30200&p_subjt=SWCON302&lang=ko&loginYn=N&schedule_cd=hakbu,,,,
1230,1230,https://sugang.khu.ac.kr/core?attribute=lectPlan&p_year=2024&p_term=20&p_teach=038168&p_code=SWCON31300&p_subjt=SWCON313&lang=ko&loginYn=N&schedule_cd=hakbu,,,,
1231,1231,https://sugang.khu.ac.kr/core?attribute=lectPlan&p_year=2024&p_term=20&p_teach=058521&p_code=SWCON31400&p_subjt=SWCON314&lang=ko&loginYn=N&schedule_cd=hakbu,,,,
1232,1232,https://sugang.khu.ac.kr/core?attribute=lectPlan&p_year=2024&p_term=20&p_teach=054270&p_code=SWCON32100&p_subjt=SWCON321&lang=ko&loginYn=N&schedule_cd=hakbu,,,,
1233,1233,https://sugang.khu.ac.kr/core?attribute=lectPlan&p_year=2024&p_term=20&p_teach=058523&p_code=SWCON32101&p_subjt=SWCON321&lang=ko&loginYn=N&schedule_cd=hakbu,,,,
1234,1234,https://sugang.khu.ac.kr/core?attribute=lectPlan&p_year=2024&p_term=20&p_teach=061420&p_code=SWCON32102&p_subjt=SWCON321&lang=ko&loginYn=N&schedule_cd=hakbu,,,,
1235,1235,https://sugang.khu.ac.kr/core?attribute=lectPlan&p_year=2024&p_term=20&p_teach=061421&p_code=SWCON32103&p_subjt=SWCON321&lang=ko&loginYn=N&schedule_cd=hakbu,,,,
1236,1236,https://sugang.khu.ac.kr/core?attribute=lectPlan&p_year=2024&p_term=20&p_teach=054270&p_code=SWCON32104&p_subjt=SWCON321&lang=ko&loginYn=N&schedule_cd=hakbu,,,,
1237,1237,https://sugang.khu.ac.kr/core?attribute=lectPlan&p_year=2024&p_term=20&p_teach=054270&p_code=SWCON32105&p_subjt=SWCON321&lang=ko&loginYn=N&schedule_cd=hakbu,,,,
1238,1238,https://sugang.khu.ac.kr/core?attribute=lectPlan&p_year=2024&p_term=20&p_teach=058523&p_code=SWCON32106&p_subjt=SWCON321&lang=ko&loginYn=N&schedule_cd=hakbu,,,,
1239,1239,https://sugang.khu.ac.kr/core?attribute=lectPlan&p_year=2024&p_term=20&p_teach=058523&p_code=SWCON32107&p_subjt=SWCON321&lang=ko&loginYn=N&schedule_cd=hakbu,,,,
1240,1240,https://sugang.khu.ac.kr/core?attribute=lectPlan&p_year=2024&p_term=20&p_teach=058523&p_code=SWCON32108&p_subjt=SWCON321&lang=ko&loginYn=N&schedule_cd=hakbu,,,,
1241,1241,https://sugang.khu.ac.kr/core?attribute=lectPlan&p_year=2024&p_term=20&p_teach=061420&p_code=SWCON32109&p_subjt=SWCON321&lang=ko&loginYn=N&schedule_cd=hakbu,,,,
1242,1242,https://sugang.khu.ac.kr/core?attribute=lectPlan&p_year=2024&p_term=20&p_teach=061420&p_code=SWCON32110&p_subjt=SWCON321&lang=ko&loginYn=N&schedule_cd=hakbu,,,,
1243,1243,https://sugang.khu.ac.kr/core?attribute=lectPlan&p_year=2024&p_term=20&p_teach=061421&p_code=SWCON32111&p_subjt=SWCON321&lang=ko&loginYn=N&schedule_cd=hakbu,,,,
1244,1244,https://sugang.khu.ac.kr/core?attribute=lectPlan&p_year=2024&p_term=20&p_teach=061421&p_code=SWCON32112&p_subjt=SWCON321&lang=ko&loginYn=N&schedule_cd=hakbu,,,,
1245,1245,https://sugang.khu.ac.kr/core?attribute=lectPlan&p_year=2024&p_term=20&p_teach=061421&p_code=SWCON32113&p_subjt=SWCON321&lang=ko&loginYn=N&schedule_cd=hakbu,,,,
1246,1246,https://sugang.khu.ac.kr/core?attribute=lectPlan&p_year=2024&p_term=20&p_teach=055078&p_code=SWCON33100&p_subjt=SWCON331&lang=ko&loginYn=N&schedule_cd=hakbu,,,,
1247,1247,https://sugang.khu.ac.kr/core?attribute=lectPlan&p_year=2024&p_term=20&p_teach=055078&p_code=SWCON33200&p_subjt=SWCON332&lang=ko&loginYn=N&schedule_cd=hakbu,,,,
1248,1248,https://sugang.khu.ac.kr/core?attribute=lectPlan&p_year=2024&p_term=20&p_teach=061421&p_code=SWCON33201&p_subjt=SWCON332&lang=ko&loginYn=N&schedule_cd=hakbu,,,,
1249,1249,https://sugang.khu.ac.kr/core?attribute=lectPlan&p_year=2024&p_term=20&p_teach=055078&p_code=SWCON33202&p_subjt=SWCON332&lang=ko&loginYn=N&schedule_cd=hakbu,,,,
1250,1250,https://sugang.khu.ac.kr/core?attribute=lectPlan&p_year=2024&p_term=20&p_teach=061421&p_code=SWCON33203&p_subjt=SWCON332&lang=ko&loginYn=N&schedule_cd=hakbu,,,,
1251,1251,https://sugang.khu.ac.kr/core?attribute=lectPlan&p_year=2024&p_term=20&p_teach=061421&p_code=SWCON34200&p_subjt=SWCON342&lang=ko&loginYn=N&schedule_cd=hakbu,,,,
1252,1252,https://sugang.khu.ac.kr/core?attribute=lectPlan&p_year=2024&p_term=20&p_teach=026641&p_code=SWCON36400&p_subjt=SWCON364&lang=ko&loginYn=N&schedule_cd=hakbu,,,,
1253,1253,https://sugang.khu.ac.kr/core?attribute=lectPlan&p_year=2024&p_term=20&p_teach=054270&p_code=SWCON36401&p_subjt=SWCON364&lang=ko&loginYn=N&schedule_cd=hakbu,,,,
1254,1254,https://sugang.khu.ac.kr/core?attribute=lectPlan&p_year=2024&p_term=20&p_teach=061421&p_code=SWCON36402&p_subjt=SWCON364&lang=ko&loginYn=N&schedule_cd=hakbu,,,,
1255,1255,https://sugang.khu.ac.kr/core?attribute=lectPlan&p_year=2024&p_term=20&p_teach=024580&p_code=SWCON36403&p_subjt=SWCON364&lang=ko&loginYn=N&schedule_cd=hakbu,,,,
1256,1256,https://sugang.khu.ac.kr/core?attribute=lectPlan&p_year=2024&p_term=20&p_teach=015184&p_code=SWCON36700&p_subjt=SWCON367&lang=ko&loginYn=N&schedule_cd=hakbu,,,,
1257,1257,https://sugang.khu.ac.kr/core?attribute=lectPlan&p_year=2024&p_term=20&p_teach=058521&p_code=SWCON36701&p_subjt=SWCON367&lang=ko&loginYn=N&schedule_cd=hakbu,,,,
1258,1258,https://sugang.khu.ac.kr/core?attribute=lectPlan&p_year=2024&p_term=20&p_teach=015184&p_code=SWCON36702&p_subjt=SWCON367&lang=ko&loginYn=N&schedule_cd=hakbu,,,,
1259,1259,https://sugang.khu.ac.kr/core?attribute=lectPlan&p_year=2024&p_term=20&p_teach=058521&p_code=SWCON36703&p_subjt=SWCON367&lang=ko&loginYn=N&schedule_cd=hakbu,,,,
1260,1260,https://sugang.khu.ac.kr/core?attribute=lectPlan&p_year=2024&p_term=20&p_teach=058521&p_code=SWCON36704&p_subjt=SWCON367&lang=ko&loginYn=N&schedule_cd=hakbu,,,,
1261,1261,https://sugang.khu.ac.kr/core?attribute=lectPlan&p_year=2024&p_term=20&p_teach=058521&p_code=SWCON36705&p_subjt=SWCON367&lang=ko&loginYn=N&schedule_cd=hakbu,,,,
1262,1262,https://sugang.khu.ac.kr/core?attribute=lectPlan&p_year=2024&p_term=20&p_teach=058521&p_code=SWCON36706&p_subjt=SWCON367&lang=ko&loginYn=N&schedule_cd=hakbu,,,,
1263,1263,https://sugang.khu.ac.kr/core?attribute=lectPlan&p_year=2024&p_term=20&p_teach=058521&p_code=SWCON36707&p_subjt=SWCON367&lang=ko&loginYn=N&schedule_cd=hakbu,,,,
1264,1264,https://sugang.khu.ac.kr/core?attribute=lectPlan&p_year=2024&p_term=20&p_teach=011186&p_code=SWCON37000&p_subjt=SWCON370&lang=ko&loginYn=N&schedule_cd=hakbu,,,,
1265,1265,https://sugang.khu.ac.kr/core?attribute=lectPlan&p_year=2024&p_term=20&p_teach=011186&p_code=SWCON40100&p_subjt=SWCON401&lang=ko&loginYn=N&schedule_cd=hakbu,,,,
1266,1266,https://sugang.khu.ac.kr/core?attribute=lectPlan&p_year=2024&p_term=20&p_teach=054270&p_code=SWCON40102&p_subjt=SWCON401&lang=ko&loginYn=N&schedule_cd=hakbu,,,,
1267,1267,https://sugang.khu.ac.kr/core?attribute=lectPlan&p_year=2024&p_term=20&p_teach=058523&p_code=SWCON40104&p_subjt=SWCON401&lang=ko&loginYn=N&schedule_cd=hakbu,,,,
1268,1268,https://sugang.khu.ac.kr/core?attribute=lectPlan&p_year=2024&p_term=20&p_teach=058521&p_code=SWCON40105&p_subjt=SWCON401&lang=ko&loginYn=N&schedule_cd=hakbu,,,,
1269,1269,https://sugang.khu.ac.kr/core?attribute=lectPlan&p_year=2024&p_term=20&p_teach=061420&p_code=SWCON40106&p_subjt=SWCON401&lang=ko&loginYn=N&schedule_cd=hakbu,,,,
1270,1270,https://sugang.khu.ac.kr/core?attribute=lectPlan&p_year=2024&p_term=20&p_teach=061421&p_code=SWCON40107&p_subjt=SWCON401&lang=ko&loginYn=N&schedule_cd=hakbu,,,,
1271,1271,https://sugang.khu.ac.kr/core?attribute=lectPlan&p_year=2024&p_term=20&p_teach=039718&p_code=SWCON40108&p_subjt=SWCON401&lang=ko&loginYn=N&schedule_cd=hakbu,,,,
1272,1272,https://sugang.khu.ac.kr/core?attribute=lectPlan&p_year=2024&p_term=20&p_teach=058521&p_code=SWCON40109&p_subjt=SWCON401&lang=ko&loginYn=N&schedule_cd=hakbu,,,,
1273,1273,https://sugang.khu.ac.kr/core?attribute=lectPlan&p_year=2024&p_term=20&p_teach=054270&p_code=SWCON40110&p_subjt=SWCON401&lang=ko&loginYn=N&schedule_cd=hakbu,,,,
1274,1274,https://sugang.khu.ac.kr/core?attribute=lectPlan&p_year=2024&p_term=20&p_teach=054270&p_code=SWCON40111&p_subjt=SWCON401&lang=ko&loginYn=N&schedule_cd=hakbu,,,,
1275,1275,https://sugang.khu.ac.kr/core?attribute=lectPlan&p_year=2024&p_term=20&p_teach=058523&p_code=SWCON40112&p_subjt=SWCON401&lang=ko&loginYn=N&schedule_cd=hakbu,,,,
1276,1276,https://sugang.khu.ac.kr/core?attribute=lectPlan&p_year=2024&p_term=20&p_teach=039718&p_code=SWCON40113&p_subjt=SWCON401&lang=ko&loginYn=N&schedule_cd=hakbu,,,,
1277,1277,https://sugang.khu.ac.kr/core?attribute=lectPlan&p_year=2024&p_term=20&p_teach=061421&p_code=SWCON40114&p_subjt=SWCON401&lang=ko&loginYn=N&schedule_cd=hakbu,,,,
1278,1278,https://sugang.khu.ac.kr/core?attribute=lectPlan&p_year=2024&p_term=20&p_teach=061421&p_code=SWCON40115&p_subjt=SWCON401&lang=ko&loginYn=N&schedule_cd=hakbu,,,,
1279,1279,https://sugang.khu.ac.kr/core?attribute=lectPlan&p_year=2024&p_term=20&p_teach=058521&p_code=SWCON40116&p_subjt=SWCON401&lang=ko&loginYn=N&schedule_cd=hakbu,,,,
1280,1280,https://sugang.khu.ac.kr/core?attribute=lectPlan&p_year=2024&p_term=20&p_teach=058521&p_code=SWCON40117&p_subjt=SWCON401&lang=ko&loginYn=N&schedule_cd=hakbu,,,,
1281,1281,https://sugang.khu.ac.kr/core?attribute=lectPlan&p_year=2024&p_term=20&p_teach=054270&p_code=SWCON40200&p_subjt=SWCON402&lang=ko&loginYn=N&schedule_cd=hakbu,,,,
1282,1282,https://sugang.khu.ac.kr/core?attribute=lectPlan&p_year=2024&p_term=20&p_teach=054270&p_code=SWCON42500&p_subjt=SWCON425&lang=ko&loginYn=N&schedule_cd=hakbu,,,,
1283,1283,https://sugang.khu.ac.kr/core?attribute=lectPlan&p_year=2024&p_term=20&p_teach=058521&p_code=SWCON44200&p_subjt=SWCON442&lang=ko&loginYn=N&schedule_cd=hakbu,,,,
1284,1284,https://sugang.khu.ac.kr/core?attribute=lectPlan&p_year=2024&p_term=20&p_teach=011186&p_code=SWCON49200&p_subjt=SWCON492&lang=ko&loginYn=N&schedule_cd=hakbu,,,,
1285,1285,https://sugang.khu.ac.kr/core?attribute=lectPlan&p_year=2024&p_term=15&p_teach=033495&p_code=CSE10300&p_subjt=CSE103&lang=ko&loginYn=N&schedule_cd=hakbu,,,,
1286,1286,https://sugang.khu.ac.kr/core?attribute=lectPlan&p_year=2024&p_term=15&p_teach=057157&p_code=CSE10400&p_subjt=CSE104&lang=ko&loginYn=N&schedule_cd=hakbu,,,,
1287,1287,https://sugang.khu.ac.kr/core?attribute=lectPlan&p_year=2024&p_term=15&p_teach=011186&p_code=SWCON10400&p_subjt=SWCON104&lang=ko&loginYn=N&schedule_cd=hakbu,,,,
1288,1288,https://sugang.khu.ac.kr/core?attribute=lectPlan&p_year=2024&p_term=15&p_teach=011186&p_code=SWCON10401&p_subjt=SWCON104&lang=ko&loginYn=N&schedule_cd=hakbu,,,,
1289,1289,https://sugang.khu.ac.kr/core?attribute=lectPlan&p_year=2024&p_term=15&p_teach=011186&p_code=SWCON37000&p_subjt=SWCON370&lang=ko&loginYn=N&schedule_cd=hakbu,,,,
1290,1290,https://sugang.khu.ac.kr/core?attribute=lectPlan&p_year=2024&p_term=25&p_teach=033495&p_code=CSE10300&p_subjt=CSE103&lang=ko&loginYn=N&schedule_cd=hakbu,,,,
1291,1291,https://sugang.khu.ac.kr/core?attribute=lectPlan&p_year=2024&p_term=25&p_teach=057157&p_code=CSE10400&p_subjt=CSE104&lang=ko&loginYn=N&schedule_cd=hakbu,,,,
1292,1292,https://sugang.khu.ac.kr/core?attribute=lectPlan&p_year=2024&p_term=25&p_teach=011186&p_code=SWCON10400&p_subjt=SWCON104&lang=ko&loginYn=N&schedule_cd=hakbu,,,,
1293,1293,https://sugang.khu.ac.kr/core?attribute=lectPlan&p_year=2024&p_term=25&p_teach=011186&p_code=SWCON10401&p_subjt=SWCON104&lang=ko&loginYn=N&schedule_cd=hakbu,,,,
1294,1294,https://sugang.khu.ac.kr/core?attribute=lectPlan&p_year=2024&p_term=25&p_teach=011186&p_code=SWCON37000&p_subjt=SWCON370&lang=ko&loginYn=N&schedule_cd=hakbu,,,,
1295,1295,https://sugang.khu.ac.kr/core?attribute=lectPlan&p_year=2025&p_term=10&p_teach=059667&p_code=AI100100&p_subjt=AI1001&lang=ko&loginYn=N&schedule_cd=hakbu,,,,
1296,1296,https://sugang.khu.ac.kr/core?attribute=lectPlan&p_year=2025&p_term=10&p_teach=064244&p_code=AI300100&p_subjt=AI3001&lang=ko&loginYn=N&schedule_cd=hakbu,,,,
1297,1297,https://sugang.khu.ac.kr/core?attribute=lectPlan&p_year=2025&p_term=10&p_teach=058974&p_code=AI300200&p_subjt=AI3002&lang=ko&loginYn=N&schedule_cd=hakbu,,,,
1298,1298,https://sugang.khu.ac.kr/core?attribute=lectPlan&p_year=2025&p_term=10&p_teach=022334&p_code=AI300400&p_subjt=AI3004&lang=ko&loginYn=N&schedule_cd=hakbu,,,,
1299,1299,https://sugang.khu.ac.kr/core?attribute=lectPlan&p_year=2025&p_term=10&p_teach=061421&p_code=AI400600&p_subjt=AI4006&lang=ko&loginYn=N&schedule_cd=hakbu,,,,
1300,1300,https://sugang.khu.ac.kr/core?attribute=lectPlan&p_year=2025&p_term=10&p_teach=012405&p_code=CSE000100&p_subjt=CSE0001&lang=ko&loginYn=N&schedule_cd=hakbu,,,,
1301,1301,https://sugang.khu.ac.kr/core?attribute=lectPlan&p_year=2025&p_term=10&p_teach=023827&p_code=CSE000101&p_subjt=CSE0001&lang=ko&loginYn=N&schedule_cd=hakbu,,,,
1302,1302,https://sugang.khu.ac.kr/core?attribute=lectPlan&p_year=2025&p_term=10&p_teach=015184&p_code=CSE10300&p_subjt=CSE103&lang=ko&loginYn=N&schedule_cd=hakbu,,,,
1303,1303,https://sugang.khu.ac.kr/core?attribute=lectPlan&p_year=2025&p_term=10&p_teach=015184&p_code=CSE10301&p_subjt=CSE103&lang=ko&loginYn=N&schedule_cd=hakbu,,,,
1304,1304,https://sugang.khu.ac.kr/core?attribute=lectPlan&p_year=2025&p_term=10&p_teach=055393&p_code=CSE10302&p_subjt=CSE103&lang=ko&loginYn=N&schedule_cd=hakbu,,,,
1305,1305,https://sugang.khu.ac.kr/core?attribute=lectPlan&p_year=2025&p_term=10&p_teach=057157&p_code=CSE10400&p_subjt=CSE104&lang=ko&loginYn=N&schedule_cd=hakbu,,,,
1306,1306,https://sugang.khu.ac.kr/core?attribute=lectPlan&p_year=2025&p_term=10&p_teach=063365&p_code=CSE20100&p_subjt=CSE201&lang=ko&loginYn=N&schedule_cd=hakbu,,,,
1307,1307,https://sugang.khu.ac.kr/core?attribute=lectPlan&p_year=2025&p_term=10&p_teach=063929&p_code=CSE20101&p_subjt=CSE201&lang=ko&loginYn=N&schedule_cd=hakbu,,,,
1308,1308,https://sugang.khu.ac.kr/core?attribute=lectPlan&p_year=2025&p_term=10&p_teach=058974&p_code=CSE20300&p_subjt=CSE203&lang=ko&loginYn=N&schedule_cd=hakbu,,,,
1309,1309,https://sugang.khu.ac.kr/core?attribute=lectPlan&p_year=2025&p_term=10&p_teach=055392&p_code=CSE20302&p_subjt=CSE203&lang=ko&loginYn=N&schedule_cd=hakbu,,,,
1310,1310,https://sugang.khu.ac.kr/core?attribute=lectPlan&p_year=2025&p_term=10&p_teach=033491&p_code=CSE20400&p_subjt=CSE204&lang=ko&loginYn=N&schedule_cd=hakbu,,,,
1311,1311,https://sugang.khu.ac.kr/core?attribute=lectPlan&p_year=2025&p_term=10&p_teach=061420&p_code=CSE20402&p_subjt=CSE204&lang=ko&loginYn=N&schedule_cd=hakbu,,,,
1312,1312,https://sugang.khu.ac.kr/core?attribute=lectPlan&p_year=2025&p_term=10&p_teach=038168&p_code=CSE22400&p_subjt=CSE224&lang=ko&loginYn=N&schedule_cd=hakbu,,,,
1313,1313,https://sugang.khu.ac.kr/core?attribute=lectPlan&p_year=2025&p_term=10&p_teach=059667&p_code=CSE30100&p_subjt=CSE301&lang=ko&loginYn=N&schedule_cd=hakbu,,,,
1314,1314,https://sugang.khu.ac.kr/core?attribute=lectPlan&p_year=2025&p_term=10&p_teach=033495&p_code=CSE30101&p_subjt=CSE301&lang=ko&loginYn=N&schedule_cd=hakbu,,,,
1315,1315,https://sugang.khu.ac.kr/core?attribute=lectPlan&p_year=2025&p_term=10&p_teach=011186&p_code=CSE30200&p_subjt=CSE302&lang=ko&loginYn=N&schedule_cd=hakbu,,,,
1316,1316,https://sugang.khu.ac.kr/core?attribute=lectPlan&p_year=2025&p_term=10&p_teach=049571&p_code=CSE30201&p_subjt=CSE302&lang=ko&loginYn=N&schedule_cd=hakbu,,,,
1317,1317,https://sugang.khu.ac.kr/core?attribute=lectPlan&p_year=2025&p_term=10&p_teach=015327&p_code=CSE30202&p_subjt=CSE302&lang=ko&loginYn=N&schedule_cd=hakbu,,,,
1318,1318,https://sugang.khu.ac.kr/core?attribute=lectPlan&p_year=2025&p_term=10&p_teach=006189&p_code=CSE30400&p_subjt=CSE304&lang=ko&loginYn=N&schedule_cd=hakbu,,,,
1319,1319,https://sugang.khu.ac.kr/core?attribute=lectPlan&p_year=2025&p_term=10&p_teach=063365&p_code=CSE30401&p_subjt=CSE304&lang=ko&loginYn=N&schedule_cd=hakbu,,,,
1320,1320,https://sugang.khu.ac.kr/core?attribute=lectPlan&p_year=2025&p_term=10&p_teach=062134&p_code=CSE30402&p_subjt=CSE304&lang=ko&loginYn=N&schedule_cd=hakbu,,,,
1321,1321,https://sugang.khu.ac.kr/core?attribute=lectPlan&p_year=2025&p_term=10&p_teach=022334&p_code=CSE30500&p_subjt=CSE305&lang=ko&loginYn=N&schedule_cd=hakbu,,,,
1322,1322,https://sugang.khu.ac.kr/core?attribute=lectPlan&p_year=2025&p_term=10&p_teach=053197&p_code=CSE30501&p_subjt=CSE305&lang=ko&loginYn=N&schedule_cd=hakbu,,,,
1323,1323,https://sugang.khu.ac.kr/core?attribute=lectPlan&p_year=2025&p_term=10&p_teach=059667&p_code=CSE32200&p_subjt=CSE322&lang=ko&loginYn=N&schedule_cd=hakbu,,,,
1324,1324,https://sugang.khu.ac.kr/core?attribute=lectPlan&p_year=2025&p_term=10&p_teach=058974&p_code=CSE32700&p_subjt=CSE327&lang=ko&loginYn=N&schedule_cd=hakbu,,,,
1325,1325,https://sugang.khu.ac.kr/core?attribute=lectPlan&p_year=2025&p_term=10&p_teach=062077&p_code=CSE33000&p_subjt=CSE330&lang=ko&loginYn=N&schedule_cd=hakbu,,,,
1326,1326,https://sugang.khu.ac.kr/core?attribute=lectPlan&p_year=2025&p_term=10&p_teach=047387&p_code=CSE33100&p_subjt=CSE331&lang=ko&loginYn=N&schedule_cd=hakbu,,,,
1327,1327,https://sugang.khu.ac.kr/core?attribute=lectPlan&p_year=2025&p_term=10&p_teach=047818&p_code=CSE33500&p_subjt=CSE335&lang=ko&loginYn=N&schedule_cd=hakbu,,,,
1328,1328,https://sugang.khu.ac.kr/core?attribute=lectPlan&p_year=2025&p_term=10&p_teach=055392&p_code=CSE40300&p_subjt=CSE403&lang=ko&loginYn=N&schedule_cd=hakbu,,,,
1329,1329,https://sugang.khu.ac.kr/core?attribute=lectPlan&p_year=2025&p_term=10&p_teach=055392&p_code=CSE40500&p_subjt=CSE405&lang=ko&loginYn=N&schedule_cd=hakbu,,,,
1330,1330,https://sugang.khu.ac.kr/core?attribute=lectPlan&p_year=2025&p_term=10&p_teach=052980&p_code=CSE40600&p_subjt=CSE406&lang=ko&loginYn=N&schedule_cd=hakbu,,,,
1331,1331,https://sugang.khu.ac.kr/core?attribute=lectPlan&p_year=2025&p_term=10&p_teach=039542&p_code=CSE40601&p_subjt=CSE406&lang=ko&loginYn=N&schedule_cd=hakbu,,,,
1332,1332,https://sugang.khu.ac.kr/core?attribute=lectPlan&p_year=2025&p_term=10&p_teach=022334&p_code=CSE40602&p_subjt=CSE406&lang=ko&loginYn=N&schedule_cd=hakbu,,,,
1333,1333,https://sugang.khu.ac.kr/core?attribute=lectPlan&p_year=2025&p_term=10&p_teach=024580&p_code=CSE40603&p_subjt=CSE406&lang=ko&loginYn=N&schedule_cd=hakbu,,,,
1334,1334,https://sugang.khu.ac.kr/core?attribute=lectPlan&p_year=2025&p_term=10&p_teach=043181&p_code=CSE40604&p_subjt=CSE406&lang=ko&loginYn=N&schedule_cd=hakbu,,,,
1335,1335,https://sugang.khu.ac.kr/core?attribute=lectPlan&p_year=2025&p_term=10&p_teach=038168&p_code=CSE40605&p_subjt=CSE406&lang=ko&loginYn=N&schedule_cd=hakbu,,,,
1336,1336,https://sugang.khu.ac.kr/core?attribute=lectPlan&p_year=2025&p_term=10&p_teach=047387&p_code=CSE40606&p_subjt=CSE406&lang=ko&loginYn=N&schedule_cd=hakbu,,,,
1337,1337,https://sugang.khu.ac.kr/core?attribute=lectPlan&p_year=2025&p_term=10&p_teach=055392&p_code=CSE40607&p_subjt=CSE406&lang=ko&loginYn=N&schedule_cd=hakbu,,,,
1338,1338,https://sugang.khu.ac.kr/core?attribute=lectPlan&p_year=2025&p_term=10&p_teach=055393&p_code=CSE40609&p_subjt=CSE406&lang=ko&loginYn=N&schedule_cd=hakbu,,,,
1339,1339,https://sugang.khu.ac.kr/core?attribute=lectPlan&p_year=2025&p_term=10&p_teach=058974&p_code=CSE40610&p_subjt=CSE406&lang=ko&loginYn=N&schedule_cd=hakbu,,,,
1340,1340,https://sugang.khu.ac.kr/core?attribute=lectPlan&p_year=2025&p_term=10&p_teach=059932&p_code=CSE40612&p_subjt=CSE406&lang=ko&loginYn=N&schedule_cd=hakbu,,,,
1341,1341,https://sugang.khu.ac.kr/core?attribute=lectPlan&p_year=2025&p_term=10&p_teach=059667&p_code=CSE40613&p_subjt=CSE406&lang=ko&loginYn=N&schedule_cd=hakbu,,,,
1342,1342,https://sugang.khu.ac.kr/core?attribute=lectPlan&p_year=2025&p_term=10&p_teach=062134&p_code=CSE40614&p_subjt=CSE406&lang=ko&loginYn=N&schedule_cd=hakbu,,,,
1343,1343,https://sugang.khu.ac.kr/core?attribute=lectPlan&p_year=2025&p_term=10&p_teach=061910&p_code=CSE410000&p_subjt=CSE4100&lang=ko&loginYn=N&schedule_cd=hakbu,,,,
1344,1344,https://sugang.khu.ac.kr/core?attribute=lectPlan&p_year=2025&p_term=10&p_teach=059932&p_code=CSE42300&p_subjt=CSE423&lang=ko&loginYn=N&schedule_cd=hakbu,,,,
1345,1345,https://sugang.khu.ac.kr/core?attribute=lectPlan&p_year=2025&p_term=10&p_teach=052980&p_code=CSE42600&p_subjt=CSE426&lang=ko&loginYn=N&schedule_cd=hakbu,,,,
1346,1346,https://sugang.khu.ac.kr/core?attribute=lectPlan&p_year=2025&p_term=10&p_teach=039542&p_code=CSE42800&p_subjt=CSE428&lang=ko&loginYn=N&schedule_cd=hakbu,,,,
1347,1347,https://sugang.khu.ac.kr/core?attribute=lectPlan&p_year=2025&p_term=10&p_teach=045483&p_code=CSE43800&p_subjt=CSE438&lang=ko&loginYn=N&schedule_cd=hakbu,,,,
1348,1348,https://sugang.khu.ac.kr/core?attribute=lectPlan&p_year=2025&p_term=10&p_teach=024580&p_code=CSE44300&p_subjt=CSE443&lang=ko&loginYn=N&schedule_cd=hakbu,,,,
1349,1349,https://sugang.khu.ac.kr/core?attribute=lectPlan&p_year=2025&p_term=10&p_teach=049571&p_code=CSE44400&p_subjt=CSE444&lang=ko&loginYn=N&schedule_cd=hakbu,,,,
1350,1350,https://sugang.khu.ac.kr/core?attribute=lectPlan&p_year=2025&p_term=10&p_teach=037046&p_code=CSE45000&p_subjt=CSE450&lang=ko&loginYn=N&schedule_cd=hakbu,,,,
1351,1351,https://sugang.khu.ac.kr/core?attribute=lectPlan&p_year=2025&p_term=10&p_teach=059932&p_code=CSE49500&p_subjt=CSE495&lang=ko&loginYn=N&schedule_cd=hakbu,,,,
1352,1352,https://sugang.khu.ac.kr/core?attribute=lectPlan&p_year=2025&p_term=10&p_teach=047387&p_code=CSE49501&p_subjt=CSE495&lang=ko&loginYn=N&schedule_cd=hakbu,,,,
1353,1353,https://sugang.khu.ac.kr/core?attribute=lectPlan&p_year=2025&p_term=10&p_teach=058525&p_code=CSE49502&p_subjt=CSE495&lang=ko&loginYn=N&schedule_cd=hakbu,,,,
1354,1354,https://sugang.khu.ac.kr/core?attribute=lectPlan&p_year=2025&p_term=10&p_teach=052980&p_code=CSE49503&p_subjt=CSE495&lang=ko&loginYn=N&schedule_cd=hakbu,,,,
1355,1355,https://sugang.khu.ac.kr/core?attribute=lectPlan&p_year=2025&p_term=10&p_teach=022334&p_code=CSE49504&p_subjt=CSE495&lang=ko&loginYn=N&schedule_cd=hakbu,,,,
1356,1356,https://sugang.khu.ac.kr/core?attribute=lectPlan&p_year=2025&p_term=10&p_teach=047387&p_code=CSE49505&p_subjt=CSE495&lang=ko&loginYn=N&schedule_cd=hakbu,,,,
1357,1357,https://sugang.khu.ac.kr/core?attribute=lectPlan&p_year=2025&p_term=10&p_teach=047387&p_code=CSE49506&p_subjt=CSE495&lang=ko&loginYn=N&schedule_cd=hakbu,,,,
1358,1358,https://sugang.khu.ac.kr/core?attribute=lectPlan&p_year=2025&p_term=10&p_teach=047387&p_code=CSE49507&p_subjt=CSE495&lang=ko&loginYn=N&schedule_cd=hakbu,,,,
1359,1359,https://sugang.khu.ac.kr/core?attribute=lectPlan&p_year=2025&p_term=10&p_teach=059667&p_code=CSE49509&p_subjt=CSE495&lang=ko&loginYn=N&schedule_cd=hakbu,,,,
1360,1360,https://sugang.khu.ac.kr/core?attribute=lectPlan&p_year=2025&p_term=10&p_teach=047387&p_code=CSE49600&p_subjt=CSE496&lang=ko&loginYn=N&schedule_cd=hakbu,,,,
1361,1361,https://sugang.khu.ac.kr/core?attribute=lectPlan&p_year=2025&p_term=10&p_teach=058525&p_code=CSE49601&p_subjt=CSE496&lang=ko&loginYn=N&schedule_cd=hakbu,,,,
1362,1362,https://sugang.khu.ac.kr/core?attribute=lectPlan&p_year=2025&p_term=10&p_teach=047387&p_code=CSE49602&p_subjt=CSE496&lang=ko&loginYn=N&schedule_cd=hakbu,,,,
1363,1363,https://sugang.khu.ac.kr/core?attribute=lectPlan&p_year=2025&p_term=10&p_teach=047387&p_code=CSE49603&p_subjt=CSE496&lang=ko&loginYn=N&schedule_cd=hakbu,,,,
1364,1364,https://sugang.khu.ac.kr/core?attribute=lectPlan&p_year=2025&p_term=10&p_teach=047387&p_code=CSE49604&p_subjt=CSE496&lang=ko&loginYn=N&schedule_cd=hakbu,,,,
1365,1365,https://sugang.khu.ac.kr/core?attribute=lectPlan&p_year=2025&p_term=10&p_teach=047387&p_code=CSE49605&p_subjt=CSE496&lang=ko&loginYn=N&schedule_cd=hakbu,,,,
1366,1366,https://sugang.khu.ac.kr/core?attribute=lectPlan&p_year=2025&p_term=10&p_teach=062134&p_code=CSE49606&p_subjt=CSE496&lang=ko&loginYn=N&schedule_cd=hakbu,,,,
1367,1367,https://sugang.khu.ac.kr/core?attribute=lectPlan&p_year=2025&p_term=10&p_teach=024580&p_code=CSE49607&p_subjt=CSE496&lang=ko&loginYn=N&schedule_cd=hakbu,,,,
1368,1368,https://sugang.khu.ac.kr/core?attribute=lectPlan&p_year=2025&p_term=10&p_teach=059482&p_code=EE20900&p_subjt=EE209&lang=ko&loginYn=N&schedule_cd=hakbu,,,,
1369,1369,https://sugang.khu.ac.kr/core?attribute=lectPlan&p_year=2025&p_term=10&p_teach=062135&p_code=EE20901&p_subjt=EE209&lang=ko&loginYn=N&schedule_cd=hakbu,,,,
1370,1370,https://sugang.khu.ac.kr/core?attribute=lectPlan&p_year=2025&p_term=10&p_teach=026088&p_code=EE20902&p_subjt=EE209&lang=ko&loginYn=N&schedule_cd=hakbu,,,,
1371,1371,https://sugang.khu.ac.kr/core?attribute=lectPlan&p_year=2025&p_term=10&p_teach=063976&p_code=EE20903&p_subjt=EE209&lang=ko&loginYn=N&schedule_cd=hakbu,,,,
1372,1372,https://sugang.khu.ac.kr/core?attribute=lectPlan&p_year=2025&p_term=10&p_teach=025249&p_code=EE21000&p_subjt=EE210&lang=ko&loginYn=N&schedule_cd=hakbu,,,,
1373,1373,https://sugang.khu.ac.kr/core?attribute=lectPlan&p_year=2025&p_term=10&p_teach=056156&p_code=EE21001&p_subjt=EE210&lang=ko&loginYn=N&schedule_cd=hakbu,,,,
1374,1374,https://sugang.khu.ac.kr/core?attribute=lectPlan&p_year=2025&p_term=10&p_teach=059930&p_code=EE21002&p_subjt=EE210&lang=ko&loginYn=N&schedule_cd=hakbu,,,,
1375,1375,https://sugang.khu.ac.kr/core?attribute=lectPlan&p_year=2025&p_term=10&p_teach=004463&p_code=EE21100&p_subjt=EE211&lang=ko&loginYn=N&schedule_cd=hakbu,,,,
1376,1376,https://sugang.khu.ac.kr/core?attribute=lectPlan&p_year=2025&p_term=10&p_teach=021795&p_code=EE21101&p_subjt=EE211&lang=ko&loginYn=N&schedule_cd=hakbu,,,,
1377,1377,https://sugang.khu.ac.kr/core?attribute=lectPlan&p_year=2025&p_term=10&p_teach=023209&p_code=EE21102&p_subjt=EE211&lang=ko&loginYn=N&schedule_cd=hakbu,,,,
1378,1378,https://sugang.khu.ac.kr/core?attribute=lectPlan&p_year=2025&p_term=10&p_teach=056815&p_code=EE21103&p_subjt=EE211&lang=ko&loginYn=N&schedule_cd=hakbu,,,,
1379,1379,https://sugang.khu.ac.kr/core?attribute=lectPlan&p_year=2025&p_term=10&p_teach=058525&p_code=EE21104&p_subjt=EE211&lang=ko&loginYn=N&schedule_cd=hakbu,,,,
1380,1380,https://sugang.khu.ac.kr/core?attribute=lectPlan&p_year=2025&p_term=10&p_teach=014891&p_code=EE21105&p_subjt=EE211&lang=ko&loginYn=N&schedule_cd=hakbu,,,,
1381,1381,https://sugang.khu.ac.kr/core?attribute=lectPlan&p_year=2025&p_term=10&p_teach=028453&p_code=ELC47101&p_subjt=ELC471&lang=ko&loginYn=N&schedule_cd=hakbu,,,,
1382,1382,https://sugang.khu.ac.kr/core?attribute=lectPlan&p_year=2025&p_term=10&p_teach=061424&p_code=ID301200&p_subjt=ID3012&lang=ko&loginYn=N&schedule_cd=hakbu,,,,
1383,1383,https://sugang.khu.ac.kr/core?attribute=lectPlan&p_year=2025&p_term=10&p_teach=064161&p_code=IE30100&p_subjt=IE301&lang=ko&loginYn=N&schedule_cd=hakbu,,,,
1384,1384,https://sugang.khu.ac.kr/core?attribute=lectPlan&p_year=2025&p_term=10&p_teach=063880&p_code=IE32900&p_subjt=IE329&lang=ko&loginYn=N&schedule_cd=hakbu,,,,
1385,1385,https://sugang.khu.ac.kr/core?attribute=lectPlan&p_year=2025&p_term=10&p_teach=011044&p_code=ME37501&p_subjt=ME375&lang=ko&loginYn=N&schedule_cd=hakbu,,,,
1386,1386,https://sugang.khu.ac.kr/core?attribute=lectPlan&p_year=2025&p_term=10&p_teach=015456&p_code=ME38001&p_subjt=ME380&lang=ko&loginYn=N&schedule_cd=hakbu,,,,
1387,1387,https://sugang.khu.ac.kr/core?attribute=lectPlan&p_year=2025&p_term=10&p_teach=048093&p_code=ME38002&p_subjt=ME380&lang=ko&loginYn=N&schedule_cd=hakbu,,,,
1388,1388,https://sugang.khu.ac.kr/core?attribute=lectPlan&p_year=2025&p_term=10&p_teach=015456&p_code=ME38003&p_subjt=ME380&lang=ko&loginYn=N&schedule_cd=hakbu,,,,
1389,1389,https://sugang.khu.ac.kr/core?attribute=lectPlan&p_year=2025&p_term=10&p_teach=021782&p_code=ME39101&p_subjt=ME391&lang=ko&loginYn=N&schedule_cd=hakbu,,,,
1390,1390,https://sugang.khu.ac.kr/core?attribute=lectPlan&p_year=2025&p_term=10&p_teach=056148&p_code=ME39102&p_subjt=ME391&lang=ko&loginYn=N&schedule_cd=hakbu,,,,
1391,1391,https://sugang.khu.ac.kr/core?attribute=lectPlan&p_year=2025&p_term=10&p_teach=039542&p_code=SWCON10300&p_subjt=SWCON103&lang=ko&loginYn=N&schedule_cd=hakbu,,,,
1392,1392,https://sugang.khu.ac.kr/core?attribute=lectPlan&p_year=2025&p_term=10&p_teach=061421&p_code=SWCON10301&p_subjt=SWCON103&lang=ko&loginYn=N&schedule_cd=hakbu,,,,
1393,1393,https://sugang.khu.ac.kr/core?attribute=lectPlan&p_year=2025&p_term=10&p_teach=011186&p_code=SWCON10400&p_subjt=SWCON104&lang=ko&loginYn=N&schedule_cd=hakbu,,,,
1394,1394,https://sugang.khu.ac.kr/core?attribute=lectPlan&p_year=2025&p_term=10&p_teach=058523&p_code=SWCON10401&p_subjt=SWCON104&lang=ko&loginYn=N&schedule_cd=hakbu,,,,
1395,1395,https://sugang.khu.ac.kr/core?attribute=lectPlan&p_year=2025&p_term=10&p_teach=061421&p_code=SWCON10402&p_subjt=SWCON104&lang=ko&loginYn=N&schedule_cd=hakbu,,,,
1396,1396,https://sugang.khu.ac.kr/core?attribute=lectPlan&p_year=2025&p_term=10&p_teach=011186&p_code=SWCON10403&p_subjt=SWCON104&lang=ko&loginYn=N&schedule_cd=hakbu,,,,
1397,1397,https://sugang.khu.ac.kr/core?attribute=lectPlan&p_year=2025&p_term=10&p_teach=011186&p_code=SWCON20100&p_subjt=SWCON201&lang=ko&loginYn=N&schedule_cd=hakbu,,,,
1398,1398,https://sugang.khu.ac.kr/core?attribute=lectPlan&p_year=2025&p_term=10&p_teach=011186&p_code=SWCON22100&p_subjt=SWCON221&lang=ko&loginYn=N&schedule_cd=hakbu,,,,
1399,1399,https://sugang.khu.ac.kr/core?attribute=lectPlan&p_year=2025&p_term=10&p_teach=061420&p_code=SWCON24100&p_subjt=SWCON241&lang=ko&loginYn=N&schedule_cd=hakbu,,,,
1400,1400,https://sugang.khu.ac.kr/core?attribute=lectPlan&p_year=2025&p_term=10&p_teach=054270&p_code=SWCON25300&p_subjt=SWCON253&lang=ko&loginYn=N&schedule_cd=hakbu,,,,
1401,1401,https://sugang.khu.ac.kr/core?attribute=lectPlan&p_year=2025&p_term=10&p_teach=052980&p_code=SWCON25301&p_subjt=SWCON253&lang=ko&loginYn=N&schedule_cd=hakbu,,,,
1402,1402,https://sugang.khu.ac.kr/core?attribute=lectPlan&p_year=2025&p_term=10&p_teach=055393&p_code=SWCON25302&p_subjt=SWCON253&lang=ko&loginYn=N&schedule_cd=hakbu,,,,
1403,1403,https://sugang.khu.ac.kr/core?attribute=lectPlan&p_year=2025&p_term=10&p_teach=058521&p_code=SWCON25400&p_subjt=SWCON254&lang=ko&loginYn=N&schedule_cd=hakbu,,,,
1404,1404,https://sugang.khu.ac.kr/core?attribute=lectPlan&p_year=2025&p_term=10&p_teach=015184&p_code=SWCON31100&p_subjt=SWCON311&lang=ko&loginYn=N&schedule_cd=hakbu,,,,
1405,1405,https://sugang.khu.ac.kr/core?attribute=lectPlan&p_year=2025&p_term=10&p_teach=058521&p_code=SWCON31200&p_subjt=SWCON312&lang=ko&loginYn=N&schedule_cd=hakbu,,,,
1406,1406,https://sugang.khu.ac.kr/core?attribute=lectPlan&p_year=2025&p_term=10&p_teach=054270&p_code=SWCON32100&p_subjt=SWCON321&lang=ko&loginYn=N&schedule_cd=hakbu,,,,
1407,1407,https://sugang.khu.ac.kr/core?attribute=lectPlan&p_year=2025&p_term=10&p_teach=058523&p_code=SWCON32101&p_subjt=SWCON321&lang=ko&loginYn=N&schedule_cd=hakbu,,,,
1408,1408,https://sugang.khu.ac.kr/core?attribute=lectPlan&p_year=2025&p_term=10&p_teach=061420&p_code=SWCON32102&p_subjt=SWCON321&lang=ko&loginYn=N&schedule_cd=hakbu,,,,
1409,1409,https://sugang.khu.ac.kr/core?attribute=lectPlan&p_year=2025&p_term=10&p_teach=061421&p_code=SWCON32103&p_subjt=SWCON321&lang=ko&loginYn=N&schedule_cd=hakbu,,,,
1410,1410,https://sugang.khu.ac.kr/core?attribute=lectPlan&p_year=2025&p_term=10&p_teach=055078&p_code=SWCON33200&p_subjt=SWCON332&lang=ko&loginYn=N&schedule_cd=hakbu,,,,
1411,1411,https://sugang.khu.ac.kr/core?attribute=lectPlan&p_year=2025&p_term=10&p_teach=061421&p_code=SWCON34100&p_subjt=SWCON341&lang=ko&loginYn=N&schedule_cd=hakbu,,,,
1412,1412,https://sugang.khu.ac.kr/core?attribute=lectPlan&p_year=2025&p_term=10&p_teach=058521&p_code=SWCON36300&p_subjt=SWCON363&lang=ko&loginYn=N&schedule_cd=hakbu,,,,
1413,1413,https://sugang.khu.ac.kr/core?attribute=lectPlan&p_year=2025&p_term=10&p_teach=055078&p_code=SWCON36600&p_subjt=SWCON366&lang=ko&loginYn=N&schedule_cd=hakbu,,,,
1414,1414,https://sugang.khu.ac.kr/core?attribute=lectPlan&p_year=2025&p_term=10&p_teach=015184&p_code=SWCON36700&p_subjt=SWCON367&lang=ko&loginYn=N&schedule_cd=hakbu,,,,
1415,1415,https://sugang.khu.ac.kr/core?attribute=lectPlan&p_year=2025&p_term=10&p_teach=058521&p_code=SWCON36701&p_subjt=SWCON367&lang=ko&loginYn=N&schedule_cd=hakbu,,,,
1416,1416,https://sugang.khu.ac.kr/core?attribute=lectPlan&p_year=2025&p_term=10&p_teach=011186&p_code=SWCON37000&p_subjt=SWCON370&lang=ko&loginYn=N&schedule_cd=hakbu,,,,
1417,1417,https://sugang.khu.ac.kr/core?attribute=lectPlan&p_year=2025&p_term=10&p_teach=058523&p_code=SWCON37200&p_subjt=SWCON372&lang=ko&loginYn=N&schedule_cd=hakbu,,,,
1418,1418,https://sugang.khu.ac.kr/core?attribute=lectPlan&p_year=2025&p_term=10&p_teach=011186&p_code=SWCON40100&p_subjt=SWCON401&lang=ko&loginYn=N&schedule_cd=hakbu,,,,
1419,1419,https://sugang.khu.ac.kr/core?attribute=lectPlan&p_year=2025&p_term=10&p_teach=015184&p_code=SWCON40101&p_subjt=SWCON401&lang=ko&loginYn=N&schedule_cd=hakbu,,,,
1420,1420,https://sugang.khu.ac.kr/core?attribute=lectPlan&p_year=2025&p_term=10&p_teach=054270&p_code=SWCON40102&p_subjt=SWCON401&lang=ko&loginYn=N&schedule_cd=hakbu,,,,
1421,1421,https://sugang.khu.ac.kr/core?attribute=lectPlan&p_year=2025&p_term=10&p_teach=055078&p_code=SWCON40103&p_subjt=SWCON401&lang=ko&loginYn=N&schedule_cd=hakbu,,,,
1422,1422,https://sugang.khu.ac.kr/core?attribute=lectPlan&p_year=2025&p_term=10&p_teach=058523&p_code=SWCON40104&p_subjt=SWCON401&lang=ko&loginYn=N&schedule_cd=hakbu,,,,
1423,1423,https://sugang.khu.ac.kr/core?attribute=lectPlan&p_year=2025&p_term=10&p_teach=058521&p_code=SWCON40105&p_subjt=SWCON401&lang=ko&loginYn=N&schedule_cd=hakbu,,,,
1424,1424,https://sugang.khu.ac.kr/core?attribute=lectPlan&p_year=2025&p_term=10&p_teach=061420&p_code=SWCON40106&p_subjt=SWCON401&lang=ko&loginYn=N&schedule_cd=hakbu,,,,
1425,1425,https://sugang.khu.ac.kr/core?attribute=lectPlan&p_year=2025&p_term=10&p_teach=061421&p_code=SWCON40107&p_subjt=SWCON401&lang=ko&loginYn=N&schedule_cd=hakbu,,,,
1426,1426,https://sugang.khu.ac.kr/core?attribute=lectPlan&p_year=2025&p_term=10&p_teach=054270&p_code=SWCON40200&p_subjt=SWCON402&lang=ko&loginYn=N&schedule_cd=hakbu,,,,
1427,1427,https://sugang.khu.ac.kr/core?attribute=lectPlan&p_year=2025&p_term=10&p_teach=058521&p_code=SWCON44100&p_subjt=SWCON441&lang=ko&loginYn=N&schedule_cd=hakbu,,,,
1428,1428,https://sugang.khu.ac.kr/core?attribute=lectPlan&p_year=2025&p_term=10&p_teach=061421&p_code=SWCON49100&p_subjt=SWCON491&lang=ko&loginYn=N&schedule_cd=hakbu,,,,
1429,1429,https://sugang.khu.ac.kr/core?attribute=lectPlan&p_year=2025&p_term=10&p_teach=011186&p_code=SWCON49200&p_subjt=SWCON492&lang=ko&loginYn=N&schedule_cd=hakbu,,,,
1430,1430,https://sugang.khu.ac.kr/core?attribute=lectPlan&p_year=2025&p_term=10&p_teach=015184&p_code=SWCON49400&p_subjt=SWCON494&lang=ko&loginYn=N&schedule_cd=hakbu,,,,
1431,1431,https://sugang.khu.ac.kr/core?attribute=lectPlan&p_year=2025&p_term=10&p_teach=055078&p_code=SWCON49500&p_subjt=SWCON495&lang=ko&loginYn=N&schedule_cd=hakbu,,,,
1432,1432,https://sugang.khu.ac.kr/core?attribute=lectPlan&p_year=2025&p_term=10&p_teach=061420&p_code=SWCON49600&p_subjt=SWCON496&lang=ko&loginYn=N&schedule_cd=hakbu,,,,
1433,1433,https://sugang.khu.ac.kr/core?attribute=lectPlan&p_year=2025&p_term=20&p_teach=064244&p_code=AI100200&p_subjt=AI1002&lang=ko&loginYn=N&schedule_cd=hakbu,,,,
1434,1434,https://sugang.khu.ac.kr/core?attribute=lectPlan&p_year=2025&p_term=20&p_teach=064244&p_code=AI100300&p_subjt=AI1003&lang=ko&loginYn=N&schedule_cd=hakbu,,,,
1435,1435,https://sugang.khu.ac.kr/core?attribute=lectPlan&p_year=2025&p_term=20&p_teach=062134&p_code=AI300300&p_subjt=AI3003&lang=ko&loginYn=N&schedule_cd=hakbu,,,,
1436,1436,https://sugang.khu.ac.kr/core?attribute=lectPlan&p_year=2025&p_term=20&p_teach=055392&p_code=AI300800&p_subjt=AI3008&lang=ko&loginYn=N&schedule_cd=hakbu,,,,
1437,1437,https://sugang.khu.ac.kr/core?attribute=lectPlan&p_year=2025&p_term=20&p_teach=058974&p_code=AI400300&p_subjt=AI4003&lang=ko&loginYn=N&schedule_cd=hakbu,,,,
1438,1438,https://sugang.khu.ac.kr/core?attribute=lectPlan&p_year=2025&p_term=20&p_teach=048730&p_code=AI400700&p_subjt=AI4007&lang=ko&loginYn=N&schedule_cd=hakbu,,,,
1439,1439,https://sugang.khu.ac.kr/core?attribute=lectPlan&p_year=2025&p_term=20&p_teach=015184&p_code=CSE10300&p_subjt=CSE103&lang=ko&loginYn=N&schedule_cd=hakbu,,,,
1440,1440,https://sugang.khu.ac.kr/core?attribute=lectPlan&p_year=2025&p_term=20&p_teach=055393&p_code=CSE10301&p_subjt=CSE103&lang=ko&loginYn=N&schedule_cd=hakbu,,,,
1441,1441,https://sugang.khu.ac.kr/core?attribute=lectPlan&p_year=2025&p_term=20&p_teach=015184&p_code=CSE10302&p_subjt=CSE103&lang=ko&loginYn=N&schedule_cd=hakbu,,,,
1442,1442,https://sugang.khu.ac.kr/core?attribute=lectPlan&p_year=2025&p_term=20&p_teach=063365&p_code=CSE20100&p_subjt=CSE201&lang=ko&loginYn=N&schedule_cd=hakbu,,,,
1443,1443,https://sugang.khu.ac.kr/core?attribute=lectPlan&p_year=2025&p_term=20&p_teach=063929&p_code=CSE20101&p_subjt=CSE201&lang=ko&loginYn=N&schedule_cd=hakbu,,,,
1444,1444,https://sugang.khu.ac.kr/core?attribute=lectPlan&p_year=2025&p_term=20&p_teach=055392&p_code=CSE20300&p_subjt=CSE203&lang=ko&loginYn=N&schedule_cd=hakbu,,,,
1445,1445,https://sugang.khu.ac.kr/core?attribute=lectPlan&p_year=2025&p_term=20&p_teach=058974&p_code=CSE20301&p_subjt=CSE203&lang=ko&loginYn=N&schedule_cd=hakbu,,,,
1446,1446,https://sugang.khu.ac.kr/core?attribute=lectPlan&p_year=2025&p_term=20&p_teach=059932&p_code=CSE20400&p_subjt=CSE204&lang=ko&loginYn=N&schedule_cd=hakbu,,,,
1447,1447,https://sugang.khu.ac.kr/core?attribute=lectPlan&p_year=2025&p_term=20&p_teach=061420&p_code=CSE20401&p_subjt=CSE204&lang=ko&loginYn=N&schedule_cd=hakbu,,,,
1448,1448,https://sugang.khu.ac.kr/core?attribute=lectPlan&p_year=2025&p_term=20&p_teach=033491&p_code=CSE20402&p_subjt=CSE204&lang=ko&loginYn=N&schedule_cd=hakbu,,,,
1449,1449,https://sugang.khu.ac.kr/core?attribute=lectPlan&p_year=2025&p_term=20&p_teach=059667&p_code=CSE30100&p_subjt=CSE301&lang=ko&loginYn=N&schedule_cd=hakbu,,,,
1450,1450,https://sugang.khu.ac.kr/core?attribute=lectPlan&p_year=2025&p_term=20&p_teach=065550&p_code=CSE30101&p_subjt=CSE301&lang=ko&loginYn=N&schedule_cd=hakbu,,,,
1451,1451,https://sugang.khu.ac.kr/core?attribute=lectPlan&p_year=2025&p_term=20&p_teach=024580&p_code=CSE30200&p_subjt=CSE302&lang=ko&loginYn=N&schedule_cd=hakbu,,,,
1452,1452,https://sugang.khu.ac.kr/core?attribute=lectPlan&p_year=2025&p_term=20&p_teach=015327&p_code=CSE30201&p_subjt=CSE302&lang=ko&loginYn=N&schedule_cd=hakbu,,,,
1453,1453,https://sugang.khu.ac.kr/core?attribute=lectPlan&p_year=2025&p_term=20&p_teach=011186&p_code=CSE30202&p_subjt=CSE302&lang=ko&loginYn=N&schedule_cd=hakbu,,,,
1454,1454,https://sugang.khu.ac.kr/core?attribute=lectPlan&p_year=2025&p_term=20&p_teach=049571&p_code=CSE30203&p_subjt=CSE302&lang=ko&loginYn=N&schedule_cd=hakbu,,,,
1455,1455,https://sugang.khu.ac.kr/core?attribute=lectPlan&p_year=2025&p_term=20&p_teach=063365&p_code=CSE30400&p_subjt=CSE304&lang=ko&loginYn=N&schedule_cd=hakbu,,,,
1456,1456,https://sugang.khu.ac.kr/core?attribute=lectPlan&p_year=2025&p_term=20&p_teach=062134&p_code=CSE30401&p_subjt=CSE304&lang=ko&loginYn=N&schedule_cd=hakbu,,,,
1457,1457,https://sugang.khu.ac.kr/core?attribute=lectPlan&p_year=2025&p_term=20&p_teach=022334&p_code=CSE30500&p_subjt=CSE305&lang=ko&loginYn=N&schedule_cd=hakbu,,,,
1458,1458,https://sugang.khu.ac.kr/core?attribute=lectPlan&p_year=2025&p_term=20&p_teach=053197&p_code=CSE30501&p_subjt=CSE305&lang=ko&loginYn=N&schedule_cd=hakbu,,,,
1459,1459,https://sugang.khu.ac.kr/core?attribute=lectPlan&p_year=2025&p_term=20&p_teach=022334&p_code=CSE30502&p_subjt=CSE305&lang=ko&loginYn=N&schedule_cd=hakbu,,,,
1460,1460,https://sugang.khu.ac.kr/core?attribute=lectPlan&p_year=2025&p_term=20&p_teach=024580&p_code=CSE32700&p_subjt=CSE327&lang=ko&loginYn=N&schedule_cd=hakbu,,,,
1461,1461,https://sugang.khu.ac.kr/core?attribute=lectPlan&p_year=2025&p_term=20&p_teach=065428&p_code=CSE32701&p_subjt=CSE327&lang=ko&loginYn=N&schedule_cd=hakbu,,,,
1462,1462,https://sugang.khu.ac.kr/core?attribute=lectPlan&p_year=2025&p_term=20&p_teach=047387&p_code=CSE33100&p_subjt=CSE331&lang=ko&loginYn=N&schedule_cd=hakbu,,,,
1463,1463,https://sugang.khu.ac.kr/core?attribute=lectPlan&p_year=2025&p_term=20&p_teach=047387&p_code=CSE33101&p_subjt=CSE331&lang=ko&loginYn=N&schedule_cd=hakbu,,,,
1464,1464,https://sugang.khu.ac.kr/core?attribute=lectPlan&p_year=2025&p_term=20&p_teach=062077&p_code=CSE33400&p_subjt=CSE334&lang=ko&loginYn=N&schedule_cd=hakbu,,,,
1465,1465,https://sugang.khu.ac.kr/core?attribute=lectPlan&p_year=2025&p_term=20&p_teach=047387&p_code=CSE34000&p_subjt=CSE340&lang=ko&loginYn=N&schedule_cd=hakbu,,,,
1466,1466,https://sugang.khu.ac.kr/core?attribute=lectPlan&p_year=2025&p_term=20&p_teach=058974&p_code=CSE40300&p_subjt=CSE403&lang=ko&loginYn=N&schedule_cd=hakbu,,,,
1467,1467,https://sugang.khu.ac.kr/core?attribute=lectPlan&p_year=2025&p_term=20&p_teach=058974&p_code=CSE40500&p_subjt=CSE405&lang=ko&loginYn=N&schedule_cd=hakbu,,,,
1468,1468,https://sugang.khu.ac.kr/core?attribute=lectPlan&p_year=2025&p_term=20&p_teach=022334&p_code=CSE40600&p_subjt=CSE406&lang=ko&loginYn=N&schedule_cd=hakbu,,,,
1469,1469,https://sugang.khu.ac.kr/core?attribute=lectPlan&p_year=2025&p_term=20&p_teach=024580&p_code=CSE40601&p_subjt=CSE406&lang=ko&loginYn=N&schedule_cd=hakbu,,,,
1470,1470,https://sugang.khu.ac.kr/core?attribute=lectPlan&p_year=2025&p_term=20&p_teach=039542&p_code=CSE40602&p_subjt=CSE406&lang=ko&loginYn=N&schedule_cd=hakbu,,,,
1471,1471,https://sugang.khu.ac.kr/core?attribute=lectPlan&p_year=2025&p_term=20&p_teach=052980&p_code=CSE40603&p_subjt=CSE406&lang=ko&loginYn=N&schedule_cd=hakbu,,,,
1472,1472,https://sugang.khu.ac.kr/core?attribute=lectPlan&p_year=2025&p_term=20&p_teach=064244&p_code=CSE40604&p_subjt=CSE406&lang=ko&loginYn=N&schedule_cd=hakbu,,,,
1473,1473,https://sugang.khu.ac.kr/core?attribute=lectPlan&p_year=2025&p_term=20&p_teach=047387&p_code=CSE40605&p_subjt=CSE406&lang=ko&loginYn=N&schedule_cd=hakbu,,,,
1474,1474,https://sugang.khu.ac.kr/core?attribute=lectPlan&p_year=2025&p_term=20&p_teach=055392&p_code=CSE40606&p_subjt=CSE406&lang=ko&loginYn=N&schedule_cd=hakbu,,,,
1475,1475,https://sugang.khu.ac.kr/core?attribute=lectPlan&p_year=2025&p_term=20&p_teach=055393&p_code=CSE40607&p_subjt=CSE406&lang=ko&loginYn=N&schedule_cd=hakbu,,,,
1476,1476,https://sugang.khu.ac.kr/core?attribute=lectPlan&p_year=2025&p_term=20&p_teach=058974&p_code=CSE40608&p_subjt=CSE406&lang=ko&loginYn=N&schedule_cd=hakbu,,,,
1477,1477,https://sugang.khu.ac.kr/core?attribute=lectPlan&p_year=2025&p_term=20&p_teach=059932&p_code=CSE40609&p_subjt=CSE406&lang=ko&loginYn=N&schedule_cd=hakbu,,,,
1478,1478,https://sugang.khu.ac.kr/core?attribute=lectPlan&p_year=2025&p_term=20&p_teach=059667&p_code=CSE40610&p_subjt=CSE406&lang=ko&loginYn=N&schedule_cd=hakbu,,,,
1479,1479,https://sugang.khu.ac.kr/core?attribute=lectPlan&p_year=2025&p_term=20&p_teach=062134&p_code=CSE40611&p_subjt=CSE406&lang=ko&loginYn=N&schedule_cd=hakbu,,,,
1480,1480,https://sugang.khu.ac.kr/core?attribute=lectPlan&p_year=2025&p_term=20&p_teach=063365&p_code=CSE40612&p_subjt=CSE406&lang=ko&loginYn=N&schedule_cd=hakbu,,,,
1481,1481,https://sugang.khu.ac.kr/core?attribute=lectPlan&p_year=2025&p_term=20&p_teach=017826&p_code=CSE43000&p_subjt=CSE430&lang=ko&loginYn=N&schedule_cd=hakbu,,,,
1482,1482,https://sugang.khu.ac.kr/core?attribute=lectPlan&p_year=2025&p_term=20&p_teach=047818&p_code=CSE43700&p_subjt=CSE437&lang=ko&loginYn=N&schedule_cd=hakbu,,,,
1483,1483,https://sugang.khu.ac.kr/core?attribute=lectPlan&p_year=2025&p_term=20&p_teach=039542&p_code=CSE44100&p_subjt=CSE441&lang=ko&loginYn=N&schedule_cd=hakbu,,,,
1484,1484,https://sugang.khu.ac.kr/core?attribute=lectPlan&p_year=2025&p_term=20&p_teach=061910&p_code=CSE44200&p_subjt=CSE442&lang=ko&loginYn=N&schedule_cd=hakbu,,,,
1485,1485,https://sugang.khu.ac.kr/core?attribute=lectPlan&p_year=2025&p_term=20&p_teach=037046&p_code=CSE45100&p_subjt=CSE451&lang=ko&loginYn=N&schedule_cd=hakbu,,,,
1486,1486,https://sugang.khu.ac.kr/core?attribute=lectPlan&p_year=2025&p_term=20&p_teach=059932&p_code=CSE45200&p_subjt=CSE452&lang=ko&loginYn=N&schedule_cd=hakbu,,,,
1487,1487,https://sugang.khu.ac.kr/core?attribute=lectPlan&p_year=2025&p_term=20&p_teach=064244&p_code=CSE49701&p_subjt=CSE497&lang=ko&loginYn=N&schedule_cd=hakbu,,,,
1488,1488,https://sugang.khu.ac.kr/core?attribute=lectPlan&p_year=2025&p_term=20&p_teach=047387&p_code=CSE49702&p_subjt=CSE497&lang=ko&loginYn=N&schedule_cd=hakbu,,,,
1489,1489,https://sugang.khu.ac.kr/core?attribute=lectPlan&p_year=2025&p_term=20&p_teach=058525&p_code=CSE49703&p_subjt=CSE497&lang=ko&loginYn=N&schedule_cd=hakbu,,,,
1490,1490,https://sugang.khu.ac.kr/core?attribute=lectPlan&p_year=2025&p_term=20&p_teach=022334&p_code=CSE49900&p_subjt=CSE499&lang=ko&loginYn=N&schedule_cd=hakbu,,,,
1491,1491,https://sugang.khu.ac.kr/core?attribute=lectPlan&p_year=2025&p_term=20&p_teach=064244&p_code=CSE49901&p_subjt=CSE499&lang=ko&loginYn=N&schedule_cd=hakbu,,,,
1492,1492,https://sugang.khu.ac.kr/core?attribute=lectPlan&p_year=2025&p_term=20&p_teach=059667&p_code=CSE49902&p_subjt=CSE499&lang=ko&loginYn=N&schedule_cd=hakbu,,,,
1493,1493,https://sugang.khu.ac.kr/core?attribute=lectPlan&p_year=2025&p_term=20&p_teach=026088&p_code=EE20900&p_subjt=EE209&lang=ko&loginYn=N&schedule_cd=hakbu,,,,
1494,1494,https://sugang.khu.ac.kr/core?attribute=lectPlan&p_year=2025&p_term=20&p_teach=059482&p_code=EE20901&p_subjt=EE209&lang=ko&loginYn=N&schedule_cd=hakbu,,,,
1495,1495,https://sugang.khu.ac.kr/core?attribute=lectPlan&p_year=2025&p_term=20&p_teach=036971&p_code=EE20902&p_subjt=EE209&lang=ko&loginYn=N&schedule_cd=hakbu,,,,
1496,1496,https://sugang.khu.ac.kr/core?attribute=lectPlan&p_year=2025&p_term=20&p_teach=025249&p_code=EE21000&p_subjt=EE210&lang=ko&loginYn=N&schedule_cd=hakbu,,,,
1497,1497,https://sugang.khu.ac.kr/core?attribute=lectPlan&p_year=2025&p_term=20&p_teach=023209&p_code=EE21001&p_subjt=EE210&lang=ko&loginYn=N&schedule_cd=hakbu,,,,
1498,1498,https://sugang.khu.ac.kr/core?attribute=lectPlan&p_year=2025&p_term=20&p_teach=059930&p_code=EE21002&p_subjt=EE210&lang=ko&loginYn=N&schedule_cd=hakbu,,,,
1499,1499,https://sugang.khu.ac.kr/core?attribute=lectPlan&p_year=2025&p_term=20&p_teach=023209&p_code=EE21100&p_subjt=EE211&lang=ko&loginYn=N&schedule_cd=hakbu,,,,
1500,1500,https://sugang.khu.ac.kr/core?attribute=lectPlan&p_year=2025&p_term=20&p_teach=056815&p_code=EE21101&p_subjt=EE211&lang=ko&loginYn=N&schedule_cd=hakbu,,,,
1501,1501,https://sugang.khu.ac.kr/core?attribute=lectPlan&p_year=2025&p_term=20&p_teach=058525&p_code=EE21102&p_subjt=EE211&lang=ko&loginYn=N&schedule_cd=hakbu,,,,
1502,1502,https://sugang.khu.ac.kr/core?attribute=lectPlan&p_year=2025&p_term=20&p_teach=021795&p_code=EE21103&p_subjt=EE211&lang=ko&loginYn=N&schedule_cd=hakbu,,,,
1503,1503,https://sugang.khu.ac.kr/core?attribute=lectPlan&p_year=2025&p_term=20&p_teach=004463&p_code=EE21104&p_subjt=EE211&lang=ko&loginYn=N&schedule_cd=hakbu,,,,
1504,1504,https://sugang.khu.ac.kr/core?attribute=lectPlan&p_year=2025&p_term=20&p_teach=026641&p_code=EE46100&p_subjt=EE461&lang=ko&loginYn=N&schedule_cd=hakbu,,,,
1505,1505,https://sugang.khu.ac.kr/core?attribute=lectPlan&p_year=2025&p_term=20&p_teach=002205&p_code=ELC28100&p_subjt=ELC281&lang=ko&loginYn=N&schedule_cd=hakbu,,,,
1506,1506,https://sugang.khu.ac.kr/core?attribute=lectPlan&p_year=2025&p_term=20&p_teach=056151&p_code=IE20800&p_subjt=IE208&lang=ko&loginYn=N&schedule_cd=hakbu,,,,
1507,1507,https://sugang.khu.ac.kr/core?attribute=lectPlan&p_year=2025&p_term=20&p_teach=045317&p_code=IE20801&p_subjt=IE208&lang=ko&loginYn=N&schedule_cd=hakbu,,,,
1508,1508,https://sugang.khu.ac.kr/core?attribute=lectPlan&p_year=2025&p_term=20&p_teach=024581&p_code=IE21500&p_subjt=IE215&lang=ko&loginYn=N&schedule_cd=hakbu,,,,
1509,1509,https://sugang.khu.ac.kr/core?attribute=lectPlan&p_year=2025&p_term=20&p_teach=064161&p_code=IE30200&p_subjt=IE302&lang=ko&loginYn=N&schedule_cd=hakbu,,,,
1510,1510,https://sugang.khu.ac.kr/core?attribute=lectPlan&p_year=2025&p_term=20&p_teach=024581&p_code=IE30600&p_subjt=IE306&lang=ko&loginYn=N&schedule_cd=hakbu,,,,
1511,1511,https://sugang.khu.ac.kr/core?attribute=lectPlan&p_year=2025&p_term=20&p_teach=015456&p_code=ME27101&p_subjt=ME271&lang=ko&loginYn=N&schedule_cd=hakbu,,,,
1512,1512,https://sugang.khu.ac.kr/core?attribute=lectPlan&p_year=2025&p_term=20&p_teach=021782&p_code=ME27102&p_subjt=ME271&lang=ko&loginYn=N&schedule_cd=hakbu,,,,
1513,1513,https://sugang.khu.ac.kr/core?attribute=lectPlan&p_year=2025&p_term=20&p_teach=064119&p_code=ME27103&p_subjt=ME271&lang=ko&loginYn=N&schedule_cd=hakbu,,,,
1514,1514,https://sugang.khu.ac.kr/core?attribute=lectPlan&p_year=2025&p_term=20&p_teach=011044&p_code=ME37601&p_subjt=ME376&lang=ko&loginYn=N&schedule_cd=hakbu,,,,
1515,1515,https://sugang.khu.ac.kr/core?attribute=lectPlan&p_year=2025&p_term=20&p_teach=015184&p_code=SWCON10100&p_subjt=SWCON101&lang=ko&loginYn=N&schedule_cd=hakbu,,,,
1516,1516,https://sugang.khu.ac.kr/core?attribute=lectPlan&p_year=2025&p_term=20&p_teach=061421&p_code=SWCON10300&p_subjt=SWCON103&lang=ko&loginYn=N&schedule_cd=hakbu,,,,
1517,1517,https://sugang.khu.ac.kr/core?attribute=lectPlan&p_year=2025&p_term=20&p_teach=039542&p_code=SWCON10302&p_subjt=SWCON103&lang=ko&loginYn=N&schedule_cd=hakbu,,,,
1518,1518,https://sugang.khu.ac.kr/core?attribute=lectPlan&p_year=2025&p_term=20&p_teach=011186&p_code=SWCON10400&p_subjt=SWCON104&lang=ko&loginYn=N&schedule_cd=hakbu,,,,
1519,1519,https://sugang.khu.ac.kr/core?attribute=lectPlan&p_year=2025&p_term=20&p_teach=058523&p_code=SWCON10401&p_subjt=SWCON104&lang=ko&loginYn=N&schedule_cd=hakbu,,,,
1520,1520,https://sugang.khu.ac.kr/core?attribute=lectPlan&p_year=2025&p_term=20&p_teach=011186&p_code=SWCON10402&p_subjt=SWCON104&lang=ko&loginYn=N&schedule_cd=hakbu,,,,
1521,1521,https://sugang.khu.ac.kr/core?attribute=lectPlan&p_year=2025&p_term=20&p_teach=011186&p_code=SWCON20100&p_subjt=SWCON201&lang=ko&loginYn=N&schedule_cd=hakbu,,,,
1522,1522,https://sugang.khu.ac.kr/core?attribute=lectPlan&p_year=2025&p_term=20&p_teach=061421&p_code=SWCON20700&p_subjt=SWCON207&lang=ko&loginYn=N&schedule_cd=hakbu,,,,
1523,1523,https://sugang.khu.ac.kr/core?attribute=lectPlan&p_year=2025&p_term=20&p_teach=058521&p_code=SWCON21100&p_subjt=SWCON211&lang=ko&loginYn=N&schedule_cd=hakbu,,,,
1524,1524,https://sugang.khu.ac.kr/core?attribute=lectPlan&p_year=2025&p_term=20&p_teach=015184&p_code=SWCON21200&p_subjt=SWCON212&lang=ko&loginYn=N&schedule_cd=hakbu,,,,
1525,1525,https://sugang.khu.ac.kr/core?attribute=lectPlan&p_year=2025&p_term=20&p_teach=011186&p_code=SWCON22100&p_subjt=SWCON221&lang=ko&loginYn=N&schedule_cd=hakbu,,,,
1526,1526,https://sugang.khu.ac.kr/core?attribute=lectPlan&p_year=2025&p_term=20&p_teach=061420&p_code=SWCON24200&p_subjt=SWCON242&lang=ko&loginYn=N&schedule_cd=hakbu,,,,
1527,1527,https://sugang.khu.ac.kr/core?attribute=lectPlan&p_year=2025&p_term=20&p_teach=054270&p_code=SWCON25300&p_subjt=SWCON253&lang=ko&loginYn=N&schedule_cd=hakbu,,,,
1528,1528,https://sugang.khu.ac.kr/core?attribute=lectPlan&p_year=2025&p_term=20&p_teach=052980&p_code=SWCON25301&p_subjt=SWCON253&lang=ko&loginYn=N&schedule_cd=hakbu,,,,
1529,1529,https://sugang.khu.ac.kr/core?attribute=lectPlan&p_year=2025&p_term=20&p_teach=055393&p_code=SWCON25302&p_subjt=SWCON253&lang=ko&loginYn=N&schedule_cd=hakbu,,,,
1530,1530,https://sugang.khu.ac.kr/core?attribute=lectPlan&p_year=2025&p_term=20&p_teach=061420&p_code=SWCON25600&p_subjt=SWCON256&lang=ko&loginYn=N&schedule_cd=hakbu,,,,
1531,1531,https://sugang.khu.ac.kr/core?attribute=lectPlan&p_year=2025&p_term=20&p_teach=045483&p_code=SWCON30200&p_subjt=SWCON302&lang=ko&loginYn=N&schedule_cd=hakbu,,,,
1532,1532,https://sugang.khu.ac.kr/core?attribute=lectPlan&p_year=2025&p_term=20&p_teach=065428&p_code=SWCON31300&p_subjt=SWCON313&lang=ko&loginYn=N&schedule_cd=hakbu,,,,
1533,1533,https://sugang.khu.ac.kr/core?attribute=lectPlan&p_year=2025&p_term=20&p_teach=058521&p_code=SWCON31400&p_subjt=SWCON314&lang=ko&loginYn=N&schedule_cd=hakbu,,,,
1534,1534,https://sugang.khu.ac.kr/core?attribute=lectPlan&p_year=2025&p_term=20&p_teach=058523&p_code=SWCON32101&p_subjt=SWCON321&lang=ko&loginYn=N&schedule_cd=hakbu,,,,
1535,1535,https://sugang.khu.ac.kr/core?attribute=lectPlan&p_year=2025&p_term=20&p_teach=061420&p_code=SWCON32102&p_subjt=SWCON321&lang=ko&loginYn=N&schedule_cd=hakbu,,,,
1536,1536,https://sugang.khu.ac.kr/core?attribute=lectPlan&p_year=2025&p_term=20&p_teach=061421&p_code=SWCON32103&p_subjt=SWCON321&lang=ko&loginYn=N&schedule_cd=hakbu,,,,
1537,1537,https://sugang.khu.ac.kr/core?attribute=lectPlan&p_year=2025&p_term=20&p_teach=055078&p_code=SWCON33100&p_subjt=SWCON331&lang=ko&loginYn=N&schedule_cd=hakbu,,,,
1538,1538,https://sugang.khu.ac.kr/core?attribute=lectPlan&p_year=2025&p_term=20&p_teach=055078&p_code=SWCON33200&p_subjt=SWCON332&lang=ko&loginYn=N&schedule_cd=hakbu,,,,
1539,1539,https://sugang.khu.ac.kr/core?attribute=lectPlan&p_year=2025&p_term=20&p_teach=061421&p_code=SWCON33201&p_subjt=SWCON332&lang=ko&loginYn=N&schedule_cd=hakbu,,,,
1540,1540,https://sugang.khu.ac.kr/core?attribute=lectPlan&p_year=2025&p_term=20&p_teach=061421&p_code=SWCON34200&p_subjt=SWCON342&lang=ko&loginYn=N&schedule_cd=hakbu,,,,
1541,1541,https://sugang.khu.ac.kr/core?attribute=lectPlan&p_year=2025&p_term=20&p_teach=015184&p_code=SWCON36700&p_subjt=SWCON367&lang=ko&loginYn=N&schedule_cd=hakbu,,,,
1542,1542,https://sugang.khu.ac.kr/core?attribute=lectPlan&p_year=2025&p_term=20&p_teach=058521&p_code=SWCON36701&p_subjt=SWCON367&lang=ko&loginYn=N&schedule_cd=hakbu,,,,
1543,1543,https://sugang.khu.ac.kr/core?attribute=lectPlan&p_year=2025&p_term=20&p_teach=011186&p_code=SWCON37000&p_subjt=SWCON370&lang=ko&loginYn=N&schedule_cd=hakbu,,,,
1544,1544,https://sugang.khu.ac.kr/core?attribute=lectPlan&p_year=2025&p_term=20&p_teach=015184&p_code=SWCON40101&p_subjt=SWCON401&lang=ko&loginYn=N&schedule_cd=hakbu,,,,
1545,1545,https://sugang.khu.ac.kr/core?attribute=lectPlan&p_year=2025&p_term=20&p_teach=054270&p_code=SWCON40102&p_subjt=SWCON401&lang=ko&loginYn=N&schedule_cd=hakbu,,,,
1546,1546,https://sugang.khu.ac.kr/core?attribute=lectPlan&p_year=2025&p_term=20&p_teach=055078&p_code=SWCON40103&p_subjt=SWCON401&lang=ko&loginYn=N&schedule_cd=hakbu,,,,
1547,1547,https://sugang.khu.ac.kr/core?attribute=lectPlan&p_year=2025&p_term=20&p_teach=058523&p_code=SWCON40104&p_subjt=SWCON401&lang=ko&loginYn=N&schedule_cd=hakbu,,,,
1548,1548,https://sugang.khu.ac.kr/core?attribute=lectPlan&p_year=2025&p_term=20&p_teach=058521&p_code=SWCON40105&p_subjt=SWCON401&lang=ko&loginYn=N&schedule_cd=hakbu,,,,
1549,1549,https://sugang.khu.ac.kr/core?attribute=lectPlan&p_year=2025&p_term=20&p_teach=061420&p_code=SWCON40106&p_subjt=SWCON401&lang=ko&loginYn=N&schedule_cd=hakbu,,,,
1550,1550,https://sugang.khu.ac.kr/core?attribute=lectPlan&p_year=2025&p_term=20&p_teach=061421&p_code=SWCON40107&p_subjt=SWCON401&lang=ko&loginYn=N&schedule_cd=hakbu,,,,
1551,1551,https://sugang.khu.ac.kr/core?attribute=lectPlan&p_year=2025&p_term=20&p_teach=061420&p_code=SWCON40108&p_subjt=SWCON401&lang=ko&loginYn=N&schedule_cd=hakbu,,,,
1552,1552,https://sugang.khu.ac.kr/core?attribute=lectPlan&p_year=2025&p_term=20&p_teach=055078&p_code=SWCON40200&p_subjt=SWCON402&lang=ko&loginYn=N&schedule_cd=hakbu,,,,
1553,1553,https://sugang.khu.ac.kr/core?attribute=lectPlan&p_year=2025&p_term=20&p_teach=054270&p_code=SWCON42500&p_subjt=SWCON425&lang=ko&loginYn=N&schedule_cd=hakbu,,,,
1554,1554,https://sugang.khu.ac.kr/core?attribute=lectPlan&p_year=2025&p_term=20&p_teach=058523&p_code=SWCON44200&p_subjt=SWCON442&lang=ko&loginYn=N&schedule_cd=hakbu,,,,
1555,1555,https://sugang.khu.ac.kr/core?attribute=lectPlan&p_year=2025&p_term=20&p_teach=011186&p_code=SWCON49200&p_subjt=SWCON492&lang=ko&loginYn=N&schedule_cd=hakbu,,,,
1556,1556,https://sugang.khu.ac.kr/core?attribute=lectPlan&p_year=2025&p_term=15&p_teach=033495&p_code=CSE10300&p_subjt=CSE103&lang=ko&loginYn=N&schedule_cd=hakbu,,,,
1557,1557,https://sugang.khu.ac.kr/core?attribute=lectPlan&p_year=2025&p_term=15&p_teach=057157&p_code=CSE10400&p_subjt=CSE104&lang=ko&loginYn=N&schedule_cd=hakbu,,,,
1558,1558,https://sugang.khu.ac.kr/core?attribute=lectPlan&p_year=2025&p_term=15&p_teach=011186&p_code=SWCON10400&p_subjt=SWCON104&lang=ko&loginYn=N&schedule_cd=hakbu,,,,
1559,1559,https://sugang.khu.ac.kr/core?attribute=lectPlan&p_year=2025&p_term=15&p_teach=011186&p_code=SWCON10401&p_subjt=SWCON104&lang=ko&loginYn=N&schedule_cd=hakbu,,,,
1560,1560,https://sugang.khu.ac.kr/core?attribute=lectPlan&p_year=2025&p_term=15&p_teach=011186&p_code=SWCON37000&p_subjt=SWCON370&lang=ko&loginYn=N&schedule_cd=hakbu,,,,
1561,1561,https://sugang.khu.ac.kr/core?attribute=lectPlan&p_year=2025&p_term=25&p_teach=015184&p_code=CSE10300&p_subjt=CSE103&lang=ko&loginYn=N&schedule_cd=hakbu,,,,
1562,1562,https://sugang.khu.ac.kr/core?attribute=lectPlan&p_year=2025&p_term=25&p_teach=065875&p_code=CSE10400&p_subjt=CSE104&lang=ko&loginYn=N&schedule_cd=hakbu,,,,
1563,1563,https://sugang.khu.ac.kr/core?attribute=lectPlan&p_year=2025&p_term=25&p_teach=011186&p_code=SWCON10400&p_subjt=SWCON104&lang=ko&loginYn=N&schedule_cd=hakbu,,,,
1564,1564,https://sugang.khu.ac.kr/core?attribute=lectPlan&p_year=2025&p_term=25&p_teach=011186&p_code=SWCON10401&p_subjt=SWCON104&lang=ko&loginYn=N&schedule_cd=hakbu,,,,
1565,1565,https://sugang.khu.ac.kr/core?attribute=lectPlan&p_year=2026&p_term=10&p_teach=048730&p_code=AI100100&p_subjt=AI1001&lang=ko&loginYn=N&schedule_cd=hakbu,,,,
1566,1566,https://sugang.khu.ac.kr/core?attribute=lectPlan&p_year=2026&p_term=10&p_teach=064244&p_code=AI100200&p_subjt=AI1002&lang=ko&loginYn=N&schedule_cd=hakbu,,,,
1567,1567,https://sugang.khu.ac.kr/core?attribute=lectPlan&p_year=2026&p_term=10&p_teach=065428&p_code=AI100300&p_subjt=AI1003&lang=ko&loginYn=N&schedule_cd=hakbu,,,,
1568,1568,https://sugang.khu.ac.kr/core?attribute=lectPlan&p_year=2026&p_term=10&p_teach=064244&p_code=AI300100&p_subjt=AI3001&lang=ko&loginYn=N&schedule_cd=hakbu,,,,
1569,1569,https://sugang.khu.ac.kr/core?attribute=lectPlan&p_year=2026&p_term=10&p_teach=058974&p_code=AI300200&p_subjt=AI3002&lang=ko&loginYn=N&schedule_cd=hakbu,,,,
1570,1570,https://sugang.khu.ac.kr/core?attribute=lectPlan&p_year=2026&p_term=10&p_teach=022334&p_code=AI300400&p_subjt=AI3004&lang=ko&loginYn=N&schedule_cd=hakbu,,,,
1571,1571,https://sugang.khu.ac.kr/core?attribute=lectPlan&p_year=2026&p_term=10&p_teach=058974&p_code=AI400300&p_subjt=AI4003&lang=ko&loginYn=N&schedule_cd=hakbu,,,,
1572,1572,https://sugang.khu.ac.kr/core?attribute=lectPlan&p_year=2026&p_term=10&p_teach=058974&p_code=AI400600&p_subjt=AI4006&lang=ko&loginYn=N&schedule_cd=hakbu,,,,
1573,1573,https://sugang.khu.ac.kr/core?attribute=lectPlan&p_year=2026&p_term=10&p_teach=064244&p_code=AI400601&p_subjt=AI4006&lang=ko&loginYn=N&schedule_cd=hakbu,,,,
1574,1574,https://sugang.khu.ac.kr/core?attribute=lectPlan&p_year=2026&p_term=10&p_teach=012405&p_code=CSE000100&p_subjt=CSE0001&lang=ko&loginYn=N&schedule_cd=hakbu,,,,
1575,1575,https://sugang.khu.ac.kr/core?attribute=lectPlan&p_year=2026&p_term=10&p_teach=023827&p_code=CSE000101&p_subjt=CSE0001&lang=ko&loginYn=N&schedule_cd=hakbu,,,,
1576,1576,https://sugang.khu.ac.kr/core?attribute=lectPlan&p_year=2026&p_term=10&p_teach=015184&p_code=CSE10300&p_subjt=CSE103&lang=ko&loginYn=N&schedule_cd=hakbu,,,,
1577,1577,https://sugang.khu.ac.kr/core?attribute=lectPlan&p_year=2026&p_term=10&p_teach=015184&p_code=CSE10301&p_subjt=CSE103&lang=ko&loginYn=N&schedule_cd=hakbu,,,,
1578,1578,https://sugang.khu.ac.kr/core?attribute=lectPlan&p_year=2026&p_term=10&p_teach=055393&p_code=CSE10302&p_subjt=CSE103&lang=ko&loginYn=N&schedule_cd=hakbu,,,,
1579,1579,https://sugang.khu.ac.kr/core?attribute=lectPlan&p_year=2026&p_term=10&p_teach=065875&p_code=CSE10400&p_subjt=CSE104&lang=ko&loginYn=N&schedule_cd=hakbu,,,,
1580,1580,https://sugang.khu.ac.kr/core?attribute=lectPlan&p_year=2026&p_term=10&p_teach=063365&p_code=CSE20100&p_subjt=CSE201&lang=ko&loginYn=N&schedule_cd=hakbu,,,,
1581,1581,https://sugang.khu.ac.kr/core?attribute=lectPlan&p_year=2026&p_term=10&p_teach=066335&p_code=CSE20101&p_subjt=CSE201&lang=ko&loginYn=N&schedule_cd=hakbu,,,,
1582,1582,https://sugang.khu.ac.kr/core?attribute=lectPlan&p_year=2026&p_term=10&p_teach=058974&p_code=CSE20300&p_subjt=CSE203&lang=ko&loginYn=N&schedule_cd=hakbu,,,,
1583,1583,https://sugang.khu.ac.kr/core?attribute=lectPlan&p_year=2026&p_term=10&p_teach=055392&p_code=CSE20301&p_subjt=CSE203&lang=ko&loginYn=N&schedule_cd=hakbu,,,,
1584,1584,https://sugang.khu.ac.kr/core?attribute=lectPlan&p_year=2026&p_term=10&p_teach=066507&p_code=CSE20400&p_subjt=CSE204&lang=ko&loginYn=N&schedule_cd=hakbu,,,,
1585,1585,https://sugang.khu.ac.kr/core?attribute=lectPlan&p_year=2026&p_term=10&p_teach=048730&p_code=CSE20401&p_subjt=CSE204&lang=ko&loginYn=N&schedule_cd=hakbu,,,,
1586,1586,https://sugang.khu.ac.kr/core?attribute=lectPlan&p_year=2026&p_term=10&p_teach=061420&p_code=CSE20402&p_subjt=CSE204&lang=ko&loginYn=N&schedule_cd=hakbu,,,,
1587,1587,https://sugang.khu.ac.kr/core?attribute=lectPlan&p_year=2026&p_term=10&p_teach=066503&p_code=CSE30100&p_subjt=CSE301&lang=ko&loginYn=N&schedule_cd=hakbu,,,,
1588,1588,https://sugang.khu.ac.kr/core?attribute=lectPlan&p_year=2026&p_term=10&p_teach=020897&p_code=CSE30101&p_subjt=CSE301&lang=ko&loginYn=N&schedule_cd=hakbu,,,,
1589,1589,https://sugang.khu.ac.kr/core?attribute=lectPlan&p_year=2026&p_term=10&p_teach=066505&p_code=CSE30203&p_subjt=CSE302&lang=ko&loginYn=N&schedule_cd=hakbu,,,,
1590,1590,https://sugang.khu.ac.kr/core?attribute=lectPlan&p_year=2026&p_term=10&p_teach=049571&p_code=CSE30204&p_subjt=CSE302&lang=ko&loginYn=N&schedule_cd=hakbu,,,,
1591,1591,https://sugang.khu.ac.kr/core?attribute=lectPlan&p_year=2026&p_term=10&p_teach=058525&p_code=CSE30205&p_subjt=CSE302&lang=ko&loginYn=N&schedule_cd=hakbu,,,,
1592,1592,https://sugang.khu.ac.kr/core?attribute=lectPlan&p_year=2026&p_term=10&p_teach=063365&p_code=CSE30400&p_subjt=CSE304&lang=ko&loginYn=N&schedule_cd=hakbu,,,,
1593,1593,https://sugang.khu.ac.kr/core?attribute=lectPlan&p_year=2026&p_term=10&p_teach=062134&p_code=CSE30401&p_subjt=CSE304&lang=ko&loginYn=N&schedule_cd=hakbu,,,,
1594,1594,https://sugang.khu.ac.kr/core?attribute=lectPlan&p_year=2026&p_term=10&p_teach=022334&p_code=CSE30500&p_subjt=CSE305&lang=ko&loginYn=N&schedule_cd=hakbu,,,,
1595,1595,https://sugang.khu.ac.kr/core?attribute=lectPlan&p_year=2026&p_term=10&p_teach=053197&p_code=CSE30501&p_subjt=CSE305&lang=ko&loginYn=N&schedule_cd=hakbu,,,,
1596,1596,https://sugang.khu.ac.kr/core?attribute=lectPlan&p_year=2026&p_term=10&p_teach=022334&p_code=CSE30502&p_subjt=CSE305&lang=ko&loginYn=N&schedule_cd=hakbu,,,,
1597,1597,https://sugang.khu.ac.kr/core?attribute=lectPlan&p_year=2026&p_term=10&p_teach=017826&p_code=CSE32400&p_subjt=CSE324&lang=ko&loginYn=N&schedule_cd=hakbu,,,,
1598,1598,https://sugang.khu.ac.kr/core?attribute=lectPlan&p_year=2026&p_term=10&p_teach=024580&p_code=CSE32700&p_subjt=CSE327&lang=ko&loginYn=N&schedule_cd=hakbu,,,,
1599,1599,https://sugang.khu.ac.kr/core?attribute=lectPlan&p_year=2026&p_term=10&p_teach=066505&p_code=CSE32701&p_subjt=CSE327&lang=ko&loginYn=N&schedule_cd=hakbu,,,,
1600,1600,https://sugang.khu.ac.kr/core?attribute=lectPlan&p_year=2026&p_term=10&p_teach=066487&p_code=CSE32702&p_subjt=CSE327&lang=ko&loginYn=N&schedule_cd=hakbu,,,,
1601,1601,https://sugang.khu.ac.kr/core?attribute=lectPlan&p_year=2026&p_term=10&p_teach=062077&p_code=CSE33000&p_subjt=CSE330&lang=ko&loginYn=N&schedule_cd=hakbu,,,,
1602,1602,https://sugang.khu.ac.kr/core?attribute=lectPlan&p_year=2026&p_term=10&p_teach=047387&p_code=CSE33100&p_subjt=CSE331&lang=ko&loginYn=N&schedule_cd=hakbu,,,,
1603,1603,https://sugang.khu.ac.kr/core?attribute=lectPlan&p_year=2026&p_term=10&p_teach=047818&p_code=CSE33500&p_subjt=CSE335&lang=ko&loginYn=N&schedule_cd=hakbu,,,,
1604,1604,https://sugang.khu.ac.kr/core?attribute=lectPlan&p_year=2026&p_term=10&p_teach=047387&p_code=CSE34000&p_subjt=CSE340&lang=ko&loginYn=N&schedule_cd=hakbu,,,,
1605,1605,https://sugang.khu.ac.kr/core?attribute=lectPlan&p_year=2026&p_term=10&p_teach=058974&p_code=CSE40300&p_subjt=CSE403&lang=ko&loginYn=N&schedule_cd=hakbu,,,,
1606,1606,https://sugang.khu.ac.kr/core?attribute=lectPlan&p_year=2026&p_term=10&p_teach=058974&p_code=CSE40500&p_subjt=CSE405&lang=ko&loginYn=N&schedule_cd=hakbu,,,,
1607,1607,https://sugang.khu.ac.kr/core?attribute=lectPlan&p_year=2026&p_term=10&p_teach=058974&p_code=CSE40600&p_subjt=CSE406&lang=ko&loginYn=N&schedule_cd=hakbu,,,,
1608,1608,https://sugang.khu.ac.kr/core?attribute=lectPlan&p_year=2026&p_term=10&p_teach=064244&p_code=CSE40601&p_subjt=CSE406&lang=ko&loginYn=N&schedule_cd=hakbu,,,,
1609,1609,https://sugang.khu.ac.kr/core?attribute=lectPlan&p_year=2026&p_term=10&p_teach=055392&p_code=CSE40602&p_subjt=CSE406&lang=ko&loginYn=N&schedule_cd=hakbu,,,,
1610,1610,https://sugang.khu.ac.kr/core?attribute=lectPlan&p_year=2026&p_term=10&p_teach=063365&p_code=CSE40604&p_subjt=CSE406&lang=ko&loginYn=N&schedule_cd=hakbu,,,,
1611,1611,https://sugang.khu.ac.kr/core?attribute=lectPlan&p_year=2026&p_term=10&p_teach=047387&p_code=CSE40605&p_subjt=CSE406&lang=ko&loginYn=N&schedule_cd=hakbu,,,,
1612,1612,https://sugang.khu.ac.kr/core?attribute=lectPlan&p_year=2026&p_term=10&p_teach=062134&p_code=CSE40606&p_subjt=CSE406&lang=ko&loginYn=N&schedule_cd=hakbu,,,,
1613,1613,https://sugang.khu.ac.kr/core?attribute=lectPlan&p_year=2026&p_term=10&p_teach=039542&p_code=CSE40607&p_subjt=CSE406&lang=ko&loginYn=N&schedule_cd=hakbu,,,,
1614,1614,https://sugang.khu.ac.kr/core?attribute=lectPlan&p_year=2026&p_term=10&p_teach=065428&p_code=CSE40608&p_subjt=CSE406&lang=ko&loginYn=N&schedule_cd=hakbu,,,,
1615,1615,https://sugang.khu.ac.kr/core?attribute=lectPlan&p_year=2026&p_term=10&p_teach=059932&p_code=CSE40610&p_subjt=CSE406&lang=ko&loginYn=N&schedule_cd=hakbu,,,,
1616,1616,https://sugang.khu.ac.kr/core?attribute=lectPlan&p_year=2026&p_term=10&p_teach=020897&p_code=CSE40611&p_subjt=CSE406&lang=ko&loginYn=N&schedule_cd=hakbu,,,,
1617,1617,https://sugang.khu.ac.kr/core?attribute=lectPlan&p_year=2026&p_term=10&p_teach=055393&p_code=CSE40612&p_subjt=CSE406&lang=ko&loginYn=N&schedule_cd=hakbu,,,,
1618,1618,https://sugang.khu.ac.kr/core?attribute=lectPlan&p_year=2026&p_term=10&p_teach=024580&p_code=CSE40613&p_subjt=CSE406&lang=ko&loginYn=N&schedule_cd=hakbu,,,,
1619,1619,https://sugang.khu.ac.kr/core?attribute=lectPlan&p_year=2026&p_term=10&p_teach=061910&p_code=CSE410000&p_subjt=CSE4100&lang=ko&loginYn=N&schedule_cd=hakbu,,,,
1620,1620,https://sugang.khu.ac.kr/core?attribute=lectPlan&p_year=2026&p_term=10&p_teach=059932&p_code=CSE42300&p_subjt=CSE423&lang=ko&loginYn=N&schedule_cd=hakbu,,,,
1621,1621,https://sugang.khu.ac.kr/core?attribute=lectPlan&p_year=2026&p_term=10&p_teach=039542&p_code=CSE42800&p_subjt=CSE428&lang=ko&loginYn=N&schedule_cd=hakbu,,,,
1622,1622,https://sugang.khu.ac.kr/core?attribute=lectPlan&p_year=2026&p_term=10&p_teach=045483&p_code=CSE43800&p_subjt=CSE438&lang=ko&loginYn=N&schedule_cd=hakbu,,,,
1623,1623,https://sugang.khu.ac.kr/core?attribute=lectPlan&p_year=2026&p_term=10&p_teach=024580&p_code=CSE44300&p_subjt=CSE443&lang=ko&loginYn=N&schedule_cd=hakbu,,,,
1624,1624,https://sugang.khu.ac.kr/core?attribute=lectPlan&p_year=2026&p_term=10&p_teach=049571&p_code=CSE44400&p_subjt=CSE444&lang=ko&loginYn=N&schedule_cd=hakbu,,,,
1625,1625,https://sugang.khu.ac.kr/core?attribute=lectPlan&p_year=2026&p_term=10&p_teach=037046&p_code=CSE45000&p_subjt=CSE450&lang=ko&loginYn=N&schedule_cd=hakbu,,,,
1626,1626,https://sugang.khu.ac.kr/core?attribute=lectPlan&p_year=2026&p_term=10&p_teach=064244&p_code=CSE49500&p_subjt=CSE495&lang=ko&loginYn=N&schedule_cd=hakbu,,,,
1627,1627,https://sugang.khu.ac.kr/core?attribute=lectPlan&p_year=2026&p_term=10&p_teach=063365&p_code=CSE49501&p_subjt=CSE495&lang=ko&loginYn=N&schedule_cd=hakbu,,,,
1628,1628,https://sugang.khu.ac.kr/core?attribute=lectPlan&p_year=2026&p_term=10&p_teach=062134&p_code=CSE49502&p_subjt=CSE495&lang=ko&loginYn=N&schedule_cd=hakbu,,,,
1629,1629,https://sugang.khu.ac.kr/core?attribute=lectPlan&p_year=2026&p_term=10&p_teach=059932&p_code=CSE49503&p_subjt=CSE495&lang=ko&loginYn=N&schedule_cd=hakbu,,,,
1630,1630,https://sugang.khu.ac.kr/core?attribute=lectPlan&p_year=2026&p_term=10&p_teach=063365&p_code=CSE49504&p_subjt=CSE495&lang=ko&loginYn=N&schedule_cd=hakbu,,,,
1631,1631,https://sugang.khu.ac.kr/core?attribute=lectPlan&p_year=2026&p_term=10&p_teach=066503&p_code=CSE49505&p_subjt=CSE495&lang=ko&loginYn=N&schedule_cd=hakbu,,,,
1632,1632,https://sugang.khu.ac.kr/core?attribute=lectPlan&p_year=2026&p_term=10&p_teach=064244&p_code=CSE49600&p_subjt=CSE496&lang=ko&loginYn=N&schedule_cd=hakbu,,,,
1633,1633,https://sugang.khu.ac.kr/core?attribute=lectPlan&p_year=2026&p_term=10&p_teach=062134&p_code=CSE49601&p_subjt=CSE496&lang=ko&loginYn=N&schedule_cd=hakbu,,,,
1634,1634,https://sugang.khu.ac.kr/core?attribute=lectPlan&p_year=2026&p_term=10&p_teach=064244&p_code=CSE49602&p_subjt=CSE496&lang=ko&loginYn=N&schedule_cd=hakbu,,,,
1635,1635,https://sugang.khu.ac.kr/core?attribute=lectPlan&p_year=2026&p_term=10&p_teach=036971&p_code=EE20900&p_subjt=EE209&lang=ko&loginYn=N&schedule_cd=hakbu,,,,
1636,1636,https://sugang.khu.ac.kr/core?attribute=lectPlan&p_year=2026&p_term=10&p_teach=066513&p_code=EE20901&p_subjt=EE209&lang=ko&loginYn=N&schedule_cd=hakbu,,,,
1637,1637,https://sugang.khu.ac.kr/core?attribute=lectPlan&p_year=2026&p_term=10&p_teach=059482&p_code=EE20902&p_subjt=EE209&lang=ko&loginYn=N&schedule_cd=hakbu,,,,
1638,1638,https://sugang.khu.ac.kr/core?attribute=lectPlan&p_year=2026&p_term=10&p_teach=026088&p_code=EE20903&p_subjt=EE209&lang=ko&loginYn=N&schedule_cd=hakbu,,,,
1639,1639,https://sugang.khu.ac.kr/core?attribute=lectPlan&p_year=2026&p_term=10&p_teach=025249&p_code=EE21000&p_subjt=EE210&lang=ko&loginYn=N&schedule_cd=hakbu,,,,
1640,1640,https://sugang.khu.ac.kr/core?attribute=lectPlan&p_year=2026&p_term=10&p_teach=023209&p_code=EE21001&p_subjt=EE210&lang=ko&loginYn=N&schedule_cd=hakbu,,,,
1641,1641,https://sugang.khu.ac.kr/core?attribute=lectPlan&p_year=2026&p_term=10&p_teach=004463&p_code=EE21002&p_subjt=EE210&lang=ko&loginYn=N&schedule_cd=hakbu,,,,
1642,1642,https://sugang.khu.ac.kr/core?attribute=lectPlan&p_year=2026&p_term=10&p_teach=056815&p_code=EE21100&p_subjt=EE211&lang=ko&loginYn=N&schedule_cd=hakbu,,,,
1643,1643,https://sugang.khu.ac.kr/core?attribute=lectPlan&p_year=2026&p_term=10&p_teach=023209&p_code=EE21101&p_subjt=EE211&lang=ko&loginYn=N&schedule_cd=hakbu,,,,
1644,1644,https://sugang.khu.ac.kr/core?attribute=lectPlan&p_year=2026&p_term=10&p_teach=020905&p_code=EE21102&p_subjt=EE211&lang=ko&loginYn=N&schedule_cd=hakbu,,,,
1645,1645,https://sugang.khu.ac.kr/core?attribute=lectPlan&p_year=2026&p_term=10&p_teach=004463&p_code=EE21103&p_subjt=EE211&lang=ko&loginYn=N&schedule_cd=hakbu,,,,
1646,1646,https://sugang.khu.ac.kr/core?attribute=lectPlan&p_year=2026&p_term=10&p_teach=021795&p_code=EE21104&p_subjt=EE211&lang=ko&loginYn=N&schedule_cd=hakbu,,,,
1647,1647,https://sugang.khu.ac.kr/core?attribute=lectPlan&p_year=2026&p_term=10&p_teach=028453&p_code=ELC47101&p_subjt=ELC471&lang=ko&loginYn=N&schedule_cd=hakbu,,,,
1648,1648,https://sugang.khu.ac.kr/core?attribute=lectPlan&p_year=2026&p_term=10&p_teach=061424&p_code=ID301200&p_subjt=ID3012&lang=ko&loginYn=N&schedule_cd=hakbu,,,,
1649,1649,https://sugang.khu.ac.kr/core?attribute=lectPlan&p_year=2026&p_term=10&p_teach=024581&p_code=IE21500&p_subjt=IE215&lang=ko&loginYn=N&schedule_cd=hakbu,,,,
1650,1650,https://sugang.khu.ac.kr/core?attribute=lectPlan&p_year=2026&p_term=10&p_teach=064161&p_code=IE30100&p_subjt=IE301&lang=ko&loginYn=N&schedule_cd=hakbu,,,,
1651,1651,https://sugang.khu.ac.kr/core?attribute=lectPlan&p_year=2026&p_term=10&p_teach=024581&p_code=IE30600&p_subjt=IE306&lang=ko&loginYn=N&schedule_cd=hakbu,,,,
1652,1652,https://sugang.khu.ac.kr/core?attribute=lectPlan&p_year=2026&p_term=10&p_teach=063880&p_code=IE32900&p_subjt=IE329&lang=ko&loginYn=N&schedule_cd=hakbu,,,,
1653,1653,https://sugang.khu.ac.kr/core?attribute=lectPlan&p_year=2026&p_term=10&p_teach=024581&p_code=IE41900&p_subjt=IE419&lang=ko&loginYn=N&schedule_cd=hakbu,,,,
1654,1654,https://sugang.khu.ac.kr/core?attribute=lectPlan&p_year=2026&p_term=10&p_teach=015456&p_code=MEC34001&p_subjt=MEC340&lang=ko&loginYn=N&schedule_cd=hakbu,,,,
1655,1655,https://sugang.khu.ac.kr/core?attribute=lectPlan&p_year=2026&p_term=10&p_teach=048093&p_code=MEC34002&p_subjt=MEC340&lang=ko&loginYn=N&schedule_cd=hakbu,,,,
1656,1656,https://sugang.khu.ac.kr/core?attribute=lectPlan&p_year=2026&p_term=10&p_teach=066458&p_code=MEC36200&p_subjt=MEC362&lang=ko&loginYn=N&schedule_cd=hakbu,,,,
1657,1657,https://sugang.khu.ac.kr/core?attribute=lectPlan&p_year=2026&p_term=10&p_teach=021782&p_code=MEC36301&p_subjt=MEC363&lang=ko&loginYn=N&schedule_cd=hakbu,,,,
1658,1658,https://sugang.khu.ac.kr/core?attribute=lectPlan&p_year=2026&p_term=10&p_teach=056148&p_code=MEC36302&p_subjt=MEC363&lang=ko&loginYn=N&schedule_cd=hakbu,,,,
1659,1659,https://sugang.khu.ac.kr/core?attribute=lectPlan&p_year=2026&p_term=10&p_teach=039542&p_code=SWCON10300&p_subjt=SWCON103&lang=ko&loginYn=N&schedule_cd=hakbu,,,,
1660,1660,https://sugang.khu.ac.kr/core?attribute=lectPlan&p_year=2026&p_term=10&p_teach=061421&p_code=SWCON10301&p_subjt=SWCON103&lang=ko&loginYn=N&schedule_cd=hakbu,,,,
1661,1661,https://sugang.khu.ac.kr/core?attribute=lectPlan&p_year=2026&p_term=10&p_teach=017826&p_code=SWCON10302&p_subjt=SWCON103&lang=ko&loginYn=N&schedule_cd=hakbu,,,,
1662,1662,https://sugang.khu.ac.kr/core?attribute=lectPlan&p_year=2026&p_term=10&p_teach=058523&p_code=SWCON10400&p_subjt=SWCON104&lang=ko&loginYn=N&schedule_cd=hakbu,,,,
1663,1663,https://sugang.khu.ac.kr/core?attribute=lectPlan&p_year=2026&p_term=10&p_teach=061421&p_code=SWCON10401&p_subjt=SWCON104&lang=ko&loginYn=N&schedule_cd=hakbu,,,,
1664,1664,https://sugang.khu.ac.kr/core?attribute=lectPlan&p_year=2026&p_term=10&p_teach=011186&p_code=SWCON10402&p_subjt=SWCON104&lang=ko&loginYn=N&schedule_cd=hakbu,,,,
1665,1665,https://sugang.khu.ac.kr/core?attribute=lectPlan&p_year=2026&p_term=10&p_teach=066487&p_code=SWCON20100&p_subjt=SWCON201&lang=ko&loginYn=N&schedule_cd=hakbu,,,,
1666,1666,https://sugang.khu.ac.kr/core?attribute=lectPlan&p_year=2026&p_term=10&p_teach=061420&p_code=SWCON24100&p_subjt=SWCON241&lang=ko&loginYn=N&schedule_cd=hakbu,,,,
1667,1667,https://sugang.khu.ac.kr/core?attribute=lectPlan&p_year=2026&p_term=10&p_teach=054270&p_code=SWCON25300&p_subjt=SWCON253&lang=ko&loginYn=N&schedule_cd=hakbu,,,,
1668,1668,https://sugang.khu.ac.kr/core?attribute=lectPlan&p_year=2026&p_term=10&p_teach=055393&p_code=SWCON25301&p_subjt=SWCON253&lang=ko&loginYn=N&schedule_cd=hakbu,,,,
1669,1669,https://sugang.khu.ac.kr/core?attribute=lectPlan&p_year=2026&p_term=10&p_teach=058521&p_code=SWCON25400&p_subjt=SWCON254&lang=ko&loginYn=N&schedule_cd=hakbu,,,,
1670,1670,https://sugang.khu.ac.kr/core?attribute=lectPlan&p_year=2026&p_term=10&p_teach=065428&p_code=SWCON31100&p_subjt=SWCON311&lang=ko&loginYn=N&schedule_cd=hakbu,,,,
1671,1671,https://sugang.khu.ac.kr/core?attribute=lectPlan&p_year=2026&p_term=10&p_teach=058521&p_code=SWCON31200&p_subjt=SWCON312&lang=ko&loginYn=N&schedule_cd=hakbu,,,,
1672,1672,https://sugang.khu.ac.kr/core?attribute=lectPlan&p_year=2026&p_term=10&p_teach=054270&p_code=SWCON32100&p_subjt=SWCON321&lang=ko&loginYn=N&schedule_cd=hakbu,,,,
1673,1673,https://sugang.khu.ac.kr/core?attribute=lectPlan&p_year=2026&p_term=10&p_teach=061420&p_code=SWCON32102&p_subjt=SWCON321&lang=ko&loginYn=N&schedule_cd=hakbu,,,,
1674,1674,https://sugang.khu.ac.kr/core?attribute=lectPlan&p_year=2026&p_term=10&p_teach=061421&p_code=SWCON32103&p_subjt=SWCON321&lang=ko&loginYn=N&schedule_cd=hakbu,,,,
1675,1675,https://sugang.khu.ac.kr/core?attribute=lectPlan&p_year=2026&p_term=10&p_teach=061421&p_code=SWCON33201&p_subjt=SWCON332&lang=ko&loginYn=N&schedule_cd=hakbu,,,,
1676,1676,https://sugang.khu.ac.kr/core?attribute=lectPlan&p_year=2026&p_term=10&p_teach=055078&p_code=SWCON33202&p_subjt=SWCON332&lang=ko&loginYn=N&schedule_cd=hakbu,,,,
1677,1677,https://sugang.khu.ac.kr/core?attribute=lectPlan&p_year=2026&p_term=10&p_teach=061421&p_code=SWCON34100&p_subjt=SWCON341&lang=ko&loginYn=N&schedule_cd=hakbu,,,,
1678,1678,https://sugang.khu.ac.kr/core?attribute=lectPlan&p_year=2026&p_term=10&p_teach=055078&p_code=SWCON36300&p_subjt=SWCON363&lang=ko&loginYn=N&schedule_cd=hakbu,,,,
1679,1679,https://sugang.khu.ac.kr/core?attribute=lectPlan&p_year=2026&p_term=10&p_teach=055078&p_code=SWCON36301&p_subjt=SWCON363&lang=ko&loginYn=N&schedule_cd=hakbu,,,,
1680,1680,https://sugang.khu.ac.kr/core?attribute=lectPlan&p_year=2026&p_term=10&p_teach=055078&p_code=SWCON36600&p_subjt=SWCON366&lang=ko&loginYn=N&schedule_cd=hakbu,,,,
1681,1681,https://sugang.khu.ac.kr/core?attribute=lectPlan&p_year=2026&p_term=10&p_teach=015184&p_code=SWCON36700&p_subjt=SWCON367&lang=ko&loginYn=N&schedule_cd=hakbu,,,,
1682,1682,https://sugang.khu.ac.kr/core?attribute=lectPlan&p_year=2026&p_term=10&p_teach=058521&p_code=SWCON36701&p_subjt=SWCON367&lang=ko&loginYn=N&schedule_cd=hakbu,,,,
1683,1683,https://sugang.khu.ac.kr/core?attribute=lectPlan&p_year=2026&p_term=10&p_teach=058523&p_code=SWCON37200&p_subjt=SWCON372&lang=ko&loginYn=N&schedule_cd=hakbu,,,,
1684,1684,https://sugang.khu.ac.kr/core?attribute=lectPlan&p_year=2026&p_term=10&p_teach=015184&p_code=SWCON40101&p_subjt=SWCON401&lang=ko&loginYn=N&schedule_cd=hakbu,,,,
1685,1685,https://sugang.khu.ac.kr/core?attribute=lectPlan&p_year=2026&p_term=10&p_teach=054270&p_code=SWCON40102&p_subjt=SWCON401&lang=ko&loginYn=N&schedule_cd=hakbu,,,,
1686,1686,https://sugang.khu.ac.kr/core?attribute=lectPlan&p_year=2026&p_term=10&p_teach=055078&p_code=SWCON40103&p_subjt=SWCON401&lang=ko&loginYn=N&schedule_cd=hakbu,,,,
1687,1687,https://sugang.khu.ac.kr/core?attribute=lectPlan&p_year=2026&p_term=10&p_teach=058523&p_code=SWCON40104&p_subjt=SWCON401&lang=ko&loginYn=N&schedule_cd=hakbu,,,,
1688,1688,https://sugang.khu.ac.kr/core?attribute=lectPlan&p_year=2026&p_term=10&p_teach=058521&p_code=SWCON40105&p_subjt=SWCON401&lang=ko&loginYn=N&schedule_cd=hakbu,,,,
1689,1689,https://sugang.khu.ac.kr/core?attribute=lectPlan&p_year=2026&p_term=10&p_teach=061420&p_code=SWCON40106&p_subjt=SWCON401&lang=ko&loginYn=N&schedule_cd=hakbu,,,,
1690,1690,https://sugang.khu.ac.kr/core?attribute=lectPlan&p_year=2026&p_term=10&p_teach=061421&p_code=SWCON40107&p_subjt=SWCON401&lang=ko&loginYn=N&schedule_cd=hakbu,,,,
1691,1691,https://sugang.khu.ac.kr/core?attribute=lectPlan&p_year=2026&p_term=10&p_teach=055078&p_code=SWCON40200&p_subjt=SWCON402&lang=ko&loginYn=N&schedule_cd=hakbu,,,,
1692,1692,https://sugang.khu.ac.kr/core?attribute=lectPlan&p_year=2026&p_term=10&p_teach=058521&p_code=SWCON44100&p_subjt=SWCON441&lang=ko&loginYn=N&schedule_cd=hakbu,,,,
1693,1693,https://sugang.khu.ac.kr/core?attribute=lectPlan&p_year=2026&p_term=10&p_teach=061421&p_code=SWCON49100&p_subjt=SWCON491&lang=ko&loginYn=N&schedule_cd=hakbu,,,,
1694,1694,https://sugang.khu.ac.kr/core?attribute=lectPlan&p_year=2026&p_term=10&p_teach=015184&p_code=SWCON49400&p_subjt=SWCON494&lang=ko&loginYn=N&schedule_cd=hakbu,,,,
1695,1695,https://sugang.khu.ac.kr/core?attribute=lectPlan&p_year=2026&p_term=10&p_teach=055078&p_code=SWCON49500&p_subjt=SWCON495&lang=ko&loginYn=N&schedule_cd=hakbu,,,,
1696,1696,https://sugang.khu.ac.kr/core?attribute=lectPlan&p_year=2026&p_term=10&p_teach=061420&p_code=SWCON49600&p_subjt=SWCON496&lang=ko&loginYn=N&schedule_cd=hakbu,,,,
1697,1697,https://sugang.khu.ac.kr/core?attribute=lectPlan&p_year=2026&p_term=20&p_teach=064244&p_code=AI100200&p_subjt=AI1002&lang=ko&loginYn=N&schedule_cd=hakbu,,,,
1698,1698,https://sugang.khu.ac.kr/core?attribute=lectPlan&p_year=2026&p_term=20&p_teach=065428&p_code=AI100300&p_subjt=AI1003&lang=ko&loginYn=N&schedule_cd=hakbu,,,,
1699,1699,https://sugang.khu.ac.kr/core?attribute=lectPlan&p_year=2026&p_term=20&p_teach=066503&p_code=AI300100&p_subjt=AI3001&lang=ko&loginYn=N&schedule_cd=hakbu,,,,
1700,1700,https://sugang.khu.ac.kr/core?attribute=lectPlan&p_year=2026&p_term=20&p_teach=058974&p_code=AI300200&p_subjt=AI3002&lang=ko&loginYn=N&schedule_cd=hakbu,,,,
1701,1701,https://sugang.khu.ac.kr/core?attribute=lectPlan&p_year=2026&p_term=20&p_teach=066494&p_code=AI300300&p_subjt=AI3003&lang=ko&loginYn=N&schedule_cd=hakbu,,,,
1702,1702,https://sugang.khu.ac.kr/core?attribute=lectPlan&p_year=2026&p_term=20&p_teach=055392&p_code=AI300800&p_subjt=AI3008&lang=ko&loginYn=N&schedule_cd=hakbu,,,,
1703,1703,https://sugang.khu.ac.kr/core?attribute=lectPlan&p_year=2026&p_term=20&p_teach=056148&p_code=AI310000&p_subjt=AI3100&lang=ko&loginYn=N&schedule_cd=hakbu,,,,
1704,1704,https://sugang.khu.ac.kr/core?attribute=lectPlan&p_year=2026&p_term=20&p_teach=048193&p_code=AI310200&p_subjt=AI3102&lang=ko&loginYn=N&schedule_cd=hakbu,,,,
1705,1705,https://sugang.khu.ac.kr/core?attribute=lectPlan&p_year=2026&p_term=20&p_teach=061424&p_code=AI310300&p_subjt=AI3103&lang=ko&loginYn=N&schedule_cd=hakbu,,,,
1706,1706,https://sugang.khu.ac.kr/core?attribute=lectPlan&p_year=2026&p_term=20&p_teach=047387&p_code=AI310400&p_subjt=AI3104&lang=ko&loginYn=N&schedule_cd=hakbu,,,,
1707,1707,https://sugang.khu.ac.kr/core?attribute=lectPlan&p_year=2026&p_term=20&p_teach=022334&p_code=AI310500&p_subjt=AI3105&lang=ko&loginYn=N&schedule_cd=hakbu,,,,
1708,1708,https://sugang.khu.ac.kr/core?attribute=lectPlan&p_year=2026&p_term=20&p_teach=055078&p_code=AI310700&p_subjt=AI3107&lang=ko&loginYn=N&schedule_cd=hakbu,,,,
1709,1709,https://sugang.khu.ac.kr/core?attribute=lectPlan&p_year=2026&p_term=20&p_teach=058974&p_code=AI400300&p_subjt=AI4003&lang=ko&loginYn=N&schedule_cd=hakbu,,,,
1710,1710,https://sugang.khu.ac.kr/core?attribute=lectPlan&p_year=2026&p_term=20&p_teach=055078&p_code=AI400700&p_subjt=AI4007&lang=ko&loginYn=N&schedule_cd=hakbu,,,,
1711,1711,https://sugang.khu.ac.kr/core?attribute=lectPlan&p_year=2026&p_term=20&p_teach=066503&p_code=AI400701&p_subjt=AI4007&lang=ko&loginYn=N&schedule_cd=hakbu,,,,
1712,1712,https://sugang.khu.ac.kr/core?attribute=lectPlan&p_year=2026&p_term=20&p_teach=058974&p_code=AI400702&p_subjt=AI4007&lang=ko&loginYn=N&schedule_cd=hakbu,,,,
1713,1713,https://sugang.khu.ac.kr/core?attribute=lectPlan&p_year=2026&p_term=20&p_teach=066503&p_code=AI400703&p_subjt=AI4007&lang=ko&loginYn=N&schedule_cd=hakbu,,,,
1714,1714,https://sugang.khu.ac.kr/core?attribute=lectPlan&p_year=2026&p_term=20&p_teach=066503&p_code=AI400704&p_subjt=AI4007&lang=ko&loginYn=N&schedule_cd=hakbu,,,,
1715,1715,https://sugang.khu.ac.kr/core?attribute=lectPlan&p_year=2026&p_term=20&p_teach=064244&p_code=AI400705&p_subjt=AI4007&lang=ko&loginYn=N&schedule_cd=hakbu,,,,
1716,1716,https://sugang.khu.ac.kr/core?attribute=lectPlan&p_year=2026&p_term=20&p_teach=058974&p_code=AI400706&p_subjt=AI4007&lang=ko&loginYn=N&schedule_cd=hakbu,,,,
1717,1717,https://sugang.khu.ac.kr/core?attribute=lectPlan&p_year=2026&p_term=20&p_teach=066505&p_code=AI400707&p_subjt=AI4007&lang=ko&loginYn=N&schedule_cd=hakbu,,,,
1718,1718,https://sugang.khu.ac.kr/core?attribute=lectPlan&p_year=2026&p_term=20&p_teach=066505&p_code=AI400708&p_subjt=AI4007&lang=ko&loginYn=N&schedule_cd=hakbu,,,,
1719,1719,https://sugang.khu.ac.kr/core?attribute=lectPlan&p_year=2026&p_term=20&p_teach=066503&p_code=AI400709&p_subjt=AI4007&lang=ko&loginYn=N&schedule_cd=hakbu,,,,
1720,1720,https://sugang.khu.ac.kr/core?attribute=lectPlan&p_year=2026&p_term=20&p_teach=015184&p_code=CSE10300&p_subjt=CSE103&lang=ko&loginYn=N&schedule_cd=hakbu,,,,
1721,1721,https://sugang.khu.ac.kr/core?attribute=lectPlan&p_year=2026&p_term=20&p_teach=055393&p_code=CSE10301&p_subjt=CSE103&lang=ko&loginYn=N&schedule_cd=hakbu,,,,
1722,1722,https://sugang.khu.ac.kr/core?attribute=lectPlan&p_year=2026&p_term=20&p_teach=063365&p_code=CSE20100&p_subjt=CSE201&lang=ko&loginYn=N&schedule_cd=hakbu,,,,
1723,1723,https://sugang.khu.ac.kr/core?attribute=lectPlan&p_year=2026&p_term=20&p_teach=066335&p_code=CSE20101&p_subjt=CSE201&lang=ko&loginYn=N&schedule_cd=hakbu,,,,
1724,1724,https://sugang.khu.ac.kr/core?attribute=lectPlan&p_year=2026&p_term=20&p_teach=055392&p_code=CSE20300&p_subjt=CSE203&lang=ko&loginYn=N&schedule_cd=hakbu,,,,
1725,1725,https://sugang.khu.ac.kr/core?attribute=lectPlan&p_year=2026&p_term=20&p_teach=058974&p_code=CSE20301&p_subjt=CSE203&lang=ko&loginYn=N&schedule_cd=hakbu,,,,
1726,1726,https://sugang.khu.ac.kr/core?attribute=lectPlan&p_year=2026&p_term=20&p_teach=066507&p_code=CSE20400&p_subjt=CSE204&lang=ko&loginYn=N&schedule_cd=hakbu,,,,
1727,1727,https://sugang.khu.ac.kr/core?attribute=lectPlan&p_year=2026&p_term=20&p_teach=059932&p_code=CSE20401&p_subjt=CSE204&lang=ko&loginYn=N&schedule_cd=hakbu,,,,
1728,1728,https://sugang.khu.ac.kr/core?attribute=lectPlan&p_year=2026&p_term=20&p_teach=061420&p_code=CSE20402&p_subjt=CSE204&lang=ko&loginYn=N&schedule_cd=hakbu,,,,
1729,1729,https://sugang.khu.ac.kr/core?attribute=lectPlan&p_year=2026&p_term=20&p_teach=059667&p_code=CSE30100&p_subjt=CSE301&lang=ko&loginYn=N&schedule_cd=hakbu,,,,
1730,1730,https://sugang.khu.ac.kr/core?attribute=lectPlan&p_year=2026&p_term=20&p_teach=066503&p_code=CSE30101&p_subjt=CSE301&lang=ko&loginYn=N&schedule_cd=hakbu,,,,
1731,1731,https://sugang.khu.ac.kr/core?attribute=lectPlan&p_year=2026&p_term=20&p_teach=049571&p_code=CSE30200&p_subjt=CSE302&lang=ko&loginYn=N&schedule_cd=hakbu,,,,
1732,1732,https://sugang.khu.ac.kr/core?attribute=lectPlan&p_year=2026&p_term=20&p_teach=058525&p_code=CSE30201&p_subjt=CSE302&lang=ko&loginYn=N&schedule_cd=hakbu,,,,
1733,1733,https://sugang.khu.ac.kr/core?attribute=lectPlan&p_year=2026&p_term=20&p_teach=020905&p_code=CSE30202&p_subjt=CSE302&lang=ko&loginYn=N&schedule_cd=hakbu,,,,
1734,1734,https://sugang.khu.ac.kr/core?attribute=lectPlan&p_year=2026&p_term=20&p_teach=063365&p_code=CSE30400&p_subjt=CSE304&lang=ko&loginYn=N&schedule_cd=hakbu,,,,
1735,1735,https://sugang.khu.ac.kr/core?attribute=lectPlan&p_year=2026&p_term=20&p_teach=062134&p_code=CSE30401&p_subjt=CSE304&lang=ko&loginYn=N&schedule_cd=hakbu,,,,
1736,1736,https://sugang.khu.ac.kr/core?attribute=lectPlan&p_year=2026&p_term=20&p_teach=022334&p_code=CSE30500&p_subjt=CSE305&lang=ko&loginYn=N&schedule_cd=hakbu,,,,
1737,1737,https://sugang.khu.ac.kr/core?attribute=lectPlan&p_year=2026&p_term=20&p_teach=053197&p_code=CSE30501&p_subjt=CSE305&lang=ko&loginYn=N&schedule_cd=hakbu,,,,
1738,1738,https://sugang.khu.ac.kr/core?attribute=lectPlan&p_year=2026&p_term=20&p_teach=059667&p_code=CSE32200&p_subjt=CSE322&lang=ko&loginYn=N&schedule_cd=hakbu,,,,
1739,1739,https://sugang.khu.ac.kr/core?attribute=lectPlan&p_year=2026&p_term=20&p_teach=024580&p_code=CSE32700&p_subjt=CSE327&lang=ko&loginYn=N&schedule_cd=hakbu,,,,
1740,1740,https://sugang.khu.ac.kr/core?attribute=lectPlan&p_year=2026&p_term=20&p_teach=066505&p_code=CSE32701&p_subjt=CSE327&lang=ko&loginYn=N&schedule_cd=hakbu,,,,
1741,1741,https://sugang.khu.ac.kr/core?attribute=lectPlan&p_year=2026&p_term=20&p_teach=048730&p_code=CSE32800&p_subjt=CSE328&lang=ko&loginYn=N&schedule_cd=hakbu,,,,
1742,1742,https://sugang.khu.ac.kr/core?attribute=lectPlan&p_year=2026&p_term=20&p_teach=064244&p_code=CSE33100&p_subjt=CSE331&lang=ko&loginYn=N&schedule_cd=hakbu,,,,
1743,1743,https://sugang.khu.ac.kr/core?attribute=lectPlan&p_year=2026&p_term=20&p_teach=047387&p_code=CSE33101&p_subjt=CSE331&lang=ko&loginYn=N&schedule_cd=hakbu,,,,
1744,1744,https://sugang.khu.ac.kr/core?attribute=lectPlan&p_year=2026&p_term=20&p_teach=062077&p_code=CSE33400&p_subjt=CSE334&lang=ko&loginYn=N&schedule_cd=hakbu,,,,
1745,1745,https://sugang.khu.ac.kr/core?attribute=lectPlan&p_year=2026&p_term=20&p_teach=047387&p_code=CSE34000&p_subjt=CSE340&lang=ko&loginYn=N&schedule_cd=hakbu,,,,
1746,1746,https://sugang.khu.ac.kr/core?attribute=lectPlan&p_year=2026&p_term=20&p_teach=058974&p_code=CSE40300&p_subjt=CSE403&lang=ko&loginYn=N&schedule_cd=hakbu,,,,
1747,1747,https://sugang.khu.ac.kr/core?attribute=lectPlan&p_year=2026&p_term=20&p_teach=058974&p_code=CSE40500&p_subjt=CSE405&lang=ko&loginYn=N&schedule_cd=hakbu,,,,
1748,1748,https://sugang.khu.ac.kr/core?attribute=lectPlan&p_year=2026&p_term=20&p_teach=064244&p_code=CSE40601&p_subjt=CSE406&lang=ko&loginYn=N&schedule_cd=hakbu,,,,
1749,1749,https://sugang.khu.ac.kr/core?attribute=lectPlan&p_year=2026&p_term=20&p_teach=058974&p_code=CSE40602&p_subjt=CSE406&lang=ko&loginYn=N&schedule_cd=hakbu,,,,
1750,1750,https://sugang.khu.ac.kr/core?attribute=lectPlan&p_year=2026&p_term=20&p_teach=066505&p_code=CSE40603&p_subjt=CSE406&lang=ko&loginYn=N&schedule_cd=hakbu,,,,
1751,1751,https://sugang.khu.ac.kr/core?attribute=lectPlan&p_year=2026&p_term=20&p_teach=063365&p_code=CSE40605&p_subjt=CSE406&lang=ko&loginYn=N&schedule_cd=hakbu,,,,
1752,1752,https://sugang.khu.ac.kr/core?attribute=lectPlan&p_year=2026&p_term=20&p_teach=047387&p_code=CSE40606&p_subjt=CSE406&lang=ko&loginYn=N&schedule_cd=hakbu,,,,
1753,1753,https://sugang.khu.ac.kr/core?attribute=lectPlan&p_year=2026&p_term=20&p_teach=062134&p_code=CSE40607&p_subjt=CSE406&lang=ko&loginYn=N&schedule_cd=hakbu,,,,
1754,1754,https://sugang.khu.ac.kr/core?attribute=lectPlan&p_year=2026&p_term=20&p_teach=059932&p_code=CSE40610&p_subjt=CSE406&lang=ko&loginYn=N&schedule_cd=hakbu,,,,
1755,1755,https://sugang.khu.ac.kr/core?attribute=lectPlan&p_year=2026&p_term=20&p_teach=020897&p_code=CSE40612&p_subjt=CSE406&lang=ko&loginYn=N&schedule_cd=hakbu,,,,
1756,1756,https://sugang.khu.ac.kr/core?attribute=lectPlan&p_year=2026&p_term=20&p_teach=066503&p_code=CSE40613&p_subjt=CSE406&lang=ko&loginYn=N&schedule_cd=hakbu,,,,
1757,1757,https://sugang.khu.ac.kr/core?attribute=lectPlan&p_year=2026&p_term=20&p_teach=055393&p_code=CSE40614&p_subjt=CSE406&lang=ko&loginYn=N&schedule_cd=hakbu,,,,
1758,1758,https://sugang.khu.ac.kr/core?attribute=lectPlan&p_year=2026&p_term=20&p_teach=059667&p_code=CSE40615&p_subjt=CSE406&lang=ko&loginYn=N&schedule_cd=hakbu,,,,
1759,1759,https://sugang.khu.ac.kr/core?attribute=lectPlan&p_year=2026&p_term=20&p_teach=024580&p_code=CSE40616&p_subjt=CSE406&lang=ko&loginYn=N&schedule_cd=hakbu,,,,
1760,1760,https://sugang.khu.ac.kr/core?attribute=lectPlan&p_year=2026&p_term=20&p_teach=017826&p_code=CSE43000&p_subjt=CSE430&lang=ko&loginYn=N&schedule_cd=hakbu,,,,
1761,1761,https://sugang.khu.ac.kr/core?attribute=lectPlan&p_year=2026&p_term=20&p_teach=023326&p_code=CSE43400&p_subjt=CSE434&lang=ko&loginYn=N&schedule_cd=hakbu,,,,
1762,1762,https://sugang.khu.ac.kr/core?attribute=lectPlan&p_year=2026&p_term=20&p_teach=047818&p_code=CSE43700&p_subjt=CSE437&lang=ko&loginYn=N&schedule_cd=hakbu,,,,
1763,1763,https://sugang.khu.ac.kr/core?attribute=lectPlan&p_year=2026&p_term=20&p_teach=061910&p_code=CSE44200&p_subjt=CSE442&lang=ko&loginYn=N&schedule_cd=hakbu,,,,
1764,1764,https://sugang.khu.ac.kr/core?attribute=lectPlan&p_year=2026&p_term=20&p_teach=037046&p_code=CSE45100&p_subjt=CSE451&lang=ko&loginYn=N&schedule_cd=hakbu,,,,
1765,1765,https://sugang.khu.ac.kr/core?attribute=lectPlan&p_year=2026&p_term=20&p_teach=059932&p_code=CSE45200&p_subjt=CSE452&lang=ko&loginYn=N&schedule_cd=hakbu,,,,
1766,1766,https://sugang.khu.ac.kr/core?attribute=lectPlan&p_year=2026&p_term=20&p_teach=064244&p_code=CSE49700&p_subjt=CSE497&lang=ko&loginYn=N&schedule_cd=hakbu,,,,
1767,1767,https://sugang.khu.ac.kr/core?attribute=lectPlan&p_year=2026&p_term=20&p_teach=055078&p_code=CSE49701&p_subjt=CSE497&lang=ko&loginYn=N&schedule_cd=hakbu,,,,
1768,1768,https://sugang.khu.ac.kr/core?attribute=lectPlan&p_year=2026&p_term=20&p_teach=064244&p_code=CSE49702&p_subjt=CSE497&lang=ko&loginYn=N&schedule_cd=hakbu,,,,
1769,1769,https://sugang.khu.ac.kr/core?attribute=lectPlan&p_year=2026&p_term=20&p_teach=052980&p_code=CSE49703&p_subjt=CSE497&lang=ko&loginYn=N&schedule_cd=hakbu,,,,
1770,1770,https://sugang.khu.ac.kr/core?attribute=lectPlan&p_year=2026&p_term=20&p_teach=063365&p_code=CSE49704&p_subjt=CSE497&lang=ko&loginYn=N&schedule_cd=hakbu,,,,
1771,1771,https://sugang.khu.ac.kr/core?attribute=lectPlan&p_year=2026&p_term=20&p_teach=066503&p_code=CSE49900&p_subjt=CSE499&lang=ko&loginYn=N&schedule_cd=hakbu,,,,
1772,1772,https://sugang.khu.ac.kr/core?attribute=lectPlan&p_year=2026&p_term=20&p_teach=059932&p_code=CSE49901&p_subjt=CSE499&lang=ko&loginYn=N&schedule_cd=hakbu,,,,
1773,1773,https://sugang.khu.ac.kr/core?attribute=lectPlan&p_year=2026&p_term=20&p_teach=063365&p_code=CSE49902&p_subjt=CSE499&lang=ko&loginYn=N&schedule_cd=hakbu,,,,
1774,1774,https://sugang.khu.ac.kr/core?attribute=lectPlan&p_year=2026&p_term=20&p_teach=059482&p_code=EE20900&p_subjt=EE209&lang=ko&loginYn=N&schedule_cd=hakbu,,,,
1775,1775,https://sugang.khu.ac.kr/core?attribute=lectPlan&p_year=2026&p_term=20&p_teach=063976&p_code=EE20901&p_subjt=EE209&lang=ko&loginYn=N&schedule_cd=hakbu,,,,
1776,1776,https://sugang.khu.ac.kr/core?attribute=lectPlan&p_year=2026&p_term=20&p_teach=036971&p_code=EE20902&p_subjt=EE209&lang=ko&loginYn=N&schedule_cd=hakbu,,,,
1777,1777,https://sugang.khu.ac.kr/core?attribute=lectPlan&p_year=2026&p_term=20&p_teach=026088&p_code=EE20903&p_subjt=EE209&lang=ko&loginYn=N&schedule_cd=hakbu,,,,
1778,1778,https://sugang.khu.ac.kr/core?attribute=lectPlan&p_year=2026&p_term=20&p_teach=025249&p_code=EE21000&p_subjt=EE210&lang=ko&loginYn=N&schedule_cd=hakbu,,,,
1779,1779,https://sugang.khu.ac.kr/core?attribute=lectPlan&p_year=2026&p_term=20&p_teach=059930&p_code=EE21002&p_subjt=EE210&lang=ko&loginYn=N&schedule_cd=hakbu,,,,
1780,1780,https://sugang.khu.ac.kr/core?attribute=lectPlan&p_year=2026&p_term=20&p_teach=056156&p_code=EE21003&p_subjt=EE210&lang=ko&loginYn=N&schedule_cd=hakbu,,,,
1781,1781,https://sugang.khu.ac.kr/core?attribute=lectPlan&p_year=2026&p_term=20&p_teach=023209&p_code=EE21100&p_subjt=EE211&lang=ko&loginYn=N&schedule_cd=hakbu,,,,
1782,1782,https://sugang.khu.ac.kr/core?attribute=lectPlan&p_year=2026&p_term=20&p_teach=020905&p_code=EE21101&p_subjt=EE211&lang=ko&loginYn=N&schedule_cd=hakbu,,,,
1783,1783,https://sugang.khu.ac.kr/core?attribute=lectPlan&p_year=2026&p_term=20&p_teach=021795&p_code=EE21103&p_subjt=EE211&lang=ko&loginYn=N&schedule_cd=hakbu,,,,
1784,1784,https://sugang.khu.ac.kr/core?attribute=lectPlan&p_year=2026&p_term=20&p_teach=056815&p_code=EE21104&p_subjt=EE211&lang=ko&loginYn=N&schedule_cd=hakbu,,,,
1785,1785,https://sugang.khu.ac.kr/core?attribute=lectPlan&p_year=2026&p_term=20&p_teach=026641&p_code=EE46100&p_subjt=EE461&lang=ko&loginYn=N&schedule_cd=hakbu,,,,
1786,1786,https://sugang.khu.ac.kr/core?attribute=lectPlan&p_year=2026&p_term=20&p_teach=002205&p_code=ELC28100&p_subjt=ELC281&lang=ko&loginYn=N&schedule_cd=hakbu,,,,
1787,1787,https://sugang.khu.ac.kr/core?attribute=lectPlan&p_year=2026&p_term=20&p_teach=056151&p_code=IE20800&p_subjt=IE208&lang=ko&loginYn=N&schedule_cd=hakbu,,,,
1788,1788,https://sugang.khu.ac.kr/core?attribute=lectPlan&p_year=2026&p_term=20&p_teach=024581&p_code=IE21500&p_subjt=IE215&lang=ko&loginYn=N&schedule_cd=hakbu,,,,
1789,1789,https://sugang.khu.ac.kr/core?attribute=lectPlan&p_year=2026&p_term=20&p_teach=064161&p_code=IE30200&p_subjt=IE302&lang=ko&loginYn=N&schedule_cd=hakbu,,,,
1790,1790,https://sugang.khu.ac.kr/core?attribute=lectPlan&p_year=2026&p_term=20&p_teach=024581&p_code=IE30600&p_subjt=IE306&lang=ko&loginYn=N&schedule_cd=hakbu,,,,
1791,1791,https://sugang.khu.ac.kr/core?attribute=lectPlan&p_year=2026&p_term=20&p_teach=015456&p_code=MEC24001&p_subjt=MEC240&lang=ko&loginYn=N&schedule_cd=hakbu,,,,
1792,1792,https://sugang.khu.ac.kr/core?attribute=lectPlan&p_year=2026&p_term=20&p_teach=021782&p_code=MEC24002&p_subjt=MEC240&lang=ko&loginYn=N&schedule_cd=hakbu,,,,
1793,1793,https://sugang.khu.ac.kr/core?attribute=lectPlan&p_year=2026&p_term=20&p_teach=064119&p_code=MEC24003&p_subjt=MEC240&lang=ko&loginYn=N&schedule_cd=hakbu,,,,
1794,1794,https://sugang.khu.ac.kr/core?attribute=lectPlan&p_year=2026&p_term=20&p_teach=066496&p_code=MEC36102&p_subjt=MEC361&lang=ko&loginYn=N&schedule_cd=hakbu,,,,
1795,1795,https://sugang.khu.ac.kr/core?attribute=lectPlan&p_year=2026&p_term=20&p_teach=015184&p_code=SWCON10100&p_subjt=SWCON101&lang=ko&loginYn=N&schedule_cd=hakbu,,,,
1796,1796,https://sugang.khu.ac.kr/core?attribute=lectPlan&p_year=2026&p_term=20&p_teach=061421&p_code=SWCON10300&p_subjt=SWCON103&lang=ko&loginYn=N&schedule_cd=hakbu,,,,
1797,1797,https://sugang.khu.ac.kr/core?attribute=lectPlan&p_year=2026&p_term=20&p_teach=017826&p_code=SWCON10301&p_subjt=SWCON103&lang=ko&loginYn=N&schedule_cd=hakbu,,,,
1798,1798,https://sugang.khu.ac.kr/core?attribute=lectPlan&p_year=2026&p_term=20&p_teach=058523&p_code=SWCON10400&p_subjt=SWCON104&lang=ko&loginYn=N&schedule_cd=hakbu,,,,
1799,1799,https://sugang.khu.ac.kr/core?attribute=lectPlan&p_year=2026&p_term=20&p_teach=058523&p_code=SWCON10401&p_subjt=SWCON104&lang=ko&loginYn=N&schedule_cd=hakbu,,,,
1800,1800,https://sugang.khu.ac.kr/core?attribute=lectPlan&p_year=2026&p_term=20&p_teach=011186&p_code=SWCON10402&p_subjt=SWCON104&lang=ko&loginYn=N&schedule_cd=hakbu,,,,
1801,1801,https://sugang.khu.ac.kr/core?attribute=lectPlan&p_year=2026&p_term=20&p_teach=066487&p_code=SWCON20100&p_subjt=SWCON201&lang=ko&loginYn=N&schedule_cd=hakbu,,,,
1802,1802,https://sugang.khu.ac.kr/core?attribute=lectPlan&p_year=2026&p_term=20&p_teach=061421&p_code=SWCON20700&p_subjt=SWCON207&lang=ko&loginYn=N&schedule_cd=hakbu,,,,
1803,1803,https://sugang.khu.ac.kr/core?attribute=lectPlan&p_year=2026&p_term=20&p_teach=058521&p_code=SWCON21100&p_subjt=SWCON211&lang=ko&loginYn=N&schedule_cd=hakbu,,,,
1804,1804,https://sugang.khu.ac.kr/core?attribute=lectPlan&p_year=2026&p_term=20&p_teach=066487&p_code=SWCON21200&p_subjt=SWCON212&lang=ko&loginYn=N&schedule_cd=hakbu,,,,
1805,1805,https://sugang.khu.ac.kr/core?attribute=lectPlan&p_year=2026&p_term=20&p_teach=011186&p_code=SWCON22100&p_subjt=SWCON221&lang=ko&loginYn=N&schedule_cd=hakbu,,,,
1806,1806,https://sugang.khu.ac.kr/core?attribute=lectPlan&p_year=2026&p_term=20&p_teach=054270&p_code=SWCON25300&p_subjt=SWCON253&lang=ko&loginYn=N&schedule_cd=hakbu,,,,
1807,1807,https://sugang.khu.ac.kr/core?attribute=lectPlan&p_year=2026&p_term=20&p_teach=055393&p_code=SWCON25302&p_subjt=SWCON253&lang=ko&loginYn=N&schedule_cd=hakbu,,,,
1808,1808,https://sugang.khu.ac.kr/core?attribute=lectPlan&p_year=2026&p_term=20&p_teach=061420&p_code=SWCON25600&p_subjt=SWCON256&lang=ko&loginYn=N&schedule_cd=hakbu,,,,
1809,1809,https://sugang.khu.ac.kr/core?attribute=lectPlan&p_year=2026&p_term=20&p_teach=045483&p_code=SWCON30200&p_subjt=SWCON302&lang=ko&loginYn=N&schedule_cd=hakbu,,,,
1810,1810,https://sugang.khu.ac.kr/core?attribute=lectPlan&p_year=2026&p_term=20&p_teach=038168&p_code=SWCON31300&p_subjt=SWCON313&lang=ko&loginYn=N&schedule_cd=hakbu,,,,
1811,1811,https://sugang.khu.ac.kr/core?attribute=lectPlan&p_year=2026&p_term=20&p_teach=058521&p_code=SWCON31400&p_subjt=SWCON314&lang=ko&loginYn=N&schedule_cd=hakbu,,,,
1812,1812,https://sugang.khu.ac.kr/core?attribute=lectPlan&p_year=2026&p_term=20&p_teach=054270&p_code=SWCON32100&p_subjt=SWCON321&lang=ko&loginYn=N&schedule_cd=hakbu,,,,
1813,1813,https://sugang.khu.ac.kr/core?attribute=lectPlan&p_year=2026&p_term=20&p_teach=058523&p_code=SWCON32101&p_subjt=SWCON321&lang=ko&loginYn=N&schedule_cd=hakbu,,,,
1814,1814,https://sugang.khu.ac.kr/core?attribute=lectPlan&p_year=2026&p_term=20&p_teach=061420&p_code=SWCON32102&p_subjt=SWCON321&lang=ko&loginYn=N&schedule_cd=hakbu,,,,
1815,1815,https://sugang.khu.ac.kr/core?attribute=lectPlan&p_year=2026&p_term=20&p_teach=066487&p_code=SWCON32103&p_subjt=SWCON321&lang=ko&loginYn=N&schedule_cd=hakbu,,,,
1816,1816,https://sugang.khu.ac.kr/core?attribute=lectPlan&p_year=2026&p_term=20&p_teach=055078&p_code=SWCON33100&p_subjt=SWCON331&lang=ko&loginYn=N&schedule_cd=hakbu,,,,
1817,1817,https://sugang.khu.ac.kr/core?attribute=lectPlan&p_year=2026&p_term=20&p_teach=055078&p_code=SWCON33200&p_subjt=SWCON332&lang=ko&loginYn=N&schedule_cd=hakbu,,,,
1818,1818,https://sugang.khu.ac.kr/core?attribute=lectPlan&p_year=2026&p_term=20&p_teach=061421&p_code=SWCON34200&p_subjt=SWCON342&lang=ko&loginYn=N&schedule_cd=hakbu,,,,
1819,1819,https://sugang.khu.ac.kr/core?attribute=lectPlan&p_year=2026&p_term=20&p_teach=061421&p_code=SWCON36400&p_subjt=SWCON364&lang=ko&loginYn=N&schedule_cd=hakbu,,,,
1820,1820,https://sugang.khu.ac.kr/core?attribute=lectPlan&p_year=2026&p_term=20&p_teach=061420&p_code=SWCON36401&p_subjt=SWCON364&lang=ko&loginYn=N&schedule_cd=hakbu,,,,
1821,1821,https://sugang.khu.ac.kr/core?attribute=lectPlan&p_year=2026&p_term=20&p_teach=066503&p_code=SWCON36402&p_subjt=SWCON364&lang=ko&loginYn=N&schedule_cd=hakbu,,,,
1822,1822,https://sugang.khu.ac.kr/core?attribute=lectPlan&p_year=2026&p_term=20&p_teach=015184&p_code=SWCON36700&p_subjt=SWCON367&lang=ko&loginYn=N&schedule_cd=hakbu,,,,
1823,1823,https://sugang.khu.ac.kr/core?attribute=lectPlan&p_year=2026&p_term=20&p_teach=058521&p_code=SWCON36701&p_subjt=SWCON367&lang=ko&loginYn=N&schedule_cd=hakbu,,,,
1824,1824,https://sugang.khu.ac.kr/core?attribute=lectPlan&p_year=2026&p_term=20&p_teach=015184&p_code=SWCON40101&p_subjt=SWCON401&lang=ko&loginYn=N&schedule_cd=hakbu,,,,
1825,1825,https://sugang.khu.ac.kr/core?attribute=lectPlan&p_year=2026&p_term=20&p_teach=054270&p_code=SWCON40102&p_subjt=SWCON401&lang=ko&loginYn=N&schedule_cd=hakbu,,,,
1826,1826,https://sugang.khu.ac.kr/core?attribute=lectPlan&p_year=2026&p_term=20&p_teach=055078&p_code=SWCON40103&p_subjt=SWCON401&lang=ko&loginYn=N&schedule_cd=hakbu,,,,
1827,1827,https://sugang.khu.ac.kr/core?attribute=lectPlan&p_year=2026&p_term=20&p_teach=058521&p_code=SWCON40105&p_subjt=SWCON401&lang=ko&loginYn=N&schedule_cd=hakbu,,,,
1828,1828,https://sugang.khu.ac.kr/core?attribute=lectPlan&p_year=2026&p_term=20&p_teach=061420&p_code=SWCON40106&p_subjt=SWCON401&lang=ko&loginYn=N&schedule_cd=hakbu,,,,
1829,1829,https://sugang.khu.ac.kr/core?attribute=lectPlan&p_year=2026&p_term=20&p_teach=061421&p_code=SWCON40107&p_subjt=SWCON401&lang=ko&loginYn=N&schedule_cd=hakbu,,,,
1830,1830,https://sugang.khu.ac.kr/core?attribute=lectPlan&p_year=2026&p_term=20&p_teach=066487&p_code=SWCON40108&p_subjt=SWCON401&lang=ko&loginYn=N&schedule_cd=hakbu,,,,
1831,1831,https://sugang.khu.ac.kr/core?attribute=lectPlan&p_year=2026&p_term=20&p_teach=055078&p_code=SWCON40200&p_subjt=SWCON402&lang=ko&loginYn=N&schedule_cd=hakbu,,,,
1832,1832,https://sugang.khu.ac.kr/core?attribute=lectPlan&p_year=2026&p_term=20&p_teach=054270&p_code=SWCON42500&p_subjt=SWCON425&lang=ko&loginYn=N&schedule_cd=hakbu,,,,
1833,1833,https://sugang.khu.ac.kr/core?attribute=lectPlan&p_year=2026&p_term=20&p_teach=058523&p_code=SWCON44200&p_subjt=SWCON442&lang=ko&loginYn=N&schedule_cd=hakbu,,,,
1834,1834,https://sugang.khu.ac.kr/core?attribute=lectPlan&p_year=2026&p_term=20&p_teach=011186&p_code=SWCON49200&p_subjt=SWCON492&lang=ko&loginYn=N&schedule_cd=hakbu,,,,
1835,1835,https://sugang.khu.ac.kr/core?attribute=lectPlan&p_year=2026&p_term=15&p_teach=015184&p_code=CSE10300&p_subjt=CSE103&lang=ko&loginYn=N&schedule_cd=hakbu,,,,
1836,1836,https://sugang.khu.ac.kr/core?attribute=lectPlan&p_year=2026&p_term=15&p_teach=065875&p_code=CSE10400&p_subjt=CSE104&lang=ko&loginYn=N&schedule_cd=hakbu,,,,
1837,1837,https://sugang.khu.ac.kr/core?attribute=lectPlan&p_year=2026&p_term=15&p_teach=011186&p_code=SWCON10400&p_subjt=SWCON104&lang=ko&loginYn=N&schedule_cd=hakbu,,,,
